{
"type": "FeatureCollection",
"name": "400_64_10_2024_data",
"crs": { "type": "name", "properties": { "name": "urn:ogc:def:crs:OGC:1.3:CRS84" } },
"features": [
{ "type": "Feature", "properties": { "lat": 60.087969, "lon": -162.207602, "umap_x": -3.493016, "umap_y": 2.6646781, "grid_x_norm": 0.10526315789473684, "grid_y_norm": 0.26315789473684209, "grid_x": 2.0, "grid_y": 5.0, "pixel_x": 128.0, "pixel_y": 320.0 }, "geometry": { "type": "Point", "coordinates": [ -162.207602, 60.087969 ] } },
{ "type": "Feature", "properties": { "lat": 39.035143, "lon": -97.128462, "umap_x": 13.306198, "umap_y": 5.9404697, "grid_x_norm": 0.78947368421052633, "grid_y_norm": 0.52631578947368418, "grid_x": 15.0, "grid_y": 10.0, "pixel_x": 960.0, "pixel_y": 640.0 }, "geometry": { "type": "Point", "coordinates": [ -97.128462, 39.035143 ] } },
{ "type": "Feature", "properties": { "lat": 35.939865, "lon": -96.90903, "umap_x": 13.552721, "umap_y": 6.0656381, "grid_x_norm": 0.52631578947368418, "grid_y_norm": 0.42105263157894735, "grid_x": 10.0, "grid_y": 8.0, "pixel_x": 640.0, "pixel_y": 512.0 }, "geometry": { "type": "Point", "coordinates": [ -96.90903, 35.939865 ] } },
{ "type": "Feature", "properties": { "lat": 69.591378, "lon": -161.754697, "umap_x": -2.8644631, "umap_y": 2.1247585, "grid_x_norm": 0.10526315789473684, "grid_y_norm": 0.10526315789473684, "grid_x": 2.0, "grid_y": 2.0, "pixel_x": 128.0, "pixel_y": 128.0 }, "geometry": { "type": "Point", "coordinates": [ -161.754697, 69.591378 ] } },
{ "type": "Feature", "properties": { "lat": 45.339104, "lon": -70.792024, "umap_x": 10.497801, "umap_y": 2.2853942, "grid_x_norm": 0.36842105263157893, "grid_y_norm": 0.15789473684210525, "grid_x": 7.0, "grid_y": 3.0, "pixel_x": 448.0, "pixel_y": 192.0 }, "geometry": { "type": "Point", "coordinates": [ -70.792024, 45.339104 ] } },
{ "type": "Feature", "properties": { "lat": 67.90495, "lon": -157.890292, "umap_x": -3.1016581, "umap_y": 2.3010051, "grid_x_norm": 0.0, "grid_y_norm": 0.21052631578947367, "grid_x": 0.0, "grid_y": 4.0, "pixel_x": 0.0, "pixel_y": 256.0 }, "geometry": { "type": "Point", "coordinates": [ -157.890292, 67.90495 ] } },
{ "type": "Feature", "properties": { "lat": 34.388201, "lon": -88.674081, "umap_x": 13.084528, "umap_y": 1.5177202, "grid_x_norm": 0.63157894736842102, "grid_y_norm": 0.052631578947368418, "grid_x": 12.0, "grid_y": 1.0, "pixel_x": 768.0, "pixel_y": 64.0 }, "geometry": { "type": "Point", "coordinates": [ -88.674081, 34.388201 ] } },
{ "type": "Feature", "properties": { "lat": 61.299183, "lon": -148.487842, "umap_x": -1.6594856, "umap_y": 3.0055358, "grid_x_norm": 0.10526315789473684, "grid_y_norm": 0.68421052631578938, "grid_x": 2.0, "grid_y": 13.0, "pixel_x": 128.0, "pixel_y": 832.0 }, "geometry": { "type": "Point", "coordinates": [ -148.487842, 61.299183 ] } },
{ "type": "Feature", "properties": { "lat": 29.415526, "lon": -90.908357, "umap_x": 12.83885, "umap_y": 1.1123853, "grid_x_norm": 0.94736842105263153, "grid_y_norm": 0.052631578947368418, "grid_x": 18.0, "grid_y": 1.0, "pixel_x": 1152.0, "pixel_y": 64.0 }, "geometry": { "type": "Point", "coordinates": [ -90.908357, 29.415526 ] } },
{ "type": "Feature", "properties": { "lat": 62.725209, "lon": -146.058071, "umap_x": -0.80798399, "umap_y": 5.2332907, "grid_x_norm": 0.15789473684210525, "grid_y_norm": 1.0, "grid_x": 3.0, "grid_y": 19.0, "pixel_x": 192.0, "pixel_y": 1216.0 }, "geometry": { "type": "Point", "coordinates": [ -146.058071, 62.725209 ] } },
{ "type": "Feature", "properties": { "lat": 36.928724, "lon": -112.585022, "umap_x": 11.300864, "umap_y": 8.5922747, "grid_x_norm": 0.52631578947368418, "grid_y_norm": 0.84210526315789469, "grid_x": 10.0, "grid_y": 16.0, "pixel_x": 640.0, "pixel_y": 1024.0 }, "geometry": { "type": "Point", "coordinates": [ -112.585022, 36.928724 ] } },
{ "type": "Feature", "properties": { "lat": 31.758975, "lon": -109.600847, "umap_x": 12.151328, "umap_y": 8.4102478, "grid_x_norm": 0.68421052631578938, "grid_y_norm": 0.78947368421052633, "grid_x": 13.0, "grid_y": 15.0, "pixel_x": 832.0, "pixel_y": 960.0 }, "geometry": { "type": "Point", "coordinates": [ -109.600847, 31.758975 ] } },
{ "type": "Feature", "properties": { "lat": 41.88481, "lon": -116.711012, "umap_x": 10.507405, "umap_y": 7.8343096, "grid_x_norm": 0.26315789473684209, "grid_y_norm": 0.57894736842105265, "grid_x": 5.0, "grid_y": 11.0, "pixel_x": 320.0, "pixel_y": 704.0 }, "geometry": { "type": "Point", "coordinates": [ -116.711012, 41.88481 ] } },
{ "type": "Feature", "properties": { "lat": 34.250514, "lon": -96.654384, "umap_x": 12.985434, "umap_y": 1.9458923, "grid_x_norm": 0.42105263157894735, "grid_y_norm": 0.052631578947368418, "grid_x": 8.0, "grid_y": 1.0, "pixel_x": 512.0, "pixel_y": 64.0 }, "geometry": { "type": "Point", "coordinates": [ -96.654384, 34.250514 ] } },
{ "type": "Feature", "properties": { "lat": 34.704892, "lon": -100.508143, "umap_x": 12.876677, "umap_y": 7.7065463, "grid_x_norm": 1.0, "grid_y_norm": 0.84210526315789469, "grid_x": 19.0, "grid_y": 16.0, "pixel_x": 1216.0, "pixel_y": 1024.0 }, "geometry": { "type": "Point", "coordinates": [ -100.508143, 34.704892 ] } },
{ "type": "Feature", "properties": { "lat": 44.013149, "lon": -103.768182, "umap_x": 8.9537497, "umap_y": 6.7495661, "grid_x_norm": 0.47368421052631576, "grid_y_norm": 0.73684210526315785, "grid_x": 9.0, "grid_y": 14.0, "pixel_x": 576.0, "pixel_y": 896.0 }, "geometry": { "type": "Point", "coordinates": [ -103.768182, 44.013149 ] } },
{ "type": "Feature", "properties": { "lat": 47.599715, "lon": -109.82937, "umap_x": 10.697013, "umap_y": 6.881813, "grid_x_norm": 0.36842105263157893, "grid_y_norm": 0.52631578947368418, "grid_x": 7.0, "grid_y": 10.0, "pixel_x": 448.0, "pixel_y": 640.0 }, "geometry": { "type": "Point", "coordinates": [ -109.82937, 47.599715 ] } },
{ "type": "Feature", "properties": { "lat": 59.656725, "lon": -155.969743, "umap_x": -3.5577641, "umap_y": 2.7330344, "grid_x_norm": 0.0, "grid_y_norm": 0.36842105263157893, "grid_x": 0.0, "grid_y": 7.0, "pixel_x": 0.0, "pixel_y": 448.0 }, "geometry": { "type": "Point", "coordinates": [ -155.969743, 59.656725 ] } },
{ "type": "Feature", "properties": { "lat": 42.528707, "lon": -84.518231, "umap_x": 14.676356, "umap_y": 3.8036497, "grid_x_norm": 0.57894736842105265, "grid_y_norm": 0.26315789473684209, "grid_x": 11.0, "grid_y": 5.0, "pixel_x": 704.0, "pixel_y": 320.0 }, "geometry": { "type": "Point", "coordinates": [ -84.518231, 42.528707 ] } },
{ "type": "Feature", "properties": { "lat": 43.969553, "lon": -123.054902, "umap_x": 9.49821, "umap_y": 5.9169602, "grid_x_norm": 0.94736842105263153, "grid_y_norm": 0.84210526315789469, "grid_x": 18.0, "grid_y": 16.0, "pixel_x": 1152.0, "pixel_y": 1024.0 }, "geometry": { "type": "Point", "coordinates": [ -123.054902, 43.969553 ] } },
{ "type": "Feature", "properties": { "lat": 44.246418, "lon": -70.197044, "umap_x": 10.551563, "umap_y": 1.9976964, "grid_x_norm": 0.57894736842105265, "grid_y_norm": 0.15789473684210525, "grid_x": 11.0, "grid_y": 3.0, "pixel_x": 704.0, "pixel_y": 192.0 }, "geometry": { "type": "Point", "coordinates": [ -70.197044, 44.246418 ] } },
{ "type": "Feature", "properties": { "lat": 61.50235, "lon": -151.36516, "umap_x": -1.8421177, "umap_y": 2.7432499, "grid_x_norm": 0.15789473684210525, "grid_y_norm": 0.47368421052631576, "grid_x": 3.0, "grid_y": 9.0, "pixel_x": 192.0, "pixel_y": 576.0 }, "geometry": { "type": "Point", "coordinates": [ -151.36516, 61.50235 ] } },
{ "type": "Feature", "properties": { "lat": 47.166591, "lon": -87.256585, "umap_x": 1.3435688, "umap_y": 0.7167592, "grid_x_norm": 0.31578947368421051, "grid_y_norm": 0.31578947368421051, "grid_x": 6.0, "grid_y": 6.0, "pixel_x": 384.0, "pixel_y": 384.0 }, "geometry": { "type": "Point", "coordinates": [ -87.256585, 47.166591 ] } },
{ "type": "Feature", "properties": { "lat": 40.826824, "lon": -88.173059, "umap_x": 15.224448, "umap_y": 3.9669864, "grid_x_norm": 0.94736842105263153, "grid_y_norm": 0.36842105263157893, "grid_x": 18.0, "grid_y": 7.0, "pixel_x": 1152.0, "pixel_y": 448.0 }, "geometry": { "type": "Point", "coordinates": [ -88.173059, 40.826824 ] } },
{ "type": "Feature", "properties": { "lat": 46.828495, "lon": -105.551241, "umap_x": 10.938873, "umap_y": 6.7710466, "grid_x_norm": 0.68421052631578938, "grid_y_norm": 0.68421052631578938, "grid_x": 13.0, "grid_y": 13.0, "pixel_x": 832.0, "pixel_y": 832.0 }, "geometry": { "type": "Point", "coordinates": [ -105.551241, 46.828495 ] } },
{ "type": "Feature", "properties": { "lat": 37.577494, "lon": -114.066147, "umap_x": 9.1335726, "umap_y": 7.5401917, "grid_x_norm": 0.36842105263157893, "grid_y_norm": 0.89473684210526305, "grid_x": 7.0, "grid_y": 17.0, "pixel_x": 448.0, "pixel_y": 1088.0 }, "geometry": { "type": "Point", "coordinates": [ -114.066147, 37.577494 ] } },
{ "type": "Feature", "properties": { "lat": 43.412797, "lon": -122.442684, "umap_x": 8.8895044, "umap_y": 6.2683105, "grid_x_norm": 1.0, "grid_y_norm": 1.0, "grid_x": 19.0, "grid_y": 19.0, "pixel_x": 1216.0, "pixel_y": 1216.0 }, "geometry": { "type": "Point", "coordinates": [ -122.442684, 43.412797 ] } },
{ "type": "Feature", "properties": { "lat": 33.311121, "lon": -95.669011, "umap_x": 1.3035864, "umap_y": 0.67926258, "grid_x_norm": 0.89473684210526305, "grid_y_norm": 0.52631578947368418, "grid_x": 17.0, "grid_y": 10.0, "pixel_x": 1088.0, "pixel_y": 640.0 }, "geometry": { "type": "Point", "coordinates": [ -95.669011, 33.311121 ] } },
{ "type": "Feature", "properties": { "lat": 67.050363, "lon": -160.772832, "umap_x": -0.62827754, "umap_y": 4.7973309, "grid_x_norm": 0.21052631578947367, "grid_y_norm": 0.89473684210526305, "grid_x": 4.0, "grid_y": 17.0, "pixel_x": 256.0, "pixel_y": 1088.0 }, "geometry": { "type": "Point", "coordinates": [ -160.772832, 67.050363 ] } },
{ "type": "Feature", "properties": { "lat": 43.551999, "lon": -72.518055, "umap_x": 10.860517, "umap_y": 1.836257, "grid_x_norm": 0.89473684210526305, "grid_y_norm": 0.15789473684210525, "grid_x": 17.0, "grid_y": 3.0, "pixel_x": 1088.0, "pixel_y": 192.0 }, "geometry": { "type": "Point", "coordinates": [ -72.518055, 43.551999 ] } },
{ "type": "Feature", "properties": { "lat": 35.616979, "lon": -117.983649, "umap_x": 11.630821, "umap_y": 8.8294668, "grid_x_norm": 0.31578947368421051, "grid_y_norm": 0.68421052631578938, "grid_x": 6.0, "grid_y": 13.0, "pixel_x": 384.0, "pixel_y": 832.0 }, "geometry": { "type": "Point", "coordinates": [ -117.983649, 35.616979 ] } },
{ "type": "Feature", "properties": { "lat": 69.015356, "lon": -162.091139, "umap_x": -3.1435149, "umap_y": 2.1101301, "grid_x_norm": 0.10526315789473684, "grid_y_norm": 0.0, "grid_x": 2.0, "grid_y": 0.0, "pixel_x": 128.0, "pixel_y": 0.0 }, "geometry": { "type": "Point", "coordinates": [ -162.091139, 69.015356 ] } },
{ "type": "Feature", "properties": { "lat": 37.396916, "lon": -121.907359, "umap_x": 12.121939, "umap_y": 2.7762299, "grid_x_norm": 0.31578947368421051, "grid_y_norm": 0.15789473684210525, "grid_x": 6.0, "grid_y": 3.0, "pixel_x": 384.0, "pixel_y": 192.0 }, "geometry": { "type": "Point", "coordinates": [ -121.907359, 37.396916 ] } },
{ "type": "Feature", "properties": { "lat": 46.018821, "lon": -112.160759, "umap_x": 8.884799, "umap_y": 6.6085958, "grid_x_norm": 0.57894736842105265, "grid_y_norm": 0.78947368421052633, "grid_x": 11.0, "grid_y": 15.0, "pixel_x": 704.0, "pixel_y": 960.0 }, "geometry": { "type": "Point", "coordinates": [ -112.160759, 46.018821 ] } },
{ "type": "Feature", "properties": { "lat": 47.298109, "lon": -107.193156, "umap_x": 10.865476, "umap_y": 6.9198384, "grid_x_norm": 0.21052631578947367, "grid_y_norm": 0.42105263157894735, "grid_x": 4.0, "grid_y": 8.0, "pixel_x": 256.0, "pixel_y": 512.0 }, "geometry": { "type": "Point", "coordinates": [ -107.193156, 47.298109 ] } },
{ "type": "Feature", "properties": { "lat": 31.011262, "lon": -101.634056, "umap_x": 13.304716, "umap_y": 7.5639029, "grid_x_norm": 0.68421052631578938, "grid_y_norm": 0.63157894736842102, "grid_x": 13.0, "grid_y": 12.0, "pixel_x": 832.0, "pixel_y": 768.0 }, "geometry": { "type": "Point", "coordinates": [ -101.634056, 31.011262 ] } },
{ "type": "Feature", "properties": { "lat": 35.963099, "lon": -83.649888, "umap_x": 13.273717, "umap_y": 2.4645591, "grid_x_norm": 0.63157894736842102, "grid_y_norm": 0.15789473684210525, "grid_x": 12.0, "grid_y": 3.0, "pixel_x": 768.0, "pixel_y": 192.0 }, "geometry": { "type": "Point", "coordinates": [ -83.649888, 35.963099 ] } },
{ "type": "Feature", "properties": { "lat": 37.000372, "lon": -88.883722, "umap_x": 13.851259, "umap_y": 3.2617586, "grid_x_norm": 0.26315789473684209, "grid_y_norm": 0.15789473684210525, "grid_x": 5.0, "grid_y": 3.0, "pixel_x": 320.0, "pixel_y": 192.0 }, "geometry": { "type": "Point", "coordinates": [ -88.883722, 37.000372 ] } },
{ "type": "Feature", "properties": { "lat": 31.782319, "lon": -112.217434, "umap_x": 12.259974, "umap_y": 8.602067, "grid_x_norm": 0.42105263157894735, "grid_y_norm": 0.63157894736842102, "grid_x": 8.0, "grid_y": 12.0, "pixel_x": 512.0, "pixel_y": 768.0 }, "geometry": { "type": "Point", "coordinates": [ -112.217434, 31.782319 ] } },
{ "type": "Feature", "properties": { "lat": 41.907112, "lon": -107.036435, "umap_x": 10.805154, "umap_y": 8.1845322, "grid_x_norm": 0.42105263157894735, "grid_y_norm": 0.73684210526315785, "grid_x": 8.0, "grid_y": 14.0, "pixel_x": 512.0, "pixel_y": 896.0 }, "geometry": { "type": "Point", "coordinates": [ -107.036435, 41.907112 ] } },
{ "type": "Feature", "properties": { "lat": 42.076346, "lon": -92.768596, "umap_x": 15.139585, "umap_y": 4.0410352, "grid_x_norm": 0.47368421052631576, "grid_y_norm": 0.26315789473684209, "grid_x": 9.0, "grid_y": 5.0, "pixel_x": 576.0, "pixel_y": 320.0 }, "geometry": { "type": "Point", "coordinates": [ -92.768596, 42.076346 ] } },
{ "type": "Feature", "properties": { "lat": 61.099308, "lon": -150.25123, "umap_x": 1.3048892, "umap_y": 0.7702601, "grid_x_norm": 0.26315789473684209, "grid_y_norm": 0.31578947368421051, "grid_x": 5.0, "grid_y": 6.0, "pixel_x": 320.0, "pixel_y": 384.0 }, "geometry": { "type": "Point", "coordinates": [ -150.25123, 61.099308 ] } },
{ "type": "Feature", "properties": { "lat": 60.04119, "lon": -143.830963, "umap_x": -1.5347708, "umap_y": 2.788718, "grid_x_norm": 0.15789473684210525, "grid_y_norm": 0.57894736842105265, "grid_x": 3.0, "grid_y": 11.0, "pixel_x": 192.0, "pixel_y": 704.0 }, "geometry": { "type": "Point", "coordinates": [ -143.830963, 60.04119 ] } },
{ "type": "Feature", "properties": { "lat": 44.267737, "lon": -93.049726, "umap_x": 13.862588, "umap_y": 3.8366554, "grid_x_norm": 0.78947368421052633, "grid_y_norm": 0.36842105263157893, "grid_x": 15.0, "grid_y": 7.0, "pixel_x": 960.0, "pixel_y": 448.0 }, "geometry": { "type": "Point", "coordinates": [ -93.049726, 44.267737 ] } },
{ "type": "Feature", "properties": { "lat": 32.098355, "lon": -89.664788, "umap_x": 13.283435, "umap_y": 0.97523105, "grid_x_norm": 0.52631578947368418, "grid_y_norm": 0.0, "grid_x": 10.0, "grid_y": 0.0, "pixel_x": 640.0, "pixel_y": 0.0 }, "geometry": { "type": "Point", "coordinates": [ -89.664788, 32.098355 ] } },
{ "type": "Feature", "properties": { "lat": 41.274344, "lon": -91.446612, "umap_x": 14.867514, "umap_y": 3.8292663, "grid_x_norm": 0.78947368421052633, "grid_y_norm": 0.31578947368421051, "grid_x": 15.0, "grid_y": 6.0, "pixel_x": 960.0, "pixel_y": 384.0 }, "geometry": { "type": "Point", "coordinates": [ -91.446612, 41.274344 ] } },
{ "type": "Feature", "properties": { "lat": 39.84747, "lon": -90.316435, "umap_x": 13.817505, "umap_y": 3.4580674, "grid_x_norm": 0.42105263157894735, "grid_y_norm": 0.21052631578947367, "grid_x": 8.0, "grid_y": 4.0, "pixel_x": 512.0, "pixel_y": 256.0 }, "geometry": { "type": "Point", "coordinates": [ -90.316435, 39.84747 ] } },
{ "type": "Feature", "properties": { "lat": 60.971707, "lon": -148.180579, "umap_x": 1.3007629, "umap_y": 0.71526045, "grid_x_norm": 0.68421052631578938, "grid_y_norm": 0.47368421052631576, "grid_x": 13.0, "grid_y": 9.0, "pixel_x": 832.0, "pixel_y": 576.0 }, "geometry": { "type": "Point", "coordinates": [ -148.180579, 60.971707 ] } },
{ "type": "Feature", "properties": { "lat": 38.331914, "lon": -85.410899, "umap_x": 13.245024, "umap_y": 2.6054947, "grid_x_norm": 0.52631578947368418, "grid_y_norm": 0.15789473684210525, "grid_x": 10.0, "grid_y": 3.0, "pixel_x": 640.0, "pixel_y": 192.0 }, "geometry": { "type": "Point", "coordinates": [ -85.410899, 38.331914 ] } },
{ "type": "Feature", "properties": { "lat": 40.652673, "lon": -81.722054, "umap_x": 13.579855, "umap_y": 3.5124784, "grid_x_norm": 1.0, "grid_y_norm": 0.36842105263157893, "grid_x": 19.0, "grid_y": 7.0, "pixel_x": 1216.0, "pixel_y": 448.0 }, "geometry": { "type": "Point", "coordinates": [ -81.722054, 40.652673 ] } },
{ "type": "Feature", "properties": { "lat": 32.95405, "lon": -87.433842, "umap_x": 13.182387, "umap_y": 1.2480949, "grid_x_norm": 0.84210526315789469, "grid_y_norm": 0.052631578947368418, "grid_x": 16.0, "grid_y": 1.0, "pixel_x": 1024.0, "pixel_y": 64.0 }, "geometry": { "type": "Point", "coordinates": [ -87.433842, 32.95405 ] } },
{ "type": "Feature", "properties": { "lat": 28.017012, "lon": -97.580793, "umap_x": 14.169736, "umap_y": 6.7483659, "grid_x_norm": 1.0, "grid_y_norm": 0.68421052631578938, "grid_x": 19.0, "grid_y": 13.0, "pixel_x": 1216.0, "pixel_y": 832.0 }, "geometry": { "type": "Point", "coordinates": [ -97.580793, 28.017012 ] } },
{ "type": "Feature", "properties": { "lat": 68.788399, "lon": -162.670589, "umap_x": -3.2611859, "umap_y": 2.2579827, "grid_x_norm": 0.052631578947368418, "grid_y_norm": 0.052631578947368418, "grid_x": 1.0, "grid_y": 1.0, "pixel_x": 64.0, "pixel_y": 64.0 }, "geometry": { "type": "Point", "coordinates": [ -162.670589, 68.788399 ] } },
{ "type": "Feature", "properties": { "lat": 41.583158, "lon": -85.396098, "umap_x": 14.216736, "umap_y": 3.8980119, "grid_x_norm": 0.21052631578947367, "grid_y_norm": 0.21052631578947367, "grid_x": 4.0, "grid_y": 4.0, "pixel_x": 256.0, "pixel_y": 256.0 }, "geometry": { "type": "Point", "coordinates": [ -85.396098, 41.583158 ] } },
{ "type": "Feature", "properties": { "lat": 41.416843, "lon": -95.106512, "umap_x": 14.826409, "umap_y": 4.1511631, "grid_x_norm": 0.36842105263157893, "grid_y_norm": 0.26315789473684209, "grid_x": 7.0, "grid_y": 5.0, "pixel_x": 448.0, "pixel_y": 320.0 }, "geometry": { "type": "Point", "coordinates": [ -95.106512, 41.416843 ] } },
{ "type": "Feature", "properties": { "lat": 37.095728, "lon": -108.668136, "umap_x": 10.937776, "umap_y": 8.3857746, "grid_x_norm": 0.36842105263157893, "grid_y_norm": 0.73684210526315785, "grid_x": 7.0, "grid_y": 14.0, "pixel_x": 448.0, "pixel_y": 896.0 }, "geometry": { "type": "Point", "coordinates": [ -108.668136, 37.095728 ] } },
{ "type": "Feature", "properties": { "lat": 34.617229, "lon": -115.507472, "umap_x": 11.919456, "umap_y": 9.0905504, "grid_x_norm": 0.73684210526315785, "grid_y_norm": 1.0, "grid_x": 14.0, "grid_y": 19.0, "pixel_x": 896.0, "pixel_y": 1216.0 }, "geometry": { "type": "Point", "coordinates": [ -115.507472, 34.617229 ] } },
{ "type": "Feature", "properties": { "lat": 48.573116, "lon": -93.947317, "umap_x": -0.32867801, "umap_y": 5.1499414, "grid_x_norm": 0.31578947368421051, "grid_y_norm": 0.94736842105263153, "grid_x": 6.0, "grid_y": 18.0, "pixel_x": 384.0, "pixel_y": 1152.0 }, "geometry": { "type": "Point", "coordinates": [ -93.947317, 48.573116 ] } },
{ "type": "Feature", "properties": { "lat": 44.715246, "lon": -69.951927, "umap_x": 10.621449, "umap_y": 1.9752021, "grid_x_norm": 0.94736842105263153, "grid_y_norm": 0.21052631578947367, "grid_x": 18.0, "grid_y": 4.0, "pixel_x": 1152.0, "pixel_y": 256.0 }, "geometry": { "type": "Point", "coordinates": [ -69.951927, 44.715246 ] } },
{ "type": "Feature", "properties": { "lat": 40.535034, "lon": -111.72864, "umap_x": 8.5583162, "umap_y": 7.1406803, "grid_x_norm": 0.36842105263157893, "grid_y_norm": 0.94736842105263153, "grid_x": 7.0, "grid_y": 18.0, "pixel_x": 448.0, "pixel_y": 1152.0 }, "geometry": { "type": "Point", "coordinates": [ -111.72864, 40.535034 ] } },
{ "type": "Feature", "properties": { "lat": 69.561283, "lon": -142.341752, "umap_x": -2.7294281, "umap_y": 2.1516917, "grid_x_norm": 0.0, "grid_y_norm": 0.31578947368421051, "grid_x": 0.0, "grid_y": 6.0, "pixel_x": 0.0, "pixel_y": 384.0 }, "geometry": { "type": "Point", "coordinates": [ -142.341752, 69.561283 ] } },
{ "type": "Feature", "properties": { "lat": 33.171781, "lon": -102.546639, "umap_x": 12.87806, "umap_y": 7.7181306, "grid_x_norm": 0.63157894736842102, "grid_y_norm": 0.63157894736842102, "grid_x": 12.0, "grid_y": 12.0, "pixel_x": 768.0, "pixel_y": 768.0 }, "geometry": { "type": "Point", "coordinates": [ -102.546639, 33.171781 ] } },
{ "type": "Feature", "properties": { "lat": 39.993917, "lon": -101.219206, "umap_x": 12.676625, "umap_y": 6.3593602, "grid_x_norm": 0.42105263157894735, "grid_y_norm": 0.42105263157894735, "grid_x": 8.0, "grid_y": 8.0, "pixel_x": 512.0, "pixel_y": 512.0 }, "geometry": { "type": "Point", "coordinates": [ -101.219206, 39.993917 ] } },
{ "type": "Feature", "properties": { "lat": 41.313956, "lon": -104.986167, "umap_x": 12.090829, "umap_y": 6.5586596, "grid_x_norm": 0.26315789473684209, "grid_y_norm": 0.36842105263157893, "grid_x": 5.0, "grid_y": 7.0, "pixel_x": 320.0, "pixel_y": 448.0 }, "geometry": { "type": "Point", "coordinates": [ -104.986167, 41.313956 ] } },
{ "type": "Feature", "properties": { "lat": 43.73958, "lon": -113.578553, "umap_x": 9.7765026, "umap_y": 7.4643774, "grid_x_norm": 0.26315789473684209, "grid_y_norm": 0.63157894736842102, "grid_x": 5.0, "grid_y": 12.0, "pixel_x": 320.0, "pixel_y": 768.0 }, "geometry": { "type": "Point", "coordinates": [ -113.578553, 43.73958 ] } },
{ "type": "Feature", "properties": { "lat": 38.973545, "lon": -95.09149, "umap_x": 15.019375, "umap_y": 3.928381, "grid_x_norm": 0.73684210526315785, "grid_y_norm": 0.31578947368421051, "grid_x": 14.0, "grid_y": 6.0, "pixel_x": 896.0, "pixel_y": 384.0 }, "geometry": { "type": "Point", "coordinates": [ -95.09149, 38.973545 ] } },
{ "type": "Feature", "properties": { "lat": 44.134651, "lon": -112.364462, "umap_x": 10.616678, "umap_y": 6.6618042, "grid_x_norm": 1.0, "grid_y_norm": 0.89473684210526305, "grid_x": 19.0, "grid_y": 17.0, "pixel_x": 1216.0, "pixel_y": 1088.0 }, "geometry": { "type": "Point", "coordinates": [ -112.364462, 44.134651 ] } },
{ "type": "Feature", "properties": { "lat": 44.923412, "lon": -89.206676, "umap_x": 11.204328, "umap_y": 2.4377146, "grid_x_norm": 0.84210526315789469, "grid_y_norm": 0.26315789473684209, "grid_x": 16.0, "grid_y": 5.0, "pixel_x": 1024.0, "pixel_y": 320.0 }, "geometry": { "type": "Point", "coordinates": [ -89.206676, 44.923412 ] } },
{ "type": "Feature", "properties": { "lat": 43.183878, "lon": -121.720994, "umap_x": 8.8014793, "umap_y": 6.3688846, "grid_x_norm": 0.63157894736842102, "grid_y_norm": 0.78947368421052633, "grid_x": 12.0, "grid_y": 15.0, "pixel_x": 768.0, "pixel_y": 960.0 }, "geometry": { "type": "Point", "coordinates": [ -121.720994, 43.183878 ] } },
{ "type": "Feature", "properties": { "lat": 61.612321, "lon": -161.453396, "umap_x": -0.93060607, "umap_y": 4.5738211, "grid_x_norm": 0.10526315789473684, "grid_y_norm": 0.89473684210526305, "grid_x": 2.0, "grid_y": 17.0, "pixel_x": 128.0, "pixel_y": 1088.0 }, "geometry": { "type": "Point", "coordinates": [ -161.453396, 61.612321 ] } },
{ "type": "Feature", "properties": { "lat": 61.657949, "lon": -149.283427, "umap_x": -0.88509321, "umap_y": 4.6029124, "grid_x_norm": 0.10526315789473684, "grid_y_norm": 1.0, "grid_x": 2.0, "grid_y": 19.0, "pixel_x": 128.0, "pixel_y": 1216.0 }, "geometry": { "type": "Point", "coordinates": [ -149.283427, 61.657949 ] } },
{ "type": "Feature", "properties": { "lat": 68.68285, "lon": -148.994206, "umap_x": -3.2541261, "umap_y": 2.1271918, "grid_x_norm": 0.0, "grid_y_norm": 0.0, "grid_x": 0.0, "grid_y": 0.0, "pixel_x": 0.0, "pixel_y": 0.0 }, "geometry": { "type": "Point", "coordinates": [ -148.994206, 68.68285 ] } },
{ "type": "Feature", "properties": { "lat": 36.464729, "lon": -96.765102, "umap_x": 13.428825, "umap_y": 6.0739255, "grid_x_norm": 0.63157894736842102, "grid_y_norm": 0.47368421052631576, "grid_x": 12.0, "grid_y": 9.0, "pixel_x": 768.0, "pixel_y": 576.0 }, "geometry": { "type": "Point", "coordinates": [ -96.765102, 36.464729 ] } },
{ "type": "Feature", "properties": { "lat": 40.288782, "lon": -105.150704, "umap_x": 12.404408, "umap_y": 6.7219343, "grid_x_norm": 0.36842105263157893, "grid_y_norm": 0.42105263157894735, "grid_x": 7.0, "grid_y": 8.0, "pixel_x": 448.0, "pixel_y": 512.0 }, "geometry": { "type": "Point", "coordinates": [ -105.150704, 40.288782 ] } },
{ "type": "Feature", "properties": { "lat": 42.753662, "lon": -117.53075, "umap_x": 10.334769, "umap_y": 7.1549768, "grid_x_norm": 0.63157894736842102, "grid_y_norm": 0.73684210526315785, "grid_x": 12.0, "grid_y": 14.0, "pixel_x": 768.0, "pixel_y": 896.0 }, "geometry": { "type": "Point", "coordinates": [ -117.53075, 42.753662 ] } },
{ "type": "Feature", "properties": { "lat": 33.089806, "lon": -80.768382, "umap_x": 13.40915, "umap_y": 0.73490351, "grid_x_norm": 0.84210526315789469, "grid_y_norm": 0.0, "grid_x": 16.0, "grid_y": 0.0, "pixel_x": 1024.0, "pixel_y": 0.0 }, "geometry": { "type": "Point", "coordinates": [ -80.768382, 33.089806 ] } },
{ "type": "Feature", "properties": { "lat": 38.713398, "lon": -121.440819, "umap_x": 10.254658, "umap_y": 5.8830256, "grid_x_norm": 0.21052631578947367, "grid_y_norm": 0.36842105263157893, "grid_x": 4.0, "grid_y": 7.0, "pixel_x": 256.0, "pixel_y": 448.0 }, "geometry": { "type": "Point", "coordinates": [ -121.440819, 38.713398 ] } },
{ "type": "Feature", "properties": { "lat": 63.031214, "lon": -161.006667, "umap_x": -2.0525465, "umap_y": 2.6692662, "grid_x_norm": 0.052631578947368418, "grid_y_norm": 0.52631578947368418, "grid_x": 1.0, "grid_y": 10.0, "pixel_x": 64.0, "pixel_y": 640.0 }, "geometry": { "type": "Point", "coordinates": [ -161.006667, 63.031214 ] } },
{ "type": "Feature", "properties": { "lat": 34.102135, "lon": -89.017037, "umap_x": 13.330527, "umap_y": 1.0335321, "grid_x_norm": 0.42105263157894735, "grid_y_norm": 0.0, "grid_x": 8.0, "grid_y": 0.0, "pixel_x": 512.0, "pixel_y": 0.0 }, "geometry": { "type": "Point", "coordinates": [ -89.017037, 34.102135 ] } },
{ "type": "Feature", "properties": { "lat": 39.12955, "lon": -77.81343, "umap_x": 13.392812, "umap_y": 2.5359483, "grid_x_norm": 0.84210526315789469, "grid_y_norm": 0.21052631578947367, "grid_x": 16.0, "grid_y": 4.0, "pixel_x": 1024.0, "pixel_y": 256.0 }, "geometry": { "type": "Point", "coordinates": [ -77.81343, 39.12955 ] } },
{ "type": "Feature", "properties": { "lat": 38.096593, "lon": -117.305237, "umap_x": 11.30461, "umap_y": 8.8751163, "grid_x_norm": 0.52631578947368418, "grid_y_norm": 0.89473684210526305, "grid_x": 10.0, "grid_y": 17.0, "pixel_x": 640.0, "pixel_y": 1088.0 }, "geometry": { "type": "Point", "coordinates": [ -117.305237, 38.096593 ] } },
{ "type": "Feature", "properties": { "lat": 45.300267, "lon": -104.456326, "umap_x": 11.086291, "umap_y": 6.6141782, "grid_x_norm": 0.47368421052631576, "grid_y_norm": 0.52631578947368418, "grid_x": 9.0, "grid_y": 10.0, "pixel_x": 576.0, "pixel_y": 640.0 }, "geometry": { "type": "Point", "coordinates": [ -104.456326, 45.300267 ] } },
{ "type": "Feature", "properties": { "lat": 41.545596, "lon": -81.932521, "umap_x": 1.4211969, "umap_y": 0.61273295, "grid_x_norm": 0.94736842105263153, "grid_y_norm": 0.47368421052631576, "grid_x": 18.0, "grid_y": 9.0, "pixel_x": 1152.0, "pixel_y": 576.0 }, "geometry": { "type": "Point", "coordinates": [ -81.932521, 41.545596 ] } },
{ "type": "Feature", "properties": { "lat": 65.648769, "lon": -166.936583, "umap_x": -2.5370097, "umap_y": 2.2057066, "grid_x_norm": 0.10526315789473684, "grid_y_norm": 0.36842105263157893, "grid_x": 2.0, "grid_y": 7.0, "pixel_x": 128.0, "pixel_y": 448.0 }, "geometry": { "type": "Point", "coordinates": [ -166.936583, 65.648769 ] } },
{ "type": "Feature", "properties": { "lat": 37.168255, "lon": -120.328019, "umap_x": 13.82416, "umap_y": 4.0171871, "grid_x_norm": 0.26315789473684209, "grid_y_norm": 0.26315789473684209, "grid_x": 5.0, "grid_y": 5.0, "pixel_x": 320.0, "pixel_y": 320.0 }, "geometry": { "type": "Point", "coordinates": [ -120.328019, 37.168255 ] } },
{ "type": "Feature", "properties": { "lat": 34.277893, "lon": -118.600096, "umap_x": 10.115758, "umap_y": 5.9223757, "grid_x_norm": 0.94736842105263153, "grid_y_norm": 0.78947368421052633, "grid_x": 18.0, "grid_y": 15.0, "pixel_x": 1152.0, "pixel_y": 960.0 }, "geometry": { "type": "Point", "coordinates": [ -118.600096, 34.277893 ] } },
{ "type": "Feature", "properties": { "lat": 44.720568, "lon": -94.367487, "umap_x": 15.112585, "umap_y": 4.1581855, "grid_x_norm": 1.0, "grid_y_norm": 0.42105263157894735, "grid_x": 19.0, "grid_y": 8.0, "pixel_x": 1216.0, "pixel_y": 512.0 }, "geometry": { "type": "Point", "coordinates": [ -94.367487, 44.720568 ] } },
{ "type": "Feature", "properties": { "lat": 47.099008, "lon": -116.265789, "umap_x": 8.7881498, "umap_y": 6.4080491, "grid_x_norm": 0.31578947368421051, "grid_y_norm": 0.57894736842105265, "grid_x": 6.0, "grid_y": 11.0, "pixel_x": 384.0, "pixel_y": 704.0 }, "geometry": { "type": "Point", "coordinates": [ -116.265789, 47.099008 ] } },
{ "type": "Feature", "properties": { "lat": 37.621671, "lon": -102.200563, "umap_x": 12.913095, "umap_y": 6.0724645, "grid_x_norm": 0.47368421052631576, "grid_y_norm": 0.42105263157894735, "grid_x": 9.0, "grid_y": 8.0, "pixel_x": 576.0, "pixel_y": 512.0 }, "geometry": { "type": "Point", "coordinates": [ -102.200563, 37.621671 ] } },
{ "type": "Feature", "properties": { "lat": 40.381716, "lon": -95.105489, "umap_x": 15.021382, "umap_y": 3.8589065, "grid_x_norm": 0.84210526315789469, "grid_y_norm": 0.31578947368421051, "grid_x": 16.0, "grid_y": 6.0, "pixel_x": 1024.0, "pixel_y": 384.0 }, "geometry": { "type": "Point", "coordinates": [ -95.105489, 40.381716 ] } },
{ "type": "Feature", "properties": { "lat": 39.23904, "lon": -109.215593, "umap_x": 11.191649, "umap_y": 8.4542255, "grid_x_norm": 0.21052631578947367, "grid_y_norm": 0.57894736842105265, "grid_x": 4.0, "grid_y": 11.0, "pixel_x": 256.0, "pixel_y": 704.0 }, "geometry": { "type": "Point", "coordinates": [ -109.215593, 39.23904 ] } },
{ "type": "Feature", "properties": { "lat": 47.588052, "lon": -107.981397, "umap_x": 10.78783, "umap_y": 6.6502657, "grid_x_norm": 0.42105263157894735, "grid_y_norm": 0.52631578947368418, "grid_x": 8.0, "grid_y": 10.0, "pixel_x": 512.0, "pixel_y": 640.0 }, "geometry": { "type": "Point", "coordinates": [ -107.981397, 47.588052 ] } },
{ "type": "Feature", "properties": { "lat": 38.364935, "lon": -92.585294, "umap_x": 13.309666, "umap_y": 2.4840269, "grid_x_norm": 0.89473684210526305, "grid_y_norm": 0.21052631578947367, "grid_x": 17.0, "grid_y": 4.0, "pixel_x": 1088.0, "pixel_y": 256.0 }, "geometry": { "type": "Point", "coordinates": [ -92.585294, 38.364935 ] } },
{ "type": "Feature", "properties": { "lat": 58.308421, "lon": -135.593841, "umap_x": 1.3384733, "umap_y": 0.66767305, "grid_x_norm": 0.78947368421052633, "grid_y_norm": 0.47368421052631576, "grid_x": 15.0, "grid_y": 9.0, "pixel_x": 960.0, "pixel_y": 576.0 }, "geometry": { "type": "Point", "coordinates": [ -135.593841, 58.308421 ] } },
{ "type": "Feature", "properties": { "lat": 40.972473, "lon": -72.287091, "umap_x": 11.441613, "umap_y": 1.7954174, "grid_x_norm": 0.36842105263157893, "grid_y_norm": 0.052631578947368418, "grid_x": 7.0, "grid_y": 1.0, "pixel_x": 448.0, "pixel_y": 64.0 }, "geometry": { "type": "Point", "coordinates": [ -72.287091, 40.972473 ] } },
{ "type": "Feature", "properties": { "lat": 31.502007, "lon": -111.464053, "umap_x": 12.10276, "umap_y": 8.3170328, "grid_x_norm": 0.47368421052631576, "grid_y_norm": 0.63157894736842102, "grid_x": 9.0, "grid_y": 12.0, "pixel_x": 576.0, "pixel_y": 768.0 }, "geometry": { "type": "Point", "coordinates": [ -111.464053, 31.502007 ] } },
{ "type": "Feature", "properties": { "lat": 43.558415, "lon": -72.124724, "umap_x": 10.694794, "umap_y": 1.8482167, "grid_x_norm": 0.52631578947368418, "grid_y_norm": 0.10526315789473684, "grid_x": 10.0, "grid_y": 2.0, "pixel_x": 640.0, "pixel_y": 128.0 }, "geometry": { "type": "Point", "coordinates": [ -72.124724, 43.558415 ] } },
{ "type": "Feature", "properties": { "lat": 43.888301, "lon": -111.476788, "umap_x": 10.392126, "umap_y": 6.5140514, "grid_x_norm": 0.84210526315789469, "grid_y_norm": 0.78947368421052633, "grid_x": 16.0, "grid_y": 15.0, "pixel_x": 1024.0, "pixel_y": 960.0 }, "geometry": { "type": "Point", "coordinates": [ -111.476788, 43.888301 ] } },
{ "type": "Feature", "properties": { "lat": 38.80717, "lon": -96.754413, "umap_x": 13.388377, "umap_y": 5.8214436, "grid_x_norm": 0.42105263157894735, "grid_y_norm": 0.36842105263157893, "grid_x": 8.0, "grid_y": 7.0, "pixel_x": 512.0, "pixel_y": 448.0 }, "geometry": { "type": "Point", "coordinates": [ -96.754413, 38.80717 ] } },
{ "type": "Feature", "properties": { "lat": 41.608871, "lon": -114.144824, "umap_x": 9.4000893, "umap_y": 7.6195736, "grid_x_norm": 0.57894736842105265, "grid_y_norm": 1.0, "grid_x": 11.0, "grid_y": 19.0, "pixel_x": 704.0, "pixel_y": 1216.0 }, "geometry": { "type": "Point", "coordinates": [ -114.144824, 41.608871 ] } },
{ "type": "Feature", "properties": { "lat": 35.039988, "lon": -106.566821, "umap_x": 12.061844, "umap_y": 8.3300343, "grid_x_norm": 0.94736842105263153, "grid_y_norm": 0.94736842105263153, "grid_x": 18.0, "grid_y": 18.0, "pixel_x": 1152.0, "pixel_y": 1152.0 }, "geometry": { "type": "Point", "coordinates": [ -106.566821, 35.039988 ] } },
{ "type": "Feature", "properties": { "lat": 33.080617, "lon": -108.621441, "umap_x": 11.831901, "umap_y": 8.5157576, "grid_x_norm": 0.68421052631578938, "grid_y_norm": 0.84210526315789469, "grid_x": 13.0, "grid_y": 16.0, "pixel_x": 832.0, "pixel_y": 1024.0 }, "geometry": { "type": "Point", "coordinates": [ -108.621441, 33.080617 ] } },
{ "type": "Feature", "properties": { "lat": 45.421587, "lon": -92.016306, "umap_x": 13.650601, "umap_y": 3.8154948, "grid_x_norm": 0.57894736842105265, "grid_y_norm": 0.31578947368421051, "grid_x": 11.0, "grid_y": 6.0, "pixel_x": 704.0, "pixel_y": 384.0 }, "geometry": { "type": "Point", "coordinates": [ -92.016306, 45.421587 ] } },
{ "type": "Feature", "properties": { "lat": 47.624043, "lon": -112.31277, "umap_x": 10.981046, "umap_y": 6.6031065, "grid_x_norm": 0.36842105263157893, "grid_y_norm": 0.47368421052631576, "grid_x": 7.0, "grid_y": 9.0, "pixel_x": 448.0, "pixel_y": 576.0 }, "geometry": { "type": "Point", "coordinates": [ -112.31277, 47.624043 ] } },
{ "type": "Feature", "properties": { "lat": 33.312212, "lon": -79.854915, "umap_x": 13.340953, "umap_y": 0.64992434, "grid_x_norm": 0.94736842105263153, "grid_y_norm": 0.0, "grid_x": 18.0, "grid_y": 0.0, "pixel_x": 1152.0, "pixel_y": 0.0 }, "geometry": { "type": "Point", "coordinates": [ -79.854915, 33.312212 ] } },
{ "type": "Feature", "properties": { "lat": 30.057804, "lon": -91.759756, "umap_x": 14.545303, "umap_y": 4.194931, "grid_x_norm": 0.68421052631578938, "grid_y_norm": 0.36842105263157893, "grid_x": 13.0, "grid_y": 7.0, "pixel_x": 832.0, "pixel_y": 448.0 }, "geometry": { "type": "Point", "coordinates": [ -91.759756, 30.057804 ] } },
{ "type": "Feature", "properties": { "lat": 43.119629, "lon": -112.38405, "umap_x": 10.502885, "umap_y": 7.3868189, "grid_x_norm": 0.89473684210526305, "grid_y_norm": 0.94736842105263153, "grid_x": 17.0, "grid_y": 18.0, "pixel_x": 1088.0, "pixel_y": 1152.0 }, "geometry": { "type": "Point", "coordinates": [ -112.38405, 43.119629 ] } },
{ "type": "Feature", "properties": { "lat": 37.586013, "lon": -79.749797, "umap_x": 13.435498, "umap_y": 2.6926107, "grid_x_norm": 0.78947368421052633, "grid_y_norm": 0.21052631578947367, "grid_x": 15.0, "grid_y": 4.0, "pixel_x": 960.0, "pixel_y": 256.0 }, "geometry": { "type": "Point", "coordinates": [ -79.749797, 37.586013 ] } },
{ "type": "Feature", "properties": { "lat": 63.610648, "lon": -160.1947, "umap_x": -2.1566091, "umap_y": 2.8221939, "grid_x_norm": 0.0, "grid_y_norm": 0.63157894736842102, "grid_x": 0.0, "grid_y": 12.0, "pixel_x": 0.0, "pixel_y": 768.0 }, "geometry": { "type": "Point", "coordinates": [ -160.1947, 63.610648 ] } },
{ "type": "Feature", "properties": { "lat": 31.785297, "lon": -100.462189, "umap_x": 13.206911, "umap_y": 7.304471, "grid_x_norm": 0.31578947368421051, "grid_y_norm": 0.42105263157894735, "grid_x": 6.0, "grid_y": 8.0, "pixel_x": 384.0, "pixel_y": 512.0 }, "geometry": { "type": "Point", "coordinates": [ -100.462189, 31.785297 ] } },
{ "type": "Feature", "properties": { "lat": 19.281027, "lon": -155.280558, "umap_x": 14.006728, "umap_y": 6.9839816, "grid_x_norm": 0.31578947368421051, "grid_y_norm": 0.36842105263157893, "grid_x": 6.0, "grid_y": 7.0, "pixel_x": 384.0, "pixel_y": 448.0 }, "geometry": { "type": "Point", "coordinates": [ -155.280558, 19.281027 ] } },
{ "type": "Feature", "properties": { "lat": 66.988202, "lon": -144.208131, "umap_x": -0.62569666, "umap_y": 5.0633969, "grid_x_norm": 0.21052631578947367, "grid_y_norm": 1.0, "grid_x": 4.0, "grid_y": 19.0, "pixel_x": 256.0, "pixel_y": 1216.0 }, "geometry": { "type": "Point", "coordinates": [ -144.208131, 66.988202 ] } },
{ "type": "Feature", "properties": { "lat": 33.892645, "lon": -114.69886, "umap_x": 11.859907, "umap_y": 9.1587887, "grid_x_norm": 0.21052631578947367, "grid_y_norm": 0.63157894736842102, "grid_x": 4.0, "grid_y": 12.0, "pixel_x": 256.0, "pixel_y": 768.0 }, "geometry": { "type": "Point", "coordinates": [ -114.69886, 33.892645 ] } },
{ "type": "Feature", "properties": { "lat": 38.15128, "lon": -83.839686, "umap_x": 13.394343, "umap_y": 2.4475343, "grid_x_norm": 0.68421052631578938, "grid_y_norm": 0.15789473684210525, "grid_x": 13.0, "grid_y": 3.0, "pixel_x": 832.0, "pixel_y": 192.0 }, "geometry": { "type": "Point", "coordinates": [ -83.839686, 38.15128 ] } },
{ "type": "Feature", "properties": { "lat": 35.221411, "lon": -88.098629, "umap_x": 13.169124, "umap_y": 1.1893111, "grid_x_norm": 0.89473684210526305, "grid_y_norm": 0.052631578947368418, "grid_x": 17.0, "grid_y": 1.0, "pixel_x": 1088.0, "pixel_y": 64.0 }, "geometry": { "type": "Point", "coordinates": [ -88.098629, 35.221411 ] } },
{ "type": "Feature", "properties": { "lat": 41.616857, "lon": -90.687818, "umap_x": 15.148507, "umap_y": 4.1200528, "grid_x_norm": 0.84210526315789469, "grid_y_norm": 0.36842105263157893, "grid_x": 16.0, "grid_y": 7.0, "pixel_x": 1024.0, "pixel_y": 448.0 }, "geometry": { "type": "Point", "coordinates": [ -90.687818, 41.616857 ] } },
{ "type": "Feature", "properties": { "lat": 28.183922, "lon": -99.165223, "umap_x": 13.932652, "umap_y": 7.1374388, "grid_x_norm": 0.73684210526315785, "grid_y_norm": 0.57894736842105265, "grid_x": 14.0, "grid_y": 11.0, "pixel_x": 896.0, "pixel_y": 704.0 }, "geometry": { "type": "Point", "coordinates": [ -99.165223, 28.183922 ] } },
{ "type": "Feature", "properties": { "lat": 34.972744, "lon": -96.887347, "umap_x": 13.583653, "umap_y": 6.1502376, "grid_x_norm": 0.73684210526315785, "grid_y_norm": 0.52631578947368418, "grid_x": 14.0, "grid_y": 10.0, "pixel_x": 896.0, "pixel_y": 640.0 }, "geometry": { "type": "Point", "coordinates": [ -96.887347, 34.972744 ] } },
{ "type": "Feature", "properties": { "lat": 40.620714, "lon": -86.885595, "umap_x": 15.28898, "umap_y": 4.0800242, "grid_x_norm": 0.26315789473684209, "grid_y_norm": 0.21052631578947367, "grid_x": 5.0, "grid_y": 4.0, "pixel_x": 320.0, "pixel_y": 256.0 }, "geometry": { "type": "Point", "coordinates": [ -86.885595, 40.620714 ] } },
{ "type": "Feature", "properties": { "lat": 65.575549, "lon": -144.562417, "umap_x": -1.0694339, "umap_y": 5.1421552, "grid_x_norm": 0.15789473684210525, "grid_y_norm": 0.73684210526315785, "grid_x": 3.0, "grid_y": 14.0, "pixel_x": 192.0, "pixel_y": 896.0 }, "geometry": { "type": "Point", "coordinates": [ -144.562417, 65.575549 ] } },
{ "type": "Feature", "properties": { "lat": 38.537188, "lon": -122.125182, "umap_x": 9.9383411, "umap_y": 5.9890652, "grid_x_norm": 0.73684210526315785, "grid_y_norm": 0.68421052631578938, "grid_x": 14.0, "grid_y": 13.0, "pixel_x": 896.0, "pixel_y": 832.0 }, "geometry": { "type": "Point", "coordinates": [ -122.125182, 38.537188 ] } },
{ "type": "Feature", "properties": { "lat": 68.39648, "lon": -143.349254, "umap_x": -2.2841024, "umap_y": 2.8925021, "grid_x_norm": 0.0, "grid_y_norm": 0.57894736842105265, "grid_x": 0.0, "grid_y": 11.0, "pixel_x": 0.0, "pixel_y": 704.0 }, "geometry": { "type": "Point", "coordinates": [ -143.349254, 68.39648 ] } },
{ "type": "Feature", "properties": { "lat": 32.180017, "lon": -85.674493, "umap_x": 13.286281, "umap_y": 0.98902553, "grid_x_norm": 0.47368421052631576, "grid_y_norm": 0.0, "grid_x": 9.0, "grid_y": 0.0, "pixel_x": 576.0, "pixel_y": 0.0 }, "geometry": { "type": "Point", "coordinates": [ -85.674493, 32.180017 ] } },
{ "type": "Feature", "properties": { "lat": 47.059711, "lon": -91.329715, "umap_x": 1.3766836, "umap_y": 0.71976465, "grid_x_norm": 0.73684210526315785, "grid_y_norm": 0.47368421052631576, "grid_x": 14.0, "grid_y": 9.0, "pixel_x": 896.0, "pixel_y": 576.0 }, "geometry": { "type": "Point", "coordinates": [ -91.329715, 47.059711 ] } },
{ "type": "Feature", "properties": { "lat": 37.908718, "lon": -117.455499, "umap_x": 11.510575, "umap_y": 9.06633, "grid_x_norm": 0.57894736842105265, "grid_y_norm": 0.94736842105263153, "grid_x": 11.0, "grid_y": 18.0, "pixel_x": 704.0, "pixel_y": 1152.0 }, "geometry": { "type": "Point", "coordinates": [ -117.455499, 37.908718 ] } },
{ "type": "Feature", "properties": { "lat": 34.563183, "lon": -85.996437, "umap_x": 13.287694, "umap_y": 2.2886074, "grid_x_norm": 0.84210526315789469, "grid_y_norm": 0.15789473684210525, "grid_x": 16.0, "grid_y": 3.0, "pixel_x": 1024.0, "pixel_y": 192.0 }, "geometry": { "type": "Point", "coordinates": [ -85.996437, 34.563183 ] } },
{ "type": "Feature", "properties": { "lat": 64.858301, "lon": -158.00952, "umap_x": -0.50446182, "umap_y": 4.9729319, "grid_x_norm": 0.26315789473684209, "grid_y_norm": 0.89473684210526305, "grid_x": 5.0, "grid_y": 17.0, "pixel_x": 320.0, "pixel_y": 1088.0 }, "geometry": { "type": "Point", "coordinates": [ -158.00952, 64.858301 ] } },
{ "type": "Feature", "properties": { "lat": 64.814117, "lon": -145.069633, "umap_x": -0.65917987, "umap_y": 5.3221855, "grid_x_norm": 0.26315789473684209, "grid_y_norm": 0.78947368421052633, "grid_x": 5.0, "grid_y": 15.0, "pixel_x": 320.0, "pixel_y": 960.0 }, "geometry": { "type": "Point", "coordinates": [ -145.069633, 64.814117 ] } },
{ "type": "Feature", "properties": { "lat": 42.327888, "lon": -94.418183, "umap_x": 15.209616, "umap_y": 4.0353608, "grid_x_norm": 0.89473684210526305, "grid_y_norm": 0.36842105263157893, "grid_x": 17.0, "grid_y": 7.0, "pixel_x": 1088.0, "pixel_y": 448.0 }, "geometry": { "type": "Point", "coordinates": [ -94.418183, 42.327888 ] } },
{ "type": "Feature", "properties": { "lat": 30.888646, "lon": -91.361851, "umap_x": 13.154879, "umap_y": 1.2731105, "grid_x_norm": 0.26315789473684209, "grid_y_norm": 0.0, "grid_x": 5.0, "grid_y": 0.0, "pixel_x": 320.0, "pixel_y": 0.0 }, "geometry": { "type": "Point", "coordinates": [ -91.361851, 30.888646 ] } },
{ "type": "Feature", "properties": { "lat": 30.002064, "lon": -98.717594, "umap_x": 13.786755, "umap_y": 7.2984676, "grid_x_norm": 1.0, "grid_y_norm": 0.73684210526315785, "grid_x": 19.0, "grid_y": 14.0, "pixel_x": 1216.0, "pixel_y": 896.0 }, "geometry": { "type": "Point", "coordinates": [ -98.717594, 30.002064 ] } },
{ "type": "Feature", "properties": { "lat": 46.483357, "lon": -85.1678, "umap_x": 10.699724, "umap_y": 1.7838423, "grid_x_norm": 0.94736842105263153, "grid_y_norm": 0.15789473684210525, "grid_x": 18.0, "grid_y": 3.0, "pixel_x": 1152.0, "pixel_y": 192.0 }, "geometry": { "type": "Point", "coordinates": [ -85.1678, 46.483357 ] } },
{ "type": "Feature", "properties": { "lat": 41.255496, "lon": -75.283017, "umap_x": 11.121961, "umap_y": 1.7771692, "grid_x_norm": 1.0, "grid_y_norm": 0.15789473684210525, "grid_x": 19.0, "grid_y": 3.0, "pixel_x": 1216.0, "pixel_y": 192.0 }, "geometry": { "type": "Point", "coordinates": [ -75.283017, 41.255496 ] } },
{ "type": "Feature", "properties": { "lat": 43.918264, "lon": -116.169813, "umap_x": 10.307082, "umap_y": 7.1012163, "grid_x_norm": 0.31578947368421051, "grid_y_norm": 0.52631578947368418, "grid_x": 6.0, "grid_y": 10.0, "pixel_x": 384.0, "pixel_y": 640.0 }, "geometry": { "type": "Point", "coordinates": [ -116.169813, 43.918264 ] } },
{ "type": "Feature", "properties": { "lat": 66.235628, "lon": -160.596652, "umap_x": -3.3116024, "umap_y": 2.4436512, "grid_x_norm": 0.10526315789473684, "grid_y_norm": 0.15789473684210525, "grid_x": 2.0, "grid_y": 3.0, "pixel_x": 128.0, "pixel_y": 192.0 }, "geometry": { "type": "Point", "coordinates": [ -160.596652, 66.235628 ] } },
{ "type": "Feature", "properties": { "lat": 31.591207, "lon": -93.423179, "umap_x": 13.272702, "umap_y": 1.0576334, "grid_x_norm": 1.0, "grid_y_norm": 0.052631578947368418, "grid_x": 19.0, "grid_y": 1.0, "pixel_x": 1216.0, "pixel_y": 64.0 }, "geometry": { "type": "Point", "coordinates": [ -93.423179, 31.591207 ] } },
{ "type": "Feature", "properties": { "lat": 48.140757, "lon": -94.388823, "umap_x": -0.28594288, "umap_y": 5.1750917, "grid_x_norm": 0.31578947368421051, "grid_y_norm": 1.0, "grid_x": 6.0, "grid_y": 19.0, "pixel_x": 384.0, "pixel_y": 1216.0 }, "geometry": { "type": "Point", "coordinates": [ -94.388823, 48.140757 ] } },
{ "type": "Feature", "properties": { "lat": 47.952752, "lon": -91.91088, "umap_x": 10.411736, "umap_y": 2.4078307, "grid_x_norm": 1.0, "grid_y_norm": 0.31578947368421051, "grid_x": 19.0, "grid_y": 6.0, "pixel_x": 1216.0, "pixel_y": 384.0 }, "geometry": { "type": "Point", "coordinates": [ -91.91088, 47.952752 ] } },
{ "type": "Feature", "properties": { "lat": 45.22084, "lon": -113.736983, "umap_x": 9.7168779, "umap_y": 7.1434741, "grid_x_norm": 0.89473684210526305, "grid_y_norm": 1.0, "grid_x": 17.0, "grid_y": 19.0, "pixel_x": 1088.0, "pixel_y": 1216.0 }, "geometry": { "type": "Point", "coordinates": [ -113.736983, 45.22084 ] } },
{ "type": "Feature", "properties": { "lat": 65.16128, "lon": -157.657745, "umap_x": -0.54599863, "umap_y": 4.8856015, "grid_x_norm": 0.26315789473684209, "grid_y_norm": 0.84210526315789469, "grid_x": 5.0, "grid_y": 16.0, "pixel_x": 320.0, "pixel_y": 1024.0 }, "geometry": { "type": "Point", "coordinates": [ -157.657745, 65.16128 ] } },
{ "type": "Feature", "properties": { "lat": 29.165656, "lon": -97.404746, "umap_x": 14.093562, "umap_y": 7.0098252, "grid_x_norm": 0.21052631578947367, "grid_y_norm": 0.31578947368421051, "grid_x": 4.0, "grid_y": 6.0, "pixel_x": 256.0, "pixel_y": 384.0 }, "geometry": { "type": "Point", "coordinates": [ -97.404746, 29.165656 ] } },
{ "type": "Feature", "properties": { "lat": 38.281187, "lon": -94.870311, "umap_x": 13.13053, "umap_y": 2.2719128, "grid_x_norm": 0.21052631578947367, "grid_y_norm": 0.052631578947368418, "grid_x": 4.0, "grid_y": 1.0, "pixel_x": 256.0, "pixel_y": 64.0 }, "geometry": { "type": "Point", "coordinates": [ -94.870311, 38.281187 ] } },
{ "type": "Feature", "properties": { "lat": 45.994941, "lon": -94.887158, "umap_x": 13.438724, "umap_y": 3.8926129, "grid_x_norm": 0.47368421052631576, "grid_y_norm": 0.31578947368421051, "grid_x": 9.0, "grid_y": 6.0, "pixel_x": 576.0, "pixel_y": 384.0 }, "geometry": { "type": "Point", "coordinates": [ -94.887158, 45.994941 ] } },
{ "type": "Feature", "properties": { "lat": 60.909314, "lon": -157.185179, "umap_x": -0.73367852, "umap_y": 4.6505508, "grid_x_norm": 0.21052631578947367, "grid_y_norm": 0.68421052631578938, "grid_x": 4.0, "grid_y": 13.0, "pixel_x": 256.0, "pixel_y": 832.0 }, "geometry": { "type": "Point", "coordinates": [ -157.185179, 60.909314 ] } },
{ "type": "Feature", "properties": { "lat": 43.971467, "lon": -94.809342, "umap_x": 14.758677, "umap_y": 4.2096529, "grid_x_norm": 0.89473684210526305, "grid_y_norm": 0.42105263157894735, "grid_x": 17.0, "grid_y": 8.0, "pixel_x": 1088.0, "pixel_y": 512.0 }, "geometry": { "type": "Point", "coordinates": [ -94.809342, 43.971467 ] } },
{ "type": "Feature", "properties": { "lat": 41.434421, "lon": -75.684738, "umap_x": 12.092996, "umap_y": 2.5906742, "grid_x_norm": 0.63157894736842102, "grid_y_norm": 0.21052631578947367, "grid_x": 12.0, "grid_y": 4.0, "pixel_x": 768.0, "pixel_y": 256.0 }, "geometry": { "type": "Point", "coordinates": [ -75.684738, 41.434421 ] } },
{ "type": "Feature", "properties": { "lat": 41.483775, "lon": -110.30072, "umap_x": 10.284502, "umap_y": 7.8238935, "grid_x_norm": 0.63157894736842102, "grid_y_norm": 0.89473684210526305, "grid_x": 12.0, "grid_y": 17.0, "pixel_x": 768.0, "pixel_y": 1088.0 }, "geometry": { "type": "Point", "coordinates": [ -110.30072, 41.483775 ] } },
{ "type": "Feature", "properties": { "lat": 56.009214, "lon": -131.75507, "umap_x": -1.3254267, "umap_y": 2.78427, "grid_x_norm": 0.052631578947368418, "grid_y_norm": 0.78947368421052633, "grid_x": 1.0, "grid_y": 15.0, "pixel_x": 64.0, "pixel_y": 960.0 }, "geometry": { "type": "Point", "coordinates": [ -131.75507, 56.009214 ] } },
{ "type": "Feature", "properties": { "lat": 35.52364, "lon": -113.693396, "umap_x": 9.0840712, "umap_y": 7.5603752, "grid_x_norm": 0.36842105263157893, "grid_y_norm": 1.0, "grid_x": 7.0, "grid_y": 19.0, "pixel_x": 448.0, "pixel_y": 1216.0 }, "geometry": { "type": "Point", "coordinates": [ -113.693396, 35.52364 ] } },
{ "type": "Feature", "properties": { "lat": 38.783131, "lon": -100.227494, "umap_x": 12.701605, "umap_y": 6.5181026, "grid_x_norm": 0.63157894736842102, "grid_y_norm": 0.52631578947368418, "grid_x": 12.0, "grid_y": 10.0, "pixel_x": 768.0, "pixel_y": 640.0 }, "geometry": { "type": "Point", "coordinates": [ -100.227494, 38.783131 ] } },
{ "type": "Feature", "properties": { "lat": 45.77541, "lon": -93.801625, "umap_x": 11.156466, "umap_y": 2.1831472, "grid_x_norm": 0.26315789473684209, "grid_y_norm": 0.10526315789473684, "grid_x": 5.0, "grid_y": 2.0, "pixel_x": 320.0, "pixel_y": 128.0 }, "geometry": { "type": "Point", "coordinates": [ -93.801625, 45.77541 ] } },
{ "type": "Feature", "properties": { "lat": 37.624145, "lon": -104.42513, "umap_x": 12.448205, "umap_y": 6.8018007, "grid_x_norm": 0.94736842105263153, "grid_y_norm": 0.73684210526315785, "grid_x": 18.0, "grid_y": 14.0, "pixel_x": 1152.0, "pixel_y": 896.0 }, "geometry": { "type": "Point", "coordinates": [ -104.42513, 37.624145 ] } },
{ "type": "Feature", "properties": { "lat": 39.684435, "lon": -107.475505, "umap_x": 8.7787275, "umap_y": 7.0891376, "grid_x_norm": 0.47368421052631576, "grid_y_norm": 0.89473684210526305, "grid_x": 9.0, "grid_y": 17.0, "pixel_x": 576.0, "pixel_y": 1088.0 }, "geometry": { "type": "Point", "coordinates": [ -107.475505, 39.684435 ] } },
{ "type": "Feature", "properties": { "lat": 64.226707, "lon": -142.083877, "umap_x": -1.2349458, "umap_y": 5.0340829, "grid_x_norm": 0.10526315789473684, "grid_y_norm": 0.73684210526315785, "grid_x": 2.0, "grid_y": 14.0, "pixel_x": 128.0, "pixel_y": 896.0 }, "geometry": { "type": "Point", "coordinates": [ -142.083877, 64.226707 ] } },
{ "type": "Feature", "properties": { "lat": 48.039415, "lon": -116.4734, "umap_x": 1.2894146, "umap_y": 0.78144526, "grid_x_norm": 0.36842105263157893, "grid_y_norm": 0.36842105263157893, "grid_x": 7.0, "grid_y": 7.0, "pixel_x": 448.0, "pixel_y": 448.0 }, "geometry": { "type": "Point", "coordinates": [ -116.4734, 48.039415 ] } },
{ "type": "Feature", "properties": { "lat": 38.841399, "lon": -118.131259, "umap_x": 11.277116, "umap_y": 8.9484539, "grid_x_norm": 0.26315789473684209, "grid_y_norm": 0.73684210526315785, "grid_x": 5.0, "grid_y": 14.0, "pixel_x": 320.0, "pixel_y": 896.0 }, "geometry": { "type": "Point", "coordinates": [ -118.131259, 38.841399 ] } },
{ "type": "Feature", "properties": { "lat": 35.564206, "lon": -75.922631, "umap_x": 13.173368, "umap_y": 0.72171932, "grid_x_norm": 0.78947368421052633, "grid_y_norm": 0.0, "grid_x": 15.0, "grid_y": 0.0, "pixel_x": 960.0, "pixel_y": 0.0 }, "geometry": { "type": "Point", "coordinates": [ -75.922631, 35.564206 ] } },
{ "type": "Feature", "properties": { "lat": 32.610534, "lon": -99.178574, "umap_x": 13.588782, "umap_y": 6.4247389, "grid_x_norm": 0.68421052631578938, "grid_y_norm": 0.52631578947368418, "grid_x": 13.0, "grid_y": 10.0, "pixel_x": 832.0, "pixel_y": 640.0 }, "geometry": { "type": "Point", "coordinates": [ -99.178574, 32.610534 ] } },
{ "type": "Feature", "properties": { "lat": 40.939332, "lon": -119.986404, "umap_x": 9.4540281, "umap_y": 7.6007137, "grid_x_norm": 0.31578947368421051, "grid_y_norm": 0.78947368421052633, "grid_x": 6.0, "grid_y": 15.0, "pixel_x": 384.0, "pixel_y": 960.0 }, "geometry": { "type": "Point", "coordinates": [ -119.986404, 40.939332 ] } },
{ "type": "Feature", "properties": { "lat": 34.754467, "lon": -112.329159, "umap_x": 11.692634, "umap_y": 8.280756, "grid_x_norm": 0.94736842105263153, "grid_y_norm": 1.0, "grid_x": 18.0, "grid_y": 19.0, "pixel_x": 1152.0, "pixel_y": 1216.0 }, "geometry": { "type": "Point", "coordinates": [ -112.329159, 34.754467 ] } },
{ "type": "Feature", "properties": { "lat": 45.06249, "lon": -100.08189, "umap_x": 13.503035, "umap_y": 4.786191, "grid_x_norm": 0.36842105263157893, "grid_y_norm": 0.31578947368421051, "grid_x": 7.0, "grid_y": 6.0, "pixel_x": 448.0, "pixel_y": 384.0 }, "geometry": { "type": "Point", "coordinates": [ -100.08189, 45.06249 ] } },
{ "type": "Feature", "properties": { "lat": 33.334523, "lon": -88.117742, "umap_x": 13.38676, "umap_y": 1.2340785, "grid_x_norm": 0.31578947368421051, "grid_y_norm": 0.0, "grid_x": 6.0, "grid_y": 0.0, "pixel_x": 384.0, "pixel_y": 0.0 }, "geometry": { "type": "Point", "coordinates": [ -88.117742, 33.334523 ] } },
{ "type": "Feature", "properties": { "lat": 65.935347, "lon": -145.552239, "umap_x": -1.0488977, "umap_y": 5.1415877, "grid_x_norm": 0.10526315789473684, "grid_y_norm": 0.94736842105263153, "grid_x": 2.0, "grid_y": 18.0, "pixel_x": 128.0, "pixel_y": 1152.0 }, "geometry": { "type": "Point", "coordinates": [ -145.552239, 65.935347 ] } },
{ "type": "Feature", "properties": { "lat": 62.729577, "lon": -141.718622, "umap_x": -1.2117527, "umap_y": 5.1452994, "grid_x_norm": 0.052631578947368418, "grid_y_norm": 0.94736842105263153, "grid_x": 1.0, "grid_y": 18.0, "pixel_x": 64.0, "pixel_y": 1152.0 }, "geometry": { "type": "Point", "coordinates": [ -141.718622, 62.729577 ] } },
{ "type": "Feature", "properties": { "lat": 32.090065, "lon": -101.827276, "umap_x": 12.855804, "umap_y": 7.7972755, "grid_x_norm": 0.52631578947368418, "grid_y_norm": 0.57894736842105265, "grid_x": 10.0, "grid_y": 11.0, "pixel_x": 640.0, "pixel_y": 704.0 }, "geometry": { "type": "Point", "coordinates": [ -101.827276, 32.090065 ] } },
{ "type": "Feature", "properties": { "lat": 30.726073, "lon": -88.566771, "umap_x": 13.541778, "umap_y": 0.772542, "grid_x_norm": 0.73684210526315785, "grid_y_norm": 0.0, "grid_x": 14.0, "grid_y": 0.0, "pixel_x": 896.0, "pixel_y": 0.0 }, "geometry": { "type": "Point", "coordinates": [ -88.566771, 30.726073 ] } },
{ "type": "Feature", "properties": { "lat": 35.829699, "lon": -82.818778, "umap_x": 11.2076, "umap_y": 1.6358351, "grid_x_norm": 0.78947368421052633, "grid_y_norm": 0.10526315789473684, "grid_x": 15.0, "grid_y": 2.0, "pixel_x": 960.0, "pixel_y": 128.0 }, "geometry": { "type": "Point", "coordinates": [ -82.818778, 35.829699 ] } },
{ "type": "Feature", "properties": { "lat": 69.901535, "lon": -159.322492, "umap_x": -2.7300878, "umap_y": 2.1127429, "grid_x_norm": 0.052631578947368418, "grid_y_norm": 0.21052631578947367, "grid_x": 1.0, "grid_y": 4.0, "pixel_x": 64.0, "pixel_y": 256.0 }, "geometry": { "type": "Point", "coordinates": [ -159.322492, 69.901535 ] } },
{ "type": "Feature", "properties": { "lat": 60.676344, "lon": -152.295472, "umap_x": -1.6247996, "umap_y": 2.7928393, "grid_x_norm": 0.052631578947368418, "grid_y_norm": 0.68421052631578938, "grid_x": 1.0, "grid_y": 13.0, "pixel_x": 64.0, "pixel_y": 832.0 }, "geometry": { "type": "Point", "coordinates": [ -152.295472, 60.676344 ] } },
{ "type": "Feature", "properties": { "lat": 62.755739, "lon": -162.406168, "umap_x": -2.7752879, "umap_y": 2.7590442, "grid_x_norm": 0.052631578947368418, "grid_y_norm": 0.47368421052631576, "grid_x": 1.0, "grid_y": 9.0, "pixel_x": 64.0, "pixel_y": 576.0 }, "geometry": { "type": "Point", "coordinates": [ -162.406168, 62.755739 ] } },
{ "type": "Feature", "properties": { "lat": 43.05331, "lon": -120.864194, "umap_x": 10.311191, "umap_y": 7.6208138, "grid_x_norm": 0.42105263157894735, "grid_y_norm": 0.68421052631578938, "grid_x": 8.0, "grid_y": 13.0, "pixel_x": 512.0, "pixel_y": 832.0 }, "geometry": { "type": "Point", "coordinates": [ -120.864194, 43.05331 ] } },
{ "type": "Feature", "properties": { "lat": 42.445529, "lon": -113.170855, "umap_x": 10.53804, "umap_y": 7.4245543, "grid_x_norm": 0.57894736842105265, "grid_y_norm": 0.73684210526315785, "grid_x": 11.0, "grid_y": 14.0, "pixel_x": 704.0, "pixel_y": 896.0 }, "geometry": { "type": "Point", "coordinates": [ -113.170855, 42.445529 ] } },
{ "type": "Feature", "properties": { "lat": 60.411597, "lon": -142.535688, "umap_x": -1.6425266, "umap_y": 2.9451087, "grid_x_norm": 0.0, "grid_y_norm": 0.78947368421052633, "grid_x": 0.0, "grid_y": 15.0, "pixel_x": 0.0, "pixel_y": 960.0 }, "geometry": { "type": "Point", "coordinates": [ -142.535688, 60.411597 ] } },
{ "type": "Feature", "properties": { "lat": 43.368967, "lon": -109.931256, "umap_x": 9.6191406, "umap_y": 7.2085805, "grid_x_norm": 0.63157894736842102, "grid_y_norm": 0.84210526315789469, "grid_x": 12.0, "grid_y": 16.0, "pixel_x": 768.0, "pixel_y": 1024.0 }, "geometry": { "type": "Point", "coordinates": [ -109.931256, 43.368967 ] } },
{ "type": "Feature", "properties": { "lat": 42.498472, "lon": -109.258928, "umap_x": 9.9242973, "umap_y": 7.4985533, "grid_x_norm": 0.68421052631578938, "grid_y_norm": 0.89473684210526305, "grid_x": 13.0, "grid_y": 17.0, "pixel_x": 832.0, "pixel_y": 1088.0 }, "geometry": { "type": "Point", "coordinates": [ -109.258928, 42.498472 ] } },
{ "type": "Feature", "properties": { "lat": 62.336994, "lon": -163.732535, "umap_x": -3.57113, "umap_y": 2.7315412, "grid_x_norm": 0.15789473684210525, "grid_y_norm": 0.26315789473684209, "grid_x": 3.0, "grid_y": 5.0, "pixel_x": 192.0, "pixel_y": 320.0 }, "geometry": { "type": "Point", "coordinates": [ -163.732535, 62.336994 ] } },
{ "type": "Feature", "properties": { "lat": 39.062831, "lon": -78.681113, "umap_x": 11.770199, "umap_y": 1.6705372, "grid_x_norm": 0.84210526315789469, "grid_y_norm": 0.10526315789473684, "grid_x": 16.0, "grid_y": 2.0, "pixel_x": 1024.0, "pixel_y": 128.0 }, "geometry": { "type": "Point", "coordinates": [ -78.681113, 39.062831 ] } },
{ "type": "Feature", "properties": { "lat": 31.719443, "lon": -103.709017, "umap_x": 12.638946, "umap_y": 8.0359745, "grid_x_norm": 0.89473684210526305, "grid_y_norm": 0.84210526315789469, "grid_x": 17.0, "grid_y": 16.0, "pixel_x": 1088.0, "pixel_y": 1024.0 }, "geometry": { "type": "Point", "coordinates": [ -103.709017, 31.719443 ] } },
{ "type": "Feature", "properties": { "lat": 47.238483, "lon": -118.765382, "umap_x": 10.626654, "umap_y": 7.4610224, "grid_x_norm": 0.21052631578947367, "grid_y_norm": 0.47368421052631576, "grid_x": 4.0, "grid_y": 9.0, "pixel_x": 256.0, "pixel_y": 576.0 }, "geometry": { "type": "Point", "coordinates": [ -118.765382, 47.238483 ] } },
{ "type": "Feature", "properties": { "lat": 45.644373, "lon": -107.566751, "umap_x": 10.699891, "umap_y": 6.7409801, "grid_x_norm": 0.73684210526315785, "grid_y_norm": 0.73684210526315785, "grid_x": 14.0, "grid_y": 14.0, "pixel_x": 896.0, "pixel_y": 896.0 }, "geometry": { "type": "Point", "coordinates": [ -107.566751, 45.644373 ] } },
{ "type": "Feature", "properties": { "lat": 46.540596, "lon": -121.274164, "umap_x": 8.8647318, "umap_y": 6.2750459, "grid_x_norm": 0.36842105263157893, "grid_y_norm": 0.57894736842105265, "grid_x": 7.0, "grid_y": 11.0, "pixel_x": 448.0, "pixel_y": 704.0 }, "geometry": { "type": "Point", "coordinates": [ -121.274164, 46.540596 ] } },
{ "type": "Feature", "properties": { "lat": 25.636783, "lon": -80.987321, "umap_x": 12.678626, "umap_y": 1.043821, "grid_x_norm": 0.36842105263157893, "grid_y_norm": 0.0, "grid_x": 7.0, "grid_y": 0.0, "pixel_x": 448.0, "pixel_y": 0.0 }, "geometry": { "type": "Point", "coordinates": [ -80.987321, 25.636783 ] } },
{ "type": "Feature", "properties": { "lat": 42.182695, "lon": -97.096802, "umap_x": 14.965362, "umap_y": 4.2065463, "grid_x_norm": 0.15789473684210525, "grid_y_norm": 0.21052631578947367, "grid_x": 3.0, "grid_y": 4.0, "pixel_x": 192.0, "pixel_y": 256.0 }, "geometry": { "type": "Point", "coordinates": [ -97.096802, 42.182695 ] } },
{ "type": "Feature", "properties": { "lat": 68.56769, "lon": -152.719784, "umap_x": -3.1079328, "umap_y": 2.0826414, "grid_x_norm": 0.0, "grid_y_norm": 0.052631578947368418, "grid_x": 0.0, "grid_y": 1.0, "pixel_x": 0.0, "pixel_y": 64.0 }, "geometry": { "type": "Point", "coordinates": [ -152.719784, 68.56769 ] } },
{ "type": "Feature", "properties": { "lat": 42.915461, "lon": -94.475158, "umap_x": 13.514242, "umap_y": 4.3322916, "grid_x_norm": 0.73684210526315785, "grid_y_norm": 0.42105263157894735, "grid_x": 14.0, "grid_y": 8.0, "pixel_x": 896.0, "pixel_y": 512.0 }, "geometry": { "type": "Point", "coordinates": [ -94.475158, 42.915461 ] } },
{ "type": "Feature", "properties": { "lat": 34.979676, "lon": -87.130978, "umap_x": 12.146732, "umap_y": 1.6184952, "grid_x_norm": 0.15789473684210525, "grid_y_norm": 0.0, "grid_x": 3.0, "grid_y": 0.0, "pixel_x": 192.0, "pixel_y": 0.0 }, "geometry": { "type": "Point", "coordinates": [ -87.130978, 34.979676 ] } },
{ "type": "Feature", "properties": { "lat": 28.264806, "lon": -99.232063, "umap_x": 13.959911, "umap_y": 7.1353974, "grid_x_norm": 0.52631578947368418, "grid_y_norm": 0.47368421052631576, "grid_x": 10.0, "grid_y": 9.0, "pixel_x": 640.0, "pixel_y": 576.0 }, "geometry": { "type": "Point", "coordinates": [ -99.232063, 28.264806 ] } },
{ "type": "Feature", "properties": { "lat": 36.236444, "lon": -114.9189, "umap_x": 11.799789, "umap_y": 9.0834589, "grid_x_norm": 0.57894736842105265, "grid_y_norm": 0.89473684210526305, "grid_x": 11.0, "grid_y": 17.0, "pixel_x": 704.0, "pixel_y": 1088.0 }, "geometry": { "type": "Point", "coordinates": [ -114.9189, 36.236444 ] } },
{ "type": "Feature", "properties": { "lat": 44.346431, "lon": -97.590817, "umap_x": 13.461338, "umap_y": 4.6098146, "grid_x_norm": 0.52631578947368418, "grid_y_norm": 0.36842105263157893, "grid_x": 10.0, "grid_y": 7.0, "pixel_x": 640.0, "pixel_y": 448.0 }, "geometry": { "type": "Point", "coordinates": [ -97.590817, 44.346431 ] } },
{ "type": "Feature", "properties": { "lat": 38.532766, "lon": -93.732575, "umap_x": 13.748621, "umap_y": 3.1774125, "grid_x_norm": 0.73684210526315785, "grid_y_norm": 0.26315789473684209, "grid_x": 14.0, "grid_y": 5.0, "pixel_x": 896.0, "pixel_y": 320.0 }, "geometry": { "type": "Point", "coordinates": [ -93.732575, 38.532766 ] } },
{ "type": "Feature", "properties": { "lat": 64.771888, "lon": -145.886897, "umap_x": -0.70641959, "umap_y": 5.1153836, "grid_x_norm": 0.21052631578947367, "grid_y_norm": 0.84210526315789469, "grid_x": 4.0, "grid_y": 16.0, "pixel_x": 256.0, "pixel_y": 1024.0 }, "geometry": { "type": "Point", "coordinates": [ -145.886897, 64.771888 ] } },
{ "type": "Feature", "properties": { "lat": 45.703189, "lon": -121.199751, "umap_x": 9.456811, "umap_y": 6.1209474, "grid_x_norm": 0.78947368421052633, "grid_y_norm": 0.78947368421052633, "grid_x": 15.0, "grid_y": 15.0, "pixel_x": 960.0, "pixel_y": 960.0 }, "geometry": { "type": "Point", "coordinates": [ -121.199751, 45.703189 ] } },
{ "type": "Feature", "properties": { "lat": 68.140494, "lon": -150.971906, "umap_x": -1.9845325, "umap_y": 3.1335146, "grid_x_norm": 0.10526315789473684, "grid_y_norm": 0.57894736842105265, "grid_x": 2.0, "grid_y": 11.0, "pixel_x": 128.0, "pixel_y": 704.0 }, "geometry": { "type": "Point", "coordinates": [ -150.971906, 68.140494 ] } },
{ "type": "Feature", "properties": { "lat": 36.619398, "lon": -102.97324, "umap_x": 12.565615, "umap_y": 7.0570769, "grid_x_norm": 0.89473684210526305, "grid_y_norm": 0.73684210526315785, "grid_x": 17.0, "grid_y": 14.0, "pixel_x": 1088.0, "pixel_y": 896.0 }, "geometry": { "type": "Point", "coordinates": [ -102.97324, 36.619398 ] } },
{ "type": "Feature", "properties": { "lat": 38.821003, "lon": -92.412114, "umap_x": 14.224754, "umap_y": 3.4025335, "grid_x_norm": 0.47368421052631576, "grid_y_norm": 0.21052631578947367, "grid_x": 9.0, "grid_y": 4.0, "pixel_x": 576.0, "pixel_y": 256.0 }, "geometry": { "type": "Point", "coordinates": [ -92.412114, 38.821003 ] } },
{ "type": "Feature", "properties": { "lat": 63.93219, "lon": -145.883526, "umap_x": -2.1061227, "umap_y": 3.022845, "grid_x_norm": 0.10526315789473684, "grid_y_norm": 0.52631578947368418, "grid_x": 2.0, "grid_y": 10.0, "pixel_x": 128.0, "pixel_y": 640.0 }, "geometry": { "type": "Point", "coordinates": [ -145.883526, 63.93219 ] } },
{ "type": "Feature", "properties": { "lat": 44.844929, "lon": -102.144372, "umap_x": 11.565475, "umap_y": 6.4363995, "grid_x_norm": 1.0, "grid_y_norm": 0.78947368421052633, "grid_x": 19.0, "grid_y": 15.0, "pixel_x": 1216.0, "pixel_y": 960.0 }, "geometry": { "type": "Point", "coordinates": [ -102.144372, 44.844929 ] } },
{ "type": "Feature", "properties": { "lat": 43.549581, "lon": -112.499136, "umap_x": 10.449813, "umap_y": 7.4613709, "grid_x_norm": 0.78947368421052633, "grid_y_norm": 0.89473684210526305, "grid_x": 15.0, "grid_y": 17.0, "pixel_x": 960.0, "pixel_y": 1088.0 }, "geometry": { "type": "Point", "coordinates": [ -112.499136, 43.549581 ] } },
{ "type": "Feature", "properties": { "lat": 45.234632, "lon": -107.159966, "umap_x": 8.916048, "umap_y": 6.67237, "grid_x_norm": 0.78947368421052633, "grid_y_norm": 0.94736842105263153, "grid_x": 15.0, "grid_y": 18.0, "pixel_x": 960.0, "pixel_y": 1152.0 }, "geometry": { "type": "Point", "coordinates": [ -107.159966, 45.234632 ] } },
{ "type": "Feature", "properties": { "lat": 38.118586, "lon": -120.494538, "umap_x": 9.8719425, "umap_y": 6.0265188, "grid_x_norm": 0.89473684210526305, "grid_y_norm": 0.78947368421052633, "grid_x": 17.0, "grid_y": 15.0, "pixel_x": 1088.0, "pixel_y": 960.0 }, "geometry": { "type": "Point", "coordinates": [ -120.494538, 38.118586 ] } },
{ "type": "Feature", "properties": { "lat": 42.390921, "lon": -124.365873, "umap_x": 9.2188787, "umap_y": 6.0228691, "grid_x_norm": 0.84210526315789469, "grid_y_norm": 0.84210526315789469, "grid_x": 16.0, "grid_y": 16.0, "pixel_x": 1024.0, "pixel_y": 1024.0 }, "geometry": { "type": "Point", "coordinates": [ -124.365873, 42.390921 ] } },
{ "type": "Feature", "properties": { "lat": 29.774272, "lon": -98.941681, "umap_x": 13.755993, "umap_y": 7.356792, "grid_x_norm": 0.78947368421052633, "grid_y_norm": 0.63157894736842102, "grid_x": 15.0, "grid_y": 12.0, "pixel_x": 960.0, "pixel_y": 768.0 }, "geometry": { "type": "Point", "coordinates": [ -98.941681, 29.774272 ] } },
{ "type": "Feature", "properties": { "lat": 37.63302, "lon": -119.33933, "umap_x": 8.6478386, "umap_y": 7.1743751, "grid_x_norm": 0.42105263157894735, "grid_y_norm": 0.94736842105263153, "grid_x": 8.0, "grid_y": 18.0, "pixel_x": 512.0, "pixel_y": 1152.0 }, "geometry": { "type": "Point", "coordinates": [ -119.33933, 37.63302 ] } },
{ "type": "Feature", "properties": { "lat": 42.857271, "lon": -71.919937, "umap_x": 10.660128, "umap_y": 1.9214058, "grid_x_norm": 0.42105263157894735, "grid_y_norm": 0.10526315789473684, "grid_x": 8.0, "grid_y": 2.0, "pixel_x": 512.0, "pixel_y": 128.0 }, "geometry": { "type": "Point", "coordinates": [ -71.919937, 42.857271 ] } },
{ "type": "Feature", "properties": { "lat": 29.129749, "lon": -98.923471, "umap_x": 13.90243, "umap_y": 7.1859684, "grid_x_norm": 0.84210526315789469, "grid_y_norm": 0.63157894736842102, "grid_x": 16.0, "grid_y": 12.0, "pixel_x": 1024.0, "pixel_y": 768.0 }, "geometry": { "type": "Point", "coordinates": [ -98.923471, 29.129749 ] } },
{ "type": "Feature", "properties": { "lat": 33.349493, "lon": -90.600994, "umap_x": 14.474364, "umap_y": 3.5383599, "grid_x_norm": 0.89473684210526305, "grid_y_norm": 0.31578947368421051, "grid_x": 17.0, "grid_y": 6.0, "pixel_x": 1088.0, "pixel_y": 384.0 }, "geometry": { "type": "Point", "coordinates": [ -90.600994, 33.349493 ] } },
{ "type": "Feature", "properties": { "lat": 29.935162, "lon": -85.441681, "umap_x": 1.2448034, "umap_y": 0.78777677, "grid_x_norm": 0.78947368421052633, "grid_y_norm": 0.57894736842105265, "grid_x": 15.0, "grid_y": 11.0, "pixel_x": 960.0, "pixel_y": 704.0 }, "geometry": { "type": "Point", "coordinates": [ -85.441681, 29.935162 ] } },
{ "type": "Feature", "properties": { "lat": 33.793133, "lon": -88.216029, "umap_x": 13.095036, "umap_y": 1.2965018, "grid_x_norm": 0.78947368421052633, "grid_y_norm": 0.052631578947368418, "grid_x": 15.0, "grid_y": 1.0, "pixel_x": 960.0, "pixel_y": 64.0 }, "geometry": { "type": "Point", "coordinates": [ -88.216029, 33.793133 ] } },
{ "type": "Feature", "properties": { "lat": 44.97148, "lon": -121.145991, "umap_x": 10.232073, "umap_y": 6.9602904, "grid_x_norm": 0.42105263157894735, "grid_y_norm": 0.57894736842105265, "grid_x": 8.0, "grid_y": 11.0, "pixel_x": 512.0, "pixel_y": 704.0 }, "geometry": { "type": "Point", "coordinates": [ -121.145991, 44.97148 ] } },
{ "type": "Feature", "properties": { "lat": 35.995719, "lon": -104.135517, "umap_x": 12.487739, "umap_y": 7.0656338, "grid_x_norm": 0.78947368421052633, "grid_y_norm": 0.68421052631578938, "grid_x": 15.0, "grid_y": 13.0, "pixel_x": 960.0, "pixel_y": 832.0 }, "geometry": { "type": "Point", "coordinates": [ -104.135517, 35.995719 ] } },
{ "type": "Feature", "properties": { "lat": 65.907242, "lon": -158.444865, "umap_x": -2.7758789, "umap_y": 2.4351029, "grid_x_norm": 0.15789473684210525, "grid_y_norm": 0.36842105263157893, "grid_x": 3.0, "grid_y": 7.0, "pixel_x": 192.0, "pixel_y": 448.0 }, "geometry": { "type": "Point", "coordinates": [ -158.444865, 65.907242 ] } },
{ "type": "Feature", "properties": { "lat": 38.932286, "lon": -78.854579, "umap_x": 11.683074, "umap_y": 1.6144921, "grid_x_norm": 0.89473684210526305, "grid_y_norm": 0.10526315789473684, "grid_x": 17.0, "grid_y": 2.0, "pixel_x": 1088.0, "pixel_y": 128.0 }, "geometry": { "type": "Point", "coordinates": [ -78.854579, 38.932286 ] } },
{ "type": "Feature", "properties": { "lat": 38.560048, "lon": -112.325313, "umap_x": 9.1096621, "umap_y": 7.4902253, "grid_x_norm": 0.52631578947368418, "grid_y_norm": 1.0, "grid_x": 10.0, "grid_y": 19.0, "pixel_x": 640.0, "pixel_y": 1216.0 }, "geometry": { "type": "Point", "coordinates": [ -112.325313, 38.560048 ] } },
{ "type": "Feature", "properties": { "lat": 36.905747, "lon": -116.608545, "umap_x": 11.661927, "umap_y": 9.0766201, "grid_x_norm": 0.63157894736842102, "grid_y_norm": 0.94736842105263153, "grid_x": 12.0, "grid_y": 18.0, "pixel_x": 768.0, "pixel_y": 1152.0 }, "geometry": { "type": "Point", "coordinates": [ -116.608545, 36.905747 ] } },
{ "type": "Feature", "properties": { "lat": 36.161884, "lon": -81.573074, "umap_x": 11.527888, "umap_y": 1.5980419, "grid_x_norm": 0.47368421052631576, "grid_y_norm": 0.052631578947368418, "grid_x": 9.0, "grid_y": 1.0, "pixel_x": 576.0, "pixel_y": 64.0 }, "geometry": { "type": "Point", "coordinates": [ -81.573074, 36.161884 ] } },
{ "type": "Feature", "properties": { "lat": 37.858025, "lon": -86.131412, "umap_x": 14.024107, "umap_y": 3.3810987, "grid_x_norm": 0.68421052631578938, "grid_y_norm": 0.26315789473684209, "grid_x": 13.0, "grid_y": 5.0, "pixel_x": 832.0, "pixel_y": 320.0 }, "geometry": { "type": "Point", "coordinates": [ -86.131412, 37.858025 ] } },
{ "type": "Feature", "properties": { "lat": 59.69389, "lon": -154.865847, "umap_x": 1.4045045, "umap_y": 0.66024339, "grid_x_norm": 0.84210526315789469, "grid_y_norm": 0.47368421052631576, "grid_x": 16.0, "grid_y": 9.0, "pixel_x": 1024.0, "pixel_y": 576.0 }, "geometry": { "type": "Point", "coordinates": [ -154.865847, 59.69389 ] } },
{ "type": "Feature", "properties": { "lat": 38.554146, "lon": -90.98141, "umap_x": 14.330468, "umap_y": 3.4220767, "grid_x_norm": 0.94736842105263153, "grid_y_norm": 0.31578947368421051, "grid_x": 18.0, "grid_y": 6.0, "pixel_x": 1152.0, "pixel_y": 384.0 }, "geometry": { "type": "Point", "coordinates": [ -90.98141, 38.554146 ] } },
{ "type": "Feature", "properties": { "lat": 29.840783, "lon": -82.533514, "umap_x": 13.530487, "umap_y": 0.83738738, "grid_x_norm": 0.68421052631578938, "grid_y_norm": 0.0, "grid_x": 13.0, "grid_y": 0.0, "pixel_x": 832.0, "pixel_y": 0.0 }, "geometry": { "type": "Point", "coordinates": [ -82.533514, 29.840783 ] } },
{ "type": "Feature", "properties": { "lat": 47.097454, "lon": -96.007742, "umap_x": 15.130103, "umap_y": 4.2417107, "grid_x_norm": 0.94736842105263153, "grid_y_norm": 0.42105263157894735, "grid_x": 18.0, "grid_y": 8.0, "pixel_x": 1152.0, "pixel_y": 512.0 }, "geometry": { "type": "Point", "coordinates": [ -96.007742, 47.097454 ] } },
{ "type": "Feature", "properties": { "lat": 44.496686, "lon": -91.221467, "umap_x": 13.636349, "umap_y": 3.7273479, "grid_x_norm": 0.63157894736842102, "grid_y_norm": 0.31578947368421051, "grid_x": 12.0, "grid_y": 6.0, "pixel_x": 768.0, "pixel_y": 384.0 }, "geometry": { "type": "Point", "coordinates": [ -91.221467, 44.496686 ] } },
{ "type": "Feature", "properties": { "lat": 63.483572, "lon": -154.349496, "umap_x": -0.50137192, "umap_y": 5.0629425, "grid_x_norm": 0.26315789473684209, "grid_y_norm": 0.94736842105263153, "grid_x": 5.0, "grid_y": 18.0, "pixel_x": 320.0, "pixel_y": 1152.0 }, "geometry": { "type": "Point", "coordinates": [ -154.349496, 63.483572 ] } },
{ "type": "Feature", "properties": { "lat": 66.137538, "lon": -165.083588, "umap_x": -2.9713898, "umap_y": 2.4746776, "grid_x_norm": 0.15789473684210525, "grid_y_norm": 0.31578947368421051, "grid_x": 3.0, "grid_y": 6.0, "pixel_x": 192.0, "pixel_y": 384.0 }, "geometry": { "type": "Point", "coordinates": [ -165.083588, 66.137538 ] } },
{ "type": "Feature", "properties": { "lat": 66.986987, "lon": -159.717587, "umap_x": -0.74315345, "umap_y": 4.75389, "grid_x_norm": 0.15789473684210525, "grid_y_norm": 0.94736842105263153, "grid_x": 3.0, "grid_y": 18.0, "pixel_x": 192.0, "pixel_y": 1152.0 }, "geometry": { "type": "Point", "coordinates": [ -159.717587, 66.986987 ] } },
{ "type": "Feature", "properties": { "lat": 69.968666, "lon": -159.731743, "umap_x": -2.8230224, "umap_y": 2.0059152, "grid_x_norm": 0.0, "grid_y_norm": 0.10526315789473684, "grid_x": 0.0, "grid_y": 2.0, "pixel_x": 0.0, "pixel_y": 128.0 }, "geometry": { "type": "Point", "coordinates": [ -159.731743, 69.968666 ] } },
{ "type": "Feature", "properties": { "lat": 46.984185, "lon": -105.923534, "umap_x": 10.965749, "umap_y": 6.6977201, "grid_x_norm": 0.78947368421052633, "grid_y_norm": 0.73684210526315785, "grid_x": 15.0, "grid_y": 14.0, "pixel_x": 960.0, "pixel_y": 896.0 }, "geometry": { "type": "Point", "coordinates": [ -105.923534, 46.984185 ] } },
{ "type": "Feature", "properties": { "lat": 36.519037, "lon": -109.544822, "umap_x": 11.503801, "umap_y": 8.5833483, "grid_x_norm": 0.31578947368421051, "grid_y_norm": 0.63157894736842102, "grid_x": 6.0, "grid_y": 12.0, "pixel_x": 384.0, "pixel_y": 768.0 }, "geometry": { "type": "Point", "coordinates": [ -109.544822, 36.519037 ] } },
{ "type": "Feature", "properties": { "lat": 36.163662, "lon": -96.302871, "umap_x": 1.4020143, "umap_y": 0.63594991, "grid_x_norm": 0.21052631578947367, "grid_y_norm": 0.26315789473684209, "grid_x": 4.0, "grid_y": 5.0, "pixel_x": 256.0, "pixel_y": 320.0 }, "geometry": { "type": "Point", "coordinates": [ -96.302871, 36.163662 ] } },
{ "type": "Feature", "properties": { "lat": 59.70949, "lon": -158.899655, "umap_x": -1.9875836, "umap_y": 2.606492, "grid_x_norm": 0.10526315789473684, "grid_y_norm": 0.47368421052631576, "grid_x": 2.0, "grid_y": 9.0, "pixel_x": 128.0, "pixel_y": 576.0 }, "geometry": { "type": "Point", "coordinates": [ -158.899655, 59.70949 ] } },
{ "type": "Feature", "properties": { "lat": 34.214476, "lon": -100.169457, "umap_x": 13.093477, "umap_y": 7.190134, "grid_x_norm": 0.52631578947368418, "grid_y_norm": 0.52631578947368418, "grid_x": 10.0, "grid_y": 10.0, "pixel_x": 640.0, "pixel_y": 640.0 }, "geometry": { "type": "Point", "coordinates": [ -100.169457, 34.214476 ] } },
{ "type": "Feature", "properties": { "lat": 40.577606, "lon": -113.151576, "umap_x": 11.089378, "umap_y": 8.4303207, "grid_x_norm": 0.68421052631578938, "grid_y_norm": 0.94736842105263153, "grid_x": 13.0, "grid_y": 18.0, "pixel_x": 832.0, "pixel_y": 1152.0 }, "geometry": { "type": "Point", "coordinates": [ -113.151576, 40.577606 ] } },
{ "type": "Feature", "properties": { "lat": 32.597467, "lon": -113.897308, "umap_x": 11.987329, "umap_y": 9.0101309, "grid_x_norm": 0.36842105263157893, "grid_y_norm": 0.68421052631578938, "grid_x": 7.0, "grid_y": 13.0, "pixel_x": 448.0, "pixel_y": 832.0 }, "geometry": { "type": "Point", "coordinates": [ -113.897308, 32.597467 ] } },
{ "type": "Feature", "properties": { "lat": 35.238329, "lon": -108.999426, "umap_x": 9.3228636, "umap_y": 7.7385292, "grid_x_norm": 0.42105263157894735, "grid_y_norm": 1.0, "grid_x": 8.0, "grid_y": 19.0, "pixel_x": 512.0, "pixel_y": 1216.0 }, "geometry": { "type": "Point", "coordinates": [ -108.999426, 35.238329 ] } },
{ "type": "Feature", "properties": { "lat": 41.37471, "lon": -81.703715, "umap_x": 12.218347, "umap_y": 2.5409565, "grid_x_norm": 0.47368421052631576, "grid_y_norm": 0.15789473684210525, "grid_x": 9.0, "grid_y": 3.0, "pixel_x": 576.0, "pixel_y": 192.0 }, "geometry": { "type": "Point", "coordinates": [ -81.703715, 41.37471 ] } },
{ "type": "Feature", "properties": { "lat": 41.363467, "lon": -113.603975, "umap_x": 11.194735, "umap_y": 8.921648, "grid_x_norm": 0.52631578947368418, "grid_y_norm": 0.94736842105263153, "grid_x": 10.0, "grid_y": 18.0, "pixel_x": 640.0, "pixel_y": 1152.0 }, "geometry": { "type": "Point", "coordinates": [ -113.603975, 41.363467 ] } },
{ "type": "Feature", "properties": { "lat": 37.291708, "lon": -115.263104, "umap_x": 11.34234, "umap_y": 8.9527235, "grid_x_norm": 0.42105263157894735, "grid_y_norm": 0.84210526315789469, "grid_x": 8.0, "grid_y": 16.0, "pixel_x": 512.0, "pixel_y": 1024.0 }, "geometry": { "type": "Point", "coordinates": [ -115.263104, 37.291708 ] } },
{ "type": "Feature", "properties": { "lat": 42.689471, "lon": -70.9204, "umap_x": 10.97967, "umap_y": 1.9982247, "grid_x_norm": 1.0, "grid_y_norm": 0.21052631578947367, "grid_x": 19.0, "grid_y": 4.0, "pixel_x": 1216.0, "pixel_y": 256.0 }, "geometry": { "type": "Point", "coordinates": [ -70.9204, 42.689471 ] } },
{ "type": "Feature", "properties": { "lat": 43.919968, "lon": -70.259246, "umap_x": 10.676126, "umap_y": 2.0136631, "grid_x_norm": 0.31578947368421051, "grid_y_norm": 0.10526315789473684, "grid_x": 6.0, "grid_y": 2.0, "pixel_x": 384.0, "pixel_y": 128.0 }, "geometry": { "type": "Point", "coordinates": [ -70.259246, 43.919968 ] } },
{ "type": "Feature", "properties": { "lat": 56.03795, "lon": -131.994525, "umap_x": -1.0607227, "umap_y": 2.6816843, "grid_x_norm": 0.052631578947368418, "grid_y_norm": 0.84210526315789469, "grid_x": 1.0, "grid_y": 16.0, "pixel_x": 64.0, "pixel_y": 1024.0 }, "geometry": { "type": "Point", "coordinates": [ -131.994525, 56.03795 ] } },
{ "type": "Feature", "properties": { "lat": 62.000763, "lon": -145.942668, "umap_x": -0.6922431, "umap_y": 5.2509232, "grid_x_norm": 0.21052631578947367, "grid_y_norm": 0.94736842105263153, "grid_x": 4.0, "grid_y": 18.0, "pixel_x": 256.0, "pixel_y": 1152.0 }, "geometry": { "type": "Point", "coordinates": [ -145.942668, 62.000763 ] } },
{ "type": "Feature", "properties": { "lat": 35.276799, "lon": -93.843998, "umap_x": 13.109936, "umap_y": 2.0354259, "grid_x_norm": 0.73684210526315785, "grid_y_norm": 0.10526315789473684, "grid_x": 14.0, "grid_y": 2.0, "pixel_x": 896.0, "pixel_y": 128.0 }, "geometry": { "type": "Point", "coordinates": [ -93.843998, 35.276799 ] } },
{ "type": "Feature", "properties": { "lat": 69.822437, "lon": -145.656955, "umap_x": -2.8182542, "umap_y": 2.0513625, "grid_x_norm": 0.052631578947368418, "grid_y_norm": 0.10526315789473684, "grid_x": 1.0, "grid_y": 2.0, "pixel_x": 64.0, "pixel_y": 128.0 }, "geometry": { "type": "Point", "coordinates": [ -145.656955, 69.822437 ] } },
{ "type": "Feature", "properties": { "lat": 39.171214, "lon": -98.102344, "umap_x": 13.059155, "umap_y": 5.8436995, "grid_x_norm": 0.89473684210526305, "grid_y_norm": 0.57894736842105265, "grid_x": 17.0, "grid_y": 11.0, "pixel_x": 1088.0, "pixel_y": 704.0 }, "geometry": { "type": "Point", "coordinates": [ -98.102344, 39.171214 ] } },
{ "type": "Feature", "properties": { "lat": 70.307831, "lon": -151.455939, "umap_x": -2.8023949, "umap_y": 2.0842772, "grid_x_norm": 0.052631578947368418, "grid_y_norm": 0.15789473684210525, "grid_x": 1.0, "grid_y": 3.0, "pixel_x": 64.0, "pixel_y": 192.0 }, "geometry": { "type": "Point", "coordinates": [ -151.455939, 70.307831 ] } },
{ "type": "Feature", "properties": { "lat": 61.97837, "lon": -161.469404, "umap_x": -0.79940408, "umap_y": 4.6586518, "grid_x_norm": 0.15789473684210525, "grid_y_norm": 0.89473684210526305, "grid_x": 3.0, "grid_y": 17.0, "pixel_x": 192.0, "pixel_y": 1088.0 }, "geometry": { "type": "Point", "coordinates": [ -161.469404, 61.97837 ] } },
{ "type": "Feature", "properties": { "lat": 61.449675, "lon": -152.363615, "umap_x": -1.8269988, "umap_y": 3.023138, "grid_x_norm": 0.0, "grid_y_norm": 0.73684210526315785, "grid_x": 0.0, "grid_y": 14.0, "pixel_x": 0.0, "pixel_y": 896.0 }, "geometry": { "type": "Point", "coordinates": [ -152.363615, 61.449675 ] } },
{ "type": "Feature", "properties": { "lat": 45.162012, "lon": -89.027436, "umap_x": 13.14911, "umap_y": 3.6152043, "grid_x_norm": 0.42105263157894735, "grid_y_norm": 0.26315789473684209, "grid_x": 8.0, "grid_y": 5.0, "pixel_x": 512.0, "pixel_y": 320.0 }, "geometry": { "type": "Point", "coordinates": [ -89.027436, 45.162012 ] } },
{ "type": "Feature", "properties": { "lat": 43.980204, "lon": -108.49731, "umap_x": 10.79478, "umap_y": 8.069643, "grid_x_norm": 0.84210526315789469, "grid_y_norm": 1.0, "grid_x": 16.0, "grid_y": 19.0, "pixel_x": 1024.0, "pixel_y": 1216.0 }, "geometry": { "type": "Point", "coordinates": [ -108.49731, 43.980204 ] } },
{ "type": "Feature", "properties": { "lat": 32.486679, "lon": -84.552641, "umap_x": 13.50072, "umap_y": 0.94747192, "grid_x_norm": 0.57894736842105265, "grid_y_norm": 0.0, "grid_x": 11.0, "grid_y": 0.0, "pixel_x": 704.0, "pixel_y": 0.0 }, "geometry": { "type": "Point", "coordinates": [ -84.552641, 32.486679 ] } },
{ "type": "Feature", "properties": { "lat": 29.843317, "lon": -99.441973, "umap_x": 13.721679, "umap_y": 7.3814168, "grid_x_norm": 0.57894736842105265, "grid_y_norm": 0.52631578947368418, "grid_x": 11.0, "grid_y": 10.0, "pixel_x": 704.0, "pixel_y": 640.0 }, "geometry": { "type": "Point", "coordinates": [ -99.441973, 29.843317 ] } },
{ "type": "Feature", "properties": { "lat": 43.826171, "lon": -110.27483, "umap_x": 8.7506256, "umap_y": 6.9622951, "grid_x_norm": 0.31578947368421051, "grid_y_norm": 0.73684210526315785, "grid_x": 6.0, "grid_y": 14.0, "pixel_x": 384.0, "pixel_y": 896.0 }, "geometry": { "type": "Point", "coordinates": [ -110.27483, 43.826171 ] } },
{ "type": "Feature", "properties": { "lat": 43.254118, "lon": -95.221455, "umap_x": 14.20091, "umap_y": 4.3729858, "grid_x_norm": 0.42105263157894735, "grid_y_norm": 0.31578947368421051, "grid_x": 8.0, "grid_y": 6.0, "pixel_x": 512.0, "pixel_y": 384.0 }, "geometry": { "type": "Point", "coordinates": [ -95.221455, 43.254118 ] } },
{ "type": "Feature", "properties": { "lat": 42.126554, "lon": -96.522247, "umap_x": 14.665014, "umap_y": 4.2901559, "grid_x_norm": 0.63157894736842102, "grid_y_norm": 0.36842105263157893, "grid_x": 12.0, "grid_y": 7.0, "pixel_x": 768.0, "pixel_y": 448.0 }, "geometry": { "type": "Point", "coordinates": [ -96.522247, 42.126554 ] } },
{ "type": "Feature", "properties": { "lat": 36.545666, "lon": -104.723514, "umap_x": 12.500908, "umap_y": 6.8747215, "grid_x_norm": 0.63157894736842102, "grid_y_norm": 0.57894736842105265, "grid_x": 12.0, "grid_y": 11.0, "pixel_x": 768.0, "pixel_y": 704.0 }, "geometry": { "type": "Point", "coordinates": [ -104.723514, 36.545666 ] } },
{ "type": "Feature", "properties": { "lat": 42.858194, "lon": -72.030708, "umap_x": 10.72722, "umap_y": 1.8336401, "grid_x_norm": 0.26315789473684209, "grid_y_norm": 0.052631578947368418, "grid_x": 5.0, "grid_y": 1.0, "pixel_x": 320.0, "pixel_y": 64.0 }, "geometry": { "type": "Point", "coordinates": [ -72.030708, 42.858194 ] } },
{ "type": "Feature", "properties": { "lat": 34.950182, "lon": -110.263314, "umap_x": 11.435385, "umap_y": 8.6260595, "grid_x_norm": 0.57894736842105265, "grid_y_norm": 0.84210526315789469, "grid_x": 11.0, "grid_y": 16.0, "pixel_x": 704.0, "pixel_y": 1024.0 }, "geometry": { "type": "Point", "coordinates": [ -110.263314, 34.950182 ] } },
{ "type": "Feature", "properties": { "lat": 61.347518, "lon": -153.841681, "umap_x": -1.3299671, "umap_y": 3.722554, "grid_x_norm": 0.0, "grid_y_norm": 0.94736842105263153, "grid_x": 0.0, "grid_y": 18.0, "pixel_x": 0.0, "pixel_y": 1152.0 }, "geometry": { "type": "Point", "coordinates": [ -153.841681, 61.347518 ] } },
{ "type": "Feature", "properties": { "lat": 44.002634, "lon": -99.324092, "umap_x": 13.362215, "umap_y": 4.8122501, "grid_x_norm": 0.94736842105263153, "grid_y_norm": 0.52631578947368418, "grid_x": 18.0, "grid_y": 10.0, "pixel_x": 1152.0, "pixel_y": 640.0 }, "geometry": { "type": "Point", "coordinates": [ -99.324092, 44.002634 ] } },
{ "type": "Feature", "properties": { "lat": 67.728008, "lon": -162.588209, "umap_x": -3.2146759, "umap_y": 2.5132391, "grid_x_norm": 0.10526315789473684, "grid_y_norm": 0.31578947368421051, "grid_x": 2.0, "grid_y": 6.0, "pixel_x": 128.0, "pixel_y": 384.0 }, "geometry": { "type": "Point", "coordinates": [ -162.588209, 67.728008 ] } },
{ "type": "Feature", "properties": { "lat": 33.684108, "lon": -88.834729, "umap_x": 13.240247, "umap_y": 1.3195959, "grid_x_norm": 0.73684210526315785, "grid_y_norm": 0.052631578947368418, "grid_x": 14.0, "grid_y": 1.0, "pixel_x": 896.0, "pixel_y": 64.0 }, "geometry": { "type": "Point", "coordinates": [ -88.834729, 33.684108 ] } },
{ "type": "Feature", "properties": { "lat": 41.736609, "lon": -78.217031, "umap_x": 11.118701, "umap_y": 1.7461227, "grid_x_norm": 0.68421052631578938, "grid_y_norm": 0.10526315789473684, "grid_x": 13.0, "grid_y": 2.0, "pixel_x": 832.0, "pixel_y": 128.0 }, "geometry": { "type": "Point", "coordinates": [ -78.217031, 41.736609 ] } },
{ "type": "Feature", "properties": { "lat": 39.989323, "lon": -74.86284, "umap_x": 12.10393, "umap_y": 2.4396415, "grid_x_norm": 0.21052631578947367, "grid_y_norm": 0.10526315789473684, "grid_x": 4.0, "grid_y": 2.0, "pixel_x": 256.0, "pixel_y": 128.0 }, "geometry": { "type": "Point", "coordinates": [ -74.86284, 39.989323 ] } },
{ "type": "Feature", "properties": { "lat": 68.153763, "lon": -147.592967, "umap_x": -2.3259652, "umap_y": 2.9917302, "grid_x_norm": 0.15789473684210525, "grid_y_norm": 0.42105263157894735, "grid_x": 3.0, "grid_y": 8.0, "pixel_x": 192.0, "pixel_y": 512.0 }, "geometry": { "type": "Point", "coordinates": [ -147.592967, 68.153763 ] } },
{ "type": "Feature", "properties": { "lat": 64.399349, "lon": -160.927667, "umap_x": -3.4891453, "umap_y": 2.6335135, "grid_x_norm": 0.0, "grid_y_norm": 0.26315789473684209, "grid_x": 0.0, "grid_y": 5.0, "pixel_x": 0.0, "pixel_y": 320.0 }, "geometry": { "type": "Point", "coordinates": [ -160.927667, 64.399349 ] } },
{ "type": "Feature", "properties": { "lat": 42.269163, "lon": -97.506113, "umap_x": 15.015247, "umap_y": 4.2264671, "grid_x_norm": 0.73684210526315785, "grid_y_norm": 0.36842105263157893, "grid_x": 14.0, "grid_y": 7.0, "pixel_x": 896.0, "pixel_y": 448.0 }, "geometry": { "type": "Point", "coordinates": [ -97.506113, 42.269163 ] } },
{ "type": "Feature", "properties": { "lat": 35.485804, "lon": -102.157254, "umap_x": 12.842363, "umap_y": 7.380167, "grid_x_norm": 0.57894736842105265, "grid_y_norm": 0.57894736842105265, "grid_x": 11.0, "grid_y": 11.0, "pixel_x": 704.0, "pixel_y": 704.0 }, "geometry": { "type": "Point", "coordinates": [ -102.157254, 35.485804 ] } },
{ "type": "Feature", "properties": { "lat": 60.472049, "lon": -163.321216, "umap_x": -3.5896761, "umap_y": 2.7343366, "grid_x_norm": 0.052631578947368418, "grid_y_norm": 0.31578947368421051, "grid_x": 1.0, "grid_y": 6.0, "pixel_x": 64.0, "pixel_y": 384.0 }, "geometry": { "type": "Point", "coordinates": [ -163.321216, 60.472049 ] } },
{ "type": "Feature", "properties": { "lat": 37.218334, "lon": -89.523093, "umap_x": 12.462569, "umap_y": 2.6082482, "grid_x_norm": 0.94736842105263153, "grid_y_norm": 0.26315789473684209, "grid_x": 18.0, "grid_y": 5.0, "pixel_x": 1152.0, "pixel_y": 320.0 }, "geometry": { "type": "Point", "coordinates": [ -89.523093, 37.218334 ] } },
{ "type": "Feature", "properties": { "lat": 35.859437, "lon": -100.122879, "umap_x": 12.957562, "umap_y": 7.0750022, "grid_x_norm": 0.84210526315789469, "grid_y_norm": 0.68421052631578938, "grid_x": 16.0, "grid_y": 13.0, "pixel_x": 1024.0, "pixel_y": 832.0 }, "geometry": { "type": "Point", "coordinates": [ -100.122879, 35.859437 ] } },
{ "type": "Feature", "properties": { "lat": 38.355374, "lon": -117.484998, "umap_x": 11.342653, "umap_y": 8.8489256, "grid_x_norm": 0.26315789473684209, "grid_y_norm": 0.68421052631578938, "grid_x": 5.0, "grid_y": 13.0, "pixel_x": 320.0, "pixel_y": 832.0 }, "geometry": { "type": "Point", "coordinates": [ -117.484998, 38.355374 ] } },
{ "type": "Feature", "properties": { "lat": 38.283759, "lon": -116.673496, "umap_x": 11.212912, "umap_y": 8.7653809, "grid_x_norm": 0.47368421052631576, "grid_y_norm": 0.84210526315789469, "grid_x": 9.0, "grid_y": 16.0, "pixel_x": 576.0, "pixel_y": 1024.0 }, "geometry": { "type": "Point", "coordinates": [ -116.673496, 38.283759 ] } },
{ "type": "Feature", "properties": { "lat": 45.980835, "lon": -121.998848, "umap_x": 8.8394089, "umap_y": 6.2792277, "grid_x_norm": 0.73684210526315785, "grid_y_norm": 0.84210526315789469, "grid_x": 14.0, "grid_y": 16.0, "pixel_x": 896.0, "pixel_y": 1024.0 }, "geometry": { "type": "Point", "coordinates": [ -121.998848, 45.980835 ] } },
{ "type": "Feature", "properties": { "lat": 30.663388, "lon": -100.963116, "umap_x": 13.497307, "umap_y": 7.4338512, "grid_x_norm": 0.42105263157894735, "grid_y_norm": 0.47368421052631576, "grid_x": 8.0, "grid_y": 9.0, "pixel_x": 512.0, "pixel_y": 576.0 }, "geometry": { "type": "Point", "coordinates": [ -100.963116, 30.663388 ] } },
{ "type": "Feature", "properties": { "lat": 37.476678, "lon": -113.416163, "umap_x": 8.8843851, "umap_y": 7.2505393, "grid_x_norm": 0.42105263157894735, "grid_y_norm": 0.89473684210526305, "grid_x": 8.0, "grid_y": 17.0, "pixel_x": 512.0, "pixel_y": 1088.0 }, "geometry": { "type": "Point", "coordinates": [ -113.416163, 37.476678 ] } },
{ "type": "Feature", "properties": { "lat": 32.441517, "lon": -92.076014, "umap_x": 13.093587, "umap_y": 1.5172373, "grid_x_norm": 0.21052631578947367, "grid_y_norm": 0.0, "grid_x": 4.0, "grid_y": 0.0, "pixel_x": 256.0, "pixel_y": 0.0 }, "geometry": { "type": "Point", "coordinates": [ -92.076014, 32.441517 ] } },
{ "type": "Feature", "properties": { "lat": 62.654125, "lon": -149.874351, "umap_x": -1.6815475, "umap_y": 3.0916448, "grid_x_norm": 0.0, "grid_y_norm": 0.84210526315789469, "grid_x": 0.0, "grid_y": 16.0, "pixel_x": 0.0, "pixel_y": 1024.0 }, "geometry": { "type": "Point", "coordinates": [ -149.874351, 62.654125 ] } },
{ "type": "Feature", "properties": { "lat": 33.638854, "lon": -103.8996, "umap_x": 12.422127, "umap_y": 7.9741125, "grid_x_norm": 0.26315789473684209, "grid_y_norm": 0.47368421052631576, "grid_x": 5.0, "grid_y": 9.0, "pixel_x": 320.0, "pixel_y": 576.0 }, "geometry": { "type": "Point", "coordinates": [ -103.8996, 33.638854 ] } },
{ "type": "Feature", "properties": { "lat": 42.52824, "lon": -72.42385, "umap_x": 10.588299, "umap_y": 1.9060745, "grid_x_norm": 0.73684210526315785, "grid_y_norm": 0.15789473684210525, "grid_x": 14.0, "grid_y": 3.0, "pixel_x": 896.0, "pixel_y": 192.0 }, "geometry": { "type": "Point", "coordinates": [ -72.42385, 42.52824 ] } },
{ "type": "Feature", "properties": { "lat": 40.648008, "lon": -114.457779, "umap_x": 10.862079, "umap_y": 8.5201492, "grid_x_norm": 0.68421052631578938, "grid_y_norm": 1.0, "grid_x": 13.0, "grid_y": 19.0, "pixel_x": 832.0, "pixel_y": 1216.0 }, "geometry": { "type": "Point", "coordinates": [ -114.457779, 40.648008 ] } },
{ "type": "Feature", "properties": { "lat": 65.314848, "lon": -146.000369, "umap_x": -0.75946301, "umap_y": 5.3198695, "grid_x_norm": 0.21052631578947367, "grid_y_norm": 0.78947368421052633, "grid_x": 4.0, "grid_y": 15.0, "pixel_x": 256.0, "pixel_y": 960.0 }, "geometry": { "type": "Point", "coordinates": [ -146.000369, 65.314848 ] } },
{ "type": "Feature", "properties": { "lat": 35.108755, "lon": -111.288046, "umap_x": 11.634456, "umap_y": 8.3785944, "grid_x_norm": 0.84210526315789469, "grid_y_norm": 0.94736842105263153, "grid_x": 16.0, "grid_y": 18.0, "pixel_x": 1024.0, "pixel_y": 1152.0 }, "geometry": { "type": "Point", "coordinates": [ -111.288046, 35.108755 ] } },
{ "type": "Feature", "properties": { "lat": 34.575958, "lon": -77.816804, "umap_x": 13.149248, "umap_y": 0.82405466, "grid_x_norm": 0.63157894736842102, "grid_y_norm": 0.0, "grid_x": 12.0, "grid_y": 0.0, "pixel_x": 768.0, "pixel_y": 0.0 }, "geometry": { "type": "Point", "coordinates": [ -77.816804, 34.575958 ] } },
{ "type": "Feature", "properties": { "lat": 48.076326, "lon": -107.369448, "umap_x": 11.048319, "umap_y": 6.5772681, "grid_x_norm": 0.84210526315789469, "grid_y_norm": 0.73684210526315785, "grid_x": 16.0, "grid_y": 14.0, "pixel_x": 1024.0, "pixel_y": 896.0 }, "geometry": { "type": "Point", "coordinates": [ -107.369448, 48.076326 ] } },
{ "type": "Feature", "properties": { "lat": 34.831819, "lon": -91.488324, "umap_x": 12.515146, "umap_y": 1.551669, "grid_x_norm": 1.0, "grid_y_norm": 0.10526315789473684, "grid_x": 19.0, "grid_y": 2.0, "pixel_x": 1216.0, "pixel_y": 128.0 }, "geometry": { "type": "Point", "coordinates": [ -91.488324, 34.831819 ] } },
{ "type": "Feature", "properties": { "lat": 42.051457, "lon": -72.5306, "umap_x": 12.152548, "umap_y": 2.5473673, "grid_x_norm": 0.68421052631578938, "grid_y_norm": 0.21052631578947367, "grid_x": 13.0, "grid_y": 4.0, "pixel_x": 832.0, "pixel_y": 256.0 }, "geometry": { "type": "Point", "coordinates": [ -72.5306, 42.051457 ] } },
{ "type": "Feature", "properties": { "lat": 59.25805, "lon": -134.96961, "umap_x": -1.8551862, "umap_y": 2.6922636, "grid_x_norm": 0.052631578947368418, "grid_y_norm": 0.57894736842105265, "grid_x": 1.0, "grid_y": 11.0, "pixel_x": 64.0, "pixel_y": 704.0 }, "geometry": { "type": "Point", "coordinates": [ -134.96961, 59.25805 ] } },
{ "type": "Feature", "properties": { "lat": 37.973582, "lon": -112.209044, "umap_x": 8.817584, "umap_y": 7.1519752, "grid_x_norm": 0.36842105263157893, "grid_y_norm": 0.84210526315789469, "grid_x": 7.0, "grid_y": 16.0, "pixel_x": 448.0, "pixel_y": 1024.0 }, "geometry": { "type": "Point", "coordinates": [ -112.209044, 37.973582 ] } },
{ "type": "Feature", "properties": { "lat": 41.545552, "lon": -98.617201, "umap_x": 13.548636, "umap_y": 4.9714785, "grid_x_norm": 0.63157894736842102, "grid_y_norm": 0.42105263157894735, "grid_x": 12.0, "grid_y": 8.0, "pixel_x": 768.0, "pixel_y": 512.0 }, "geometry": { "type": "Point", "coordinates": [ -98.617201, 41.545552 ] } },
{ "type": "Feature", "properties": { "lat": 45.601851, "lon": -100.891727, "umap_x": 13.150209, "umap_y": 4.9487081, "grid_x_norm": 0.47368421052631576, "grid_y_norm": 0.36842105263157893, "grid_x": 9.0, "grid_y": 7.0, "pixel_x": 576.0, "pixel_y": 448.0 }, "geometry": { "type": "Point", "coordinates": [ -100.891727, 45.601851 ] } },
{ "type": "Feature", "properties": { "lat": 65.228007, "lon": -159.396705, "umap_x": -3.1713388, "umap_y": 2.2406297, "grid_x_norm": 0.10526315789473684, "grid_y_norm": 0.052631578947368418, "grid_x": 2.0, "grid_y": 1.0, "pixel_x": 128.0, "pixel_y": 64.0 }, "geometry": { "type": "Point", "coordinates": [ -159.396705, 65.228007 ] } },
{ "type": "Feature", "properties": { "lat": 36.278321, "lon": -93.707503, "umap_x": 11.982909, "umap_y": 1.5709264, "grid_x_norm": 0.57894736842105265, "grid_y_norm": 0.052631578947368418, "grid_x": 11.0, "grid_y": 1.0, "pixel_x": 704.0, "pixel_y": 64.0 }, "geometry": { "type": "Point", "coordinates": [ -93.707503, 36.278321 ] } },
{ "type": "Feature", "properties": { "lat": 42.270995, "lon": -84.340449, "umap_x": 11.243592, "umap_y": 2.2962146, "grid_x_norm": 0.73684210526315785, "grid_y_norm": 0.21052631578947367, "grid_x": 14.0, "grid_y": 4.0, "pixel_x": 896.0, "pixel_y": 256.0 }, "geometry": { "type": "Point", "coordinates": [ -84.340449, 42.270995 ] } },
{ "type": "Feature", "properties": { "lat": 47.630385, "lon": -102.938964, "umap_x": 13.244102, "umap_y": 4.6699343, "grid_x_norm": 0.68421052631578938, "grid_y_norm": 0.42105263157894735, "grid_x": 13.0, "grid_y": 8.0, "pixel_x": 832.0, "pixel_y": 512.0 }, "geometry": { "type": "Point", "coordinates": [ -102.938964, 47.630385 ] } },
{ "type": "Feature", "properties": { "lat": 57.384296, "lon": -152.566533, "umap_x": 1.2894938, "umap_y": 0.75712162, "grid_x_norm": 1.0, "grid_y_norm": 0.63157894736842102, "grid_x": 19.0, "grid_y": 12.0, "pixel_x": 1216.0, "pixel_y": 768.0 }, "geometry": { "type": "Point", "coordinates": [ -152.566533, 57.384296 ] } },
{ "type": "Feature", "properties": { "lat": 46.301628, "lon": -85.504841, "umap_x": 11.133941, "umap_y": 2.3910747, "grid_x_norm": 0.89473684210526305, "grid_y_norm": 0.26315789473684209, "grid_x": 17.0, "grid_y": 5.0, "pixel_x": 1088.0, "pixel_y": 320.0 }, "geometry": { "type": "Point", "coordinates": [ -85.504841, 46.301628 ] } },
{ "type": "Feature", "properties": { "lat": 38.107085, "lon": -88.077305, "umap_x": 15.175993, "umap_y": 3.9418521, "grid_x_norm": 0.36842105263157893, "grid_y_norm": 0.21052631578947367, "grid_x": 7.0, "grid_y": 4.0, "pixel_x": 448.0, "pixel_y": 256.0 }, "geometry": { "type": "Point", "coordinates": [ -88.077305, 38.107085 ] } },
{ "type": "Feature", "properties": { "lat": 36.010669, "lon": -85.241297, "umap_x": 11.884469, "umap_y": 1.5645573, "grid_x_norm": 0.94736842105263153, "grid_y_norm": 0.10526315789473684, "grid_x": 18.0, "grid_y": 2.0, "pixel_x": 1152.0, "pixel_y": 128.0 }, "geometry": { "type": "Point", "coordinates": [ -85.241297, 36.010669 ] } },
{ "type": "Feature", "properties": { "lat": 41.754665, "lon": -92.604755, "umap_x": 14.005935, "umap_y": 3.6909816, "grid_x_norm": 0.31578947368421051, "grid_y_norm": 0.21052631578947367, "grid_x": 6.0, "grid_y": 4.0, "pixel_x": 384.0, "pixel_y": 256.0 }, "geometry": { "type": "Point", "coordinates": [ -92.604755, 41.754665 ] } },
{ "type": "Feature", "properties": { "lat": 33.852579, "lon": -104.427651, "umap_x": 12.52907, "umap_y": 8.070837, "grid_x_norm": 0.68421052631578938, "grid_y_norm": 0.73684210526315785, "grid_x": 13.0, "grid_y": 14.0, "pixel_x": 832.0, "pixel_y": 896.0 }, "geometry": { "type": "Point", "coordinates": [ -104.427651, 33.852579 ] } },
{ "type": "Feature", "properties": { "lat": 65.98063, "lon": -164.971461, "umap_x": -3.1947479, "umap_y": 2.5393226, "grid_x_norm": 0.0, "grid_y_norm": 0.42105263157894735, "grid_x": 0.0, "grid_y": 8.0, "pixel_x": 0.0, "pixel_y": 512.0 }, "geometry": { "type": "Point", "coordinates": [ -164.971461, 65.98063 ] } },
{ "type": "Feature", "properties": { "lat": 48.978069, "lon": -122.506826, "umap_x": 13.426444, "umap_y": 2.8077085, "grid_x_norm": 0.42105263157894735, "grid_y_norm": 0.15789473684210525, "grid_x": 8.0, "grid_y": 3.0, "pixel_x": 512.0, "pixel_y": 192.0 }, "geometry": { "type": "Point", "coordinates": [ -122.506826, 48.978069 ] } },
{ "type": "Feature", "properties": { "lat": 37.739172, "lon": -117.87989, "umap_x": 9.077425, "umap_y": 7.4556737, "grid_x_norm": 0.47368421052631576, "grid_y_norm": 0.94736842105263153, "grid_x": 9.0, "grid_y": 18.0, "pixel_x": 576.0, "pixel_y": 1152.0 }, "geometry": { "type": "Point", "coordinates": [ -117.87989, 37.739172 ] } },
{ "type": "Feature", "properties": { "lat": 54.785696, "lon": -162.933009, "umap_x": 1.4173285, "umap_y": 0.61444968, "grid_x_norm": 0.57894736842105265, "grid_y_norm": 0.36842105263157893, "grid_x": 11.0, "grid_y": 7.0, "pixel_x": 704.0, "pixel_y": 448.0 }, "geometry": { "type": "Point", "coordinates": [ -162.933009, 54.785696 ] } },
{ "type": "Feature", "properties": { "lat": 41.064816, "lon": -82.875815, "umap_x": 14.315043, "umap_y": 3.7690043, "grid_x_norm": 0.52631578947368418, "grid_y_norm": 0.26315789473684209, "grid_x": 10.0, "grid_y": 5.0, "pixel_x": 640.0, "pixel_y": 320.0 }, "geometry": { "type": "Point", "coordinates": [ -82.875815, 41.064816 ] } },
{ "type": "Feature", "properties": { "lat": 68.734339, "lon": -166.3235, "umap_x": 1.3528711, "umap_y": 0.74364889, "grid_x_norm": 0.94736842105263153, "grid_y_norm": 0.57894736842105265, "grid_x": 18.0, "grid_y": 11.0, "pixel_x": 1152.0, "pixel_y": 704.0 }, "geometry": { "type": "Point", "coordinates": [ -166.3235, 68.734339 ] } },
{ "type": "Feature", "properties": { "lat": 36.486098, "lon": -120.998409, "umap_x": 10.035489, "umap_y": 6.0941105, "grid_x_norm": 0.26315789473684209, "grid_y_norm": 0.42105263157894735, "grid_x": 5.0, "grid_y": 8.0, "pixel_x": 320.0, "pixel_y": 512.0 }, "geometry": { "type": "Point", "coordinates": [ -120.998409, 36.486098 ] } },
{ "type": "Feature", "properties": { "lat": 32.955718, "lon": -104.48726, "umap_x": 12.248738, "umap_y": 8.3175945, "grid_x_norm": 0.73684210526315785, "grid_y_norm": 0.78947368421052633, "grid_x": 14.0, "grid_y": 15.0, "pixel_x": 896.0, "pixel_y": 960.0 }, "geometry": { "type": "Point", "coordinates": [ -104.48726, 32.955718 ] } },
{ "type": "Feature", "properties": { "lat": 47.230092, "lon": -95.195442, "umap_x": 10.501171, "umap_y": 2.4480314, "grid_x_norm": 0.52631578947368418, "grid_y_norm": 0.21052631578947367, "grid_x": 10.0, "grid_y": 4.0, "pixel_x": 640.0, "pixel_y": 256.0 }, "geometry": { "type": "Point", "coordinates": [ -95.195442, 47.230092 ] } },
{ "type": "Feature", "properties": { "lat": 40.550649, "lon": -100.06968, "umap_x": 13.287633, "umap_y": 5.3118525, "grid_x_norm": 1.0, "grid_y_norm": 0.57894736842105265, "grid_x": 19.0, "grid_y": 11.0, "pixel_x": 1216.0, "pixel_y": 704.0 }, "geometry": { "type": "Point", "coordinates": [ -100.06968, 40.550649 ] } },
{ "type": "Feature", "properties": { "lat": 68.999445, "lon": -153.402334, "umap_x": -2.6341801, "umap_y": 2.0649765, "grid_x_norm": 0.10526315789473684, "grid_y_norm": 0.21052631578947367, "grid_x": 2.0, "grid_y": 4.0, "pixel_x": 128.0, "pixel_y": 256.0 }, "geometry": { "type": "Point", "coordinates": [ -153.402334, 68.999445 ] } },
{ "type": "Feature", "properties": { "lat": 43.562593, "lon": -106.802972, "umap_x": 10.816978, "umap_y": 7.1531458, "grid_x_norm": 1.0, "grid_y_norm": 0.94736842105263153, "grid_x": 19.0, "grid_y": 18.0, "pixel_x": 1216.0, "pixel_y": 1152.0 }, "geometry": { "type": "Point", "coordinates": [ -106.802972, 43.562593 ] } },
{ "type": "Feature", "properties": { "lat": 36.804589, "lon": -100.02221, "umap_x": 12.728533, "umap_y": 6.8100829, "grid_x_norm": 0.89473684210526305, "grid_y_norm": 0.68421052631578938, "grid_x": 17.0, "grid_y": 13.0, "pixel_x": 1088.0, "pixel_y": 832.0 }, "geometry": { "type": "Point", "coordinates": [ -100.02221, 36.804589 ] } },
{ "type": "Feature", "properties": { "lat": 39.027428, "lon": -100.054712, "umap_x": 13.297389, "umap_y": 5.500134, "grid_x_norm": 0.57894736842105265, "grid_y_norm": 0.42105263157894735, "grid_x": 11.0, "grid_y": 8.0, "pixel_x": 704.0, "pixel_y": 512.0 }, "geometry": { "type": "Point", "coordinates": [ -100.054712, 39.027428 ] } },
{ "type": "Feature", "properties": { "lat": 64.551958, "lon": -144.94536, "umap_x": -1.2583975, "umap_y": 4.8082709, "grid_x_norm": 0.052631578947368418, "grid_y_norm": 0.89473684210526305, "grid_x": 1.0, "grid_y": 17.0, "pixel_x": 64.0, "pixel_y": 1088.0 }, "geometry": { "type": "Point", "coordinates": [ -144.94536, 64.551958 ] } },
{ "type": "Feature", "properties": { "lat": 26.503286, "lon": -80.49268, "umap_x": 14.797141, "umap_y": 4.2779946, "grid_x_norm": 0.84210526315789469, "grid_y_norm": 0.42105263157894735, "grid_x": 16.0, "grid_y": 8.0, "pixel_x": 1024.0, "pixel_y": 512.0 }, "geometry": { "type": "Point", "coordinates": [ -80.49268, 26.503286 ] } },
{ "type": "Feature", "properties": { "lat": 44.326745, "lon": -123.991274, "umap_x": 9.1552658, "umap_y": 5.9374886, "grid_x_norm": 0.52631578947368418, "grid_y_norm": 0.63157894736842102, "grid_x": 10.0, "grid_y": 12.0, "pixel_x": 640.0, "pixel_y": 768.0 }, "geometry": { "type": "Point", "coordinates": [ -123.991274, 44.326745 ] } },
{ "type": "Feature", "properties": { "lat": 47.06057, "lon": -117.291473, "umap_x": 10.588658, "umap_y": 7.2476478, "grid_x_norm": 0.89473684210526305, "grid_y_norm": 0.89473684210526305, "grid_x": 17.0, "grid_y": 17.0, "pixel_x": 1088.0, "pixel_y": 1088.0 }, "geometry": { "type": "Point", "coordinates": [ -117.291473, 47.06057 ] } },
{ "type": "Feature", "properties": { "lat": 61.764721, "lon": -165.26552, "umap_x": -2.4502788, "umap_y": 2.3393524, "grid_x_norm": 0.10526315789473684, "grid_y_norm": 0.42105263157894735, "grid_x": 2.0, "grid_y": 8.0, "pixel_x": 128.0, "pixel_y": 512.0 }, "geometry": { "type": "Point", "coordinates": [ -165.26552, 61.764721 ] } },
{ "type": "Feature", "properties": { "lat": 40.198038, "lon": -94.165448, "umap_x": 13.921729, "umap_y": 3.4188883, "grid_x_norm": 0.21052631578947367, "grid_y_norm": 0.15789473684210525, "grid_x": 4.0, "grid_y": 3.0, "pixel_x": 256.0, "pixel_y": 192.0 }, "geometry": { "type": "Point", "coordinates": [ -94.165448, 40.198038 ] } },
{ "type": "Feature", "properties": { "lat": 66.586948, "lon": -152.340137, "umap_x": -1.2092906, "umap_y": 5.1798797, "grid_x_norm": 0.15789473684210525, "grid_y_norm": 0.63157894736842102, "grid_x": 3.0, "grid_y": 12.0, "pixel_x": 192.0, "pixel_y": 768.0 }, "geometry": { "type": "Point", "coordinates": [ -152.340137, 66.586948 ] } },
{ "type": "Feature", "properties": { "lat": 67.719512, "lon": -149.446139, "umap_x": -2.069221, "umap_y": 3.2545278, "grid_x_norm": 0.15789473684210525, "grid_y_norm": 0.52631578947368418, "grid_x": 3.0, "grid_y": 10.0, "pixel_x": 192.0, "pixel_y": 640.0 }, "geometry": { "type": "Point", "coordinates": [ -149.446139, 67.719512 ] } },
{ "type": "Feature", "properties": { "lat": 43.147679, "lon": -72.34132, "umap_x": 10.641932, "umap_y": 1.8608065, "grid_x_norm": 0.78947368421052633, "grid_y_norm": 0.15789473684210525, "grid_x": 15.0, "grid_y": 3.0, "pixel_x": 960.0, "pixel_y": 192.0 }, "geometry": { "type": "Point", "coordinates": [ -72.34132, 43.147679 ] } },
{ "type": "Feature", "properties": { "lat": 40.058414, "lon": -95.366374, "umap_x": 14.611471, "umap_y": 3.8092389, "grid_x_norm": 0.15789473684210525, "grid_y_norm": 0.15789473684210525, "grid_x": 3.0, "grid_y": 3.0, "pixel_x": 192.0, "pixel_y": 192.0 }, "geometry": { "type": "Point", "coordinates": [ -95.366374, 40.058414 ] } },
{ "type": "Feature", "properties": { "lat": 69.680647, "lon": -150.741262, "umap_x": -3.0961239, "umap_y": 2.0541914, "grid_x_norm": 0.052631578947368418, "grid_y_norm": 0.0, "grid_x": 1.0, "grid_y": 0.0, "pixel_x": 64.0, "pixel_y": 0.0 }, "geometry": { "type": "Point", "coordinates": [ -150.741262, 69.680647 ] } },
{ "type": "Feature", "properties": { "lat": 41.324862, "lon": -117.422873, "umap_x": 10.268018, "umap_y": 7.134552, "grid_x_norm": 0.78947368421052633, "grid_y_norm": 0.84210526315789469, "grid_x": 15.0, "grid_y": 16.0, "pixel_x": 960.0, "pixel_y": 1024.0 }, "geometry": { "type": "Point", "coordinates": [ -117.422873, 41.324862 ] } },
{ "type": "Feature", "properties": { "lat": 42.069659, "lon": -94.419933, "umap_x": 14.620564, "umap_y": 4.2034888, "grid_x_norm": 0.31578947368421051, "grid_y_norm": 0.26315789473684209, "grid_x": 6.0, "grid_y": 5.0, "pixel_x": 384.0, "pixel_y": 320.0 }, "geometry": { "type": "Point", "coordinates": [ -94.419933, 42.069659 ] } },
{ "type": "Feature", "properties": { "lat": 35.850988, "lon": -97.450342, "umap_x": 13.461487, "umap_y": 6.1962485, "grid_x_norm": 0.94736842105263153, "grid_y_norm": 0.63157894736842102, "grid_x": 18.0, "grid_y": 12.0, "pixel_x": 1152.0, "pixel_y": 768.0 }, "geometry": { "type": "Point", "coordinates": [ -97.450342, 35.850988 ] } },
{ "type": "Feature", "properties": { "lat": 42.146178, "lon": -107.809293, "umap_x": 10.551994, "umap_y": 7.9965134, "grid_x_norm": 0.78947368421052633, "grid_y_norm": 1.0, "grid_x": 15.0, "grid_y": 19.0, "pixel_x": 960.0, "pixel_y": 1216.0 }, "geometry": { "type": "Point", "coordinates": [ -107.809293, 42.146178 ] } },
{ "type": "Feature", "properties": { "lat": 39.123486, "lon": -76.53561, "umap_x": 12.194151, "umap_y": 2.5615301, "grid_x_norm": 0.15789473684210525, "grid_y_norm": 0.10526315789473684, "grid_x": 3.0, "grid_y": 2.0, "pixel_x": 192.0, "pixel_y": 128.0 }, "geometry": { "type": "Point", "coordinates": [ -76.53561, 39.123486 ] } },
{ "type": "Feature", "properties": { "lat": 32.655486, "lon": -107.217001, "umap_x": 12.095875, "umap_y": 8.8316355, "grid_x_norm": 0.21052631578947367, "grid_y_norm": 0.52631578947368418, "grid_x": 4.0, "grid_y": 10.0, "pixel_x": 256.0, "pixel_y": 640.0 }, "geometry": { "type": "Point", "coordinates": [ -107.217001, 32.655486 ] } },
{ "type": "Feature", "properties": { "lat": 38.402846, "lon": -104.871482, "umap_x": 12.452343, "umap_y": 6.7466636, "grid_x_norm": 0.47368421052631576, "grid_y_norm": 0.47368421052631576, "grid_x": 9.0, "grid_y": 9.0, "pixel_x": 576.0, "pixel_y": 576.0 }, "geometry": { "type": "Point", "coordinates": [ -104.871482, 38.402846 ] } },
{ "type": "Feature", "properties": { "lat": 60.411749, "lon": -144.212439, "umap_x": -1.2031418, "umap_y": 2.8694396, "grid_x_norm": 0.0, "grid_y_norm": 0.89473684210526305, "grid_x": 0.0, "grid_y": 17.0, "pixel_x": 0.0, "pixel_y": 1088.0 }, "geometry": { "type": "Point", "coordinates": [ -144.212439, 60.411749 ] } },
{ "type": "Feature", "properties": { "lat": 68.304889, "lon": -145.106684, "umap_x": -2.2995343, "umap_y": 2.7737494, "grid_x_norm": 0.0, "grid_y_norm": 0.52631578947368418, "grid_x": 0.0, "grid_y": 10.0, "pixel_x": 0.0, "pixel_y": 640.0 }, "geometry": { "type": "Point", "coordinates": [ -145.106684, 68.304889 ] } },
{ "type": "Feature", "properties": { "lat": 38.653496, "lon": -93.006493, "umap_x": 13.665598, "umap_y": 3.1268542, "grid_x_norm": 0.78947368421052633, "grid_y_norm": 0.26315789473684209, "grid_x": 15.0, "grid_y": 5.0, "pixel_x": 960.0, "pixel_y": 320.0 }, "geometry": { "type": "Point", "coordinates": [ -93.006493, 38.653496 ] } },
{ "type": "Feature", "properties": { "lat": 63.31654, "lon": -144.813791, "umap_x": -1.996163, "umap_y": 2.9784963, "grid_x_norm": 0.0, "grid_y_norm": 0.68421052631578938, "grid_x": 0.0, "grid_y": 13.0, "pixel_x": 0.0, "pixel_y": 832.0 }, "geometry": { "type": "Point", "coordinates": [ -144.813791, 63.31654 ] } },
{ "type": "Feature", "properties": { "lat": 37.213334, "lon": -92.926825, "umap_x": 13.225702, "umap_y": 2.342644, "grid_x_norm": 0.15789473684210525, "grid_y_norm": 0.052631578947368418, "grid_x": 3.0, "grid_y": 1.0, "pixel_x": 192.0, "pixel_y": 64.0 }, "geometry": { "type": "Point", "coordinates": [ -92.926825, 37.213334 ] } },
{ "type": "Feature", "properties": { "lat": 48.941915, "lon": -114.757782, "umap_x": 8.7584257, "umap_y": 6.4478951, "grid_x_norm": 0.52631578947368418, "grid_y_norm": 0.73684210526315785, "grid_x": 10.0, "grid_y": 14.0, "pixel_x": 640.0, "pixel_y": 896.0 }, "geometry": { "type": "Point", "coordinates": [ -114.757782, 48.941915 ] } },
{ "type": "Feature", "properties": { "lat": 67.285815, "lon": -163.294254, "umap_x": -2.7722626, "umap_y": 2.3764606, "grid_x_norm": 0.052631578947368418, "grid_y_norm": 0.42105263157894735, "grid_x": 1.0, "grid_y": 8.0, "pixel_x": 64.0, "pixel_y": 512.0 }, "geometry": { "type": "Point", "coordinates": [ -163.294254, 67.285815 ] } },
{ "type": "Feature", "properties": { "lat": 45.035579, "lon": -113.263729, "umap_x": 10.498115, "umap_y": 6.5653782, "grid_x_norm": 0.57894736842105265, "grid_y_norm": 0.63157894736842102, "grid_x": 11.0, "grid_y": 12.0, "pixel_x": 704.0, "pixel_y": 768.0 }, "geometry": { "type": "Point", "coordinates": [ -113.263729, 45.035579 ] } },
{ "type": "Feature", "properties": { "lat": 64.407934, "lon": -144.828715, "umap_x": -0.85032493, "umap_y": 5.2907338, "grid_x_norm": 0.21052631578947367, "grid_y_norm": 0.73684210526315785, "grid_x": 4.0, "grid_y": 14.0, "pixel_x": 256.0, "pixel_y": 896.0 }, "geometry": { "type": "Point", "coordinates": [ -144.828715, 64.407934 ] } },
{ "type": "Feature", "properties": { "lat": 46.650755, "lon": -112.329255, "umap_x": 9.8816395, "umap_y": 6.9480448, "grid_x_norm": 0.52631578947368418, "grid_y_norm": 0.68421052631578938, "grid_x": 10.0, "grid_y": 13.0, "pixel_x": 640.0, "pixel_y": 832.0 }, "geometry": { "type": "Point", "coordinates": [ -112.329255, 46.650755 ] } },
{ "type": "Feature", "properties": { "lat": 33.635594, "lon": -115.87412, "umap_x": 11.785262, "umap_y": 9.1154404, "grid_x_norm": 0.42105263157894735, "grid_y_norm": 0.78947368421052633, "grid_x": 8.0, "grid_y": 15.0, "pixel_x": 512.0, "pixel_y": 960.0 }, "geometry": { "type": "Point", "coordinates": [ -115.87412, 33.635594 ] } },
{ "type": "Feature", "properties": { "lat": 35.062748, "lon": -80.922456, "umap_x": 12.365957, "umap_y": 2.5272877, "grid_x_norm": 1.0, "grid_y_norm": 0.26315789473684209, "grid_x": 19.0, "grid_y": 5.0, "pixel_x": 1216.0, "pixel_y": 320.0 }, "geometry": { "type": "Point", "coordinates": [ -80.922456, 35.062748 ] } },
{ "type": "Feature", "properties": { "lat": 41.273759, "lon": -90.028433, "umap_x": 15.138342, "umap_y": 4.0297604, "grid_x_norm": 0.68421052631578938, "grid_y_norm": 0.31578947368421051, "grid_x": 13.0, "grid_y": 6.0, "pixel_x": 832.0, "pixel_y": 384.0 }, "geometry": { "type": "Point", "coordinates": [ -90.028433, 41.273759 ] } },
{ "type": "Feature", "properties": { "lat": 35.172425, "lon": -116.443952, "umap_x": 11.926817, "umap_y": 9.0198088, "grid_x_norm": 0.47368421052631576, "grid_y_norm": 0.78947368421052633, "grid_x": 9.0, "grid_y": 15.0, "pixel_x": 576.0, "pixel_y": 960.0 }, "geometry": { "type": "Point", "coordinates": [ -116.443952, 35.172425 ] } },
{ "type": "Feature", "properties": { "lat": 36.280955, "lon": -98.56352, "umap_x": 13.034906, "umap_y": 6.7435632, "grid_x_norm": 0.94736842105263153, "grid_y_norm": 0.68421052631578938, "grid_x": 18.0, "grid_y": 13.0, "pixel_x": 1152.0, "pixel_y": 832.0 }, "geometry": { "type": "Point", "coordinates": [ -98.56352, 36.280955 ] } },
{ "type": "Feature", "properties": { "lat": 41.792705, "lon": -114.127489, "umap_x": 10.31483, "umap_y": 7.1970849, "grid_x_norm": 0.84210526315789469, "grid_y_norm": 0.89473684210526305, "grid_x": 16.0, "grid_y": 17.0, "pixel_x": 1024.0, "pixel_y": 1088.0 }, "geometry": { "type": "Point", "coordinates": [ -114.127489, 41.792705 ] } },
{ "type": "Feature", "properties": { "lat": 63.004972, "lon": -161.016309, "umap_x": -0.94396025, "umap_y": 4.4563112, "grid_x_norm": 0.052631578947368418, "grid_y_norm": 1.0, "grid_x": 1.0, "grid_y": 19.0, "pixel_x": 64.0, "pixel_y": 1216.0 }, "geometry": { "type": "Point", "coordinates": [ -161.016309, 63.004972 ] } },
{ "type": "Feature", "properties": { "lat": 60.462068, "lon": -149.931368, "umap_x": -1.5859973, "umap_y": 2.8906925, "grid_x_norm": 0.052631578947368418, "grid_y_norm": 0.73684210526315785, "grid_x": 1.0, "grid_y": 14.0, "pixel_x": 64.0, "pixel_y": 896.0 }, "geometry": { "type": "Point", "coordinates": [ -149.931368, 60.462068 ] } },
{ "type": "Feature", "properties": { "lat": 40.148162, "lon": -99.462736, "umap_x": 13.301021, "umap_y": 5.5098157, "grid_x_norm": 0.84210526315789469, "grid_y_norm": 0.52631578947368418, "grid_x": 16.0, "grid_y": 10.0, "pixel_x": 1024.0, "pixel_y": 640.0 }, "geometry": { "type": "Point", "coordinates": [ -99.462736, 40.148162 ] } },
{ "type": "Feature", "properties": { "lat": 33.677495, "lon": -106.991252, "umap_x": 11.923789, "umap_y": 8.6690159, "grid_x_norm": 0.36842105263157893, "grid_y_norm": 0.63157894736842102, "grid_x": 7.0, "grid_y": 12.0, "pixel_x": 448.0, "pixel_y": 768.0 }, "geometry": { "type": "Point", "coordinates": [ -106.991252, 33.677495 ] } },
{ "type": "Feature", "properties": { "lat": 29.704694, "lon": -83.098066, "umap_x": 13.410898, "umap_y": 0.65982538, "grid_x_norm": 0.89473684210526305, "grid_y_norm": 0.0, "grid_x": 17.0, "grid_y": 0.0, "pixel_x": 1088.0, "pixel_y": 0.0 }, "geometry": { "type": "Point", "coordinates": [ -83.098066, 29.704694 ] } },
{ "type": "Feature", "properties": { "lat": 45.518368, "lon": -67.79182, "umap_x": 10.420286, "umap_y": 2.3130438, "grid_x_norm": 0.57894736842105265, "grid_y_norm": 0.21052631578947367, "grid_x": 11.0, "grid_y": 4.0, "pixel_x": 704.0, "pixel_y": 256.0 }, "geometry": { "type": "Point", "coordinates": [ -67.79182, 45.518368 ] } },
{ "type": "Feature", "properties": { "lat": 41.392978, "lon": -72.632979, "umap_x": 11.247488, "umap_y": 1.8461825, "grid_x_norm": 0.63157894736842102, "grid_y_norm": 0.10526315789473684, "grid_x": 12.0, "grid_y": 2.0, "pixel_x": 768.0, "pixel_y": 128.0 }, "geometry": { "type": "Point", "coordinates": [ -72.632979, 41.392978 ] } },
{ "type": "Feature", "properties": { "lat": 34.971112, "lon": -110.55614, "umap_x": 11.869672, "umap_y": 8.5066795, "grid_x_norm": 0.47368421052631576, "grid_y_norm": 0.68421052631578938, "grid_x": 9.0, "grid_y": 13.0, "pixel_x": 576.0, "pixel_y": 832.0 }, "geometry": { "type": "Point", "coordinates": [ -110.55614, 34.971112 ] } },
{ "type": "Feature", "properties": { "lat": 39.252462, "lon": -117.681883, "umap_x": 9.1496162, "umap_y": 7.5388522, "grid_x_norm": 0.31578947368421051, "grid_y_norm": 0.84210526315789469, "grid_x": 6.0, "grid_y": 16.0, "pixel_x": 384.0, "pixel_y": 1024.0 }, "geometry": { "type": "Point", "coordinates": [ -117.681883, 39.252462 ] } },
{ "type": "Feature", "properties": { "lat": 41.926651, "lon": -79.128721, "umap_x": 11.03973, "umap_y": 1.9502723, "grid_x_norm": 0.47368421052631576, "grid_y_norm": 0.10526315789473684, "grid_x": 9.0, "grid_y": 2.0, "pixel_x": 576.0, "pixel_y": 128.0 }, "geometry": { "type": "Point", "coordinates": [ -79.128721, 41.926651 ] } },
{ "type": "Feature", "properties": { "lat": 42.364528, "lon": -102.937906, "umap_x": 12.865746, "umap_y": 6.1136327, "grid_x_norm": 0.89473684210526305, "grid_y_norm": 0.63157894736842102, "grid_x": 17.0, "grid_y": 12.0, "pixel_x": 1088.0, "pixel_y": 768.0 }, "geometry": { "type": "Point", "coordinates": [ -102.937906, 42.364528 ] } },
{ "type": "Feature", "properties": { "lat": 38.97253, "lon": -107.705592, "umap_x": 8.7620468, "umap_y": 7.0521016, "grid_x_norm": 0.63157894736842102, "grid_y_norm": 1.0, "grid_x": 12.0, "grid_y": 19.0, "pixel_x": 768.0, "pixel_y": 1216.0 }, "geometry": { "type": "Point", "coordinates": [ -107.705592, 38.97253 ] } },
{ "type": "Feature", "properties": { "lat": 44.966222, "lon": -120.251421, "umap_x": 10.253365, "umap_y": 6.974741, "grid_x_norm": 0.57894736842105265, "grid_y_norm": 0.68421052631578938, "grid_x": 11.0, "grid_y": 13.0, "pixel_x": 704.0, "pixel_y": 832.0 }, "geometry": { "type": "Point", "coordinates": [ -120.251421, 44.966222 ] } },
{ "type": "Feature", "properties": { "lat": 65.484095, "lon": -164.933859, "umap_x": -2.6312821, "umap_y": 2.3048511, "grid_x_norm": 0.0, "grid_y_norm": 0.47368421052631576, "grid_x": 0.0, "grid_y": 9.0, "pixel_x": 0.0, "pixel_y": 576.0 }, "geometry": { "type": "Point", "coordinates": [ -164.933859, 65.484095 ] } },
{ "type": "Feature", "properties": { "lat": 43.273637, "lon": -96.864661, "umap_x": 14.47675, "umap_y": 4.2990327, "grid_x_norm": 0.78947368421052633, "grid_y_norm": 0.42105263157894735, "grid_x": 15.0, "grid_y": 8.0, "pixel_x": 960.0, "pixel_y": 512.0 }, "geometry": { "type": "Point", "coordinates": [ -96.864661, 43.273637 ] } },
{ "type": "Feature", "properties": { "lat": 41.838232, "lon": -88.226345, "umap_x": 13.426191, "umap_y": 3.8268256, "grid_x_norm": 0.52631578947368418, "grid_y_norm": 0.31578947368421051, "grid_x": 10.0, "grid_y": 6.0, "pixel_x": 640.0, "pixel_y": 384.0 }, "geometry": { "type": "Point", "coordinates": [ -88.226345, 41.838232 ] } },
{ "type": "Feature", "properties": { "lat": 48.383643, "lon": -101.009798, "umap_x": 13.347132, "umap_y": 4.6564293, "grid_x_norm": 1.0, "grid_y_norm": 0.52631578947368418, "grid_x": 19.0, "grid_y": 10.0, "pixel_x": 1216.0, "pixel_y": 640.0 }, "geometry": { "type": "Point", "coordinates": [ -101.009798, 48.383643 ] } },
{ "type": "Feature", "properties": { "lat": 43.714137, "lon": -92.457277, "umap_x": 13.997872, "umap_y": 4.1466742, "grid_x_norm": 1.0, "grid_y_norm": 0.47368421052631576, "grid_x": 19.0, "grid_y": 9.0, "pixel_x": 1216.0, "pixel_y": 576.0 }, "geometry": { "type": "Point", "coordinates": [ -92.457277, 43.714137 ] } },
{ "type": "Feature", "properties": { "lat": 66.691758, "lon": -154.269866, "umap_x": -1.0876404, "umap_y": 5.0654745, "grid_x_norm": 0.15789473684210525, "grid_y_norm": 0.68421052631578938, "grid_x": 3.0, "grid_y": 13.0, "pixel_x": 192.0, "pixel_y": 832.0 }, "geometry": { "type": "Point", "coordinates": [ -154.269866, 66.691758 ] } },
{ "type": "Feature", "properties": { "lat": 39.326621, "lon": -74.826356, "umap_x": 11.467897, "umap_y": 1.9402617, "grid_x_norm": 0.57894736842105265, "grid_y_norm": 0.10526315789473684, "grid_x": 11.0, "grid_y": 2.0, "pixel_x": 704.0, "pixel_y": 128.0 }, "geometry": { "type": "Point", "coordinates": [ -74.826356, 39.326621 ] } },
{ "type": "Feature", "properties": { "lat": 38.388477, "lon": -77.369682, "umap_x": 11.910818, "umap_y": 1.6214303, "grid_x_norm": 0.52631578947368418, "grid_y_norm": 0.052631578947368418, "grid_x": 10.0, "grid_y": 1.0, "pixel_x": 640.0, "pixel_y": 64.0 }, "geometry": { "type": "Point", "coordinates": [ -77.369682, 38.388477 ] } },
{ "type": "Feature", "properties": { "lat": 35.053244, "lon": -100.559413, "umap_x": 12.96576, "umap_y": 7.08952, "grid_x_norm": 0.73684210526315785, "grid_y_norm": 0.63157894736842102, "grid_x": 14.0, "grid_y": 12.0, "pixel_x": 896.0, "pixel_y": 768.0 }, "geometry": { "type": "Point", "coordinates": [ -100.559413, 35.053244 ] } },
{ "type": "Feature", "properties": { "lat": 64.765768, "lon": -148.824204, "umap_x": -0.47193462, "umap_y": 4.9993443, "grid_x_norm": 0.26315789473684209, "grid_y_norm": 1.0, "grid_x": 5.0, "grid_y": 19.0, "pixel_x": 320.0, "pixel_y": 1216.0 }, "geometry": { "type": "Point", "coordinates": [ -148.824204, 64.765768 ] } },
{ "type": "Feature", "properties": { "lat": 40.662152, "lon": -108.231401, "umap_x": 10.816424, "umap_y": 8.1656723, "grid_x_norm": 0.73684210526315785, "grid_y_norm": 0.94736842105263153, "grid_x": 14.0, "grid_y": 18.0, "pixel_x": 896.0, "pixel_y": 1152.0 }, "geometry": { "type": "Point", "coordinates": [ -108.231401, 40.662152 ] } },
{ "type": "Feature", "properties": { "lat": 64.666834, "lon": -152.293325, "umap_x": -1.1232567, "umap_y": 5.1545339, "grid_x_norm": 0.10526315789473684, "grid_y_norm": 0.84210526315789469, "grid_x": 2.0, "grid_y": 16.0, "pixel_x": 128.0, "pixel_y": 1024.0 }, "geometry": { "type": "Point", "coordinates": [ -152.293325, 64.666834 ] } },
{ "type": "Feature", "properties": { "lat": 46.641472, "lon": -107.923016, "umap_x": 10.92394, "umap_y": 6.7852397, "grid_x_norm": 0.31578947368421051, "grid_y_norm": 0.47368421052631576, "grid_x": 6.0, "grid_y": 9.0, "pixel_x": 384.0, "pixel_y": 576.0 }, "geometry": { "type": "Point", "coordinates": [ -107.923016, 46.641472 ] } },
{ "type": "Feature", "properties": { "lat": 29.849454, "lon": -94.226218, "umap_x": 13.02878, "umap_y": 1.4531118, "grid_x_norm": 0.68421052631578938, "grid_y_norm": 0.052631578947368418, "grid_x": 13.0, "grid_y": 1.0, "pixel_x": 832.0, "pixel_y": 64.0 }, "geometry": { "type": "Point", "coordinates": [ -94.226218, 29.849454 ] } },
{ "type": "Feature", "properties": { "lat": 61.875324, "lon": -158.338146, "umap_x": -0.88214105, "umap_y": 4.784369, "grid_x_norm": 0.15789473684210525, "grid_y_norm": 0.84210526315789469, "grid_x": 3.0, "grid_y": 16.0, "pixel_x": 192.0, "pixel_y": 1024.0 }, "geometry": { "type": "Point", "coordinates": [ -158.338146, 61.875324 ] } },
{ "type": "Feature", "properties": { "lat": 66.357449, "lon": -160.144032, "umap_x": -3.3044395, "umap_y": 2.5306573, "grid_x_norm": 0.052631578947368418, "grid_y_norm": 0.26315789473684209, "grid_x": 1.0, "grid_y": 5.0, "pixel_x": 64.0, "pixel_y": 320.0 }, "geometry": { "type": "Point", "coordinates": [ -160.144032, 66.357449 ] } },
{ "type": "Feature", "properties": { "lat": 38.007447, "lon": -92.065704, "umap_x": 13.037127, "umap_y": 2.1200607, "grid_x_norm": 0.31578947368421051, "grid_y_norm": 0.052631578947368418, "grid_x": 6.0, "grid_y": 1.0, "pixel_x": 384.0, "pixel_y": 64.0 }, "geometry": { "type": "Point", "coordinates": [ -92.065704, 38.007447 ] } },
{ "type": "Feature", "properties": { "lat": 34.686904, "lon": -78.764951, "umap_x": 13.355871, "umap_y": 0.60537821, "grid_x_norm": 1.0, "grid_y_norm": 0.0, "grid_x": 19.0, "grid_y": 0.0, "pixel_x": 1216.0, "pixel_y": 0.0 }, "geometry": { "type": "Point", "coordinates": [ -78.764951, 34.686904 ] } },
{ "type": "Feature", "properties": { "lat": 37.626098, "lon": -115.126558, "umap_x": 11.327311, "umap_y": 8.9118433, "grid_x_norm": 0.36842105263157893, "grid_y_norm": 0.78947368421052633, "grid_x": 7.0, "grid_y": 15.0, "pixel_x": 448.0, "pixel_y": 960.0 }, "geometry": { "type": "Point", "coordinates": [ -115.126558, 37.626098 ] } },
{ "type": "Feature", "properties": { "lat": 43.256498, "lon": -113.512588, "umap_x": 10.363496, "umap_y": 7.6409712, "grid_x_norm": 0.73684210526315785, "grid_y_norm": 0.89473684210526305, "grid_x": 14.0, "grid_y": 17.0, "pixel_x": 896.0, "pixel_y": 1088.0 }, "geometry": { "type": "Point", "coordinates": [ -113.512588, 43.256498 ] } },
{ "type": "Feature", "properties": { "lat": 38.212769, "lon": -118.21657, "umap_x": 10.984612, "umap_y": 8.9651356, "grid_x_norm": 0.47368421052631576, "grid_y_norm": 1.0, "grid_x": 9.0, "grid_y": 19.0, "pixel_x": 576.0, "pixel_y": 1216.0 }, "geometry": { "type": "Point", "coordinates": [ -118.21657, 38.212769 ] } },
{ "type": "Feature", "properties": { "lat": 69.425859, "lon": -150.067104, "umap_x": -2.7856808, "umap_y": 2.0613382, "grid_x_norm": 0.0, "grid_y_norm": 0.15789473684210525, "grid_x": 0.0, "grid_y": 3.0, "pixel_x": 0.0, "pixel_y": 192.0 }, "geometry": { "type": "Point", "coordinates": [ -150.067104, 69.425859 ] } },
{ "type": "Feature", "properties": { "lat": 38.26083, "lon": -98.995873, "umap_x": 12.972777, "umap_y": 5.9605775, "grid_x_norm": 0.84210526315789469, "grid_y_norm": 0.57894736842105265, "grid_x": 16.0, "grid_y": 11.0, "pixel_x": 1024.0, "pixel_y": 704.0 }, "geometry": { "type": "Point", "coordinates": [ -98.995873, 38.26083 ] } },
{ "type": "Feature", "properties": { "lat": 42.541979, "lon": -91.643388, "umap_x": 15.247144, "umap_y": 3.8987477, "grid_x_norm": 0.63157894736842102, "grid_y_norm": 0.26315789473684209, "grid_x": 12.0, "grid_y": 5.0, "pixel_x": 768.0, "pixel_y": 320.0 }, "geometry": { "type": "Point", "coordinates": [ -91.643388, 42.541979 ] } },
{ "type": "Feature", "properties": { "lat": 45.693967, "lon": -119.2896, "umap_x": 10.550868, "umap_y": 7.4768062, "grid_x_norm": 0.26315789473684209, "grid_y_norm": 0.52631578947368418, "grid_x": 5.0, "grid_y": 10.0, "pixel_x": 320.0, "pixel_y": 640.0 }, "geometry": { "type": "Point", "coordinates": [ -119.2896, 45.693967 ] } },
{ "type": "Feature", "properties": { "lat": 48.488237, "lon": -111.23869, "umap_x": 10.725753, "umap_y": 6.7683454, "grid_x_norm": 0.47368421052631576, "grid_y_norm": 0.57894736842105265, "grid_x": 9.0, "grid_y": 11.0, "pixel_x": 576.0, "pixel_y": 704.0 }, "geometry": { "type": "Point", "coordinates": [ -111.23869, 48.488237 ] } },
{ "type": "Feature", "properties": { "lat": 35.578776, "lon": -118.158835, "umap_x": 11.071684, "umap_y": 8.3394442, "grid_x_norm": 0.52631578947368418, "grid_y_norm": 0.78947368421052633, "grid_x": 10.0, "grid_y": 15.0, "pixel_x": 640.0, "pixel_y": 960.0 }, "geometry": { "type": "Point", "coordinates": [ -118.158835, 35.578776 ] } },
{ "type": "Feature", "properties": { "lat": 68.740229, "lon": -146.725631, "umap_x": -2.0323441, "umap_y": 3.1036513, "grid_x_norm": 0.052631578947368418, "grid_y_norm": 0.63157894736842102, "grid_x": 1.0, "grid_y": 12.0, "pixel_x": 64.0, "pixel_y": 768.0 }, "geometry": { "type": "Point", "coordinates": [ -146.725631, 68.740229 ] } },
{ "type": "Feature", "properties": { "lat": 35.340585, "lon": -112.218525, "umap_x": 9.1386309, "umap_y": 7.5747595, "grid_x_norm": 0.31578947368421051, "grid_y_norm": 0.89473684210526305, "grid_x": 6.0, "grid_y": 17.0, "pixel_x": 384.0, "pixel_y": 1088.0 }, "geometry": { "type": "Point", "coordinates": [ -112.218525, 35.340585 ] } },
{ "type": "Feature", "properties": { "lat": 63.489962, "lon": -149.351095, "umap_x": -1.7264282, "umap_y": 3.0310032, "grid_x_norm": 0.10526315789473684, "grid_y_norm": 0.63157894736842102, "grid_x": 2.0, "grid_y": 12.0, "pixel_x": 128.0, "pixel_y": 768.0 }, "geometry": { "type": "Point", "coordinates": [ -149.351095, 63.489962 ] } },
{ "type": "Feature", "properties": { "lat": 66.954541, "lon": -154.901397, "umap_x": -1.3149107, "umap_y": 4.556221, "grid_x_norm": 0.0, "grid_y_norm": 1.0, "grid_x": 0.0, "grid_y": 19.0, "pixel_x": 0.0, "pixel_y": 1216.0 }, "geometry": { "type": "Point", "coordinates": [ -154.901397, 66.954541 ] } },
{ "type": "Feature", "properties": { "lat": 58.225783, "lon": -156.466158, "umap_x": -3.5880809, "umap_y": 2.7597489, "grid_x_norm": 0.052631578947368418, "grid_y_norm": 0.36842105263157893, "grid_x": 1.0, "grid_y": 7.0, "pixel_x": 64.0, "pixel_y": 448.0 }, "geometry": { "type": "Point", "coordinates": [ -156.466158, 58.225783 ] } },
{ "type": "Feature", "properties": { "lat": 33.016444, "lon": -104.763028, "umap_x": 12.684206, "umap_y": 8.0687342, "grid_x_norm": 0.63157894736842102, "grid_y_norm": 0.68421052631578938, "grid_x": 12.0, "grid_y": 13.0, "pixel_x": 768.0, "pixel_y": 832.0 }, "geometry": { "type": "Point", "coordinates": [ -104.763028, 33.016444 ] } },
{ "type": "Feature", "properties": { "lat": 42.493912, "lon": -73.611105, "umap_x": 11.086833, "umap_y": 2.0368884, "grid_x_norm": 0.36842105263157893, "grid_y_norm": 0.10526315789473684, "grid_x": 7.0, "grid_y": 2.0, "pixel_x": 448.0, "pixel_y": 128.0 }, "geometry": { "type": "Point", "coordinates": [ -73.611105, 42.493912 ] } },
{ "type": "Feature", "properties": { "lat": 45.346202, "lon": -95.971173, "umap_x": 13.448547, "umap_y": 4.3308306, "grid_x_norm": 0.89473684210526305, "grid_y_norm": 0.47368421052631576, "grid_x": 17.0, "grid_y": 9.0, "pixel_x": 1088.0, "pixel_y": 576.0 }, "geometry": { "type": "Point", "coordinates": [ -95.971173, 45.346202 ] } },
{ "type": "Feature", "properties": { "lat": 31.567627, "lon": -102.637582, "umap_x": 12.690701, "umap_y": 8.1268721, "grid_x_norm": 0.94736842105263153, "grid_y_norm": 0.89473684210526305, "grid_x": 18.0, "grid_y": 17.0, "pixel_x": 1152.0, "pixel_y": 1088.0 }, "geometry": { "type": "Point", "coordinates": [ -102.637582, 31.567627 ] } },
{ "type": "Feature", "properties": { "lat": 37.159842, "lon": -97.785651, "umap_x": 13.189152, "umap_y": 6.2125769, "grid_x_norm": 0.57894736842105265, "grid_y_norm": 0.47368421052631576, "grid_x": 11.0, "grid_y": 9.0, "pixel_x": 704.0, "pixel_y": 576.0 }, "geometry": { "type": "Point", "coordinates": [ -97.785651, 37.159842 ] } },
{ "type": "Feature", "properties": { "lat": 62.539757, "lon": -155.265368, "umap_x": -1.226662, "umap_y": 5.2331038, "grid_x_norm": 0.10526315789473684, "grid_y_norm": 0.78947368421052633, "grid_x": 2.0, "grid_y": 15.0, "pixel_x": 128.0, "pixel_y": 960.0 }, "geometry": { "type": "Point", "coordinates": [ -155.265368, 62.539757 ] } },
{ "type": "Feature", "properties": { "lat": 30.659044, "lon": -99.630624, "umap_x": 13.725876, "umap_y": 7.3700008, "grid_x_norm": 0.68421052631578938, "grid_y_norm": 0.57894736842105265, "grid_x": 13.0, "grid_y": 11.0, "pixel_x": 832.0, "pixel_y": 704.0 }, "geometry": { "type": "Point", "coordinates": [ -99.630624, 30.659044 ] } },
{ "type": "Feature", "properties": { "lat": 66.318291, "lon": -143.21202, "umap_x": -1.0098436, "umap_y": 5.0215483, "grid_x_norm": 0.15789473684210525, "grid_y_norm": 0.78947368421052633, "grid_x": 3.0, "grid_y": 15.0, "pixel_x": 192.0, "pixel_y": 960.0 }, "geometry": { "type": "Point", "coordinates": [ -143.21202, 66.318291 ] } }
]
}
