{
"type": "FeatureCollection",
"name": "web_grid_data",
"crs": { "type": "name", "properties": { "name": "urn:ogc:def:crs:OGC:1.3:CRS84" } },
"features": [
{ "type": "Feature", "properties": { "index": 0, "lon": 35.074883264040267, "lat": 45.038618074161789, "classification": 126, "subregion_name": "Eastern Europe", "umap_1d_x": 14.260735, "umap_2d_x": -27.670576, "umap_2d_y": -7.7523041, "umap_3d_x": -26.936369, "umap_3d_y": -26.258045, "umap_3d_z": 1.6460953, "tsne_1d_x": 10.887595, "tsne_2d_x": -9.1408463, "tsne_2d_y": 16.483269, "tsne_3d_x": 16.56678, "tsne_3d_y": -8.8708687, "tsne_3d_z": -0.99183655, "grid_umap_1d_x": 15.0, "grid_umap_2d_x": 15.0, "grid_umap_2d_y": 21.0, "grid_umap_3d_x": 4.0, "grid_umap_3d_y": 2.0, "grid_umap_3d_z": 3.0, "grid_tsne_1d_x": 11.0, "grid_tsne_2d_x": 16.0, "grid_tsne_2d_y": 26.0, "grid_tsne_3d_x": 7.0, "grid_tsne_3d_y": 2.0, "grid_tsne_3d_z": 2.0, "patch_file": "patch_0000.png" }, "geometry": { "type": "Point", "coordinates": [ 35.074883264040267, 45.038618074161789 ] } },
{ "type": "Feature", "properties": { "index": 1, "lon": -56.497051822937834, "lat": -19.252846642663187, "classification": 90, "subregion_name": "Latin America and the Caribbean", "umap_1d_x": -10.123418, "umap_2d_x": 38.312225, "umap_2d_y": 18.999207, "umap_3d_x": 39.034241, "umap_3d_y": 23.753059, "umap_3d_z": -8.9052391, "tsne_1d_x": -51.084824, "tsne_2d_x": 38.643906, "tsne_2d_y": 20.309914, "tsne_3d_x": -8.4076157, "tsne_3d_y": 3.4845657, "tsne_3d_z": -28.765795, "grid_umap_1d_x": 0.0, "grid_umap_2d_x": 26.0, "grid_umap_2d_y": 16.0, "grid_umap_3d_x": 7.0, "grid_umap_3d_y": 5.0, "grid_umap_3d_z": 3.0, "grid_tsne_1d_x": 0.0, "grid_tsne_2d_x": 24.0, "grid_tsne_2d_y": 20.0, "grid_tsne_3d_x": 2.0, "grid_tsne_3d_y": 4.0, "grid_tsne_3d_z": 1.0, "patch_file": "patch_0001.png" }, "geometry": { "type": "Point", "coordinates": [ -56.497051822937834, -19.252846642663187 ] } },
{ "type": "Feature", "properties": { "index": 2, "lon": 25.285255144828454, "lat": -16.019675497898874, "classification": 30, "subregion_name": "Sub-Saharan Africa", "umap_1d_x": -9.3552914, "umap_2d_x": 41.5028, "umap_2d_y": 27.209427, "umap_3d_x": 43.168655, "umap_3d_y": 34.305038, "umap_3d_z": -3.4055443, "tsne_1d_x": -47.388813, "tsne_2d_x": 46.67849, "tsne_2d_y": 22.324303, "tsne_3d_x": -11.276173, "tsne_3d_y": 11.502544, "tsne_3d_z": -43.611843, "grid_umap_1d_x": 1.0, "grid_umap_2d_x": 28.0, "grid_umap_2d_y": 24.0, "grid_umap_3d_x": 6.0, "grid_umap_3d_y": 7.0, "grid_umap_3d_z": 7.0, "grid_tsne_1d_x": 1.0, "grid_tsne_2d_x": 23.0, "grid_tsne_2d_y": 21.0, "grid_tsne_3d_x": 4.0, "grid_tsne_3d_y": 5.0, "grid_tsne_3d_z": 4.0, "patch_file": "patch_0002.png" }, "geometry": { "type": "Point", "coordinates": [ 25.285255144828454, -16.019675497898874 ] } },
{ "type": "Feature", "properties": { "index": 3, "lon": 109.11413124750135, "lat": 67.731201160768535, "classification": 113, "subregion_name": "Eastern Europe", "umap_1d_x": 24.309891, "umap_2d_x": -48.500187, "umap_2d_y": -39.545261, "umap_3d_x": -48.167732, "umap_3d_y": -20.162392, "umap_3d_z": 41.251503, "tsne_1d_x": 50.600178, "tsne_2d_x": -40.411606, "tsne_2d_y": -19.611069, "tsne_3d_x": 27.553673, "tsne_3d_y": -15.129059, "tsne_3d_z": 42.050278, "grid_umap_1d_x": 26.0, "grid_umap_2d_x": 15.0, "grid_umap_2d_y": 11.0, "grid_umap_3d_x": 1.0, "grid_umap_3d_y": 8.0, "grid_umap_3d_z": 9.0, "grid_tsne_1d_x": 51.0, "grid_tsne_2d_x": 5.0, "grid_tsne_2d_y": 7.0, "grid_tsne_3d_x": 7.0, "grid_tsne_3d_y": 5.0, "grid_tsne_3d_z": 9.0, "patch_file": "patch_0003.png" }, "geometry": { "type": "Point", "coordinates": [ 109.114131247501348, 67.731201160768535 ] } },
{ "type": "Feature", "properties": { "index": 4, "lon": 114.16969166946308, "lat": 24.412359756075304, "classification": 112, "subregion_name": "Unknown", "umap_1d_x": 8.6137991, "umap_2d_x": -16.187962, "umap_2d_y": 0.79092407, "umap_3d_x": -16.698887, "umap_3d_y": -9.7367592, "umap_3d_z": 2.1140709, "tsne_1d_x": -5.3031235, "tsne_2d_x": -2.210434, "tsne_2d_y": -9.8101006, "tsne_3d_x": 3.231102, "tsne_3d_y": 17.888123, "tsne_3d_z": 3.135128, "grid_umap_1d_x": 9.0, "grid_umap_2d_x": 8.0, "grid_umap_2d_y": 17.0, "grid_umap_3d_x": 0.0, "grid_umap_3d_y": 3.0, "grid_umap_3d_z": 4.0, "grid_tsne_1d_x": 2.0, "grid_tsne_2d_x": 10.0, "grid_tsne_2d_y": 4.0, "grid_tsne_3d_x": 4.0, "grid_tsne_3d_y": 8.0, "grid_tsne_3d_z": 6.0, "patch_file": "patch_0004.png" }, "geometry": { "type": "Point", "coordinates": [ 114.169691669463077, 24.412359756075304 ] } },
{ "type": "Feature", "properties": { "index": 5, "lon": 116.8206293017534, "lat": -28.758707676263747, "classification": 20, "subregion_name": "Unknown", "umap_1d_x": -13.418232, "umap_2d_x": 47.492081, "umap_2d_y": 3.6379395, "umap_3d_x": 47.154434, "umap_3d_y": -0.53042603, "umap_3d_z": 0.71368408, "tsne_1d_x": -61.524826, "tsne_2d_x": 38.904182, "tsne_2d_y": 43.180969, "tsne_3d_x": 6.9910507, "tsne_3d_y": -13.616096, "tsne_3d_z": -44.104931, "grid_umap_1d_x": 2.0, "grid_umap_2d_x": 29.0, "grid_umap_2d_y": 5.0, "grid_umap_3d_x": 9.0, "grid_umap_3d_y": 3.0, "grid_umap_3d_z": 7.0, "grid_tsne_1d_x": 3.0, "grid_tsne_2d_x": 24.0, "grid_tsne_2d_y": 29.0, "grid_tsne_3d_x": 5.0, "grid_tsne_3d_y": 2.0, "grid_tsne_3d_z": 1.0, "patch_file": "patch_0005.png" }, "geometry": { "type": "Point", "coordinates": [ 116.820629301753399, -28.758707676263747 ] } },
{ "type": "Feature", "properties": { "index": 6, "lon": 13.248532922395157, "lat": -3.3777418494348619, "classification": 112, "subregion_name": "Sub-Saharan Africa", "umap_1d_x": -5.3524637, "umap_2d_x": 28.560165, "umap_2d_y": 42.386452, "umap_3d_x": 22.085762, "umap_3d_y": 47.999809, "umap_3d_z": -17.180202, "tsne_1d_x": -33.103912, "tsne_2d_x": 28.957817, "tsne_2d_y": -37.889549, "tsne_3d_x": -44.313725, "tsne_3d_y": 28.170311, "tsne_3d_z": -12.295879, "grid_umap_1d_x": 3.0, "grid_umap_2d_x": 24.0, "grid_umap_2d_y": 29.0, "grid_umap_3d_x": 6.0, "grid_umap_3d_y": 9.0, "grid_umap_3d_z": 5.0, "grid_tsne_1d_x": 4.0, "grid_tsne_2d_x": 31.0, "grid_tsne_2d_y": 4.0, "grid_tsne_3d_x": 1.0, "grid_tsne_3d_y": 5.0, "grid_tsne_3d_z": 6.0, "patch_file": "patch_0006.png" }, "geometry": { "type": "Point", "coordinates": [ 13.248532922395157, -3.377741849434862 ] } },
{ "type": "Feature", "properties": { "index": 7, "lon": -3.707159337323588, "lat": 13.511075923302741, "classification": 30, "subregion_name": "Sub-Saharan Africa", "umap_1d_x": 3.4064736, "umap_2d_x": -13.690689, "umap_2d_y": 34.262756, "umap_3d_x": -10.170235, "umap_3d_y": 3.7764854, "umap_3d_z": -44.697689, "tsne_1d_x": -15.562831, "tsne_2d_x": 14.245323, "tsne_2d_y": 8.2517815, "tsne_3d_x": 24.614731, "tsne_3d_y": 39.598228, "tsne_3d_z": -10.438042, "grid_umap_1d_x": 4.0, "grid_umap_2d_x": 8.0, "grid_umap_2d_y": 29.0, "grid_umap_3d_x": 5.0, "grid_umap_3d_y": 4.0, "grid_umap_3d_z": 0.0, "grid_tsne_1d_x": 5.0, "grid_tsne_2d_x": 15.0, "grid_tsne_2d_y": 9.0, "grid_tsne_3d_x": 9.0, "grid_tsne_3d_y": 9.0, "grid_tsne_3d_z": 4.0, "patch_file": "patch_0007.png" }, "geometry": { "type": "Point", "coordinates": [ -3.707159337323588, 13.511075923302741 ] } },
{ "type": "Feature", "properties": { "index": 8, "lon": 55.444907921854082, "lat": 58.836242602230129, "classification": 114, "subregion_name": "Eastern Europe", "umap_1d_x": 18.616514, "umap_2d_x": -31.753017, "umap_2d_y": -35.020405, "umap_3d_x": -32.517349, "umap_3d_y": -41.02512, "umap_3d_z": 30.55825, "tsne_1d_x": 26.468939, "tsne_2d_x": -24.096563, "tsne_2d_y": 6.4471016, "tsne_3d_x": 4.8021774, "tsne_3d_y": -29.178432, "tsne_3d_z": 19.38398, "grid_umap_1d_x": 20.0, "grid_umap_2d_x": 15.0, "grid_umap_2d_y": 4.0, "grid_umap_3d_x": 5.0, "grid_umap_3d_y": 1.0, "grid_umap_3d_z": 7.0, "grid_tsne_1d_x": 27.0, "grid_tsne_2d_x": 9.0, "grid_tsne_2d_y": 20.0, "grid_tsne_3d_x": 2.0, "grid_tsne_3d_y": 1.0, "grid_tsne_3d_z": 6.0, "patch_file": "patch_0008.png" }, "geometry": { "type": "Point", "coordinates": [ 55.444907921854082, 58.836242602230129 ] } },
{ "type": "Feature", "properties": { "index": 9, "lon": -88.04456150665159, "lat": 44.162213137927978, "classification": 40, "subregion_name": "Unknown", "umap_1d_x": 15.872705, "umap_2d_x": -37.539856, "umap_2d_y": -16.514503, "umap_3d_x": -36.193626, "umap_3d_y": -23.253918, "umap_3d_z": 10.648548, "tsne_1d_x": 16.77075, "tsne_2d_x": -15.725811, "tsne_2d_y": 20.71151, "tsne_3d_x": 35.53743, "tsne_3d_y": -2.9966011, "tsne_3d_z": 12.639462, "grid_umap_1d_x": 16.0, "grid_umap_2d_x": 5.0, "grid_umap_2d_y": 13.0, "grid_umap_3d_x": 4.0, "grid_umap_3d_y": 6.0, "grid_umap_3d_z": 4.0, "grid_tsne_1d_x": 17.0, "grid_tsne_2d_x": 10.0, "grid_tsne_2d_y": 28.0, "grid_tsne_3d_x": 8.0, "grid_tsne_3d_y": 6.0, "grid_tsne_3d_z": 5.0, "patch_file": "patch_0009.png" }, "geometry": { "type": "Point", "coordinates": [ -88.04456150665159, 44.162213137927978 ] } },
{ "type": "Feature", "properties": { "index": 10, "lon": 129.99125330619717, "lat": -26.763456886005706, "classification": 30, "subregion_name": "Unknown", "umap_1d_x": -13.979986, "umap_2d_x": 49.319618, "umap_2d_y": 1.7538414, "umap_3d_x": 49.785187, "umap_3d_y": -4.0994225, "umap_3d_z": 0.056106567, "tsne_1d_x": -62.7369, "tsne_2d_x": 40.283165, "tsne_2d_y": 48.810875, "tsne_3d_x": 15.217712, "tsne_3d_y": -15.998821, "tsne_3d_z": -47.208984, "grid_umap_1d_x": 5.0, "grid_umap_2d_x": 31.0, "grid_umap_2d_y": 2.0, "grid_umap_3d_x": 9.0, "grid_umap_3d_y": 0.0, "grid_umap_3d_z": 3.0, "grid_tsne_1d_x": 6.0, "grid_tsne_2d_x": 20.0, "grid_tsne_2d_y": 29.0, "grid_tsne_3d_x": 7.0, "grid_tsne_3d_y": 1.0, "grid_tsne_3d_z": 0.0, "patch_file": "patch_0010.png" }, "geometry": { "type": "Point", "coordinates": [ 129.991253306197166, -26.763456886005706 ] } },
{ "type": "Feature", "properties": { "index": 11, "lon": 161.13162941185266, "lat": 63.164781603112459, "classification": 30, "subregion_name": "Eastern Europe", "umap_1d_x": 24.474833, "umap_2d_x": -47.627735, "umap_2d_y": -30.692335, "umap_3d_x": -47.717159, "umap_3d_y": -21.645435, "umap_3d_z": 30.508736, "tsne_1d_x": 53.266586, "tsne_2d_x": -45.606934, "tsne_2d_y": -12.613667, "tsne_3d_x": 37.673141, "tsne_3d_y": -19.751766, "tsne_3d_z": 35.17009, "grid_umap_1d_x": 25.0, "grid_umap_2d_x": 19.0, "grid_umap_2d_y": 18.0, "grid_umap_3d_x": 1.0, "grid_umap_3d_y": 7.0, "grid_umap_3d_z": 6.0, "grid_tsne_1d_x": 54.0, "grid_tsne_2d_x": 6.0, "grid_tsne_2d_y": 14.0, "grid_tsne_3d_x": 6.0, "grid_tsne_3d_y": 6.0, "grid_tsne_3d_z": 5.0, "patch_file": "patch_0011.png" }, "geometry": { "type": "Point", "coordinates": [ 161.131629411852657, 63.164781603112459 ] } },
{ "type": "Feature", "properties": { "index": 12, "lon": -80.336232932876584, "lat": 38.547562744184617, "classification": 114, "subregion_name": "Unknown", "umap_1d_x": 11.044973, "umap_2d_x": -23.136166, "umap_2d_y": -11.858734, "umap_3d_x": -22.076496, "umap_3d_y": -24.596262, "umap_3d_z": 10.647099, "tsne_1d_x": 8.1612368, "tsne_2d_x": -10.745953, "tsne_2d_y": 1.9880829, "tsne_3d_x": 2.0086098, "tsne_3d_y": -11.613098, "tsne_3d_z": 6.7462158, "grid_umap_1d_x": 12.0, "grid_umap_2d_x": 8.0, "grid_umap_2d_y": 11.0, "grid_umap_3d_x": 2.0, "grid_umap_3d_y": 1.0, "grid_umap_3d_z": 5.0, "grid_tsne_1d_x": 9.0, "grid_tsne_2d_x": 6.0, "grid_tsne_2d_y": 11.0, "grid_tsne_3d_x": 2.0, "grid_tsne_3d_y": 1.0, "grid_tsne_3d_z": 4.0, "patch_file": "patch_0012.png" }, "geometry": { "type": "Point", "coordinates": [ -80.336232932876584, 38.547562744184617 ] } },
{ "type": "Feature", "properties": { "index": 13, "lon": 91.175827869728039, "lat": 53.316644660209889, "classification": 30, "subregion_name": "Eastern Europe", "umap_1d_x": 9.7037287, "umap_2d_x": -16.245537, "umap_2d_y": -10.443844, "umap_3d_x": -25.263371, "umap_3d_y": -7.7019463, "umap_3d_z": 11.455292, "tsne_1d_x": 18.158312, "tsne_2d_x": -12.355675, "tsne_2d_y": -17.615555, "tsne_3d_x": 19.084007, "tsne_3d_y": 9.0099144, "tsne_3d_z": 18.663849, "grid_umap_1d_x": 10.0, "grid_umap_2d_x": 20.0, "grid_umap_2d_y": 17.0, "grid_umap_3d_x": 1.0, "grid_umap_3d_y": 9.0, "grid_umap_3d_z": 4.0, "grid_tsne_1d_x": 20.0, "grid_tsne_2d_x": 6.0, "grid_tsne_2d_y": 2.0, "grid_tsne_3d_x": 9.0, "grid_tsne_3d_y": 8.0, "grid_tsne_3d_z": 9.0, "patch_file": "patch_0013.png" }, "geometry": { "type": "Point", "coordinates": [ 91.175827869728039, 53.316644660209889 ] } },
{ "type": "Feature", "properties": { "index": 14, "lon": 32.492427299127229, "lat": 1.142140999984335, "classification": 40, "subregion_name": "Sub-Saharan Africa", "umap_1d_x": 4.4073224, "umap_2d_x": -8.0368271, "umap_2d_y": 32.043747, "umap_3d_x": -5.9011269, "umap_3d_y": 11.839973, "umap_3d_z": -40.247669, "tsne_1d_x": -19.899601, "tsne_2d_x": 20.34227, "tsne_2d_y": -1.4231567, "tsne_3d_x": 10.142796, "tsne_3d_y": 33.657127, "tsne_3d_z": -21.692026, "grid_umap_1d_x": 6.0, "grid_umap_2d_x": 0.0, "grid_umap_2d_y": 30.0, "grid_umap_3d_x": 3.0, "grid_umap_3d_y": 8.0, "grid_umap_3d_z": 1.0, "grid_tsne_1d_x": 7.0, "grid_tsne_2d_x": 21.0, "grid_tsne_2d_y": 2.0, "grid_tsne_3d_x": 6.0, "grid_tsne_3d_y": 8.0, "grid_tsne_3d_z": 1.0, "patch_file": "patch_0014.png" }, "geometry": { "type": "Point", "coordinates": [ 32.492427299127229, 1.142140999984335 ] } },
{ "type": "Feature", "properties": { "index": 15, "lon": -73.105069444583947, "lat": 44.365074129775522, "classification": 115, "subregion_name": "Unknown", "umap_1d_x": 18.706104, "umap_2d_x": -33.447441, "umap_2d_y": -30.08242, "umap_3d_x": -31.661242, "umap_3d_y": -31.497114, "umap_3d_z": 27.612823, "tsne_1d_x": 22.186357, "tsne_2d_x": -15.226524, "tsne_2d_y": -0.16374588, "tsne_3d_x": 1.4577789, "tsne_3d_y": -14.647579, "tsne_3d_z": 12.639324, "grid_umap_1d_x": 19.0, "grid_umap_2d_x": 17.0, "grid_umap_2d_y": 11.0, "grid_umap_3d_x": 1.0, "grid_umap_3d_y": 0.0, "grid_umap_3d_z": 8.0, "grid_tsne_1d_x": 23.0, "grid_tsne_2d_x": 19.0, "grid_tsne_2d_y": 18.0, "grid_tsne_3d_x": 1.0, "grid_tsne_3d_y": 1.0, "grid_tsne_3d_z": 6.0, "patch_file": "patch_0015.png" }, "geometry": { "type": "Point", "coordinates": [ -73.105069444583947, 44.365074129775522 ] } },
{ "type": "Feature", "properties": { "index": 16, "lon": 115.03095089611685, "lat": 55.671880543748401, "classification": 116, "subregion_name": "Eastern Europe", "umap_1d_x": 20.929829, "umap_2d_x": -40.497017, "umap_2d_y": -47.781898, "umap_3d_x": -39.163616, "umap_3d_y": -33.666145, "umap_3d_z": 48.421227, "tsne_1d_x": 39.607384, "tsne_2d_x": -27.963053, "tsne_2d_y": -18.521214, "tsne_3d_x": -2.3057327, "tsne_3d_y": -21.32962, "tsne_3d_z": 38.867958, "grid_umap_1d_x": 21.0, "grid_umap_2d_x": 23.0, "grid_umap_2d_y": 5.0, "grid_umap_3d_x": 7.0, "grid_umap_3d_y": 5.0, "grid_umap_3d_z": 8.0, "grid_tsne_1d_x": 40.0, "grid_tsne_2d_x": 3.0, "grid_tsne_2d_y": 2.0, "grid_tsne_3d_x": 0.0, "grid_tsne_3d_y": 4.0, "grid_tsne_3d_z": 8.0, "patch_file": "patch_0016.png" }, "geometry": { "type": "Point", "coordinates": [ 115.030950896116849, 55.671880543748401 ] } },
{ "type": "Feature", "properties": { "index": 17, "lon": 126.52222927139991, "lat": 44.923404551253597, "classification": 40, "subregion_name": "Unknown", "umap_1d_x": 9.6201181, "umap_2d_x": -15.735165, "umap_2d_y": -9.3712883, "umap_3d_x": -24.489471, "umap_3d_y": -7.8424721, "umap_3d_z": 11.889828, "tsne_1d_x": 18.878881, "tsne_2d_x": -11.321045, "tsne_2d_y": -20.476957, "tsne_3d_x": 16.073402, "tsne_3d_y": 15.033638, "tsne_3d_z": 20.101006, "grid_umap_1d_x": 11.0, "grid_umap_2d_x": 21.0, "grid_umap_2d_y": 18.0, "grid_umap_3d_x": 1.0, "grid_umap_3d_y": 6.0, "grid_umap_3d_z": 5.0, "grid_tsne_1d_x": 19.0, "grid_tsne_2d_x": 14.0, "grid_tsne_2d_y": 8.0, "grid_tsne_3d_x": 7.0, "grid_tsne_3d_y": 8.0, "grid_tsne_3d_z": 8.0, "patch_file": "patch_0017.png" }, "geometry": { "type": "Point", "coordinates": [ 126.522229271399908, 44.923404551253597 ] } },
{ "type": "Feature", "properties": { "index": 18, "lon": 87.935100768573818, "lat": 64.062186434242776, "classification": 116, "subregion_name": "Eastern Europe", "umap_1d_x": 22.200315, "umap_2d_x": -39.119431, "umap_2d_y": -35.792492, "umap_3d_x": -40.369835, "umap_3d_y": -34.46418, "umap_3d_z": 34.792778, "tsne_1d_x": 36.269482, "tsne_2d_x": -33.893517, "tsne_2d_y": 7.8431435, "tsne_3d_x": 17.936119, "tsne_3d_y": -30.600639, "tsne_3d_z": 28.997017, "grid_umap_1d_x": 23.0, "grid_umap_2d_x": 8.0, "grid_umap_2d_y": 3.0, "grid_umap_3d_x": 1.0, "grid_umap_3d_y": 2.0, "grid_umap_3d_z": 8.0, "grid_tsne_1d_x": 37.0, "grid_tsne_2d_x": 9.0, "grid_tsne_2d_y": 24.0, "grid_tsne_3d_x": 6.0, "grid_tsne_3d_y": 0.0, "grid_tsne_3d_z": 8.0, "patch_file": "patch_0018.png" }, "geometry": { "type": "Point", "coordinates": [ 87.935100768573818, 64.062186434242776 ] } },
{ "type": "Feature", "properties": { "index": 19, "lon": 105.37555732266912, "lat": 62.039575946713057, "classification": 113, "subregion_name": "Eastern Europe", "umap_1d_x": 21.062296, "umap_2d_x": -42.046959, "umap_2d_y": -49.461895, "umap_3d_x": -39.534698, "umap_3d_y": -29.442841, "umap_3d_z": 49.021011, "tsne_1d_x": 40.814041, "tsne_2d_x": -31.736128, "tsne_2d_y": -17.598694, "tsne_3d_x": 8.1195755, "tsne_3d_y": -17.308514, "tsne_3d_z": 35.407814, "grid_umap_1d_x": 24.0, "grid_umap_2d_x": 19.0, "grid_umap_2d_y": 1.0, "grid_umap_3d_x": 6.0, "grid_umap_3d_y": 6.0, "grid_umap_3d_z": 8.0, "grid_tsne_1d_x": 41.0, "grid_tsne_2d_x": 16.0, "grid_tsne_2d_y": 12.0, "grid_tsne_3d_x": 2.0, "grid_tsne_3d_y": 5.0, "grid_tsne_3d_z": 7.0, "patch_file": "patch_0019.png" }, "geometry": { "type": "Point", "coordinates": [ 105.375557322669124, 62.039575946713057 ] } },
{ "type": "Feature", "properties": { "index": 20, "lon": 89.669710451618016, "lat": 26.196891517878669, "classification": 126, "subregion_name": "Southern Asia", "umap_1d_x": 5.3976851, "umap_2d_x": -13.847836, "umap_2d_y": 22.978584, "umap_3d_x": -11.532368, "umap_3d_y": 1.7149734, "umap_3d_z": -28.543465, "tsne_1d_x": -11.30032, "tsne_2d_x": 7.1027565, "tsne_2d_y": -3.3661537, "tsne_3d_x": 6.8934975, "tsne_3d_y": 35.515823, "tsne_3d_z": 1.9263687, "grid_umap_1d_x": 7.0, "grid_umap_2d_x": 2.0, "grid_umap_2d_y": 24.0, "grid_umap_3d_x": 1.0, "grid_umap_3d_y": 6.0, "grid_umap_3d_z": 0.0, "grid_tsne_1d_x": 8.0, "grid_tsne_2d_x": 13.0, "grid_tsne_2d_y": 4.0, "grid_tsne_3d_x": 5.0, "grid_tsne_3d_y": 8.0, "grid_tsne_3d_z": 7.0, "patch_file": "patch_0020.png" }, "geometry": { "type": "Point", "coordinates": [ 89.669710451618016, 26.196891517878669 ] } },
{ "type": "Feature", "properties": { "index": 21, "lon": 5.4684756232848031, "lat": 62.166695747829053, "classification": 30, "subregion_name": "Northern Europe", "umap_1d_x": 16.042404, "umap_2d_x": -33.423096, "umap_2d_y": -16.184109, "umap_3d_x": -33.767265, "umap_3d_y": -36.559483, "umap_3d_z": 4.6710358, "tsne_1d_x": 15.362825, "tsne_2d_x": -17.971413, "tsne_2d_y": 35.783989, "tsne_3d_x": 29.229355, "tsne_3d_y": -33.697956, "tsne_3d_z": 6.3927536, "grid_umap_1d_x": 17.0, "grid_umap_2d_x": 10.0, "grid_umap_2d_y": 15.0, "grid_umap_3d_x": 5.0, "grid_umap_3d_y": 2.0, "grid_umap_3d_z": 3.0, "grid_tsne_1d_x": 16.0, "grid_tsne_2d_x": 15.0, "grid_tsne_2d_y": 31.0, "grid_tsne_3d_x": 7.0, "grid_tsne_3d_y": 2.0, "grid_tsne_3d_z": 4.0, "patch_file": "patch_0021.png" }, "geometry": { "type": "Point", "coordinates": [ 5.468475623284803, 62.166695747829053 ] } },
{ "type": "Feature", "properties": { "index": 22, "lon": -127.12499443371209, "lat": 60.047711857819948, "classification": 126, "subregion_name": "Northern America", "umap_1d_x": 21.45216, "umap_2d_x": -41.375507, "umap_2d_y": -41.19537, "umap_3d_x": -43.150753, "umap_3d_y": -36.579071, "umap_3d_z": 41.682709, "tsne_1d_x": 39.191921, "tsne_2d_x": -33.392838, "tsne_2d_y": -4.2084618, "tsne_3d_x": 4.8843269, "tsne_3d_y": -33.590809, "tsne_3d_z": 43.421379, "grid_umap_1d_x": 22.0, "grid_umap_2d_x": 14.0, "grid_umap_2d_y": 5.0, "grid_umap_3d_x": 5.0, "grid_umap_3d_y": 5.0, "grid_umap_3d_z": 7.0, "grid_tsne_1d_x": 43.0, "grid_tsne_2d_x": 8.0, "grid_tsne_2d_y": 16.0, "grid_tsne_3d_x": 1.0, "grid_tsne_3d_y": 4.0, "grid_tsne_3d_z": 7.0, "patch_file": "patch_0022.png" }, "geometry": { "type": "Point", "coordinates": [ -127.124994433712089, 60.047711857819948 ] } },
{ "type": "Feature", "properties": { "index": 23, "lon": -63.137308981940308, "lat": -9.8828040139741873, "classification": 30, "subregion_name": "Latin America and the Caribbean", "umap_1d_x": -9.1193295, "umap_2d_x": 36.174004, "umap_2d_y": 23.079643, "umap_3d_x": 36.80854, "umap_3d_y": 26.951149, "umap_3d_z": -10.168007, "tsne_1d_x": -44.304241, "tsne_2d_x": 40.828484, "tsne_2d_y": 12.155239, "tsne_3d_x": -14.829697, "tsne_3d_y": 12.664299, "tsne_3d_z": -29.998911, "grid_umap_1d_x": 8.0, "grid_umap_2d_x": 27.0, "grid_umap_2d_y": 21.0, "grid_umap_3d_x": 8.0, "grid_umap_3d_y": 6.0, "grid_umap_3d_z": 2.0, "grid_tsne_1d_x": 10.0, "grid_tsne_2d_x": 28.0, "grid_tsne_2d_y": 13.0, "grid_tsne_3d_x": 1.0, "grid_tsne_3d_y": 5.0, "grid_tsne_3d_z": 2.0, "patch_file": "patch_0023.png" }, "geometry": { "type": "Point", "coordinates": [ -63.137308981940308, -9.882804013974187 ] } },
{ "type": "Feature", "properties": { "index": 24, "lon": 28.356604885715285, "lat": 13.990294892638019, "classification": 30, "subregion_name": "Northern Africa", "umap_1d_x": 2.1790788, "umap_2d_x": -16.555435, "umap_2d_y": 38.404831, "umap_3d_x": -12.90456, "umap_3d_y": 2.932785, "umap_3d_z": -49.534504, "tsne_1d_x": -14.639286, "tsne_2d_x": 13.173836, "tsne_2d_y": 12.898815, "tsne_3d_x": 30.848579, "tsne_3d_y": 34.929749, "tsne_3d_z": -9.5053864, "grid_umap_1d_x": 13.0, "grid_umap_2d_x": 7.0, "grid_umap_2d_y": 30.0, "grid_umap_3d_x": 5.0, "grid_umap_3d_y": 2.0, "grid_umap_3d_z": 0.0, "grid_tsne_1d_x": 12.0, "grid_tsne_2d_x": 15.0, "grid_tsne_2d_y": 14.0, "grid_tsne_3d_x": 9.0, "grid_tsne_3d_y": 8.0, "grid_tsne_3d_z": 5.0, "patch_file": "patch_0024.png" }, "geometry": { "type": "Point", "coordinates": [ 28.356604885715285, 13.990294892638019 ] } },
{ "type": "Feature", "properties": { "index": 25, "lon": 13.143562057890392, "lat": 1.8892646756975751, "classification": 112, "subregion_name": "Sub-Saharan Africa", "umap_1d_x": -5.2976947, "umap_2d_x": 28.867111, "umap_2d_y": 42.872665, "umap_3d_x": 21.045319, "umap_3d_y": 47.547737, "umap_3d_z": -18.641386, "tsne_1d_x": -33.173813, "tsne_2d_x": 27.194435, "tsne_2d_y": -33.3218, "tsne_3d_x": -40.194366, "tsne_3d_y": 29.855675, "tsne_3d_z": -16.679832, "grid_umap_1d_x": 14.0, "grid_umap_2d_x": 25.0, "grid_umap_2d_y": 31.0, "grid_umap_3d_x": 4.0, "grid_umap_3d_y": 9.0, "grid_umap_3d_z": 4.0, "grid_tsne_1d_x": 13.0, "grid_tsne_2d_x": 29.0, "grid_tsne_2d_y": 9.0, "grid_tsne_3d_x": 1.0, "grid_tsne_3d_y": 6.0, "grid_tsne_3d_z": 4.0, "patch_file": "patch_0025.png" }, "geometry": { "type": "Point", "coordinates": [ 13.143562057890392, 1.889264675697575 ] } },
{ "type": "Feature", "properties": { "index": 26, "lon": 47.410709527497289, "lat": 31.554899018620006, "classification": 20, "subregion_name": "Western Asia", "umap_1d_x": 12.509173, "umap_2d_x": -23.349703, "umap_2d_y": 2.1919479, "umap_3d_x": -23.457829, "umap_3d_y": -19.154707, "umap_3d_z": -6.5965157, "tsne_1d_x": -0.45271456, "tsne_2d_x": -2.1358032, "tsne_2d_y": 13.951759, "tsne_3d_x": 23.88179, "tsne_3d_y": 6.0216179, "tsne_3d_z": -0.23490906, "grid_umap_1d_x": 18.0, "grid_umap_2d_x": 14.0, "grid_umap_2d_y": 22.0, "grid_umap_3d_x": 2.0, "grid_umap_3d_y": 1.0, "grid_umap_3d_z": 1.0, "grid_tsne_1d_x": 14.0, "grid_tsne_2d_x": 5.0, "grid_tsne_2d_y": 17.0, "grid_tsne_3d_x": 9.0, "grid_tsne_3d_y": 5.0, "grid_tsne_3d_z": 3.0, "patch_file": "patch_0026.png" }, "geometry": { "type": "Point", "coordinates": [ 47.410709527497289, 31.554899018620006 ] } },
{ "type": "Feature", "properties": { "index": 27, "lon": -2.7586838196994279, "lat": 10.461592915659779, "classification": 30, "subregion_name": "Sub-Saharan Africa", "umap_1d_x": 3.7594931, "umap_2d_x": -11.933254, "umap_2d_y": 32.030754, "umap_3d_x": -7.9313164, "umap_3d_y": 3.7464561, "umap_3d_z": -42.615585, "tsne_1d_x": -16.519167, "tsne_2d_x": 15.521202, "tsne_2d_y": 4.0711594, "tsne_3d_x": 19.413239, "tsne_3d_y": 44.418816, "tsne_3d_z": -13.148869, "grid_umap_1d_x": 27.0, "grid_umap_2d_x": 3.0, "grid_umap_2d_y": 28.0, "grid_umap_3d_x": 6.0, "grid_umap_3d_y": 2.0, "grid_umap_3d_z": 0.0, "grid_tsne_1d_x": 15.0, "grid_tsne_2d_x": 16.0, "grid_tsne_2d_y": 5.0, "grid_tsne_3d_x": 8.0, "grid_tsne_3d_y": 9.0, "grid_tsne_3d_z": 3.0, "patch_file": "patch_0027.png" }, "geometry": { "type": "Point", "coordinates": [ -2.758683819699428, 10.461592915659779 ] } },
{ "type": "Feature", "properties": { "index": 28, "lon": 138.98450000775722, "lat": 49.950679909127061, "classification": 116, "subregion_name": "Eastern Europe", "umap_1d_x": 19.169624, "umap_2d_x": -37.778568, "umap_2d_y": -40.060169, "umap_3d_x": -35.857605, "umap_3d_y": -28.171604, "umap_3d_z": 36.170738, "tsne_1d_x": 33.655834, "tsne_2d_x": -24.363344, "tsne_2d_y": -18.130812, "tsne_3d_x": 12.382561, "tsne_3d_y": -9.0364532, "tsne_3d_z": 27.459389, "grid_umap_1d_x": 28.0, "grid_umap_2d_x": 21.0, "grid_umap_2d_y": 9.0, "grid_umap_3d_x": 3.0, "grid_umap_3d_y": 4.0, "grid_umap_3d_z": 8.0, "grid_tsne_1d_x": 34.0, "grid_tsne_2d_x": 4.0, "grid_tsne_2d_y": 2.0, "grid_tsne_3d_x": 5.0, "grid_tsne_3d_y": 4.0, "grid_tsne_3d_z": 8.0, "patch_file": "patch_0028.png" }, "geometry": { "type": "Point", "coordinates": [ 138.984500007757219, 49.950679909127061 ] } },
{ "type": "Feature", "properties": { "index": 29, "lon": 120.45475154937259, "lat": 64.19462477362201, "classification": 113, "subregion_name": "Eastern Europe", "umap_1d_x": 21.177277, "umap_2d_x": -41.928715, "umap_2d_y": -48.909489, "umap_3d_x": -40.377991, "umap_3d_y": -28.642221, "umap_3d_z": 49.660507, "tsne_1d_x": 40.908897, "tsne_2d_x": -32.333492, "tsne_2d_y": -16.712303, "tsne_3d_x": 9.5596733, "tsne_3d_y": -18.859798, "tsne_3d_z": 37.325851, "grid_umap_1d_x": 29.0, "grid_umap_2d_x": 25.0, "grid_umap_2d_y": 7.0, "grid_umap_3d_x": 6.0, "grid_umap_3d_y": 7.0, "grid_umap_3d_z": 8.0, "grid_tsne_1d_x": 42.0, "grid_tsne_2d_x": 15.0, "grid_tsne_2d_y": 12.0, "grid_tsne_3d_x": 3.0, "grid_tsne_3d_y": 5.0, "grid_tsne_3d_z": 7.0, "patch_file": "patch_0029.png" }, "geometry": { "type": "Point", "coordinates": [ 120.454751549372588, 64.19462477362201 ] } },
{ "type": "Feature", "properties": { "index": 30, "lon": 98.374510085986287, "lat": 8.1657567505799449, "classification": 112, "subregion_name": "South-eastern Asia", "umap_1d_x": 6.090239, "umap_2d_x": -10.111706, "umap_2d_y": 17.061394, "umap_3d_x": -6.4173355, "umap_3d_y": 3.7201157, "umap_3d_z": -20.893059, "tsne_1d_x": -24.633823, "tsne_2d_x": 13.195915, "tsne_2d_y": -18.923992, "tsne_3d_x": -10.307537, "tsne_3d_y": 32.270134, "tsne_3d_z": -9.5982208, "grid_umap_1d_x": 30.0, "grid_umap_2d_x": 7.0, "grid_umap_2d_y": 23.0, "grid_umap_3d_x": 2.0, "grid_umap_3d_y": 6.0, "grid_umap_3d_z": 0.0, "grid_tsne_1d_x": 18.0, "grid_tsne_2d_x": 23.0, "grid_tsne_2d_y": 12.0, "grid_tsne_3d_x": 2.0, "grid_tsne_3d_y": 8.0, "grid_tsne_3d_z": 3.0, "patch_file": "patch_0030.png" }, "geometry": { "type": "Point", "coordinates": [ 98.374510085986287, 8.165756750579945 ] } },
{ "type": "Feature", "properties": { "index": 31, "lon": 124.3508181356159, "lat": 46.369772619579692, "classification": 30, "subregion_name": "Unknown", "umap_1d_x": 9.7049942, "umap_2d_x": -15.516312, "umap_2d_y": -8.5903091, "umap_3d_x": -24.48954, "umap_3d_y": -7.62286, "umap_3d_z": 11.831783, "tsne_1d_x": 18.837837, "tsne_2d_x": -10.960831, "tsne_2d_y": -19.848696, "tsne_3d_x": 15.292587, "tsne_3d_y": 14.422531, "tsne_3d_z": 19.968369, "grid_umap_1d_x": 31.0, "grid_umap_2d_x": 7.0, "grid_umap_2d_y": 8.0, "grid_umap_3d_x": 1.0, "grid_umap_3d_y": 7.0, "grid_umap_3d_z": 5.0, "grid_tsne_1d_x": 21.0, "grid_tsne_2d_x": 12.0, "grid_tsne_2d_y": 6.0, "grid_tsne_3d_x": 6.0, "grid_tsne_3d_y": 8.0, "grid_tsne_3d_z": 9.0, "patch_file": "patch_0031.png" }, "geometry": { "type": "Point", "coordinates": [ 124.350818135615896, 46.369772619579692 ] } },
{ "type": "Feature", "properties": { "index": 32, "lon": -117.00699114366741, "lat": 60.924802651077968, "classification": 111, "subregion_name": "Northern America", "umap_1d_x": 20.446192, "umap_2d_x": -33.504097, "umap_2d_y": -42.785919, "umap_3d_x": -37.147602, "umap_3d_y": -47.267315, "umap_3d_z": 40.292198, "tsne_1d_x": 28.99107, "tsne_2d_x": -29.51211, "tsne_2d_y": 2.8814659, "tsne_3d_x": 2.7452126, "tsne_3d_y": -41.184799, "tsne_3d_z": 30.123596, "grid_umap_1d_x": 32.0, "grid_umap_2d_x": 21.0, "grid_umap_2d_y": 2.0, "grid_umap_3d_x": 6.0, "grid_umap_3d_y": 0.0, "grid_umap_3d_z": 9.0, "grid_tsne_1d_x": 29.0, "grid_tsne_2d_x": 18.0, "grid_tsne_2d_y": 23.0, "grid_tsne_3d_x": 1.0, "grid_tsne_3d_y": 2.0, "grid_tsne_3d_z": 7.0, "patch_file": "patch_0032.png" }, "geometry": { "type": "Point", "coordinates": [ -117.006991143667406, 60.924802651077968 ] } },
{ "type": "Feature", "properties": { "index": 33, "lon": -74.868411864797693, "lat": 1.2921306335081231, "classification": 30, "subregion_name": "Latin America and the Caribbean", "umap_1d_x": -4.9180522, "umap_2d_x": 29.723389, "umap_2d_y": 29.75946, "umap_3d_x": 26.599297, "umap_3d_y": 32.183113, "umap_3d_z": -14.895996, "tsne_1d_x": -25.889704, "tsne_2d_x": 18.755142, "tsne_2d_y": -20.586384, "tsne_3d_x": -14.317451, "tsne_3d_y": 25.684509, "tsne_3d_z": -18.388029, "grid_umap_1d_x": 33.0, "grid_umap_2d_x": 29.0, "grid_umap_2d_y": 29.0, "grid_umap_3d_x": 9.0, "grid_umap_3d_y": 8.0, "grid_umap_3d_z": 1.0, "grid_tsne_1d_x": 22.0, "grid_tsne_2d_x": 22.0, "grid_tsne_2d_y": 0.0, "grid_tsne_3d_x": 1.0, "grid_tsne_3d_y": 9.0, "grid_tsne_3d_z": 0.0, "patch_file": "patch_0033.png" }, "geometry": { "type": "Point", "coordinates": [ -74.868411864797693, 1.292130633508123 ] } },
{ "type": "Feature", "properties": { "index": 34, "lon": 82.703351415499185, "lat": 54.310650608192745, "classification": 115, "subregion_name": "Eastern Europe", "umap_1d_x": 20.233332, "umap_2d_x": -31.552834, "umap_2d_y": -41.72612, "umap_3d_x": -36.201599, "umap_3d_y": -49.333866, "umap_3d_z": 38.07415, "tsne_1d_x": 28.28071, "tsne_2d_x": -28.619989, "tsne_2d_y": 6.4055252, "tsne_3d_x": 1.5661049, "tsne_3d_y": -45.306816, "tsne_3d_z": 23.990913, "grid_umap_1d_x": 34.0, "grid_umap_2d_x": 26.0, "grid_umap_2d_y": 5.0, "grid_umap_3d_x": 8.0, "grid_umap_3d_y": 0.0, "grid_umap_3d_z": 8.0, "grid_tsne_1d_x": 30.0, "grid_tsne_2d_x": 3.0, "grid_tsne_2d_y": 19.0, "grid_tsne_3d_x": 1.0, "grid_tsne_3d_y": 0.0, "grid_tsne_3d_z": 6.0, "patch_file": "patch_0034.png" }, "geometry": { "type": "Point", "coordinates": [ 82.703351415499185, 54.310650608192745 ] } },
{ "type": "Feature", "properties": { "index": 35, "lon": 34.357309278675444, "lat": 62.835202718596449, "classification": 115, "subregion_name": "Eastern Europe", "umap_1d_x": 17.881693, "umap_2d_x": -29.454962, "umap_2d_y": -35.149071, "umap_3d_x": -31.917013, "umap_3d_y": -48.893028, "umap_3d_z": 25.271591, "tsne_1d_x": 25.484909, "tsne_2d_x": -25.809088, "tsne_2d_y": 12.901951, "tsne_3d_x": 8.6408272, "tsne_3d_y": -41.573132, "tsne_3d_z": 17.391678, "grid_umap_1d_x": 35.0, "grid_umap_2d_x": 21.0, "grid_umap_2d_y": 7.0, "grid_umap_3d_x": 9.0, "grid_umap_3d_y": 0.0, "grid_umap_3d_z": 7.0, "grid_tsne_1d_x": 26.0, "grid_tsne_2d_x": 11.0, "grid_tsne_2d_y": 26.0, "grid_tsne_3d_x": 3.0, "grid_tsne_3d_y": 1.0, "grid_tsne_3d_z": 5.0, "patch_file": "patch_0035.png" }, "geometry": { "type": "Point", "coordinates": [ 34.357309278675444, 62.835202718596449 ] } },
{ "type": "Feature", "properties": { "index": 36, "lon": 145.50864353362198, "lat": -20.672509808518605, "classification": 124, "subregion_name": "Unknown", "umap_1d_x": -11.087888, "umap_2d_x": 43.581764, "umap_2d_y": 16.611992, "umap_3d_x": 44.708122, "umap_3d_y": 20.036194, "umap_3d_z": -9.3064499, "tsne_1d_x": -52.396481, "tsne_2d_x": 41.821411, "tsne_2d_y": 31.690994, "tsne_3d_x": 1.6503525, "tsne_3d_y": 1.6514244, "tsne_3d_z": -40.25473, "grid_umap_1d_x": 36.0, "grid_umap_2d_x": 30.0, "grid_umap_2d_y": 14.0, "grid_umap_3d_x": 9.0, "grid_umap_3d_y": 4.0, "grid_umap_3d_z": 2.0, "grid_tsne_1d_x": 24.0, "grid_tsne_2d_x": 30.0, "grid_tsne_2d_y": 28.0, "grid_tsne_3d_x": 5.0, "grid_tsne_3d_y": 4.0, "grid_tsne_3d_z": 1.0, "patch_file": "patch_0036.png" }, "geometry": { "type": "Point", "coordinates": [ 145.508643533621978, -20.672509808518605 ] } },
{ "type": "Feature", "properties": { "index": 37, "lon": 11.629056573175518, "lat": 44.739830046729594, "classification": 40, "subregion_name": "Southern Europe", "umap_1d_x": 15.133988, "umap_2d_x": -32.657921, "umap_2d_y": -10.000393, "umap_3d_x": -31.914024, "umap_3d_y": -31.468927, "umap_3d_z": -2.5667305, "tsne_1d_x": 13.118268, "tsne_2d_x": -11.217499, "tsne_2d_y": 33.589272, "tsne_3d_x": 28.284706, "tsne_3d_y": -19.771549, "tsne_3d_z": -2.1510201, "grid_umap_1d_x": 37.0, "grid_umap_2d_x": 9.0, "grid_umap_2d_y": 18.0, "grid_umap_3d_x": 4.0, "grid_umap_3d_y": 1.0, "grid_umap_3d_z": 2.0, "grid_tsne_1d_x": 25.0, "grid_tsne_2d_x": 16.0, "grid_tsne_2d_y": 30.0, "grid_tsne_3d_x": 8.0, "grid_tsne_3d_y": 2.0, "grid_tsne_3d_z": 2.0, "patch_file": "patch_0037.png" }, "geometry": { "type": "Point", "coordinates": [ 11.629056573175518, 44.739830046729594 ] } },
{ "type": "Feature", "properties": { "index": 38, "lon": 102.75520815647747, "lat": 21.489790875475364, "classification": 112, "subregion_name": "South-eastern Asia", "umap_1d_x": 6.9058299, "umap_2d_x": -13.181149, "umap_2d_y": 11.342251, "umap_3d_x": -11.198147, "umap_3d_y": 0.00097274779999878547, "umap_3d_z": -13.690468, "tsne_1d_x": -8.5329943, "tsne_2d_x": 6.8495445, "tsne_2d_y": -13.435978, "tsne_3d_x": 0.19104384999999269, "tsne_3d_y": 25.068871, "tsne_3d_z": -2.5199013, "grid_umap_1d_x": 38.0, "grid_umap_2d_x": 1.0, "grid_umap_2d_y": 18.0, "grid_umap_3d_x": 0.0, "grid_umap_3d_y": 8.0, "grid_umap_3d_z": 2.0, "grid_tsne_1d_x": 28.0, "grid_tsne_2d_x": 14.0, "grid_tsne_2d_y": 1.0, "grid_tsne_3d_x": 4.0, "grid_tsne_3d_y": 7.0, "grid_tsne_3d_z": 5.0, "patch_file": "patch_0038.png" }, "geometry": { "type": "Point", "coordinates": [ 102.755208156477465, 21.489790875475364 ] } },
{ "type": "Feature", "properties": { "index": 39, "lon": 118.31280678195947, "lat": 54.398096938654589, "classification": 113, "subregion_name": "Eastern Europe", "umap_1d_x": 20.696787, "umap_2d_x": -38.706196, "umap_2d_y": -48.403908, "umap_3d_x": -36.973705, "umap_3d_y": -32.37751, "umap_3d_z": 46.964287, "tsne_1d_x": 33.623344, "tsne_2d_x": -27.006149, "tsne_2d_y": -16.043968, "tsne_3d_x": 0.78737639999999232, "tsne_3d_y": -15.752533, "tsne_3d_z": 34.048531, "grid_umap_1d_x": 39.0, "grid_umap_2d_x": 23.0, "grid_umap_2d_y": 1.0, "grid_umap_3d_x": 8.0, "grid_umap_3d_y": 5.0, "grid_umap_3d_z": 9.0, "grid_tsne_1d_x": 35.0, "grid_tsne_2d_x": 6.0, "grid_tsne_2d_y": 5.0, "grid_tsne_3d_x": 0.0, "grid_tsne_3d_y": 4.0, "grid_tsne_3d_z": 9.0, "patch_file": "patch_0039.png" }, "geometry": { "type": "Point", "coordinates": [ 118.312806781959466, 54.398096938654589 ] } },
{ "type": "Feature", "properties": { "index": 40, "lon": -61.121571445150252, "lat": 55.469951804764449, "classification": 126, "subregion_name": "Northern America", "umap_1d_x": 21.970495, "umap_2d_x": -37.109756, "umap_2d_y": -33.257782, "umap_3d_x": -40.92638, "umap_3d_y": -40.265488, "umap_3d_z": 28.614632, "tsne_1d_x": 35.343395, "tsne_2d_x": -39.237091, "tsne_2d_y": 13.228722, "tsne_3d_x": 26.040855, "tsne_3d_y": -43.481758, "tsne_3d_z": 26.8498, "grid_umap_1d_x": 40.0, "grid_umap_2d_x": 22.0, "grid_umap_2d_y": 15.0, "grid_umap_3d_x": 1.0, "grid_umap_3d_y": 0.0, "grid_umap_3d_z": 7.0, "grid_tsne_1d_x": 36.0, "grid_tsne_2d_x": 14.0, "grid_tsne_2d_y": 29.0, "grid_tsne_3d_x": 7.0, "grid_tsne_3d_y": 0.0, "grid_tsne_3d_z": 6.0, "patch_file": "patch_0040.png" }, "geometry": { "type": "Point", "coordinates": [ -61.121571445150252, 55.469951804764449 ] } },
{ "type": "Feature", "properties": { "index": 41, "lon": 106.46334549010447, "lat": 35.380178505251521, "classification": 30, "subregion_name": "Unknown", "umap_1d_x": 9.3130522, "umap_2d_x": -16.123886, "umap_2d_y": -4.2917175, "umap_3d_x": -20.810211, "umap_3d_y": -7.3054276, "umap_3d_z": 6.108593, "tsne_1d_x": -3.6778853, "tsne_2d_x": -7.4254837, "tsne_2d_y": -13.92083, "tsne_3d_x": 9.029705, "tsne_3d_y": 12.167751, "tsne_3d_z": 11.394588, "grid_umap_1d_x": 41.0, "grid_umap_2d_x": 19.0, "grid_umap_2d_y": 21.0, "grid_umap_3d_x": 0.0, "grid_umap_3d_y": 6.0, "grid_umap_3d_z": 4.0, "grid_tsne_1d_x": 31.0, "grid_tsne_2d_x": 11.0, "grid_tsne_2d_y": 6.0, "grid_tsne_3d_x": 6.0, "grid_tsne_3d_y": 9.0, "grid_tsne_3d_z": 9.0, "patch_file": "patch_0041.png" }, "geometry": { "type": "Point", "coordinates": [ 106.463345490104473, 35.380178505251521 ] } },
{ "type": "Feature", "properties": { "index": 42, "lon": 27.317289260975627, "lat": 10.711492755064327, "classification": 20, "subregion_name": "Northern Africa", "umap_1d_x": 3.6887927, "umap_2d_x": -12.097328, "umap_2d_y": 33.094025, "umap_3d_x": -8.3674202, "umap_3d_y": 4.2204361, "umap_3d_z": -43.259068, "tsne_1d_x": -16.267082, "tsne_2d_x": 13.894878, "tsne_2d_y": 4.1018295, "tsne_3d_x": 22.07534, "tsne_3d_y": 39.238945, "tsne_3d_z": -13.196186, "grid_umap_1d_x": 42.0, "grid_umap_2d_x": 11.0, "grid_umap_2d_y": 27.0, "grid_umap_3d_x": 6.0, "grid_umap_3d_y": 4.0, "grid_umap_3d_z": 2.0, "grid_tsne_1d_x": 32.0, "grid_tsne_2d_x": 15.0, "grid_tsne_2d_y": 6.0, "grid_tsne_3d_x": 9.0, "grid_tsne_3d_y": 9.0, "grid_tsne_3d_z": 2.0, "patch_file": "patch_0042.png" }, "geometry": { "type": "Point", "coordinates": [ 27.317289260975627, 10.711492755064327 ] } },
{ "type": "Feature", "properties": { "index": 43, "lon": 150.68098842814368, "lat": -34.201558921228774, "classification": 30, "subregion_name": "Unknown", "umap_1d_x": -12.657264, "umap_2d_x": 43.962273, "umap_2d_y": 8.8170815, "umap_3d_x": 44.312408, "umap_3d_y": 8.8474159, "umap_3d_z": -2.4361801, "tsne_1d_x": -59.185589, "tsne_2d_x": 37.232712, "tsne_2d_y": 33.058792, "tsne_3d_x": -0.17389297, "tsne_3d_y": -8.5448608, "tsne_3d_z": -34.725754, "grid_umap_1d_x": 43.0, "grid_umap_2d_x": 30.0, "grid_umap_2d_y": 11.0, "grid_umap_3d_x": 8.0, "grid_umap_3d_y": 3.0, "grid_umap_3d_z": 2.0, "grid_tsne_1d_x": 33.0, "grid_tsne_2d_x": 29.0, "grid_tsne_2d_y": 29.0, "grid_tsne_3d_x": 4.0, "grid_tsne_3d_y": 3.0, "grid_tsne_3d_z": 2.0, "patch_file": "patch_0043.png" }, "geometry": { "type": "Point", "coordinates": [ 150.680988428143678, -34.201558921228774 ] } },
{ "type": "Feature", "properties": { "index": 44, "lon": 87.50921876113199, "lat": 50.553722529995383, "classification": 111, "subregion_name": "Eastern Europe", "umap_1d_x": 20.082552, "umap_2d_x": -32.374062, "umap_2d_y": -45.280376, "umap_3d_x": -34.695324, "umap_3d_y": -45.595497, "umap_3d_z": 42.139923, "tsne_1d_x": 29.567472, "tsne_2d_x": -26.045525, "tsne_2d_y": 1.1529922, "tsne_3d_x": -6.7718124, "tsne_3d_y": -36.115528, "tsne_3d_z": 25.348106, "grid_umap_1d_x": 44.0, "grid_umap_2d_x": 26.0, "grid_umap_2d_y": 0.0, "grid_umap_3d_x": 9.0, "grid_umap_3d_y": 2.0, "grid_umap_3d_z": 9.0, "grid_tsne_1d_x": 38.0, "grid_tsne_2d_x": 2.0, "grid_tsne_2d_y": 14.0, "grid_tsne_3d_x": 0.0, "grid_tsne_3d_y": 1.0, "grid_tsne_3d_z": 7.0, "patch_file": "patch_0044.png" }, "geometry": { "type": "Point", "coordinates": [ 87.50921876113199, 50.553722529995383 ] } },
{ "type": "Feature", "properties": { "index": 45, "lon": 128.68401242293243, "lat": 67.881647412652441, "classification": 30, "subregion_name": "Eastern Europe", "umap_1d_x": 25.12454, "umap_2d_x": -49.606636, "umap_2d_y": -30.152365, "umap_3d_x": -49.832237, "umap_3d_y": -17.191486, "umap_3d_z": 27.512863, "tsne_1d_x": 56.000492, "tsne_2d_x": -48.836281, "tsne_2d_y": -18.531332, "tsne_3d_x": 47.965935, "tsne_3d_y": -14.47237, "tsne_3d_z": 38.688057, "grid_umap_1d_x": 45.0, "grid_umap_2d_x": 7.0, "grid_umap_2d_y": 11.0, "grid_umap_3d_x": 1.0, "grid_umap_3d_y": 9.0, "grid_umap_3d_z": 6.0, "grid_tsne_1d_x": 57.0, "grid_tsne_2d_x": 8.0, "grid_tsne_2d_y": 12.0, "grid_tsne_3d_x": 9.0, "grid_tsne_3d_y": 6.0, "grid_tsne_3d_z": 8.0, "patch_file": "patch_0045.png" }, "geometry": { "type": "Point", "coordinates": [ 128.684012422932426, 67.881647412652441 ] } },
{ "type": "Feature", "properties": { "index": 46, "lon": 136.28406564129625, "lat": 63.906180577139025, "classification": 30, "subregion_name": "Eastern Europe", "umap_1d_x": 24.232883, "umap_2d_x": -47.133678, "umap_2d_y": -40.087982, "umap_3d_x": -48.62669, "umap_3d_y": -23.392096, "umap_3d_z": 41.697243, "tsne_1d_x": 52.874157, "tsne_2d_x": -41.617794, "tsne_2d_y": -26.383352, "tsne_3d_x": 29.171005, "tsne_3d_y": -18.487627, "tsne_3d_z": 49.697723, "grid_umap_1d_x": 46.0, "grid_umap_2d_x": 20.0, "grid_umap_2d_y": 14.0, "grid_umap_3d_x": 2.0, "grid_umap_3d_y": 7.0, "grid_umap_3d_z": 8.0, "grid_tsne_1d_x": 53.0, "grid_tsne_2d_x": 13.0, "grid_tsne_2d_y": 9.0, "grid_tsne_3d_x": 5.0, "grid_tsne_3d_y": 7.0, "grid_tsne_3d_z": 8.0, "patch_file": "patch_0046.png" }, "geometry": { "type": "Point", "coordinates": [ 136.284065641296252, 63.906180577139025 ] } },
{ "type": "Feature", "properties": { "index": 47, "lon": -53.956982194899695, "lat": -26.346482609774945, "classification": 112, "subregion_name": "Latin America and the Caribbean", "umap_1d_x": -10.395824, "umap_2d_x": 40.648796, "umap_2d_y": 12.985355, "umap_3d_x": 41.131432, "umap_3d_y": 16.676628, "umap_3d_z": 0.36287308, "tsne_1d_x": -56.618557, "tsne_2d_x": 33.112289, "tsne_2d_y": 27.362785, "tsne_3d_x": -15.161411, "tsne_3d_y": -14.571686, "tsne_3d_z": -36.431442, "grid_umap_1d_x": 47.0, "grid_umap_2d_x": 28.0, "grid_umap_2d_y": 12.0, "grid_umap_3d_x": 8.0, "grid_umap_3d_y": 5.0, "grid_umap_3d_z": 7.0, "grid_tsne_1d_x": 39.0, "grid_tsne_2d_x": 23.0, "grid_tsne_2d_y": 25.0, "grid_tsne_3d_x": 0.0, "grid_tsne_3d_y": 1.0, "grid_tsne_3d_z": 0.0, "patch_file": "patch_0047.png" }, "geometry": { "type": "Point", "coordinates": [ -53.956982194899695, -26.346482609774945 ] } },
{ "type": "Feature", "properties": { "index": 48, "lon": 15.945708955410282, "lat": 48.00256252586982, "classification": 115, "subregion_name": "Western Europe", "umap_1d_x": 10.301349, "umap_2d_x": -20.853672, "umap_2d_y": -5.1069756, "umap_3d_x": -20.208614, "umap_3d_y": -16.555248, "umap_3d_z": 8.1886101, "tsne_1d_x": 8.9863253, "tsne_2d_x": -9.3668289, "tsne_2d_y": -5.8237534, "tsne_3d_x": 5.6197357, "tsne_3d_y": 1.2839317, "tsne_3d_z": 5.7748032, "grid_umap_1d_x": 48.0, "grid_umap_2d_x": 14.0, "grid_umap_2d_y": 19.0, "grid_umap_3d_x": 1.0, "grid_umap_3d_y": 1.0, "grid_umap_3d_z": 5.0, "grid_tsne_1d_x": 44.0, "grid_tsne_2d_x": 1.0, "grid_tsne_2d_y": 1.0, "grid_tsne_3d_x": 5.0, "grid_tsne_3d_y": 3.0, "grid_tsne_3d_z": 5.0, "patch_file": "patch_0048.png" }, "geometry": { "type": "Point", "coordinates": [ 15.945708955410282, 48.00256252586982 ] } },
{ "type": "Feature", "properties": { "index": 49, "lon": 24.516162074816947, "lat": 10.401455621740766, "classification": 20, "subregion_name": "Northern Africa", "umap_1d_x": 3.7196, "umap_2d_x": -12.049347, "umap_2d_y": 32.896706, "umap_3d_x": -8.0412827, "umap_3d_y": 4.1471024, "umap_3d_z": -43.180939, "tsne_1d_x": -16.550924, "tsne_2d_x": 14.319939, "tsne_2d_y": 3.1124725, "tsne_3d_x": 19.928291, "tsne_3d_y": 39.562737, "tsne_3d_z": -13.512081, "grid_umap_1d_x": 49.0, "grid_umap_2d_x": 14.0, "grid_umap_2d_y": 26.0, "grid_umap_3d_x": 6.0, "grid_umap_3d_y": 3.0, "grid_umap_3d_z": 0.0, "grid_tsne_1d_x": 45.0, "grid_tsne_2d_x": 18.0, "grid_tsne_2d_y": 10.0, "grid_tsne_3d_x": 8.0, "grid_tsne_3d_y": 8.0, "grid_tsne_3d_z": 3.0, "patch_file": "patch_0049.png" }, "geometry": { "type": "Point", "coordinates": [ 24.516162074816947, 10.401455621740766 ] } },
{ "type": "Feature", "properties": { "index": 50, "lon": 81.594702288052133, "lat": 55.185382761791246, "classification": 40, "subregion_name": "Eastern Europe", "umap_1d_x": 23.310192, "umap_2d_x": -39.562828, "umap_2d_y": -20.801714, "umap_3d_x": -38.85656, "umap_3d_y": -23.461203, "umap_3d_z": 15.909103, "tsne_1d_x": 16.394503, "tsne_2d_x": -17.098751, "tsne_2d_y": 26.104034, "tsne_3d_x": 32.108467, "tsne_3d_y": -11.850655, "tsne_3d_z": 14.916229, "grid_umap_1d_x": 50.0, "grid_umap_2d_x": 6.0, "grid_umap_2d_y": 12.0, "grid_umap_3d_x": 1.0, "grid_umap_3d_y": 4.0, "grid_umap_3d_z": 5.0, "grid_tsne_1d_x": 46.0, "grid_tsne_2d_x": 5.0, "grid_tsne_2d_y": 29.0, "grid_tsne_3d_x": 8.0, "grid_tsne_3d_y": 4.0, "grid_tsne_3d_z": 5.0, "patch_file": "patch_0050.png" }, "geometry": { "type": "Point", "coordinates": [ 81.594702288052133, 55.185382761791246 ] } },
{ "type": "Feature", "properties": { "index": 51, "lon": 132.70976461149843, "lat": 68.604384801290024, "classification": 113, "subregion_name": "Eastern Europe", "umap_1d_x": 22.759943, "umap_2d_x": -45.108002, "umap_2d_y": -47.461182, "umap_3d_x": -43.311886, "umap_3d_y": -25.167774, "umap_3d_z": 48.753342, "tsne_1d_x": 41.732845, "tsne_2d_x": -34.953964, "tsne_2d_y": -20.613701, "tsne_3d_x": 15.157578, "tsne_3d_y": -19.642963, "tsne_3d_z": 42.079979, "grid_umap_1d_x": 51.0, "grid_umap_2d_x": 24.0, "grid_umap_2d_y": 10.0, "grid_umap_3d_x": 4.0, "grid_umap_3d_y": 7.0, "grid_umap_3d_z": 9.0, "grid_tsne_1d_x": 47.0, "grid_tsne_2d_x": 1.0, "grid_tsne_2d_y": 2.0, "grid_tsne_3d_x": 4.0, "grid_tsne_3d_y": 4.0, "grid_tsne_3d_z": 9.0, "patch_file": "patch_0051.png" }, "geometry": { "type": "Point", "coordinates": [ 132.709764611498429, 68.604384801290024 ] } },
{ "type": "Feature", "properties": { "index": 52, "lon": 17.909793252380695, "lat": -17.004413039189025, "classification": 124, "subregion_name": "Sub-Saharan Africa", "umap_1d_x": -11.281704, "umap_2d_x": 44.594315, "umap_2d_y": 25.764885, "umap_3d_x": 46.854935, "umap_3d_y": 31.655052, "umap_3d_z": -3.1717682, "tsne_1d_x": -53.321663, "tsne_2d_x": 46.888123, "tsne_2d_y": 27.136055, "tsne_3d_x": -5.8203621, "tsne_3d_y": 8.62463, "tsne_3d_z": -46.14196, "grid_umap_1d_x": 52.0, "grid_umap_2d_x": 29.0, "grid_umap_2d_y": 22.0, "grid_umap_3d_x": 7.0, "grid_umap_3d_y": 7.0, "grid_umap_3d_z": 7.0, "grid_tsne_1d_x": 48.0, "grid_tsne_2d_x": 29.0, "grid_tsne_2d_y": 24.0, "grid_tsne_3d_x": 4.0, "grid_tsne_3d_y": 5.0, "grid_tsne_3d_z": 2.0, "patch_file": "patch_0052.png" }, "geometry": { "type": "Point", "coordinates": [ 17.909793252380695, -17.004413039189025 ] } },
{ "type": "Feature", "properties": { "index": 53, "lon": -2.8818912238556038, "lat": 10.077918127607234, "classification": 126, "subregion_name": "Sub-Saharan Africa", "umap_1d_x": 3.9076781, "umap_2d_x": -10.912685, "umap_2d_y": 33.535881, "umap_3d_x": -5.9947433, "umap_3d_y": 3.8255348, "umap_3d_z": -43.228222, "tsne_1d_x": -17.293026, "tsne_2d_x": 14.823097, "tsne_2d_y": -1.0377502, "tsne_3d_x": 14.556679, "tsne_3d_y": 35.623863, "tsne_3d_z": -13.496292, "grid_umap_1d_x": 53.0, "grid_umap_2d_x": 3.0, "grid_umap_2d_y": 30.0, "grid_umap_3d_x": 8.0, "grid_umap_3d_y": 1.0, "grid_umap_3d_z": 0.0, "grid_tsne_1d_x": 49.0, "grid_tsne_2d_x": 18.0, "grid_tsne_2d_y": 6.0, "grid_tsne_3d_x": 7.0, "grid_tsne_3d_y": 7.0, "grid_tsne_3d_z": 2.0, "patch_file": "patch_0053.png" }, "geometry": { "type": "Point", "coordinates": [ -2.881891223855604, 10.077918127607234 ] } },
{ "type": "Feature", "properties": { "index": 54, "lon": 8.7381497685804277, "lat": 44.567654008435682, "classification": 114, "subregion_name": "Southern Europe", "umap_1d_x": 14.338713, "umap_2d_x": -26.372396, "umap_2d_y": -11.558865, "umap_3d_x": -25.354425, "umap_3d_y": -28.383894, "umap_3d_z": 6.9180794, "tsne_1d_x": 10.04685, "tsne_2d_x": -11.360352, "tsne_2d_y": 12.602032, "tsne_3d_x": 10.7076, "tsne_3d_y": -13.859211, "tsne_3d_z": 2.742672, "grid_umap_1d_x": 54.0, "grid_umap_2d_x": 2.0, "grid_umap_2d_y": 9.0, "grid_umap_3d_x": 3.0, "grid_umap_3d_y": 2.0, "grid_umap_3d_z": 4.0, "grid_tsne_1d_x": 50.0, "grid_tsne_2d_x": 2.0, "grid_tsne_2d_y": 18.0, "grid_tsne_3d_x": 6.0, "grid_tsne_3d_y": 0.0, "grid_tsne_3d_z": 3.0, "patch_file": "patch_0054.png" }, "geometry": { "type": "Point", "coordinates": [ 8.738149768580428, 44.567654008435682 ] } },
{ "type": "Feature", "properties": { "index": 55, "lon": -122.74083360329237, "lat": 46.126697617028128, "classification": 111, "subregion_name": "Unknown", "umap_1d_x": 14.500286, "umap_2d_x": -27.330549, "umap_2d_y": -12.711575, "umap_3d_x": -26.41963, "umap_3d_y": -30.254208, "umap_3d_z": 6.9108086, "tsne_1d_x": 10.54408, "tsne_2d_x": -12.337215, "tsne_2d_y": 16.128456, "tsne_3d_x": 11.414272, "tsne_3d_y": -19.342464, "tsne_3d_z": 0.016357421999998678, "grid_umap_1d_x": 55.0, "grid_umap_2d_x": 7.0, "grid_umap_2d_y": 12.0, "grid_umap_3d_x": 3.0, "grid_umap_3d_y": 1.0, "grid_umap_3d_z": 4.0, "grid_tsne_1d_x": 52.0, "grid_tsne_2d_x": 11.0, "grid_tsne_2d_y": 25.0, "grid_tsne_3d_x": 5.0, "grid_tsne_3d_y": 1.0, "grid_tsne_3d_z": 2.0, "patch_file": "patch_0055.png" }, "geometry": { "type": "Point", "coordinates": [ -122.740833603292373, 46.126697617028128 ] } },
{ "type": "Feature", "properties": { "index": 56, "lon": 42.826526409863646, "lat": 7.5940441836545602, "classification": 20, "subregion_name": "Sub-Saharan Africa", "umap_1d_x": 2.8545814, "umap_2d_x": -12.041058, "umap_2d_y": 42.296822, "umap_3d_x": -10.769512, "umap_3d_y": 16.302521, "umap_3d_z": -48.90366, "tsne_1d_x": -21.645344, "tsne_2d_x": 21.14122, "tsne_2d_y": 12.436401, "tsne_3d_x": 24.650055, "tsne_3d_y": 31.218597, "tsne_3d_z": -22.516689, "grid_umap_1d_x": 56.0, "grid_umap_2d_x": 12.0, "grid_umap_2d_y": 29.0, "grid_umap_3d_x": 0.0, "grid_umap_3d_y": 9.0, "grid_umap_3d_z": 1.0, "grid_tsne_1d_x": 55.0, "grid_tsne_2d_x": 23.0, "grid_tsne_2d_y": 17.0, "grid_tsne_3d_x": 9.0, "grid_tsne_3d_y": 8.0, "grid_tsne_3d_z": 0.0, "patch_file": "patch_0056.png" }, "geometry": { "type": "Point", "coordinates": [ 42.826526409863646, 7.59404418365456 ] } },
{ "type": "Feature", "properties": { "index": 57, "lon": 125.31385826496427, "lat": -26.127980723828472, "classification": 20, "subregion_name": "Unknown", "umap_1d_x": -13.904753, "umap_2d_x": 48.684547, "umap_2d_y": 1.4067955, "umap_3d_x": 49.143684, "umap_3d_y": -4.8495293, "umap_3d_z": 1.7781792, "tsne_1d_x": -62.809124, "tsne_2d_x": 40.290314, "tsne_2d_y": 46.097763, "tsne_3d_x": 10.450226, "tsne_3d_y": -15.70747, "tsne_3d_z": -47.750385, "grid_umap_1d_x": 57.0, "grid_umap_2d_x": 30.0, "grid_umap_2d_y": 1.0, "grid_umap_3d_x": 9.0, "grid_umap_3d_y": 1.0, "grid_umap_3d_z": 6.0, "grid_tsne_1d_x": 56.0, "grid_tsne_2d_x": 25.0, "grid_tsne_2d_y": 31.0, "grid_tsne_3d_x": 5.0, "grid_tsne_3d_y": 2.0, "grid_tsne_3d_z": 2.0, "patch_file": "patch_0057.png" }, "geometry": { "type": "Point", "coordinates": [ 125.313858264964267, -26.127980723828472 ] } },
{ "type": "Feature", "properties": { "index": 58, "lon": 114.7983719495756, "lat": 63.988676063938343, "classification": 113, "subregion_name": "Eastern Europe", "umap_1d_x": 22.278912, "umap_2d_x": -43.430595, "umap_2d_y": -45.864712, "umap_3d_x": -41.889343, "umap_3d_y": -25.693525, "umap_3d_z": 46.63559, "tsne_1d_x": 41.850315, "tsne_2d_x": -35.09861, "tsne_2d_y": -16.501122, "tsne_3d_x": 15.358917, "tsne_3d_y": -15.945457, "tsne_3d_z": 35.723991, "grid_umap_1d_x": 58.0, "grid_umap_2d_x": 14.0, "grid_umap_2d_y": 2.0, "grid_umap_3d_x": 5.0, "grid_umap_3d_y": 7.0, "grid_umap_3d_z": 7.0, "grid_tsne_1d_x": 58.0, "grid_tsne_2d_x": 17.0, "grid_tsne_2d_y": 14.0, "grid_tsne_3d_x": 4.0, "grid_tsne_3d_y": 5.0, "grid_tsne_3d_z": 7.0, "patch_file": "patch_0058.png" }, "geometry": { "type": "Point", "coordinates": [ 114.798371949575596, 63.988676063938343 ] } },
{ "type": "Feature", "properties": { "index": 59, "lon": -158.54414770804095, "lat": 67.130943366405546, "classification": 30, "subregion_name": "Unknown", "umap_1d_x": 23.811096, "umap_2d_x": -44.785259, "umap_2d_y": -31.826874, "umap_3d_x": -46.205776, "umap_3d_y": -25.892635, "umap_3d_z": 29.886665, "tsne_1d_x": 53.78215, "tsne_2d_x": -46.191807, "tsne_2d_y": -7.4581108, "tsne_3d_x": 35.334793, "tsne_3d_y": -27.820475, "tsne_3d_z": 31.827309, "grid_umap_1d_x": 59.0, "grid_umap_2d_x": 12.0, "grid_umap_2d_y": 11.0, "grid_umap_3d_x": 1.0, "grid_umap_3d_y": 5.0, "grid_umap_3d_z": 7.0, "grid_tsne_1d_x": 59.0, "grid_tsne_2d_x": 18.0, "grid_tsne_2d_y": 22.0, "grid_tsne_3d_x": 8.0, "grid_tsne_3d_y": 2.0, "grid_tsne_3d_z": 7.0, "patch_file": "patch_0059.png" }, "geometry": { "type": "Point", "coordinates": [ -158.544147708040953, 67.130943366405546 ] } },
{ "type": "Feature", "properties": { "index": 60, "lon": 109.25502055273319, "lat": 1.165548708344943, "classification": 112, "subregion_name": "South-eastern Asia", "umap_1d_x": -4.6831088, "umap_2d_x": 28.150139, "umap_2d_y": 36.920212, "umap_3d_x": 23.950752, "umap_3d_y": 38.648949, "umap_3d_z": -18.730385, "tsne_1d_x": -31.639595, "tsne_2d_x": 23.790466, "tsne_2d_y": -29.113207, "tsne_3d_x": -25.2383, "tsne_3d_y": 30.695061, "tsne_3d_z": -18.501944, "grid_umap_1d_x": 60.0, "grid_umap_2d_x": 26.0, "grid_umap_2d_y": 27.0, "grid_umap_3d_x": 7.0, "grid_umap_3d_y": 9.0, "grid_umap_3d_z": 4.0, "grid_tsne_1d_x": 60.0, "grid_tsne_2d_x": 25.0, "grid_tsne_2d_y": 0.0, "grid_tsne_3d_x": 1.0, "grid_tsne_3d_y": 8.0, "grid_tsne_3d_z": 2.0, "patch_file": "patch_0060.png" }, "geometry": { "type": "Point", "coordinates": [ 109.255020552733185, 1.165548708344943 ] } },
{ "type": "Feature", "properties": { "index": 61, "lon": 17.34409252854897, "lat": -7.7668864912515403, "classification": 30, "subregion_name": "Sub-Saharan Africa", "umap_1d_x": -8.7259264, "umap_2d_x": 39.34671, "umap_2d_y": 31.236679, "umap_3d_x": 40.177582, "umap_3d_y": 39.272896, "umap_3d_z": -3.7354965, "tsne_1d_x": -45.739964, "tsne_2d_x": 47.783173, "tsne_2d_y": 12.5401, "tsne_3d_x": -17.726768, "tsne_3d_y": 22.298836, "tsne_3d_z": -40.812572, "grid_umap_1d_x": 61.0, "grid_umap_2d_x": 30.0, "grid_umap_2d_y": 28.0, "grid_umap_3d_x": 7.0, "grid_umap_3d_y": 9.0, "grid_umap_3d_z": 7.0, "grid_tsne_1d_x": 61.0, "grid_tsne_2d_x": 30.0, "grid_tsne_2d_y": 13.0, "grid_tsne_3d_x": 2.0, "grid_tsne_3d_y": 8.0, "grid_tsne_3d_z": 0.0, "patch_file": "patch_0061.png" }, "geometry": { "type": "Point", "coordinates": [ 17.34409252854897, -7.76688649125154 ] } },
{ "type": "Feature", "properties": { "index": 62, "lon": 43.35848268432747, "lat": 3.4457871517848062, "classification": 20, "subregion_name": "Sub-Saharan Africa", "umap_1d_x": 2.842696, "umap_2d_x": -11.84977, "umap_2d_y": 42.449966, "umap_3d_x": -10.383423, "umap_3d_y": 17.633629, "umap_3d_z": -48.827995, "tsne_1d_x": -21.687719, "tsne_2d_x": 20.628044, "tsne_2d_y": 10.882252, "tsne_3d_x": 24.306252, "tsne_3d_y": 34.248589, "tsne_3d_z": -24.056128, "grid_umap_1d_x": 62.0, "grid_umap_2d_x": 13.0, "grid_umap_2d_y": 29.0, "grid_umap_3d_x": 1.0, "grid_umap_3d_y": 9.0, "grid_umap_3d_z": 1.0, "grid_tsne_1d_x": 62.0, "grid_tsne_2d_x": 22.0, "grid_tsne_2d_y": 14.0, "grid_tsne_3d_x": 7.0, "grid_tsne_3d_y": 6.0, "grid_tsne_3d_z": 3.0, "patch_file": "patch_0062.png" }, "geometry": { "type": "Point", "coordinates": [ 43.35848268432747, 3.445787151784806 ] } },
{ "type": "Feature", "properties": { "index": 63, "lon": 120.15991844748947, "lat": 52.096603630809128, "classification": 113, "subregion_name": "Eastern Europe", "umap_1d_x": 19.588322, "umap_2d_x": -36.889477, "umap_2d_y": -47.857044, "umap_3d_x": -34.705383, "umap_3d_y": -30.816357, "umap_3d_z": 42.942337, "tsne_1d_x": 32.747162, "tsne_2d_x": -24.114504, "tsne_2d_y": -14.302738, "tsne_3d_x": 3.3213005, "tsne_3d_y": -11.101768, "tsne_3d_z": 29.71685, "grid_umap_1d_x": 63.0, "grid_umap_2d_x": 27.0, "grid_umap_2d_y": 3.0, "grid_umap_3d_x": 5.0, "grid_umap_3d_y": 4.0, "grid_umap_3d_z": 9.0, "grid_tsne_1d_x": 63.0, "grid_tsne_2d_x": 14.0, "grid_tsne_2d_y": 10.0, "grid_tsne_3d_x": 2.0, "grid_tsne_3d_y": 4.0, "grid_tsne_3d_z": 9.0, "patch_file": "patch_0063.png" }, "geometry": { "type": "Point", "coordinates": [ 120.159918447489474, 52.096603630809128 ] } },
{ "type": "Feature", "properties": { "index": 64, "lon": -74.701579801147034, "lat": -9.7455804930374939, "classification": 112, "subregion_name": "Latin America and the Caribbean", "umap_1d_x": -3.3735328, "umap_2d_x": 24.182243, "umap_2d_y": 44.040466, "umap_3d_x": 20.209297, "umap_3d_y": 33.662689, "umap_3d_z": -27.041389, "tsne_1d_x": -34.527782, "tsne_2d_x": 21.936623, "tsne_2d_y": -40.162132, "tsne_3d_x": -35.217487, "tsne_3d_y": 30.123825, "tsne_3d_z": -3.4793663, "grid_umap_1d_x": 64.0, "grid_umap_2d_x": 20.0, "grid_umap_2d_y": 29.0, "grid_umap_3d_x": 8.0, "grid_umap_3d_y": 6.0, "grid_umap_3d_z": 1.0, "grid_tsne_1d_x": 64.0, "grid_tsne_2d_x": 25.0, "grid_tsne_2d_y": 9.0, "grid_tsne_3d_x": 0.0, "grid_tsne_3d_y": 7.0, "grid_tsne_3d_z": 7.0, "patch_file": "patch_0064.png" }, "geometry": { "type": "Point", "coordinates": [ -74.701579801147034, -9.745580493037494 ] } },
{ "type": "Feature", "properties": { "index": 65, "lon": 120.86562955704647, "lat": -32.806461035757401, "classification": 20, "subregion_name": "Unknown", "umap_1d_x": -12.761422, "umap_2d_x": 44.168869, "umap_2d_y": 6.547821, "umap_3d_x": 44.09156, "umap_3d_y": 5.1549263, "umap_3d_z": 0.65744019, "tsne_1d_x": -59.006271, "tsne_2d_x": 35.477425, "tsne_2d_y": 35.837166, "tsne_3d_x": -0.48204422, "tsne_3d_y": -16.150101, "tsne_3d_z": -37.37104, "grid_umap_1d_x": 65.0, "grid_umap_2d_x": 29.0, "grid_umap_2d_y": 10.0, "grid_umap_3d_x": 9.0, "grid_umap_3d_y": 3.0, "grid_umap_3d_z": 6.0, "grid_tsne_1d_x": 65.0, "grid_tsne_2d_x": 29.0, "grid_tsne_2d_y": 31.0, "grid_tsne_3d_x": 4.0, "grid_tsne_3d_y": 0.0, "grid_tsne_3d_z": 1.0, "patch_file": "patch_0065.png" }, "geometry": { "type": "Point", "coordinates": [ 120.865629557046475, -32.806461035757401 ] } },
{ "type": "Feature", "properties": { "index": 66, "lon": 109.17438309335125, "lat": 51.604316925137965, "classification": 113, "subregion_name": "Eastern Europe", "umap_1d_x": 20.217222, "umap_2d_x": -33.984447, "umap_2d_y": -45.176033, "umap_3d_x": -36.515945, "umap_3d_y": -44.86277, "umap_3d_z": 43.155136, "tsne_1d_x": 30.016531, "tsne_2d_x": -28.404285, "tsne_2d_y": -1.5450554, "tsne_3d_x": -3.5911903, "tsne_3d_y": -35.730946, "tsne_3d_z": 32.374229, "grid_umap_1d_x": 66.0, "grid_umap_2d_x": 25.0, "grid_umap_2d_y": 2.0, "grid_umap_3d_x": 7.0, "grid_umap_3d_y": 2.0, "grid_umap_3d_z": 9.0, "grid_tsne_1d_x": 66.0, "grid_tsne_2d_x": 12.0, "grid_tsne_2d_y": 18.0, "grid_tsne_3d_x": 0.0, "grid_tsne_3d_y": 2.0, "grid_tsne_3d_z": 8.0, "patch_file": "patch_0066.png" }, "geometry": { "type": "Point", "coordinates": [ 109.174383093351253, 51.604316925137965 ] } },
{ "type": "Feature", "properties": { "index": 67, "lon": 101.61272088140379, "lat": 61.431749369622324, "classification": 113, "subregion_name": "Eastern Europe", "umap_1d_x": 23.047615, "umap_2d_x": -44.460411, "umap_2d_y": -40.889668, "umap_3d_x": -43.851959, "umap_3d_y": -24.889458, "umap_3d_z": 41.011002, "tsne_1d_x": 43.572617, "tsne_2d_x": -37.779011, "tsne_2d_y": -13.617893, "tsne_3d_x": 22.301125, "tsne_3d_y": -16.214203, "tsne_3d_z": 34.171539, "grid_umap_1d_x": 67.0, "grid_umap_2d_x": 17.0, "grid_umap_2d_y": 10.0, "grid_umap_3d_x": 3.0, "grid_umap_3d_y": 6.0, "grid_umap_3d_z": 8.0, "grid_tsne_1d_x": 67.0, "grid_tsne_2d_x": 9.0, "grid_tsne_2d_y": 12.0, "grid_tsne_3d_x": 7.0, "grid_tsne_3d_y": 3.0, "grid_tsne_3d_z": 9.0, "patch_file": "patch_0067.png" }, "geometry": { "type": "Point", "coordinates": [ 101.612720881403789, 61.431749369622324 ] } },
{ "type": "Feature", "properties": { "index": 68, "lon": 11.199746094754516, "lat": 61.125599487470524, "classification": 111, "subregion_name": "Northern Europe", "umap_1d_x": 22.232286, "umap_2d_x": -36.946682, "umap_2d_y": -33.272713, "umap_3d_x": -40.250626, "umap_3d_y": -38.48336, "umap_3d_z": 29.708496, "tsne_1d_x": 35.660679, "tsne_2d_x": -38.626976, "tsne_2d_y": 8.7782097, "tsne_3d_x": 26.990929, "tsne_3d_y": -35.556923, "tsne_3d_z": 25.49115, "grid_umap_1d_x": 68.0, "grid_umap_2d_x": 5.0, "grid_umap_2d_y": 1.0, "grid_umap_3d_x": 5.0, "grid_umap_3d_y": 4.0, "grid_umap_3d_z": 5.0, "grid_tsne_1d_x": 68.0, "grid_tsne_2d_x": 5.0, "grid_tsne_2d_y": 24.0, "grid_tsne_3d_x": 7.0, "grid_tsne_3d_y": 2.0, "grid_tsne_3d_z": 5.0, "patch_file": "patch_0068.png" }, "geometry": { "type": "Point", "coordinates": [ 11.199746094754516, 61.125599487470524 ] } },
{ "type": "Feature", "properties": { "index": 69, "lon": 125.80679403277514, "lat": 8.0598129197309021, "classification": 112, "subregion_name": "South-eastern Asia", "umap_1d_x": -4.7255735, "umap_2d_x": 28.535912, "umap_2d_y": 33.10321, "umap_3d_x": 24.965683, "umap_3d_y": 34.669174, "umap_3d_z": -16.493187, "tsne_1d_x": -26.324326, "tsne_2d_x": 20.223152, "tsne_2d_y": -23.958244, "tsne_3d_x": -20.227251, "tsne_3d_y": 26.434135, "tsne_3d_z": -18.595755, "grid_umap_1d_x": 69.0, "grid_umap_2d_x": 28.0, "grid_umap_2d_y": 30.0, "grid_umap_3d_x": 8.0, "grid_umap_3d_y": 9.0, "grid_umap_3d_z": 3.0, "grid_tsne_1d_x": 69.0, "grid_tsne_2d_x": 23.0, "grid_tsne_2d_y": 1.0, "grid_tsne_3d_x": 1.0, "grid_tsne_3d_y": 9.0, "grid_tsne_3d_z": 1.0, "patch_file": "patch_0069.png" }, "geometry": { "type": "Point", "coordinates": [ 125.806794032775144, 8.059812919730902 ] } },
{ "type": "Feature", "properties": { "index": 70, "lon": 3.8182274049198952, "lat": 15.532283536714303, "classification": 30, "subregion_name": "Sub-Saharan Africa", "umap_1d_x": 2.1755822, "umap_2d_x": -16.592224, "umap_2d_y": 38.630829, "umap_3d_x": -13.004993, "umap_3d_y": 3.1284103, "umap_3d_z": -49.302673, "tsne_1d_x": -14.610385, "tsne_2d_x": 13.391762, "tsne_2d_y": 13.5821, "tsne_3d_x": 31.373718, "tsne_3d_y": 34.489395, "tsne_3d_z": -10.1488, "grid_umap_1d_x": 70.0, "grid_umap_2d_x": 8.0, "grid_umap_2d_y": 30.0, "grid_umap_3d_x": 5.0, "grid_umap_3d_y": 3.0, "grid_umap_3d_z": 1.0, "grid_tsne_1d_x": 70.0, "grid_tsne_2d_x": 21.0, "grid_tsne_2d_y": 18.0, "grid_tsne_3d_x": 9.0, "grid_tsne_3d_y": 8.0, "grid_tsne_3d_z": 4.0, "patch_file": "patch_0070.png" }, "geometry": { "type": "Point", "coordinates": [ 3.818227404919895, 15.532283536714303 ] } },
{ "type": "Feature", "properties": { "index": 71, "lon": -142.57145314001752, "lat": 62.925975899828657, "classification": 126, "subregion_name": "Unknown", "umap_1d_x": 21.837828, "umap_2d_x": -42.434921, "umap_2d_y": -39.223835, "umap_3d_x": -44.531017, "umap_3d_y": -37.910904, "umap_3d_z": 38.45002, "tsne_1d_x": 38.954212, "tsne_2d_x": -36.320293, "tsne_2d_y": -3.1950798, "tsne_3d_x": 13.225685, "tsne_3d_y": -40.601334, "tsne_3d_z": 45.021317, "grid_umap_1d_x": 71.0, "grid_umap_2d_x": 22.0, "grid_umap_2d_y": 14.0, "grid_umap_3d_x": 5.0, "grid_umap_3d_y": 5.0, "grid_umap_3d_z": 6.0, "grid_tsne_1d_x": 71.0, "grid_tsne_2d_x": 21.0, "grid_tsne_2d_y": 23.0, "grid_tsne_3d_x": 3.0, "grid_tsne_3d_y": 5.0, "grid_tsne_3d_z": 6.0, "patch_file": "patch_0071.png" }, "geometry": { "type": "Point", "coordinates": [ -142.571453140017525, 62.925975899828657 ] } },
{ "type": "Feature", "properties": { "index": 72, "lon": 128.62191261817622, "lat": -3.1530832939231739, "classification": 112, "subregion_name": "South-eastern Asia", "umap_1d_x": -4.2232847, "umap_2d_x": 24.720879, "umap_2d_y": 36.240074, "umap_3d_x": 20.542313, "umap_3d_y": 32.387871, "umap_3d_z": -16.476475, "tsne_1d_x": -28.995029, "tsne_2d_x": 18.374268, "tsne_2d_y": -32.253204, "tsne_3d_x": -25.776649, "tsne_3d_y": 19.019234, "tsne_3d_z": -8.7480698, "grid_umap_1d_x": 72.0, "grid_umap_2d_x": 22.0, "grid_umap_2d_y": 28.0, "grid_umap_3d_x": 7.0, "grid_umap_3d_y": 8.0, "grid_umap_3d_z": 2.0, "grid_tsne_1d_x": 72.0, "grid_tsne_2d_x": 23.0, "grid_tsne_2d_y": 3.0, "grid_tsne_3d_x": 1.0, "grid_tsne_3d_y": 5.0, "grid_tsne_3d_z": 4.0, "patch_file": "patch_0072.png" }, "geometry": { "type": "Point", "coordinates": [ 128.621912618176225, -3.153083293923174 ] } },
{ "type": "Feature", "properties": { "index": 73, "lon": -92.136770233729564, "lat": 30.825888982028076, "classification": 40, "subregion_name": "Unknown", "umap_1d_x": 11.3292, "umap_2d_x": -19.273018, "umap_2d_y": -7.6149483, "umap_3d_x": -20.190733, "umap_3d_y": -22.111172, "umap_3d_z": 3.5426788, "tsne_1d_x": 5.7076211, "tsne_2d_x": -4.8684502, "tsne_2d_y": 3.52314, "tsne_3d_x": -11.984203, "tsne_3d_y": -15.793743, "tsne_3d_z": 0.10803223, "grid_umap_1d_x": 73.0, "grid_umap_2d_x": 16.0, "grid_umap_2d_y": 18.0, "grid_umap_3d_x": 2.0, "grid_umap_3d_y": 0.0, "grid_umap_3d_z": 3.0, "grid_tsne_1d_x": 73.0, "grid_tsne_2d_x": 10.0, "grid_tsne_2d_y": 12.0, "grid_tsne_3d_x": 0.0, "grid_tsne_3d_y": 1.0, "grid_tsne_3d_z": 3.0, "patch_file": "patch_0073.png" }, "geometry": { "type": "Point", "coordinates": [ -92.136770233729564, 30.825888982028076 ] } },
{ "type": "Feature", "properties": { "index": 74, "lon": 125.05999116020706, "lat": 68.220854216428705, "classification": 126, "subregion_name": "Eastern Europe", "umap_1d_x": 24.412821, "umap_2d_x": -48.831635, "umap_2d_y": -39.752487, "umap_3d_x": -48.154007, "umap_3d_y": -18.431347, "umap_3d_z": 40.454628, "tsne_1d_x": 50.660919, "tsne_2d_x": -41.07346, "tsne_2d_y": -17.964169, "tsne_3d_x": 28.301643, "tsne_3d_y": -12.541855, "tsne_3d_z": 40.861259, "grid_umap_1d_x": 74.0, "grid_umap_2d_x": 20.0, "grid_umap_2d_y": 15.0, "grid_umap_3d_x": 1.0, "grid_umap_3d_y": 9.0, "grid_umap_3d_z": 9.0, "grid_tsne_1d_x": 74.0, "grid_tsne_2d_x": 18.0, "grid_tsne_2d_y": 16.0, "grid_tsne_3d_x": 7.0, "grid_tsne_3d_y": 6.0, "grid_tsne_3d_z": 9.0, "patch_file": "patch_0074.png" }, "geometry": { "type": "Point", "coordinates": [ 125.059991160207062, 68.220854216428705 ] } },
{ "type": "Feature", "properties": { "index": 75, "lon": 38.685726221705607, "lat": 8.4842483861892788, "classification": 40, "subregion_name": "Sub-Saharan Africa", "umap_1d_x": 4.1543188, "umap_2d_x": -8.2850189, "umap_2d_y": 30.608276, "umap_3d_x": -7.4733353, "umap_3d_y": 10.027111, "umap_3d_z": -39.57991, "tsne_1d_x": -20.111551, "tsne_2d_x": 21.120171, "tsne_2d_y": -4.5652733, "tsne_3d_x": 9.4092255, "tsne_3d_y": 26.514404, "tsne_3d_z": -18.470112, "grid_umap_1d_x": 75.0, "grid_umap_2d_x": 9.0, "grid_umap_2d_y": 26.0, "grid_umap_3d_x": 2.0, "grid_umap_3d_y": 8.0, "grid_umap_3d_z": 0.0, "grid_tsne_1d_x": 75.0, "grid_tsne_2d_x": 22.0, "grid_tsne_2d_y": 1.0, "grid_tsne_3d_x": 7.0, "grid_tsne_3d_y": 9.0, "grid_tsne_3d_z": 0.0, "patch_file": "patch_0075.png" }, "geometry": { "type": "Point", "coordinates": [ 38.685726221705607, 8.484248386189279 ] } },
{ "type": "Feature", "properties": { "index": 76, "lon": 113.62045398750541, "lat": -0.076406493894609004, "classification": 112, "subregion_name": "South-eastern Asia", "umap_1d_x": -4.5440865, "umap_2d_x": 27.355453, "umap_2d_y": 38.103828, "umap_3d_x": 23.060486, "umap_3d_y": 38.76622, "umap_3d_z": -19.689402, "tsne_1d_x": -31.782749, "tsne_2d_x": 23.445724, "tsne_2d_y": -31.631433, "tsne_3d_x": -26.752605, "tsne_3d_y": 30.930771, "tsne_3d_z": -15.602951, "grid_umap_1d_x": 76.0, "grid_umap_2d_x": 23.0, "grid_umap_2d_y": 24.0, "grid_umap_3d_x": 5.0, "grid_umap_3d_y": 7.0, "grid_umap_3d_z": 5.0, "grid_tsne_1d_x": 76.0, "grid_tsne_2d_x": 25.0, "grid_tsne_2d_y": 5.0, "grid_tsne_3d_x": 0.0, "grid_tsne_3d_y": 9.0, "grid_tsne_3d_z": 2.0, "patch_file": "patch_0076.png" }, "geometry": { "type": "Point", "coordinates": [ 113.620453987505414, -0.076406493894609 ] } },
{ "type": "Feature", "properties": { "index": 77, "lon": -69.039820676765757, "lat": 55.149301050169655, "classification": 111, "subregion_name": "Northern America", "umap_1d_x": 23.446201, "umap_2d_x": -43.289398, "umap_2d_y": -32.012039, "umap_3d_x": -44.750328, "umap_3d_y": -32.044365, "umap_3d_z": 30.465927, "tsne_1d_x": 45.38475, "tsne_2d_x": -42.059692, "tsne_2d_y": 8.0277634, "tsne_3d_x": 32.040184, "tsne_3d_y": -37.2005, "tsne_3d_z": 31.592392, "grid_umap_1d_x": 77.0, "grid_umap_2d_x": 17.0, "grid_umap_2d_y": 14.0, "grid_umap_3d_x": 1.0, "grid_umap_3d_y": 3.0, "grid_umap_3d_z": 7.0, "grid_tsne_1d_x": 77.0, "grid_tsne_2d_x": 10.0, "grid_tsne_2d_y": 26.0, "grid_tsne_3d_x": 8.0, "grid_tsne_3d_y": 0.0, "grid_tsne_3d_z": 8.0, "patch_file": "patch_0077.png" }, "geometry": { "type": "Point", "coordinates": [ -69.039820676765757, 55.149301050169655 ] } },
{ "type": "Feature", "properties": { "index": 78, "lon": 118.38747039100986, "lat": 1.247147498503963, "classification": 112, "subregion_name": "South-eastern Asia", "umap_1d_x": -4.1960874, "umap_2d_x": 25.464821, "umap_2d_y": 38.95298, "umap_3d_x": 20.973984, "umap_3d_y": 35.877907, "umap_3d_z": -19.127522, "tsne_1d_x": -30.14488, "tsne_2d_x": 21.292084, "tsne_2d_y": -34.644501, "tsne_3d_x": -30.816883, "tsne_3d_y": 24.741447, "tsne_3d_z": -9.7891693, "grid_umap_1d_x": 78.0, "grid_umap_2d_x": 20.0, "grid_umap_2d_y": 25.0, "grid_umap_3d_x": 6.0, "grid_umap_3d_y": 7.0, "grid_umap_3d_z": 3.0, "grid_tsne_1d_x": 78.0, "grid_tsne_2d_x": 25.0, "grid_tsne_2d_y": 11.0, "grid_tsne_3d_x": 2.0, "grid_tsne_3d_y": 5.0, "grid_tsne_3d_z": 5.0, "patch_file": "patch_0078.png" }, "geometry": { "type": "Point", "coordinates": [ 118.387470391009856, 1.247147498503963 ] } },
{ "type": "Feature", "properties": { "index": 79, "lon": -69.171822262541369, "lat": -9.5658252038619906, "classification": 112, "subregion_name": "Latin America and the Caribbean", "umap_1d_x": -3.2114768, "umap_2d_x": 24.608681, "umap_2d_y": 47.289818, "umap_3d_x": 20.984497, "umap_3d_y": 34.988922, "umap_3d_z": -30.802452, "tsne_1d_x": -35.090015, "tsne_2d_x": 27.834023, "tsne_2d_y": -41.893856, "tsne_3d_x": -39.8125, "tsne_3d_y": 37.546295, "tsne_3d_z": -3.3503304, "grid_umap_1d_x": 79.0, "grid_umap_2d_x": 19.0, "grid_umap_2d_y": 27.0, "grid_umap_3d_x": 8.0, "grid_umap_3d_y": 5.0, "grid_umap_3d_z": 0.0, "grid_tsne_1d_x": 79.0, "grid_tsne_2d_x": 30.0, "grid_tsne_2d_y": 4.0, "grid_tsne_3d_x": 1.0, "grid_tsne_3d_y": 7.0, "grid_tsne_3d_z": 9.0, "patch_file": "patch_0079.png" }, "geometry": { "type": "Point", "coordinates": [ -69.171822262541369, -9.565825203861991 ] } },
{ "type": "Feature", "properties": { "index": 80, "lon": 81.14605053336328, "lat": 61.55566903940425, "classification": 116, "subregion_name": "Eastern Europe", "umap_1d_x": 22.409292, "umap_2d_x": -41.38884, "umap_2d_y": -34.191856, "umap_3d_x": -41.195557, "umap_3d_y": -30.978813, "umap_3d_z": 33.723656, "tsne_1d_x": 44.093506, "tsne_2d_x": -38.791031, "tsne_2d_y": -5.1028328, "tsne_3d_x": 21.686783, "tsne_3d_y": -24.304468, "tsne_3d_z": 30.092133, "grid_umap_1d_x": 80.0, "grid_umap_2d_x": 18.0, "grid_umap_2d_y": 13.0, "grid_umap_3d_x": 3.0, "grid_umap_3d_y": 4.0, "grid_umap_3d_z": 7.0, "grid_tsne_1d_x": 80.0, "grid_tsne_2d_x": 13.0, "grid_tsne_2d_y": 19.0, "grid_tsne_3d_x": 5.0, "grid_tsne_3d_y": 5.0, "grid_tsne_3d_z": 5.0, "patch_file": "patch_0080.png" }, "geometry": { "type": "Point", "coordinates": [ 81.14605053336328, 61.55566903940425 ] } },
{ "type": "Feature", "properties": { "index": 81, "lon": 104.89428188127675, "lat": 68.925401227405729, "classification": 116, "subregion_name": "Eastern Europe", "umap_1d_x": 23.136909, "umap_2d_x": -46.074238, "umap_2d_y": -45.734791, "umap_3d_x": -44.853859, "umap_3d_y": -22.525856, "umap_3d_z": 46.716675, "tsne_1d_x": 42.356693, "tsne_2d_x": -36.861301, "tsne_2d_y": -19.104914, "tsne_3d_x": 18.677811, "tsne_3d_y": -15.971554, "tsne_3d_z": 40.574715, "grid_umap_1d_x": 81.0, "grid_umap_2d_x": 9.0, "grid_umap_2d_y": 0.0, "grid_umap_3d_x": 3.0, "grid_umap_3d_y": 8.0, "grid_umap_3d_z": 9.0, "grid_tsne_1d_x": 81.0, "grid_tsne_2d_x": 0.0, "grid_tsne_2d_y": 3.0, "grid_tsne_3d_x": 5.0, "grid_tsne_3d_y": 4.0, "grid_tsne_3d_z": 9.0, "patch_file": "patch_0081.png" }, "geometry": { "type": "Point", "coordinates": [ 104.894281881276754, 68.925401227405729 ] } },
{ "type": "Feature", "properties": { "index": 82, "lon": -95.106229478573695, "lat": 53.49584400912471, "classification": 111, "subregion_name": "Northern America", "umap_1d_x": 20.403677, "umap_2d_x": -32.37928, "umap_2d_y": -42.460419, "umap_3d_x": -36.314724, "umap_3d_y": -49.076347, "umap_3d_z": 38.758942, "tsne_1d_x": 28.531342, "tsne_2d_x": -29.416277, "tsne_2d_y": 5.2460175, "tsne_3d_x": 3.1684875, "tsne_3d_y": -44.869675, "tsne_3d_z": 26.790627, "grid_umap_1d_x": 82.0, "grid_umap_2d_x": 20.0, "grid_umap_2d_y": 0.0, "grid_umap_3d_x": 9.0, "grid_umap_3d_y": 1.0, "grid_umap_3d_z": 8.0, "grid_tsne_1d_x": 82.0, "grid_tsne_2d_x": 17.0, "grid_tsne_2d_y": 24.0, "grid_tsne_3d_x": 1.0, "grid_tsne_3d_y": 2.0, "grid_tsne_3d_z": 6.0, "patch_file": "patch_0082.png" }, "geometry": { "type": "Point", "coordinates": [ -95.106229478573695, 53.49584400912471 ] } },
{ "type": "Feature", "properties": { "index": 83, "lon": 109.15778309241341, "lat": 37.203454770708333, "classification": 30, "subregion_name": "Unknown", "umap_1d_x": 9.3828478, "umap_2d_x": -15.424232, "umap_2d_y": -6.8913193, "umap_3d_x": -22.257006, "umap_3d_y": -6.6639557, "umap_3d_z": 8.7316742, "tsne_1d_x": 18.109411, "tsne_2d_x": -8.8415909, "tsne_2d_y": -15.960434, "tsne_3d_x": 12.110687, "tsne_3d_y": 13.240845, "tsne_3d_z": 13.725311, "grid_umap_1d_x": 83.0, "grid_umap_2d_x": 9.0, "grid_umap_2d_y": 11.0, "grid_umap_3d_x": 0.0, "grid_umap_3d_y": 7.0, "grid_umap_3d_z": 4.0, "grid_tsne_1d_x": 83.0, "grid_tsne_2d_x": 16.0, "grid_tsne_2d_y": 11.0, "grid_tsne_3d_x": 8.0, "grid_tsne_3d_y": 9.0, "grid_tsne_3d_z": 8.0, "patch_file": "patch_0083.png" }, "geometry": { "type": "Point", "coordinates": [ 109.15778309241341, 37.203454770708333 ] } },
{ "type": "Feature", "properties": { "index": 84, "lon": -90.326326198466333, "lat": 15.350672752266192, "classification": 112, "subregion_name": "Latin America and the Caribbean", "umap_1d_x": 6.8363461, "umap_2d_x": -13.770569, "umap_2d_y": 11.781002, "umap_3d_x": -11.651726, "umap_3d_y": -1.1045113, "umap_3d_z": -13.61771, "tsne_1d_x": -8.3786001, "tsne_2d_x": 6.4232521, "tsne_2d_y": -16.185413, "tsne_3d_x": -3.3431511, "tsne_3d_y": 19.227013, "tsne_3d_z": -3.0114937, "grid_umap_1d_x": 84.0, "grid_umap_2d_x": 6.0, "grid_umap_2d_y": 21.0, "grid_umap_3d_x": 2.0, "grid_umap_3d_y": 5.0, "grid_umap_3d_z": 2.0, "grid_tsne_1d_x": 84.0, "grid_tsne_2d_x": 15.0, "grid_tsne_2d_y": 1.0, "grid_tsne_3d_x": 2.0, "grid_tsne_3d_y": 9.0, "grid_tsne_3d_z": 2.0, "patch_file": "patch_0084.png" }, "geometry": { "type": "Point", "coordinates": [ -90.326326198466333, 15.350672752266192 ] } },
{ "type": "Feature", "properties": { "index": 85, "lon": 6.9936569007049911, "lat": 60.387481986526794, "classification": 30, "subregion_name": "Northern Europe", "umap_1d_x": 24.157024, "umap_2d_x": -45.94117, "umap_2d_y": -30.153851, "umap_3d_x": -47.324638, "umap_3d_y": -25.150051, "umap_3d_z": 27.642334, "tsne_1d_x": 54.514317, "tsne_2d_x": -49.0718, "tsne_2d_y": -6.0285759, "tsne_3d_x": 44.542519, "tsne_3d_y": -32.387238, "tsne_3d_z": 33.114525, "grid_umap_1d_x": 85.0, "grid_umap_2d_x": 13.0, "grid_umap_2d_y": 13.0, "grid_umap_3d_x": 4.0, "grid_umap_3d_y": 7.0, "grid_umap_3d_z": 5.0, "grid_tsne_1d_x": 85.0, "grid_tsne_2d_x": 0.0, "grid_tsne_2d_y": 15.0, "grid_tsne_3d_x": 9.0, "grid_tsne_3d_y": 2.0, "grid_tsne_3d_z": 6.0, "patch_file": "patch_0085.png" }, "geometry": { "type": "Point", "coordinates": [ 6.993656900704991, 60.387481986526794 ] } },
{ "type": "Feature", "properties": { "index": 86, "lon": -73.317407011354632, "lat": 19.732602595955001, "classification": 126, "subregion_name": "Latin America and the Caribbean", "umap_1d_x": 6.0193005, "umap_2d_x": -10.042831, "umap_2d_y": 17.649689, "umap_3d_x": -6.881237, "umap_3d_y": 2.9553757, "umap_3d_z": -21.887722, "tsne_1d_x": -24.372398, "tsne_2d_x": 12.971695, "tsne_2d_y": -17.140762, "tsne_3d_x": -9.72715, "tsne_3d_y": 34.062836, "tsne_3d_z": -7.616066, "grid_umap_1d_x": 86.0, "grid_umap_2d_x": 10.0, "grid_umap_2d_y": 24.0, "grid_umap_3d_x": 3.0, "grid_umap_3d_y": 5.0, "grid_umap_3d_z": 1.0, "grid_tsne_1d_x": 86.0, "grid_tsne_2d_x": 19.0, "grid_tsne_2d_y": 1.0, "grid_tsne_3d_x": 2.0, "grid_tsne_3d_y": 9.0, "grid_tsne_3d_z": 3.0, "patch_file": "patch_0086.png" }, "geometry": { "type": "Point", "coordinates": [ -73.317407011354632, 19.732602595955001 ] } },
{ "type": "Feature", "properties": { "index": 87, "lon": -91.600767959970668, "lat": 16.597172904225971, "classification": 112, "subregion_name": "Latin America and the Caribbean", "umap_1d_x": 6.7578011, "umap_2d_x": -12.708565, "umap_2d_y": 12.14764, "umap_3d_x": -10.826553, "umap_3d_y": -0.034629821999999422, "umap_3d_z": -14.602585, "tsne_1d_x": -8.6050596, "tsne_2d_x": 7.5753746, "tsne_2d_y": -16.235256, "tsne_3d_x": -3.3765373, "tsne_3d_y": 24.837601, "tsne_3d_z": -5.3702431, "grid_umap_1d_x": 87.0, "grid_umap_2d_x": 2.0, "grid_umap_2d_y": 19.0, "grid_umap_3d_x": 1.0, "grid_umap_3d_y": 7.0, "grid_umap_3d_z": 2.0, "grid_tsne_1d_x": 87.0, "grid_tsne_2d_x": 16.0, "grid_tsne_2d_y": 2.0, "grid_tsne_3d_x": 3.0, "grid_tsne_3d_y": 8.0, "grid_tsne_3d_z": 3.0, "patch_file": "patch_0087.png" }, "geometry": { "type": "Point", "coordinates": [ -91.600767959970668, 16.597172904225971 ] } },
{ "type": "Feature", "properties": { "index": 88, "lon": -69.02743947013829, "lat": 3.72699199970954, "classification": 112, "subregion_name": "Latin America and the Caribbean", "umap_1d_x": -2.573622, "umap_2d_x": 20.709137, "umap_2d_y": 47.833511, "umap_3d_x": 18.215408, "umap_3d_y": 43.089447, "umap_3d_z": -30.78286, "tsne_1d_x": -36.867603, "tsne_2d_x": 23.345627, "tsne_2d_y": -45.780762, "tsne_3d_x": -34.678616, "tsne_3d_y": 44.695007, "tsne_3d_z": -12.205883, "grid_umap_1d_x": 88.0, "grid_umap_2d_x": 15.0, "grid_umap_2d_y": 31.0, "grid_umap_3d_x": 4.0, "grid_umap_3d_y": 9.0, "grid_umap_3d_z": 2.0, "grid_tsne_1d_x": 88.0, "grid_tsne_2d_x": 26.0, "grid_tsne_2d_y": 10.0, "grid_tsne_3d_x": 1.0, "grid_tsne_3d_y": 9.0, "grid_tsne_3d_z": 6.0, "patch_file": "patch_0088.png" }, "geometry": { "type": "Point", "coordinates": [ -69.02743947013829, 3.72699199970954 ] } },
{ "type": "Feature", "properties": { "index": 89, "lon": -88.616779537197402, "lat": 14.638225963566796, "classification": 122, "subregion_name": "Latin America and the Caribbean", "umap_1d_x": 6.650629, "umap_2d_x": -13.90189, "umap_2d_y": 13.532513, "umap_3d_x": -11.09206, "umap_3d_y": -0.62216568, "umap_3d_z": -17.447788, "tsne_1d_x": -9.1973658, "tsne_2d_x": 9.5939178, "tsne_2d_y": -13.333935, "tsne_3d_x": 1.5181198, "tsne_3d_y": 17.536201, "tsne_3d_z": -6.7131653, "grid_umap_1d_x": 89.0, "grid_umap_2d_x": 5.0, "grid_umap_2d_y": 22.0, "grid_umap_3d_x": 2.0, "grid_umap_3d_y": 4.0, "grid_umap_3d_z": 0.0, "grid_tsne_1d_x": 89.0, "grid_tsne_2d_x": 17.0, "grid_tsne_2d_y": 2.0, "grid_tsne_3d_x": 4.0, "grid_tsne_3d_y": 8.0, "grid_tsne_3d_z": 1.0, "patch_file": "patch_0089.png" }, "geometry": { "type": "Point", "coordinates": [ -88.616779537197402, 14.638225963566796 ] } },
{ "type": "Feature", "properties": { "index": 90, "lon": 70.353340490261104, "lat": 42.164741254764877, "classification": 20, "subregion_name": "Unknown", "umap_1d_x": 13.02153, "umap_2d_x": -24.962219, "umap_2d_y": 4.9082451, "umap_3d_x": -25.125957, "umap_3d_y": -17.490421, "umap_3d_z": -8.2820358, "tsne_1d_x": 1.2458992, "tsne_2d_x": 0.36491776, "tsne_2d_y": 24.316147, "tsne_3d_x": 24.927193, "tsne_3d_y": 4.7259827, "tsne_3d_z": -8.0755386, "grid_umap_1d_x": 90.0, "grid_umap_2d_x": 15.0, "grid_umap_2d_y": 24.0, "grid_umap_3d_x": 2.0, "grid_umap_3d_y": 2.0, "grid_umap_3d_z": 1.0, "grid_tsne_1d_x": 90.0, "grid_tsne_2d_x": 6.0, "grid_tsne_2d_y": 26.0, "grid_tsne_3d_x": 9.0, "grid_tsne_3d_y": 6.0, "grid_tsne_3d_z": 2.0, "patch_file": "patch_0090.png" }, "geometry": { "type": "Point", "coordinates": [ 70.353340490261104, 42.164741254764877 ] } },
{ "type": "Feature", "properties": { "index": 91, "lon": 39.393638731623838, "lat": 54.70693474849935, "classification": 114, "subregion_name": "Eastern Europe", "umap_1d_x": 16.926277, "umap_2d_x": -29.065195, "umap_2d_y": -22.346136, "umap_3d_x": -29.687407, "umap_3d_y": -37.302509, "umap_3d_z": 17.024628, "tsne_1d_x": 21.136835, "tsne_2d_x": -17.634758, "tsne_2d_y": 9.8249969, "tsne_3d_x": 10.638393, "tsne_3d_y": -22.132885, "tsne_3d_z": 10.465652, "grid_umap_1d_x": 91.0, "grid_umap_2d_x": 22.0, "grid_umap_2d_y": 17.0, "grid_umap_3d_x": 6.0, "grid_umap_3d_y": 3.0, "grid_umap_3d_z": 5.0, "grid_tsne_1d_x": 91.0, "grid_tsne_2d_x": 15.0, "grid_tsne_2d_y": 23.0, "grid_tsne_3d_x": 6.0, "grid_tsne_3d_y": 0.0, "grid_tsne_3d_z": 5.0, "patch_file": "patch_0091.png" }, "geometry": { "type": "Point", "coordinates": [ 39.393638731623838, 54.70693474849935 ] } },
{ "type": "Feature", "properties": { "index": 92, "lon": 49.064734929019153, "lat": 32.930993888649454, "classification": 20, "subregion_name": "Southern Asia", "umap_1d_x": 12.750308, "umap_2d_x": -23.326487, "umap_2d_y": 4.684288, "umap_3d_x": -23.394749, "umap_3d_y": -16.862324, "umap_3d_z": -7.6633453, "tsne_1d_x": -0.11698102, "tsne_2d_x": 0.38053893999999389, "tsne_2d_y": 16.387459, "tsne_3d_x": 14.286987, "tsne_3d_y": 9.5078049, "tsne_3d_z": -7.0608444, "grid_umap_1d_x": 92.0, "grid_umap_2d_x": 6.0, "grid_umap_2d_y": 19.0, "grid_umap_3d_x": 1.0, "grid_umap_3d_y": 1.0, "grid_umap_3d_z": 1.0, "grid_tsne_1d_x": 92.0, "grid_tsne_2d_x": 19.0, "grid_tsne_2d_y": 24.0, "grid_tsne_3d_x": 9.0, "grid_tsne_3d_y": 7.0, "grid_tsne_3d_z": 0.0, "patch_file": "patch_0092.png" }, "geometry": { "type": "Point", "coordinates": [ 49.064734929019153, 32.930993888649454 ] } },
{ "type": "Feature", "properties": { "index": 93, "lon": 98.478182120294264, "lat": 3.1891404537673371, "classification": 40, "subregion_name": "South-eastern Asia", "umap_1d_x": 4.4788537, "umap_2d_x": -7.1013298, "umap_2d_y": 31.512955, "umap_3d_x": -5.9311981, "umap_3d_y": 12.884987, "umap_3d_z": -39.352612, "tsne_1d_x": -20.319534, "tsne_2d_x": 21.654533, "tsne_2d_y": -1.7424431, "tsne_3d_x": 9.9496193, "tsne_3d_y": 29.986725, "tsne_3d_z": -22.731287, "grid_umap_1d_x": 93.0, "grid_umap_2d_x": 2.0, "grid_umap_2d_y": 29.0, "grid_umap_3d_x": 3.0, "grid_umap_3d_y": 9.0, "grid_umap_3d_z": 0.0, "grid_tsne_1d_x": 93.0, "grid_tsne_2d_x": 23.0, "grid_tsne_2d_y": 7.0, "grid_tsne_3d_x": 7.0, "grid_tsne_3d_y": 8.0, "grid_tsne_3d_z": 0.0, "patch_file": "patch_0093.png" }, "geometry": { "type": "Point", "coordinates": [ 98.478182120294264, 3.189140453767337 ] } },
{ "type": "Feature", "properties": { "index": 94, "lon": 52.524347792195783, "lat": 56.049780242558299, "classification": 30, "subregion_name": "Eastern Europe", "umap_1d_x": 16.064034, "umap_2d_x": -38.551151, "umap_2d_y": -18.719807, "umap_3d_x": -36.985493, "umap_3d_y": -23.89316, "umap_3d_z": 11.960983, "tsne_1d_x": 16.21776, "tsne_2d_x": -16.318901, "tsne_2d_y": 24.455521, "tsne_3d_x": 28.241158, "tsne_3d_y": -9.3818741, "tsne_3d_z": 12.727516, "grid_umap_1d_x": 94.0, "grid_umap_2d_x": 8.0, "grid_umap_2d_y": 14.0, "grid_umap_3d_x": 0.0, "grid_umap_3d_y": 3.0, "grid_umap_3d_z": 5.0, "grid_tsne_1d_x": 94.0, "grid_tsne_2d_x": 5.0, "grid_tsne_2d_y": 28.0, "grid_tsne_3d_x": 9.0, "grid_tsne_3d_y": 4.0, "grid_tsne_3d_z": 5.0, "patch_file": "patch_0094.png" }, "geometry": { "type": "Point", "coordinates": [ 52.524347792195783, 56.049780242558299 ] } },
{ "type": "Feature", "properties": { "index": 95, "lon": 133.04035190842944, "lat": 33.192098558036918, "classification": 111, "subregion_name": "Eastern Asia", "umap_1d_x": 10.007596, "umap_2d_x": -18.861935, "umap_2d_y": -1.8939972, "umap_3d_x": -18.433809, "umap_3d_y": -13.509125, "umap_3d_z": 5.6721344, "tsne_1d_x": -3.1009641, "tsne_2d_x": -6.3367195, "tsne_2d_y": -7.3862305, "tsne_3d_x": 2.4795837, "tsne_3d_y": 9.1710014, "tsne_3d_z": 4.2873573, "grid_umap_1d_x": 95.0, "grid_umap_2d_x": 2.0, "grid_umap_2d_y": 12.0, "grid_umap_3d_x": 1.0, "grid_umap_3d_y": 2.0, "grid_umap_3d_z": 4.0, "grid_tsne_1d_x": 95.0, "grid_tsne_2d_x": 9.0, "grid_tsne_2d_y": 5.0, "grid_tsne_3d_x": 3.0, "grid_tsne_3d_y": 8.0, "grid_tsne_3d_z": 5.0, "patch_file": "patch_0095.png" }, "geometry": { "type": "Point", "coordinates": [ 133.040351908429443, 33.192098558036918 ] } },
{ "type": "Feature", "properties": { "index": 96, "lon": -57.805919921350366, "lat": 53.484613790243969, "classification": 111, "subregion_name": "Northern America", "umap_1d_x": 22.143286, "umap_2d_x": -38.037655, "umap_2d_y": -32.437042, "umap_3d_x": -41.575928, "umap_3d_y": -38.886703, "umap_3d_z": 28.688507, "tsne_1d_x": 35.453857, "tsne_2d_x": -39.770523, "tsne_2d_y": 12.497242, "tsne_3d_x": 27.151413, "tsne_3d_y": -42.263992, "tsne_3d_z": 26.789383, "grid_umap_1d_x": 96.0, "grid_umap_2d_x": 5.0, "grid_umap_2d_y": 2.0, "grid_umap_3d_x": 0.0, "grid_umap_3d_y": 0.0, "grid_umap_3d_z": 7.0, "grid_tsne_1d_x": 96.0, "grid_tsne_2d_x": 8.0, "grid_tsne_2d_y": 27.0, "grid_tsne_3d_x": 7.0, "grid_tsne_3d_y": 1.0, "grid_tsne_3d_z": 5.0, "patch_file": "patch_0096.png" }, "geometry": { "type": "Point", "coordinates": [ -57.805919921350366, 53.484613790243969 ] } },
{ "type": "Feature", "properties": { "index": 97, "lon": 72.957388858048063, "lat": 34.286966176704425, "classification": 126, "subregion_name": "Southern Asia", "umap_1d_x": 12.557157, "umap_2d_x": -21.837536, "umap_2d_y": 5.9217148, "umap_3d_x": -21.833662, "umap_3d_y": -13.695915, "umap_3d_z": -9.2380829, "tsne_1d_x": -0.9903388, "tsne_2d_x": 2.2324638, "tsne_2d_y": 16.754128, "tsne_3d_x": 11.698883, "tsne_3d_y": 11.521488, "tsne_3d_z": -10.59721, "grid_umap_1d_x": 97.0, "grid_umap_2d_x": 1.0, "grid_umap_2d_y": 17.0, "grid_umap_3d_x": 3.0, "grid_umap_3d_y": 4.0, "grid_umap_3d_z": 2.0, "grid_tsne_1d_x": 97.0, "grid_tsne_2d_x": 17.0, "grid_tsne_2d_y": 23.0, "grid_tsne_3d_x": 8.0, "grid_tsne_3d_y": 7.0, "grid_tsne_3d_z": 0.0, "patch_file": "patch_0097.png" }, "geometry": { "type": "Point", "coordinates": [ 72.957388858048063, 34.286966176704425 ] } },
{ "type": "Feature", "properties": { "index": 98, "lon": 17.875033832010189, "lat": 10.851750152654475, "classification": 126, "subregion_name": "Sub-Saharan Africa", "umap_1d_x": 3.6968107, "umap_2d_x": -11.742153, "umap_2d_y": 33.803574, "umap_3d_x": -7.6928749, "umap_3d_y": 4.3168373, "umap_3d_z": -42.83889, "tsne_1d_x": -16.633095, "tsne_2d_x": 14.289459, "tsne_2d_y": 2.4255562, "tsne_3d_x": 19.055679, "tsne_3d_y": 39.212219, "tsne_3d_z": -13.580032, "grid_umap_1d_x": 98.0, "grid_umap_2d_x": 4.0, "grid_umap_2d_y": 30.0, "grid_umap_3d_x": 7.0, "grid_umap_3d_y": 3.0, "grid_umap_3d_z": 2.0, "grid_tsne_1d_x": 98.0, "grid_tsne_2d_x": 20.0, "grid_tsne_2d_y": 13.0, "grid_tsne_3d_x": 8.0, "grid_tsne_3d_y": 9.0, "grid_tsne_3d_z": 2.0, "patch_file": "patch_0098.png" }, "geometry": { "type": "Point", "coordinates": [ 17.875033832010189, 10.851750152654475 ] } },
{ "type": "Feature", "properties": { "index": 99, "lon": 105.21489049602701, "lat": 20.517203742329798, "classification": 112, "subregion_name": "South-eastern Asia", "umap_1d_x": 6.9120288, "umap_2d_x": -13.675014, "umap_2d_y": 11.342941, "umap_3d_x": -11.279655, "umap_3d_y": -1.4232597, "umap_3d_z": -12.778656, "tsne_1d_x": -8.4455671, "tsne_2d_x": 7.9825821, "tsne_2d_y": -14.721546, "tsne_3d_x": 1.0117607, "tsne_3d_y": 20.291496, "tsne_3d_z": -2.9421806, "grid_umap_1d_x": 99.0, "grid_umap_2d_x": 9.0, "grid_umap_2d_y": 22.0, "grid_umap_3d_x": 1.0, "grid_umap_3d_y": 4.0, "grid_umap_3d_z": 1.0, "grid_tsne_1d_x": 99.0, "grid_tsne_2d_x": 15.0, "grid_tsne_2d_y": 0.0, "grid_tsne_3d_x": 4.0, "grid_tsne_3d_y": 7.0, "grid_tsne_3d_z": 4.0, "patch_file": "patch_0099.png" }, "geometry": { "type": "Point", "coordinates": [ 105.21489049602701, 20.517203742329798 ] } },
{ "type": "Feature", "properties": { "index": 100, "lon": -54.948908352784059, "lat": 1.147797908763891, "classification": 112, "subregion_name": "Latin America and the Caribbean", "umap_1d_x": -2.6558177, "umap_2d_x": 21.822624, "umap_2d_y": 49.886726, "umap_3d_x": 18.897995, "umap_3d_y": 41.81591, "umap_3d_z": -31.755171, "tsne_1d_x": -36.822353, "tsne_2d_x": 25.34922, "tsne_2d_y": -47.890709, "tsne_3d_x": -34.996746, "tsne_3d_y": 48.370659, "tsne_3d_z": -7.862587, "grid_umap_1d_x": 100.0, "grid_umap_2d_x": 15.0, "grid_umap_2d_y": 27.0, "grid_umap_3d_x": 4.0, "grid_umap_3d_y": 9.0, "grid_umap_3d_z": 0.0, "grid_tsne_1d_x": 100.0, "grid_tsne_2d_x": 28.0, "grid_tsne_2d_y": 10.0, "grid_tsne_3d_x": 2.0, "grid_tsne_3d_y": 9.0, "grid_tsne_3d_z": 8.0, "patch_file": "patch_0100.png" }, "geometry": { "type": "Point", "coordinates": [ -54.948908352784059, 1.147797908763891 ] } },
{ "type": "Feature", "properties": { "index": 101, "lon": -147.57911004665559, "lat": 65.209060817287906, "classification": 111, "subregion_name": "Unknown", "umap_1d_x": 20.374304, "umap_2d_x": -33.34444, "umap_2d_y": -42.42371, "umap_3d_x": -36.903637, "umap_3d_y": -47.033443, "umap_3d_z": 39.392159, "tsne_1d_x": 29.23691, "tsne_2d_x": -29.024292, "tsne_2d_y": 0.93135071, "tsne_3d_x": -1.2326241, "tsne_3d_y": -41.703629, "tsne_3d_z": 32.016945, "grid_umap_1d_x": 101.0, "grid_umap_2d_x": 23.0, "grid_umap_2d_y": 4.0, "grid_umap_3d_x": 8.0, "grid_umap_3d_y": 3.0, "grid_umap_3d_z": 7.0, "grid_tsne_1d_x": 101.0, "grid_tsne_2d_x": 11.0, "grid_tsne_2d_y": 19.0, "grid_tsne_3d_x": 1.0, "grid_tsne_3d_y": 4.0, "grid_tsne_3d_z": 6.0, "patch_file": "patch_0101.png" }, "geometry": { "type": "Point", "coordinates": [ -147.579110046655586, 65.209060817287906 ] } },
{ "type": "Feature", "properties": { "index": 102, "lon": -51.075197757968084, "lat": -11.468489751577884, "classification": 30, "subregion_name": "Latin America and the Caribbean", "umap_1d_x": -9.4821177, "umap_2d_x": 36.857376, "umap_2d_y": 21.242332, "umap_3d_x": 38.070587, "umap_3d_y": 25.935944, "umap_3d_z": -9.0811386, "tsne_1d_x": -44.605648, "tsne_2d_x": 39.789658, "tsne_2d_y": 14.456352, "tsne_3d_x": -12.188442, "tsne_3d_y": 8.0601883, "tsne_3d_z": -29.268091, "grid_umap_1d_x": 102.0, "grid_umap_2d_x": 26.0, "grid_umap_2d_y": 18.0, "grid_umap_3d_x": 8.0, "grid_umap_3d_y": 6.0, "grid_umap_3d_z": 3.0, "grid_tsne_1d_x": 102.0, "grid_tsne_2d_x": 28.0, "grid_tsne_2d_y": 15.0, "grid_tsne_3d_x": 2.0, "grid_tsne_3d_y": 4.0, "grid_tsne_3d_z": 3.0, "patch_file": "patch_0102.png" }, "geometry": { "type": "Point", "coordinates": [ -51.075197757968084, -11.468489751577884 ] } },
{ "type": "Feature", "properties": { "index": 103, "lon": -63.100630300283157, "lat": 55.311923605968687, "classification": 30, "subregion_name": "Northern America", "umap_1d_x": 24.272804, "umap_2d_x": -46.379211, "umap_2d_y": -29.533203, "umap_3d_x": -47.322044, "umap_3d_y": -24.620108, "umap_3d_z": 27.652153, "tsne_1d_x": 54.230091, "tsne_2d_x": -47.613342, "tsne_2d_y": -9.1056747, "tsne_3d_x": 41.947411, "tsne_3d_y": -25.659054, "tsne_3d_z": 32.352089, "grid_umap_1d_x": 103.0, "grid_umap_2d_x": 13.0, "grid_umap_2d_y": 14.0, "grid_umap_3d_x": 0.0, "grid_umap_3d_y": 5.0, "grid_umap_3d_z": 7.0, "grid_tsne_1d_x": 103.0, "grid_tsne_2d_x": 0.0, "grid_tsne_2d_y": 13.0, "grid_tsne_3d_x": 6.0, "grid_tsne_3d_y": 5.0, "grid_tsne_3d_z": 5.0, "patch_file": "patch_0103.png" }, "geometry": { "type": "Point", "coordinates": [ -63.100630300283157, 55.311923605968687 ] } },
{ "type": "Feature", "properties": { "index": 104, "lon": 40.401882483270072, "lat": 21.072428139590457, "classification": 20, "subregion_name": "Western Asia", "umap_1d_x": 7.3887019, "umap_2d_x": -21.724787, "umap_2d_y": 8.4404068, "umap_3d_x": -20.572123, "umap_3d_y": -11.533222, "umap_3d_z": -13.983257, "tsne_1d_x": -7.2096715, "tsne_2d_x": 4.4685669, "tsne_2d_y": 20.423798, "tsne_3d_x": 20.756355, "tsne_3d_y": 11.423538, "tsne_3d_z": -13.882072, "grid_umap_1d_x": 104.0, "grid_umap_2d_x": 5.0, "grid_umap_2d_y": 21.0, "grid_umap_3d_x": 1.0, "grid_umap_3d_y": 2.0, "grid_umap_3d_z": 0.0, "grid_tsne_1d_x": 104.0, "grid_tsne_2d_x": 6.0, "grid_tsne_2d_y": 21.0, "grid_tsne_3d_x": 9.0, "grid_tsne_3d_y": 6.0, "grid_tsne_3d_z": 1.0, "patch_file": "patch_0104.png" }, "geometry": { "type": "Point", "coordinates": [ 40.401882483270072, 21.072428139590457 ] } },
{ "type": "Feature", "properties": { "index": 105, "lon": -11.786066311442539, "lat": 10.16563274036389, "classification": 126, "subregion_name": "Sub-Saharan Africa", "umap_1d_x": 4.5398159, "umap_2d_x": -10.017197, "umap_2d_y": 28.895309, "umap_3d_x": -5.4291801, "umap_3d_y": 4.8171539, "umap_3d_z": -36.674961, "tsne_1d_x": -17.886366, "tsne_2d_x": 15.985931, "tsne_2d_y": -1.8761559, "tsne_3d_x": 8.593029, "tsne_3d_y": 39.445732, "tsne_3d_z": -12.386669, "grid_umap_1d_x": 105.0, "grid_umap_2d_x": 4.0, "grid_umap_2d_y": 26.0, "grid_umap_3d_x": 6.0, "grid_umap_3d_y": 4.0, "grid_umap_3d_z": 1.0, "grid_tsne_1d_x": 105.0, "grid_tsne_2d_x": 21.0, "grid_tsne_2d_y": 10.0, "grid_tsne_3d_x": 5.0, "grid_tsne_3d_y": 7.0, "grid_tsne_3d_z": 4.0, "patch_file": "patch_0105.png" }, "geometry": { "type": "Point", "coordinates": [ -11.786066311442539, 10.16563274036389 ] } },
{ "type": "Feature", "properties": { "index": 106, "lon": 22.001809324865519, "lat": 16.721814443420342, "classification": 60, "subregion_name": "Sub-Saharan Africa", "umap_1d_x": 2.6174011, "umap_2d_x": -15.526981, "umap_2d_y": 36.074219, "umap_3d_x": -12.004768, "umap_3d_y": 3.9677391, "umap_3d_z": -45.591099, "tsne_1d_x": -10.353404, "tsne_2d_x": 5.9186592, "tsne_2d_y": 20.287376, "tsne_3d_x": 22.956642, "tsne_3d_y": 15.090767, "tsne_3d_z": -14.901672, "grid_umap_1d_x": 106.0, "grid_umap_2d_x": 2.0, "grid_umap_2d_y": 31.0, "grid_umap_3d_x": 4.0, "grid_umap_3d_y": 6.0, "grid_umap_3d_z": 1.0, "grid_tsne_1d_x": 106.0, "grid_tsne_2d_x": 20.0, "grid_tsne_2d_y": 26.0, "grid_tsne_3d_x": 9.0, "grid_tsne_3d_y": 7.0, "grid_tsne_3d_z": 1.0, "patch_file": "patch_0106.png" }, "geometry": { "type": "Point", "coordinates": [ 22.001809324865519, 16.721814443420342 ] } },
{ "type": "Feature", "properties": { "index": 107, "lon": 19.787477200414145, "lat": -23.816010954308794, "classification": 30, "subregion_name": "Sub-Saharan Africa", "umap_1d_x": -11.600363, "umap_2d_x": 46.543373, "umap_2d_y": 24.660965, "umap_3d_x": 48.784462, "umap_3d_y": 29.432549, "umap_3d_z": -2.3974304, "tsne_1d_x": -54.691509, "tsne_2d_x": 47.152229, "tsne_2d_y": 34.382889, "tsne_3d_x": 4.5380669, "tsne_3d_y": 2.9481468, "tsne_3d_z": -49.242348, "grid_umap_1d_x": 107.0, "grid_umap_2d_x": 28.0, "grid_umap_2d_y": 19.0, "grid_umap_3d_x": 8.0, "grid_umap_3d_y": 6.0, "grid_umap_3d_z": 9.0, "grid_tsne_1d_x": 107.0, "grid_tsne_2d_x": 26.0, "grid_tsne_2d_y": 27.0, "grid_tsne_3d_x": 7.0, "grid_tsne_3d_y": 6.0, "grid_tsne_3d_z": 0.0, "patch_file": "patch_0107.png" }, "geometry": { "type": "Point", "coordinates": [ 19.787477200414145, -23.816010954308794 ] } },
{ "type": "Feature", "properties": { "index": 108, "lon": 105.03537474808309, "lat": 14.708618058119384, "classification": 40, "subregion_name": "South-eastern Asia", "umap_1d_x": 4.9683938, "umap_2d_x": -11.669243, "umap_2d_y": 26.446152, "umap_3d_x": -8.0860062, "umap_3d_y": 3.3022346, "umap_3d_z": -33.041107, "tsne_1d_x": -13.169911, "tsne_2d_x": 11.565804, "tsne_2d_y": -2.5871048, "tsne_3d_x": 7.5566216, "tsne_3d_y": 41.739388, "tsne_3d_z": -5.773674, "grid_umap_1d_x": 108.0, "grid_umap_2d_x": 0.0, "grid_umap_2d_y": 26.0, "grid_umap_3d_x": 4.0, "grid_umap_3d_y": 4.0, "grid_umap_3d_z": 0.0, "grid_tsne_1d_x": 108.0, "grid_tsne_2d_x": 14.0, "grid_tsne_2d_y": 2.0, "grid_tsne_3d_x": 5.0, "grid_tsne_3d_y": 7.0, "grid_tsne_3d_z": 6.0, "patch_file": "patch_0108.png" }, "geometry": { "type": "Point", "coordinates": [ 105.035374748083086, 14.708618058119384 ] } },
{ "type": "Feature", "properties": { "index": 109, "lon": 127.4669931881902, "lat": 48.995352106300558, "classification": 114, "subregion_name": "Unknown", "umap_1d_x": 19.629646, "umap_2d_x": -36.362122, "umap_2d_y": -47.804062, "umap_3d_x": -34.087921, "umap_3d_y": -32.362923, "umap_3d_z": 42.717209, "tsne_1d_x": 32.269676, "tsne_2d_x": -22.765636, "tsne_2d_y": -13.54213, "tsne_3d_x": -1.5305862, "tsne_3d_y": -11.639111, "tsne_3d_z": 28.554352, "grid_umap_1d_x": 109.0, "grid_umap_2d_x": 24.0, "grid_umap_2d_y": 0.0, "grid_umap_3d_x": 8.0, "grid_umap_3d_y": 4.0, "grid_umap_3d_z": 8.0, "grid_tsne_1d_x": 109.0, "grid_tsne_2d_x": 11.0, "grid_tsne_2d_y": 8.0, "grid_tsne_3d_x": 0.0, "grid_tsne_3d_y": 5.0, "grid_tsne_3d_z": 8.0, "patch_file": "patch_0109.png" }, "geometry": { "type": "Point", "coordinates": [ 127.466993188190202, 48.995352106300558 ] } },
{ "type": "Feature", "properties": { "index": 110, "lon": 118.19262413306041, "lat": -22.30308493018876, "classification": 126, "subregion_name": "Unknown", "umap_1d_x": -13.953015, "umap_2d_x": 48.659622, "umap_2d_y": 0.99729156, "umap_3d_x": 48.825165, "umap_3d_y": -4.4282341, "umap_3d_z": 2.4572449, "tsne_1d_x": -63.875668, "tsne_2d_x": 41.875717, "tsne_2d_y": 42.79023, "tsne_3d_x": 4.9677505, "tsne_3d_y": -19.524261, "tsne_3d_z": -49.042763, "grid_umap_1d_x": 110.0, "grid_umap_2d_x": 30.0, "grid_umap_2d_y": 0.0, "grid_umap_3d_x": 9.0, "grid_umap_3d_y": 3.0, "grid_umap_3d_z": 9.0, "grid_tsne_1d_x": 110.0, "grid_tsne_2d_x": 23.0, "grid_tsne_2d_y": 27.0, "grid_tsne_3d_x": 4.0, "grid_tsne_3d_y": 0.0, "grid_tsne_3d_z": 0.0, "patch_file": "patch_0110.png" }, "geometry": { "type": "Point", "coordinates": [ 118.192624133060406, -22.30308493018876 ] } },
{ "type": "Feature", "properties": { "index": 111, "lon": -113.00718786224824, "lat": 60.24359592857229, "classification": 111, "subregion_name": "Northern America", "umap_1d_x": 21.676109, "umap_2d_x": -40.322155, "umap_2d_y": -38.8778, "umap_3d_x": -43.146828, "umap_3d_y": -39.462116, "umap_3d_z": 37.212578, "tsne_1d_x": 38.261055, "tsne_2d_x": -34.492023, "tsne_2d_y": 0.2686615, "tsne_3d_x": 12.028122, "tsne_3d_y": -38.790623, "tsne_3d_z": 38.257172, "grid_umap_1d_x": 111.0, "grid_umap_2d_x": 15.0, "grid_umap_2d_y": 7.0, "grid_umap_3d_x": 5.0, "grid_umap_3d_y": 4.0, "grid_umap_3d_z": 6.0, "grid_tsne_1d_x": 111.0, "grid_tsne_2d_x": 7.0, "grid_tsne_2d_y": 18.0, "grid_tsne_3d_x": 4.0, "grid_tsne_3d_y": 0.0, "grid_tsne_3d_z": 9.0, "patch_file": "patch_0111.png" }, "geometry": { "type": "Point", "coordinates": [ -113.007187862248244, 60.24359592857229 ] } },
{ "type": "Feature", "properties": { "index": 112, "lon": 17.513628822737701, "lat": -19.445551669039425, "classification": 20, "subregion_name": "Sub-Saharan Africa", "umap_1d_x": -11.443332, "umap_2d_x": 45.780167, "umap_2d_y": 25.351128, "umap_3d_x": 48.012657, "umap_3d_y": 30.510941, "umap_3d_z": -3.0766335, "tsne_1d_x": -53.778599, "tsne_2d_x": 46.823982, "tsne_2d_y": 29.66346, "tsne_3d_x": -2.655159, "tsne_3d_y": 6.4359245, "tsne_3d_z": -47.669331, "grid_umap_1d_x": 112.0, "grid_umap_2d_x": 21.0, "grid_umap_2d_y": 20.0, "grid_umap_3d_x": 8.0, "grid_umap_3d_y": 7.0, "grid_umap_3d_z": 7.0, "grid_tsne_1d_x": 112.0, "grid_tsne_2d_x": 30.0, "grid_tsne_2d_y": 26.0, "grid_tsne_3d_x": 5.0, "grid_tsne_3d_y": 5.0, "grid_tsne_3d_z": 4.0, "patch_file": "patch_0112.png" }, "geometry": { "type": "Point", "coordinates": [ 17.513628822737701, -19.445551669039425 ] } },
{ "type": "Feature", "properties": { "index": 113, "lon": 6.5380657338765218, "lat": 8.4009919680595431, "classification": 90, "subregion_name": "Sub-Saharan Africa", "umap_1d_x": 4.7393818, "umap_2d_x": -12.289421, "umap_2d_y": 27.470306, "umap_3d_x": -9.0646095, "umap_3d_y": 3.7081795, "umap_3d_z": -34.699562, "tsne_1d_x": -12.937978, "tsne_2d_x": 10.482796, "tsne_2d_y": 2.4018936, "tsne_3d_x": 12.690117, "tsne_3d_y": 46.275345, "tsne_3d_z": -3.1951141, "grid_umap_1d_x": 113.0, "grid_umap_2d_x": 3.0, "grid_umap_2d_y": 26.0, "grid_umap_3d_x": 4.0, "grid_umap_3d_y": 5.0, "grid_umap_3d_z": 1.0, "grid_tsne_1d_x": 113.0, "grid_tsne_2d_x": 16.0, "grid_tsne_2d_y": 9.0, "grid_tsne_3d_x": 5.0, "grid_tsne_3d_y": 8.0, "grid_tsne_3d_z": 6.0, "patch_file": "patch_0113.png" }, "geometry": { "type": "Point", "coordinates": [ 6.538065733876522, 8.400991968059543 ] } },
{ "type": "Feature", "properties": { "index": 114, "lon": 38.674380210022349, "lat": -14.93056502869792, "classification": 126, "subregion_name": "Sub-Saharan Africa", "umap_1d_x": -9.5894938, "umap_2d_x": 38.463478, "umap_2d_y": 22.440445, "umap_3d_x": 39.91954, "umap_3d_y": 27.786697, "umap_3d_z": -7.4411697, "tsne_1d_x": -48.54549, "tsne_2d_x": 41.760033, "tsne_2d_y": 16.399605, "tsne_3d_x": -10.05323, "tsne_3d_y": 11.800014, "tsne_3d_z": -35.939697, "grid_umap_1d_x": 114.0, "grid_umap_2d_x": 23.0, "grid_umap_2d_y": 18.0, "grid_umap_3d_x": 8.0, "grid_umap_3d_y": 7.0, "grid_umap_3d_z": 4.0, "grid_tsne_1d_x": 114.0, "grid_tsne_2d_x": 27.0, "grid_tsne_2d_y": 17.0, "grid_tsne_3d_x": 3.0, "grid_tsne_3d_y": 6.0, "grid_tsne_3d_z": 1.0, "patch_file": "patch_0114.png" }, "geometry": { "type": "Point", "coordinates": [ 38.674380210022349, -14.93056502869792 ] } },
{ "type": "Feature", "properties": { "index": 115, "lon": 44.83232972737639, "lat": 51.727194510397567, "classification": 40, "subregion_name": "Eastern Europe", "umap_1d_x": 15.859545, "umap_2d_x": -37.79792, "umap_2d_y": -17.095371, "umap_3d_x": -35.824486, "umap_3d_y": -24.602663, "umap_3d_z": 8.2722244, "tsne_1d_x": 16.045088, "tsne_2d_x": -15.515923, "tsne_2d_y": 25.348366, "tsne_3d_x": 30.112907, "tsne_3d_y": -10.771896, "tsne_3d_z": 11.144493, "grid_umap_1d_x": 115.0, "grid_umap_2d_x": 7.0, "grid_umap_2d_y": 14.0, "grid_umap_3d_x": 1.0, "grid_umap_3d_y": 3.0, "grid_umap_3d_z": 4.0, "grid_tsne_1d_x": 115.0, "grid_tsne_2d_x": 3.0, "grid_tsne_2d_y": 28.0, "grid_tsne_3d_x": 7.0, "grid_tsne_3d_y": 5.0, "grid_tsne_3d_z": 4.0, "patch_file": "patch_0115.png" }, "geometry": { "type": "Point", "coordinates": [ 44.83232972737639, 51.727194510397567 ] } },
{ "type": "Feature", "properties": { "index": 116, "lon": 85.585685139770192, "lat": 21.820707721849118, "classification": 40, "subregion_name": "Southern Asia", "umap_1d_x": 5.2571206, "umap_2d_x": -13.772522, "umap_2d_y": 24.560524, "umap_3d_x": -10.830246, "umap_3d_y": 3.2451096, "umap_3d_z": -31.22366, "tsne_1d_x": -12.20105, "tsne_2d_x": 9.576355, "tsne_2d_y": 0.60536194, "tsne_3d_x": 11.660015, "tsne_3d_y": 41.395744, "tsne_3d_z": -1.4654198, "grid_umap_1d_x": 116.0, "grid_umap_2d_x": 2.0, "grid_umap_2d_y": 25.0, "grid_umap_3d_x": 2.0, "grid_umap_3d_y": 7.0, "grid_umap_3d_z": 1.0, "grid_tsne_1d_x": 116.0, "grid_tsne_2d_x": 15.0, "grid_tsne_2d_y": 7.0, "grid_tsne_3d_x": 6.0, "grid_tsne_3d_y": 9.0, "grid_tsne_3d_z": 6.0, "patch_file": "patch_0116.png" }, "geometry": { "type": "Point", "coordinates": [ 85.585685139770192, 21.820707721849118 ] } },
{ "type": "Feature", "properties": { "index": 117, "lon": 35.544299561211972, "lat": 4.0127147453725769, "classification": 20, "subregion_name": "Sub-Saharan Africa", "umap_1d_x": 2.8930502, "umap_2d_x": -11.792599, "umap_2d_y": 42.425117, "umap_3d_x": -10.548935, "umap_3d_y": 16.788689, "umap_3d_z": -49.152275, "tsne_1d_x": -21.488604, "tsne_2d_x": 20.848671, "tsne_2d_y": 9.113575, "tsne_3d_x": 21.224457, "tsne_3d_y": 35.155281, "tsne_3d_z": -22.520771, "grid_umap_1d_x": 117.0, "grid_umap_2d_x": 12.0, "grid_umap_2d_y": 30.0, "grid_umap_3d_x": 1.0, "grid_umap_3d_y": 9.0, "grid_umap_3d_z": 0.0, "grid_tsne_1d_x": 117.0, "grid_tsne_2d_x": 22.0, "grid_tsne_2d_y": 12.0, "grid_tsne_3d_x": 8.0, "grid_tsne_3d_y": 9.0, "grid_tsne_3d_z": 0.0, "patch_file": "patch_0117.png" }, "geometry": { "type": "Point", "coordinates": [ 35.544299561211972, 4.012714745372577 ] } },
{ "type": "Feature", "properties": { "index": 118, "lon": 141.06856959835164, "lat": 40.325721363903355, "classification": 114, "subregion_name": "Eastern Asia", "umap_1d_x": 14.095313, "umap_2d_x": -24.867239, "umap_2d_y": -10.616982, "umap_3d_x": -24.460686, "umap_3d_y": -25.675144, "umap_3d_z": 9.4119301, "tsne_1d_x": 9.3528214, "tsne_2d_x": -12.488667, "tsne_2d_y": 7.9081764, "tsne_3d_x": 11.846043, "tsne_3d_y": -8.0841408, "tsne_3d_z": 8.6000977, "grid_umap_1d_x": 118.0, "grid_umap_2d_x": 1.0, "grid_umap_2d_y": 8.0, "grid_umap_3d_x": 0.0, "grid_umap_3d_y": 0.0, "grid_umap_3d_z": 5.0, "grid_tsne_1d_x": 118.0, "grid_tsne_2d_x": 16.0, "grid_tsne_2d_y": 21.0, "grid_tsne_3d_x": 8.0, "grid_tsne_3d_y": 0.0, "grid_tsne_3d_z": 5.0, "patch_file": "patch_0118.png" }, "geometry": { "type": "Point", "coordinates": [ 141.068569598351644, 40.325721363903355 ] } },
{ "type": "Feature", "properties": { "index": 119, "lon": 109.24679053084651, "lat": 53.518432725682331, "classification": 113, "subregion_name": "Eastern Europe", "umap_1d_x": 20.696632, "umap_2d_x": -38.09481, "umap_2d_y": -45.181519, "umap_3d_x": -37.185879, "umap_3d_y": -35.670822, "umap_3d_z": 43.136993, "tsne_1d_x": 34.292843, "tsne_2d_x": -28.081738, "tsne_2d_y": -8.5155182, "tsne_3d_x": 5.3048782, "tsne_3d_y": -25.859037, "tsne_3d_z": 31.346443, "grid_umap_1d_x": 119.0, "grid_umap_2d_x": 18.0, "grid_umap_2d_y": 2.0, "grid_umap_3d_x": 5.0, "grid_umap_3d_y": 2.0, "grid_umap_3d_z": 9.0, "grid_tsne_1d_x": 119.0, "grid_tsne_2d_x": 11.0, "grid_tsne_2d_y": 13.0, "grid_tsne_3d_x": 1.0, "grid_tsne_3d_y": 1.0, "grid_tsne_3d_z": 9.0, "patch_file": "patch_0119.png" }, "geometry": { "type": "Point", "coordinates": [ 109.246790530846511, 53.518432725682331 ] } },
{ "type": "Feature", "properties": { "index": 120, "lon": -55.851273310422513, "lat": -19.214117584705889, "classification": 30, "subregion_name": "Latin America and the Caribbean", "umap_1d_x": -10.353163, "umap_2d_x": 39.144257, "umap_2d_y": 17.741684, "umap_3d_x": 40.723152, "umap_3d_y": 21.529602, "umap_3d_z": -7.4141045, "tsne_1d_x": -50.864014, "tsne_2d_x": 39.006523, "tsne_2d_y": 21.170181, "tsne_3d_x": -7.1287346, "tsne_3d_y": 4.3534088, "tsne_3d_z": -30.728956, "grid_umap_1d_x": 120.0, "grid_umap_2d_x": 26.0, "grid_umap_2d_y": 15.0, "grid_umap_3d_x": 8.0, "grid_umap_3d_y": 5.0, "grid_umap_3d_z": 4.0, "grid_tsne_1d_x": 120.0, "grid_tsne_2d_x": 26.0, "grid_tsne_2d_y": 21.0, "grid_tsne_3d_x": 3.0, "grid_tsne_3d_y": 4.0, "grid_tsne_3d_z": 3.0, "patch_file": "patch_0120.png" }, "geometry": { "type": "Point", "coordinates": [ -55.851273310422513, -19.214117584705889 ] } },
{ "type": "Feature", "properties": { "index": 121, "lon": 18.802579386185499, "lat": 4.4377850465339614, "classification": 114, "subregion_name": "Sub-Saharan Africa", "umap_1d_x": 4.5656257, "umap_2d_x": -7.6246071, "umap_2d_y": 31.965523, "umap_3d_x": -4.6584206, "umap_3d_y": 9.6441498, "umap_3d_z": -40.285519, "tsne_1d_x": -18.897945, "tsne_2d_x": 18.371803, "tsne_2d_y": -4.4260139, "tsne_3d_x": 5.7348785, "tsne_3d_y": 38.908424, "tsne_3d_z": -16.315796, "grid_umap_1d_x": 121.0, "grid_umap_2d_x": 4.0, "grid_umap_2d_y": 29.0, "grid_umap_3d_x": 4.0, "grid_umap_3d_y": 7.0, "grid_umap_3d_z": 2.0, "grid_tsne_1d_x": 121.0, "grid_tsne_2d_x": 22.0, "grid_tsne_2d_y": 7.0, "grid_tsne_3d_x": 5.0, "grid_tsne_3d_y": 9.0, "grid_tsne_3d_z": 2.0, "patch_file": "patch_0121.png" }, "geometry": { "type": "Point", "coordinates": [ 18.802579386185499, 4.437785046533961 ] } },
{ "type": "Feature", "properties": { "index": 122, "lon": -77.831888311650047, "lat": 41.524354955669139, "classification": 114, "subregion_name": "Unknown", "umap_1d_x": 10.605071, "umap_2d_x": -23.095619, "umap_2d_y": -9.5014648, "umap_3d_x": -21.52383, "umap_3d_y": -22.412115, "umap_3d_z": 10.458939, "tsne_1d_x": 8.6616764, "tsne_2d_x": -11.870693, "tsne_2d_y": -0.55031586, "tsne_3d_x": 5.4467087, "tsne_3d_y": -6.8414612, "tsne_3d_z": 6.6140938, "grid_umap_1d_x": 122.0, "grid_umap_2d_x": 4.0, "grid_umap_2d_y": 10.0, "grid_umap_3d_x": 0.0, "grid_umap_3d_y": 0.0, "grid_umap_3d_z": 6.0, "grid_tsne_1d_x": 122.0, "grid_tsne_2d_x": 19.0, "grid_tsne_2d_y": 17.0, "grid_tsne_3d_x": 4.0, "grid_tsne_3d_y": 0.0, "grid_tsne_3d_z": 5.0, "patch_file": "patch_0122.png" }, "geometry": { "type": "Point", "coordinates": [ -77.831888311650047, 41.524354955669139 ] } },
{ "type": "Feature", "properties": { "index": 123, "lon": 79.874092124329025, "lat": 57.457439624380555, "classification": 114, "subregion_name": "Eastern Europe", "umap_1d_x": 19.034618, "umap_2d_x": -34.663685, "umap_2d_y": -36.89043, "umap_3d_x": -33.033867, "umap_3d_y": -32.915684, "umap_3d_z": 35.009277, "tsne_1d_x": 31.899544, "tsne_2d_x": -22.638929, "tsne_2d_y": -5.0830917, "tsne_3d_x": 5.171299, "tsne_3d_y": -19.481102, "tsne_3d_z": 22.113434, "grid_umap_1d_x": 123.0, "grid_umap_2d_x": 12.0, "grid_umap_2d_y": 2.0, "grid_umap_3d_x": 3.0, "grid_umap_3d_y": 1.0, "grid_umap_3d_z": 9.0, "grid_tsne_1d_x": 123.0, "grid_tsne_2d_x": 18.0, "grid_tsne_2d_y": 17.0, "grid_tsne_3d_x": 2.0, "grid_tsne_3d_y": 1.0, "grid_tsne_3d_z": 8.0, "patch_file": "patch_0123.png" }, "geometry": { "type": "Point", "coordinates": [ 79.874092124329025, 57.457439624380555 ] } },
{ "type": "Feature", "properties": { "index": 124, "lon": 27.148314255112609, "lat": 2.0444699643771642, "classification": 112, "subregion_name": "Sub-Saharan Africa", "umap_1d_x": -5.3945627, "umap_2d_x": 29.186836, "umap_2d_y": 42.747627, "umap_3d_x": 20.904015, "umap_3d_y": 48.29438, "umap_3d_z": -18.922171, "tsne_1d_x": -33.275574, "tsne_2d_x": 28.417381, "tsne_2d_y": -32.627129, "tsne_3d_x": -41.690659, "tsne_3d_y": 33.596809, "tsne_3d_z": -18.455347, "grid_umap_1d_x": 124.0, "grid_umap_2d_x": 26.0, "grid_umap_2d_y": 30.0, "grid_umap_3d_x": 3.0, "grid_umap_3d_y": 9.0, "grid_umap_3d_z": 4.0, "grid_tsne_1d_x": 124.0, "grid_tsne_2d_x": 30.0, "grid_tsne_2d_y": 3.0, "grid_tsne_3d_x": 1.0, "grid_tsne_3d_y": 7.0, "grid_tsne_3d_z": 3.0, "patch_file": "patch_0124.png" }, "geometry": { "type": "Point", "coordinates": [ 27.148314255112609, 2.044469964377164 ] } },
{ "type": "Feature", "properties": { "index": 125, "lon": 14.273908929816798, "lat": 1.8389707870729519, "classification": 112, "subregion_name": "Sub-Saharan Africa", "umap_1d_x": -5.2033405, "umap_2d_x": 28.504395, "umap_2d_y": 42.035522, "umap_3d_x": 21.394684, "umap_3d_y": 46.013283, "umap_3d_z": -18.115135, "tsne_1d_x": -32.900131, "tsne_2d_x": 26.65139, "tsne_2d_y": -32.979759, "tsne_3d_x": -38.858147, "tsne_3d_y": 28.234985, "tsne_3d_z": -16.662102, "grid_umap_1d_x": 125.0, "grid_umap_2d_x": 22.0, "grid_umap_2d_y": 23.0, "grid_umap_3d_x": 5.0, "grid_umap_3d_y": 8.0, "grid_umap_3d_z": 5.0, "grid_tsne_1d_x": 125.0, "grid_tsne_2d_x": 28.0, "grid_tsne_2d_y": 3.0, "grid_tsne_3d_x": 2.0, "grid_tsne_3d_y": 5.0, "grid_tsne_3d_z": 4.0, "patch_file": "patch_0125.png" }, "geometry": { "type": "Point", "coordinates": [ 14.273908929816798, 1.838970787072952 ] } },
{ "type": "Feature", "properties": { "index": 126, "lon": 21.786144147371289, "lat": -19.012279926653036, "classification": 20, "subregion_name": "Sub-Saharan Africa", "umap_1d_x": -11.347284, "umap_2d_x": 45.445763, "umap_2d_y": 25.57296, "umap_3d_x": 47.367393, "umap_3d_y": 31.32708, "umap_3d_z": -3.12957, "tsne_1d_x": -53.540642, "tsne_2d_x": 46.622299, "tsne_2d_y": 28.528793, "tsne_3d_x": -3.3376617, "tsne_3d_y": 8.1865768, "tsne_3d_z": -46.341373, "grid_umap_1d_x": 126.0, "grid_umap_2d_x": 30.0, "grid_umap_2d_y": 22.0, "grid_umap_3d_x": 9.0, "grid_umap_3d_y": 8.0, "grid_umap_3d_z": 7.0, "grid_tsne_1d_x": 126.0, "grid_tsne_2d_x": 28.0, "grid_tsne_2d_y": 25.0, "grid_tsne_3d_x": 5.0, "grid_tsne_3d_y": 6.0, "grid_tsne_3d_z": 2.0, "patch_file": "patch_0126.png" }, "geometry": { "type": "Point", "coordinates": [ 21.786144147371289, -19.012279926653036 ] } },
{ "type": "Feature", "properties": { "index": 127, "lon": 27.671336555388649, "lat": -5.0179268156143024, "classification": 114, "subregion_name": "Sub-Saharan Africa", "umap_1d_x": -8.6194344, "umap_2d_x": 38.80748, "umap_2d_y": 31.98764, "umap_3d_x": 39.666466, "umap_3d_y": 39.9151, "umap_3d_z": -3.9268036, "tsne_1d_x": -45.575085, "tsne_2d_x": 49.322975, "tsne_2d_y": 12.496803, "tsne_3d_x": -19.254219, "tsne_3d_y": 24.276314, "tsne_3d_z": -44.187717, "grid_umap_1d_x": 127.0, "grid_umap_2d_x": 30.0, "grid_umap_2d_y": 30.0, "grid_umap_3d_x": 6.0, "grid_umap_3d_y": 9.0, "grid_umap_3d_z": 7.0, "grid_tsne_1d_x": 127.0, "grid_tsne_2d_x": 26.0, "grid_tsne_2d_y": 14.0, "grid_tsne_3d_x": 3.0, "grid_tsne_3d_y": 8.0, "grid_tsne_3d_z": 1.0, "patch_file": "patch_0127.png" }, "geometry": { "type": "Point", "coordinates": [ 27.671336555388649, -5.017926815614302 ] } },
{ "type": "Feature", "properties": { "index": 128, "lon": 128.86682229229649, "lat": 37.038724047057997, "classification": 114, "subregion_name": "Eastern Asia", "umap_1d_x": 10.210487, "umap_2d_x": -20.680588, "umap_2d_y": -4.8702698, "umap_3d_x": -20.044353, "umap_3d_y": -16.142826, "umap_3d_z": 8.6680908, "tsne_1d_x": -2.8930099, "tsne_2d_x": -8.4167709, "tsne_2d_y": -7.3710632, "tsne_3d_x": 4.9928055, "tsne_3d_y": 4.6146202, "tsne_3d_z": 7.0435829, "grid_umap_1d_x": 128.0, "grid_umap_2d_x": 8.0, "grid_umap_2d_y": 15.0, "grid_umap_3d_x": 0.0, "grid_umap_3d_y": 1.0, "grid_umap_3d_z": 6.0, "grid_tsne_1d_x": 128.0, "grid_tsne_2d_x": 3.0, "grid_tsne_2d_y": 1.0, "grid_tsne_3d_x": 4.0, "grid_tsne_3d_y": 6.0, "grid_tsne_3d_z": 6.0, "patch_file": "patch_0128.png" }, "geometry": { "type": "Point", "coordinates": [ 128.86682229229649, 37.038724047057997 ] } },
{ "type": "Feature", "properties": { "index": 129, "lon": -76.090020011376112, "lat": 42.408359213397475, "classification": 40, "subregion_name": "Unknown", "umap_1d_x": 11.175112, "umap_2d_x": -23.025211, "umap_2d_y": -12.455158, "umap_3d_x": -22.774733, "umap_3d_y": -26.260296, "umap_3d_z": 12.324207, "tsne_1d_x": 8.0132961, "tsne_2d_x": -11.497421, "tsne_2d_y": 2.7092056, "tsne_3d_x": 0.87562179999999046, "tsne_3d_y": -13.558228, "tsne_3d_z": 8.3384743, "grid_umap_1d_x": 129.0, "grid_umap_2d_x": 20.0, "grid_umap_2d_y": 19.0, "grid_umap_3d_x": 4.0, "grid_umap_3d_y": 2.0, "grid_umap_3d_z": 5.0, "grid_tsne_1d_x": 129.0, "grid_tsne_2d_x": 4.0, "grid_tsne_2d_y": 11.0, "grid_tsne_3d_x": 1.0, "grid_tsne_3d_y": 0.0, "grid_tsne_3d_z": 5.0, "patch_file": "patch_0129.png" }, "geometry": { "type": "Point", "coordinates": [ -76.090020011376112, 42.408359213397475 ] } },
{ "type": "Feature", "properties": { "index": 130, "lon": -69.640300997189996, "lat": -5.6001024676402267, "classification": 112, "subregion_name": "Latin America and the Caribbean", "umap_1d_x": -3.2011468, "umap_2d_x": 23.32119, "umap_2d_y": 46.317932, "umap_3d_x": 20.164192, "umap_3d_y": 37.732735, "umap_3d_z": -29.531252, "tsne_1d_x": -35.612122, "tsne_2d_x": 25.887505, "tsne_2d_y": -42.588142, "tsne_3d_x": -35.646942, "tsne_3d_y": 38.834816, "tsne_3d_z": -6.836544, "grid_umap_1d_x": 130.0, "grid_umap_2d_x": 17.0, "grid_umap_2d_y": 25.0, "grid_umap_3d_x": 7.0, "grid_umap_3d_y": 8.0, "grid_umap_3d_z": 0.0, "grid_tsne_1d_x": 130.0, "grid_tsne_2d_x": 28.0, "grid_tsne_2d_y": 7.0, "grid_tsne_3d_x": 0.0, "grid_tsne_3d_y": 9.0, "grid_tsne_3d_z": 7.0, "patch_file": "patch_0130.png" }, "geometry": { "type": "Point", "coordinates": [ -69.640300997189996, -5.600102467640227 ] } },
{ "type": "Feature", "properties": { "index": 131, "lon": 130.15663993957452, "lat": 63.114862962797545, "classification": 113, "subregion_name": "Eastern Europe", "umap_1d_x": 21.38237, "umap_2d_x": -42.707523, "umap_2d_y": -49.388233, "umap_3d_x": -41.440552, "umap_3d_y": -30.623327, "umap_3d_z": 49.167374, "tsne_1d_x": 40.430588, "tsne_2d_x": -31.795908, "tsne_2d_y": -13.925674, "tsne_3d_x": 10.531139, "tsne_3d_y": -25.36656, "tsne_3d_z": 40.091614, "grid_umap_1d_x": 131.0, "grid_umap_2d_x": 20.0, "grid_umap_2d_y": 3.0, "grid_umap_3d_x": 4.0, "grid_umap_3d_y": 5.0, "grid_umap_3d_z": 9.0, "grid_tsne_1d_x": 131.0, "grid_tsne_2d_x": 16.0, "grid_tsne_2d_y": 14.0, "grid_tsne_3d_x": 3.0, "grid_tsne_3d_y": 4.0, "grid_tsne_3d_z": 7.0, "patch_file": "patch_0131.png" }, "geometry": { "type": "Point", "coordinates": [ 130.156639939574518, 63.114862962797545 ] } },
{ "type": "Feature", "properties": { "index": 132, "lon": -65.664570971640245, "lat": -36.49753105550333, "classification": 20, "subregion_name": "Latin America and the Caribbean", "umap_1d_x": -12.589397, "umap_2d_x": 43.532501, "umap_2d_y": 7.3072205, "umap_3d_x": 43.669868, "umap_3d_y": 6.8354073, "umap_3d_z": 0.15300369, "tsne_1d_x": -58.593159, "tsne_2d_x": 34.964249, "tsne_2d_y": 34.6371, "tsne_3d_x": -2.1619034, "tsne_3d_y": -16.711071, "tsne_3d_z": -36.054497, "grid_umap_1d_x": 132.0, "grid_umap_2d_x": 28.0, "grid_umap_2d_y": 11.0, "grid_umap_3d_x": 9.0, "grid_umap_3d_y": 4.0, "grid_umap_3d_z": 5.0, "grid_tsne_1d_x": 132.0, "grid_tsne_2d_x": 27.0, "grid_tsne_2d_y": 29.0, "grid_tsne_3d_x": 3.0, "grid_tsne_3d_y": 1.0, "grid_tsne_3d_z": 1.0, "patch_file": "patch_0132.png" }, "geometry": { "type": "Point", "coordinates": [ -65.664570971640245, -36.49753105550333 ] } },
{ "type": "Feature", "properties": { "index": 133, "lon": 44.130053917097484, "lat": 4.239945164905393, "classification": 20, "subregion_name": "Sub-Saharan Africa", "umap_1d_x": 2.8470869, "umap_2d_x": -11.906586, "umap_2d_y": 42.672539, "umap_3d_x": -10.484142, "umap_3d_y": 17.800621, "umap_3d_z": -49.050358, "tsne_1d_x": -21.686356, "tsne_2d_x": 20.862404, "tsne_2d_y": 11.154156, "tsne_3d_x": 24.118637, "tsne_3d_y": 33.764603, "tsne_3d_z": -23.846945, "grid_umap_1d_x": 133.0, "grid_umap_2d_x": 11.0, "grid_umap_2d_y": 31.0, "grid_umap_3d_x": 1.0, "grid_umap_3d_y": 9.0, "grid_umap_3d_z": 2.0, "grid_tsne_1d_x": 133.0, "grid_tsne_2d_x": 23.0, "grid_tsne_2d_y": 16.0, "grid_tsne_3d_x": 9.0, "grid_tsne_3d_y": 9.0, "grid_tsne_3d_z": 0.0, "patch_file": "patch_0133.png" }, "geometry": { "type": "Point", "coordinates": [ 44.130053917097484, 4.239945164905393 ] } },
{ "type": "Feature", "properties": { "index": 134, "lon": -93.529599925763605, "lat": 40.125622860384823, "classification": 126, "subregion_name": "Unknown", "umap_1d_x": 11.274383, "umap_2d_x": -21.957176, "umap_2d_y": -10.890854, "umap_3d_x": -21.30706, "umap_3d_y": -26.165003, "umap_3d_z": 7.9275436, "tsne_1d_x": 7.2497969, "tsne_2d_x": -10.087727, "tsne_2d_y": 4.1300964, "tsne_3d_x": -2.4977226, "tsne_3d_y": -16.030273, "tsne_3d_z": 4.8122749, "grid_umap_1d_x": 134.0, "grid_umap_2d_x": 12.0, "grid_umap_2d_y": 14.0, "grid_umap_3d_x": 5.0, "grid_umap_3d_y": 2.0, "grid_umap_3d_z": 4.0, "grid_tsne_1d_x": 134.0, "grid_tsne_2d_x": 1.0, "grid_tsne_2d_y": 10.0, "grid_tsne_3d_x": 1.0, "grid_tsne_3d_y": 0.0, "grid_tsne_3d_z": 4.0, "patch_file": "patch_0134.png" }, "geometry": { "type": "Point", "coordinates": [ -93.529599925763605, 40.125622860384823 ] } },
{ "type": "Feature", "properties": { "index": 135, "lon": 20.819170968283828, "lat": 51.501395429010373, "classification": 40, "subregion_name": "Eastern Europe", "umap_1d_x": 15.390853, "umap_2d_x": -33.377239, "umap_2d_y": -11.357697, "umap_3d_x": -32.83147, "umap_3d_y": -30.267439, "umap_3d_z": 0.69054793999999475, "tsne_1d_x": 13.977325, "tsne_2d_x": -13.849606, "tsne_2d_y": 29.858383, "tsne_3d_x": 26.234665, "tsne_3d_y": -17.68576, "tsne_3d_z": 4.318409, "grid_umap_1d_x": 135.0, "grid_umap_2d_x": 3.0, "grid_umap_2d_y": 13.0, "grid_umap_3d_x": 0.0, "grid_umap_3d_y": 0.0, "grid_umap_3d_z": 3.0, "grid_tsne_1d_x": 135.0, "grid_tsne_2d_x": 2.0, "grid_tsne_2d_y": 30.0, "grid_tsne_3d_x": 8.0, "grid_tsne_3d_y": 2.0, "grid_tsne_3d_z": 4.0, "patch_file": "patch_0135.png" }, "geometry": { "type": "Point", "coordinates": [ 20.819170968283828, 51.501395429010373 ] } },
{ "type": "Feature", "properties": { "index": 136, "lon": -158.68768388632151, "lat": 64.640210088076586, "classification": 115, "subregion_name": "Unknown", "umap_1d_x": 22.33778, "umap_2d_x": -40.563736, "umap_2d_y": -36.712029, "umap_3d_x": -40.782932, "umap_3d_y": -33.034401, "umap_3d_z": 37.322006, "tsne_1d_x": 36.287407, "tsne_2d_x": -36.24305, "tsne_2d_y": 7.9444008, "tsne_3d_x": 21.94799, "tsne_3d_y": -32.925076, "tsne_3d_z": 32.126335, "grid_umap_1d_x": 136.0, "grid_umap_2d_x": 14.0, "grid_umap_2d_y": 8.0, "grid_umap_3d_x": 1.0, "grid_umap_3d_y": 2.0, "grid_umap_3d_z": 9.0, "grid_tsne_1d_x": 136.0, "grid_tsne_2d_x": 4.0, "grid_tsne_2d_y": 23.0, "grid_tsne_3d_x": 6.0, "grid_tsne_3d_y": 2.0, "grid_tsne_3d_z": 7.0, "patch_file": "patch_0136.png" }, "geometry": { "type": "Point", "coordinates": [ -158.687683886321508, 64.640210088076586 ] } },
{ "type": "Feature", "properties": { "index": 137, "lon": 55.366691022239479, "lat": 58.05689238079276, "classification": 116, "subregion_name": "Eastern Europe", "umap_1d_x": 18.590288, "umap_2d_x": -39.233238, "umap_2d_y": -28.32748, "umap_3d_x": -39.064735, "umap_3d_y": -27.497463, "umap_3d_z": 25.069023, "tsne_1d_x": 46.351849, "tsne_2d_x": -41.379601, "tsne_2d_y": 2.7615967, "tsne_3d_x": 29.183769, "tsne_3d_y": -22.907492, "tsne_3d_z": 18.50209, "grid_umap_1d_x": 137.0, "grid_umap_2d_x": 11.0, "grid_umap_2d_y": 10.0, "grid_umap_3d_x": 2.0, "grid_umap_3d_y": 3.0, "grid_umap_3d_z": 6.0, "grid_tsne_1d_x": 137.0, "grid_tsne_2d_x": 8.0, "grid_tsne_2d_y": 22.0, "grid_tsne_3d_x": 9.0, "grid_tsne_3d_y": 0.0, "grid_tsne_3d_z": 6.0, "patch_file": "patch_0137.png" }, "geometry": { "type": "Point", "coordinates": [ 55.366691022239479, 58.05689238079276 ] } },
{ "type": "Feature", "properties": { "index": 138, "lon": 99.036504526492877, "lat": 54.148943647918912, "classification": 113, "subregion_name": "Eastern Europe", "umap_1d_x": 21.570644, "umap_2d_x": -42.372086, "umap_2d_y": -46.017868, "umap_3d_x": -40.89539, "umap_3d_y": -32.368248, "umap_3d_z": 46.514481, "tsne_1d_x": 39.788315, "tsne_2d_x": -30.605381, "tsne_2d_y": -22.335562, "tsne_3d_x": 4.5385971, "tsne_3d_y": -20.982233, "tsne_3d_z": 44.201836, "grid_umap_1d_x": 138.0, "grid_umap_2d_x": 14.0, "grid_umap_2d_y": 1.0, "grid_umap_3d_x": 3.0, "grid_umap_3d_y": 4.0, "grid_umap_3d_z": 9.0, "grid_tsne_1d_x": 138.0, "grid_tsne_2d_x": 8.0, "grid_tsne_2d_y": 5.0, "grid_tsne_3d_x": 1.0, "grid_tsne_3d_y": 5.0, "grid_tsne_3d_z": 9.0, "patch_file": "patch_0138.png" }, "geometry": { "type": "Point", "coordinates": [ 99.036504526492877, 54.148943647918912 ] } },
{ "type": "Feature", "properties": { "index": 139, "lon": 114.91601016940649, "lat": -2.517390528575667, "classification": 126, "subregion_name": "South-eastern Asia", "umap_1d_x": -8.4235125, "umap_2d_x": 34.924751, "umap_2d_y": 24.422112, "umap_3d_x": 34.491852, "umap_3d_y": 29.190483, "umap_3d_z": -11.630024, "tsne_1d_x": -43.036903, "tsne_2d_x": 40.484779, "tsne_2d_y": 7.0608215, "tsne_3d_x": -18.063351, "tsne_3d_y": 20.433357, "tsne_3d_z": -25.487904, "grid_umap_1d_x": 139.0, "grid_umap_2d_x": 29.0, "grid_umap_2d_y": 23.0, "grid_umap_3d_x": 9.0, "grid_umap_3d_y": 9.0, "grid_umap_3d_z": 3.0, "grid_tsne_1d_x": 139.0, "grid_tsne_2d_x": 28.0, "grid_tsne_2d_y": 11.0, "grid_tsne_3d_x": 0.0, "grid_tsne_3d_y": 7.0, "grid_tsne_3d_z": 1.0, "patch_file": "patch_0139.png" }, "geometry": { "type": "Point", "coordinates": [ 114.916010169406491, -2.517390528575667 ] } },
{ "type": "Feature", "properties": { "index": 140, "lon": 34.595021038752748, "lat": 8.3654358418514363, "classification": 114, "subregion_name": "Sub-Saharan Africa", "umap_1d_x": 4.3629117, "umap_2d_x": -9.6680717, "umap_2d_y": 32.246964, "umap_3d_x": -5.0456696, "umap_3d_y": 6.743969, "umap_3d_z": -41.842323, "tsne_1d_x": -18.214159, "tsne_2d_x": 17.361084, "tsne_2d_y": -0.7816391, "tsne_3d_x": 10.615803, "tsne_3d_y": 41.710663, "tsne_3d_z": -16.326645, "grid_umap_1d_x": 140.0, "grid_umap_2d_x": 6.0, "grid_umap_2d_y": 28.0, "grid_umap_3d_x": 7.0, "grid_umap_3d_y": 5.0, "grid_umap_3d_z": 1.0, "grid_tsne_1d_x": 140.0, "grid_tsne_2d_x": 18.0, "grid_tsne_2d_y": 1.0, "grid_tsne_3d_x": 6.0, "grid_tsne_3d_y": 9.0, "grid_tsne_3d_z": 2.0, "patch_file": "patch_0140.png" }, "geometry": { "type": "Point", "coordinates": [ 34.595021038752748, 8.365435841851436 ] } },
{ "type": "Feature", "properties": { "index": 141, "lon": -140.61386402606325, "lat": 67.358524118649044, "classification": 126, "subregion_name": "Northern America", "umap_1d_x": 23.631678, "umap_2d_x": -44.835529, "umap_2d_y": -37.911602, "umap_3d_x": -45.926941, "umap_3d_y": -28.508238, "umap_3d_z": 37.670685, "tsne_1d_x": 49.129601, "tsne_2d_x": -39.832584, "tsne_2d_y": -11.509972, "tsne_3d_x": 26.991745, "tsne_3d_y": -29.760746, "tsne_3d_z": 38.415115, "grid_umap_1d_x": 141.0, "grid_umap_2d_x": 15.0, "grid_umap_2d_y": 10.0, "grid_umap_3d_x": 2.0, "grid_umap_3d_y": 5.0, "grid_umap_3d_z": 8.0, "grid_tsne_1d_x": 141.0, "grid_tsne_2d_x": 21.0, "grid_tsne_2d_y": 21.0, "grid_tsne_3d_x": 7.0, "grid_tsne_3d_y": 1.0, "grid_tsne_3d_z": 9.0, "patch_file": "patch_0141.png" }, "geometry": { "type": "Point", "coordinates": [ -140.613864026063254, 67.358524118649044 ] } },
{ "type": "Feature", "properties": { "index": 142, "lon": 139.47068820535009, "lat": 42.104030516203039, "classification": 114, "subregion_name": "Unknown", "umap_1d_x": 10.468899, "umap_2d_x": -22.931498, "umap_2d_y": -8.239048, "umap_3d_x": -21.711508, "umap_3d_y": -20.520348, "umap_3d_z": 10.786865, "tsne_1d_x": 8.9466009, "tsne_2d_x": -11.58099, "tsne_2d_y": -2.8869286, "tsne_3d_x": 7.0983543, "tsne_3d_y": -5.1455956, "tsne_3d_z": 9.2010078, "grid_umap_1d_x": 142.0, "grid_umap_2d_x": 14.0, "grid_umap_2d_y": 18.0, "grid_umap_3d_x": 1.0, "grid_umap_3d_y": 1.0, "grid_umap_3d_z": 6.0, "grid_tsne_1d_x": 142.0, "grid_tsne_2d_x": 7.0, "grid_tsne_2d_y": 8.0, "grid_tsne_3d_x": 5.0, "grid_tsne_3d_y": 2.0, "grid_tsne_3d_z": 6.0, "patch_file": "patch_0142.png" }, "geometry": { "type": "Point", "coordinates": [ 139.470688205350086, 42.104030516203039 ] } },
{ "type": "Feature", "properties": { "index": 143, "lon": 38.59305117117205, "lat": 5.3547312381546988, "classification": 20, "subregion_name": "Sub-Saharan Africa", "umap_1d_x": 2.9861465, "umap_2d_x": -11.55497, "umap_2d_y": 41.904938, "umap_3d_x": -9.9158325, "umap_3d_y": 16.829704, "umap_3d_z": -47.882099, "tsne_1d_x": -21.308376, "tsne_2d_x": 22.042419, "tsne_2d_y": 9.9091949, "tsne_3d_x": 20.114693, "tsne_3d_y": 31.363647, "tsne_3d_z": -24.144146, "grid_umap_1d_x": 143.0, "grid_umap_2d_x": 10.0, "grid_umap_2d_y": 30.0, "grid_umap_3d_x": 2.0, "grid_umap_3d_y": 9.0, "grid_umap_3d_z": 0.0, "grid_tsne_1d_x": 143.0, "grid_tsne_2d_x": 23.0, "grid_tsne_2d_y": 13.0, "grid_tsne_3d_x": 7.0, "grid_tsne_3d_y": 7.0, "grid_tsne_3d_z": 1.0, "patch_file": "patch_0143.png" }, "geometry": { "type": "Point", "coordinates": [ 38.59305117117205, 5.354731238154699 ] } },
{ "type": "Feature", "properties": { "index": 144, "lon": 31.627234604524716, "lat": -12.900877860766968, "classification": 114, "subregion_name": "Sub-Saharan Africa", "umap_1d_x": -9.35044, "umap_2d_x": 40.608124, "umap_2d_y": 26.43512, "umap_3d_x": 41.813316, "umap_3d_y": 32.650864, "umap_3d_z": -3.0823708, "tsne_1d_x": -47.527142, "tsne_2d_x": 45.888229, "tsne_2d_y": 20.380814, "tsne_3d_x": -14.620995, "tsne_3d_y": 9.2449722, "tsne_3d_z": -43.241753, "grid_umap_1d_x": 144.0, "grid_umap_2d_x": 30.0, "grid_umap_2d_y": 24.0, "grid_umap_3d_x": 9.0, "grid_umap_3d_y": 9.0, "grid_umap_3d_z": 6.0, "grid_tsne_1d_x": 144.0, "grid_tsne_2d_x": 25.0, "grid_tsne_2d_y": 20.0, "grid_tsne_3d_x": 2.0, "grid_tsne_3d_y": 5.0, "grid_tsne_3d_z": 0.0, "patch_file": "patch_0144.png" }, "geometry": { "type": "Point", "coordinates": [ 31.627234604524716, -12.900877860766968 ] } },
{ "type": "Feature", "properties": { "index": 145, "lon": 104.5628431398423, "lat": 27.517267889627121, "classification": 126, "subregion_name": "Unknown", "umap_1d_x": 8.823185, "umap_2d_x": -15.716206, "umap_2d_y": -1.0396309, "umap_3d_x": -18.017847, "umap_3d_y": -7.6819305, "umap_3d_z": 3.8900604, "tsne_1d_x": -4.494503, "tsne_2d_x": -3.8839722, "tsne_2d_y": -12.75713, "tsne_3d_x": 6.1905861, "tsne_3d_y": 18.647896, "tsne_3d_z": 8.2783775, "grid_umap_1d_x": 145.0, "grid_umap_2d_x": 12.0, "grid_umap_2d_y": 18.0, "grid_umap_3d_x": 0.0, "grid_umap_3d_y": 4.0, "grid_umap_3d_z": 4.0, "grid_tsne_1d_x": 145.0, "grid_tsne_2d_x": 10.0, "grid_tsne_2d_y": 3.0, "grid_tsne_3d_x": 4.0, "grid_tsne_3d_y": 8.0, "grid_tsne_3d_z": 8.0, "patch_file": "patch_0145.png" }, "geometry": { "type": "Point", "coordinates": [ 104.5628431398423, 27.517267889627121 ] } },
{ "type": "Feature", "properties": { "index": 146, "lon": -3.881256199075267, "lat": 52.885133551437548, "classification": 30, "subregion_name": "Unknown", "umap_1d_x": 16.023678, "umap_2d_x": -32.260529, "umap_2d_y": -15.466602, "umap_3d_x": -32.732208, "umap_3d_y": -36.741653, "umap_3d_z": 4.0735703, "tsne_1d_x": 15.142968, "tsne_2d_x": -16.577682, "tsne_2d_y": 34.816917, "tsne_3d_x": 25.639053, "tsne_3d_y": -31.951191, "tsne_3d_z": 4.1989632, "grid_umap_1d_x": 146.0, "grid_umap_2d_x": 17.0, "grid_umap_2d_y": 20.0, "grid_umap_3d_x": 7.0, "grid_umap_3d_y": 1.0, "grid_umap_3d_z": 2.0, "grid_tsne_1d_x": 146.0, "grid_tsne_2d_x": 10.0, "grid_tsne_2d_y": 31.0, "grid_tsne_3d_x": 6.0, "grid_tsne_3d_y": 3.0, "grid_tsne_3d_z": 3.0, "patch_file": "patch_0146.png" }, "geometry": { "type": "Point", "coordinates": [ -3.881256199075267, 52.885133551437548 ] } },
{ "type": "Feature", "properties": { "index": 147, "lon": 101.65445838730653, "lat": 54.626993127167367, "classification": 113, "subregion_name": "Eastern Europe", "umap_1d_x": 19.530823, "umap_2d_x": -37.002174, "umap_2d_y": -45.92485, "umap_3d_x": -34.441948, "umap_3d_y": -33.134308, "umap_3d_z": 42.509476, "tsne_1d_x": 32.781517, "tsne_2d_x": -23.92592, "tsne_2d_y": -10.500496, "tsne_3d_x": 0.77710724, "tsne_3d_y": -16.742935, "tsne_3d_z": 27.305733, "grid_umap_1d_x": 147.0, "grid_umap_2d_x": 24.0, "grid_umap_2d_y": 4.0, "grid_umap_3d_x": 6.0, "grid_umap_3d_y": 2.0, "grid_umap_3d_z": 9.0, "grid_tsne_1d_x": 147.0, "grid_tsne_2d_x": 21.0, "grid_tsne_2d_y": 16.0, "grid_tsne_3d_x": 1.0, "grid_tsne_3d_y": 2.0, "grid_tsne_3d_z": 9.0, "patch_file": "patch_0147.png" }, "geometry": { "type": "Point", "coordinates": [ 101.654458387306533, 54.626993127167367 ] } },
{ "type": "Feature", "properties": { "index": 148, "lon": 111.77398922756402, "lat": 21.877156187122864, "classification": 40, "subregion_name": "Unknown", "umap_1d_x": 8.5458212, "umap_2d_x": -15.532463, "umap_2d_y": 0.087635040000002107, "umap_3d_x": -16.60471, "umap_3d_y": -8.4947395, "umap_3d_z": 1.2900162, "tsne_1d_x": -5.1692939, "tsne_2d_x": -1.6430931, "tsne_2d_y": -12.288197, "tsne_3d_x": 4.4350548, "tsne_3d_y": 23.962723, "tsne_3d_z": 4.9646378, "grid_umap_1d_x": 148.0, "grid_umap_2d_x": 17.0, "grid_umap_2d_y": 22.0, "grid_umap_3d_x": 0.0, "grid_umap_3d_y": 4.0, "grid_umap_3d_z": 3.0, "grid_tsne_1d_x": 148.0, "grid_tsne_2d_x": 11.0, "grid_tsne_2d_y": 3.0, "grid_tsne_3d_x": 4.0, "grid_tsne_3d_y": 9.0, "grid_tsne_3d_z": 7.0, "patch_file": "patch_0148.png" }, "geometry": { "type": "Point", "coordinates": [ 111.773989227564016, 21.877156187122864 ] } },
{ "type": "Feature", "properties": { "index": 149, "lon": 27.188359940992996, "lat": 6.6516317929123554, "classification": 20, "subregion_name": "Unknown", "umap_1d_x": 4.1532774, "umap_2d_x": -9.6257286, "umap_2d_y": 32.366676, "umap_3d_x": -5.4522552, "umap_3d_y": 6.1656189, "umap_3d_z": -42.305305, "tsne_1d_x": -17.663486, "tsne_2d_x": 16.700211, "tsne_2d_y": 0.42259598, "tsne_3d_x": 13.552834, "tsne_3d_y": 42.105835, "tsne_3d_z": -15.910248, "grid_umap_1d_x": 149.0, "grid_umap_2d_x": 3.0, "grid_umap_2d_y": 29.0, "grid_umap_3d_x": 7.0, "grid_umap_3d_y": 4.0, "grid_umap_3d_z": 0.0, "grid_tsne_1d_x": 149.0, "grid_tsne_2d_x": 20.0, "grid_tsne_2d_y": 8.0, "grid_tsne_3d_x": 6.0, "grid_tsne_3d_y": 7.0, "grid_tsne_3d_z": 3.0, "patch_file": "patch_0149.png" }, "geometry": { "type": "Point", "coordinates": [ 27.188359940992996, 6.651631792912355 ] } },
{ "type": "Feature", "properties": { "index": 150, "lon": 110.77765799051838, "lat": -1.393741760549432, "classification": 112, "subregion_name": "South-eastern Asia", "umap_1d_x": -3.2699146, "umap_2d_x": 23.946503, "umap_2d_y": 46.472336, "umap_3d_x": 20.329971, "umap_3d_y": 38.649765, "umap_3d_z": -28.814817, "tsne_1d_x": -34.908779, "tsne_2d_x": 26.374481, "tsne_2d_y": -39.481102, "tsne_3d_x": -40.180393, "tsne_3d_y": 33.903595, "tsne_3d_z": -8.0890007, "grid_umap_1d_x": 150.0, "grid_umap_2d_x": 18.0, "grid_umap_2d_y": 26.0, "grid_umap_3d_x": 6.0, "grid_umap_3d_y": 7.0, "grid_umap_3d_z": 2.0, "grid_tsne_1d_x": 150.0, "grid_tsne_2d_x": 28.0, "grid_tsne_2d_y": 4.0, "grid_tsne_3d_x": 1.0, "grid_tsne_3d_y": 6.0, "grid_tsne_3d_z": 7.0, "patch_file": "patch_0150.png" }, "geometry": { "type": "Point", "coordinates": [ 110.777657990518378, -1.393741760549432 ] } },
{ "type": "Feature", "properties": { "index": 151, "lon": 135.23560981286153, "lat": 48.885926309663532, "classification": 90, "subregion_name": "Eastern Europe", "umap_1d_x": 9.6674967, "umap_2d_x": -15.6343, "umap_2d_y": -10.379795, "umap_3d_x": -25.125963, "umap_3d_y": -7.2076225, "umap_3d_z": 12.280399, "tsne_1d_x": 18.691257, "tsne_2d_x": -12.203457, "tsne_2d_y": -19.097986, "tsne_3d_x": 18.294418, "tsne_3d_y": 11.42857, "tsne_3d_z": 19.984787, "grid_umap_1d_x": 151.0, "grid_umap_2d_x": 15.0, "grid_umap_2d_y": 13.0, "grid_umap_3d_x": 0.0, "grid_umap_3d_y": 8.0, "grid_umap_3d_z": 5.0, "grid_tsne_1d_x": 151.0, "grid_tsne_2d_x": 12.0, "grid_tsne_2d_y": 7.0, "grid_tsne_3d_x": 8.0, "grid_tsne_3d_y": 8.0, "grid_tsne_3d_z": 9.0, "patch_file": "patch_0151.png" }, "geometry": { "type": "Point", "coordinates": [ 135.235609812861526, 48.885926309663532 ] } },
{ "type": "Feature", "properties": { "index": 152, "lon": 49.228385333920983, "lat": 63.664410643019608, "classification": 115, "subregion_name": "Eastern Europe", "umap_1d_x": 20.063528, "umap_2d_x": -31.864704, "umap_2d_y": -38.845886, "umap_3d_x": -35.127556, "umap_3d_y": -46.612072, "umap_3d_z": 32.757378, "tsne_1d_x": 27.605284, "tsne_2d_x": -27.883909, "tsne_2d_y": 9.1831322, "tsne_3d_x": 8.8684311, "tsne_3d_y": -37.547958, "tsne_3d_z": 23.949524, "grid_umap_1d_x": 152.0, "grid_umap_2d_x": 17.0, "grid_umap_2d_y": 2.0, "grid_umap_3d_x": 5.0, "grid_umap_3d_y": 0.0, "grid_umap_3d_z": 8.0, "grid_tsne_1d_x": 152.0, "grid_tsne_2d_x": 19.0, "grid_tsne_2d_y": 27.0, "grid_tsne_3d_x": 3.0, "grid_tsne_3d_y": 4.0, "grid_tsne_3d_z": 5.0, "patch_file": "patch_0152.png" }, "geometry": { "type": "Point", "coordinates": [ 49.228385333920983, 63.664410643019608 ] } },
{ "type": "Feature", "properties": { "index": 153, "lon": 118.906166466971, "lat": 65.365449498572559, "classification": 113, "subregion_name": "Eastern Europe", "umap_1d_x": 21.440842, "umap_2d_x": -43.639622, "umap_2d_y": -48.030708, "umap_3d_x": -41.20919, "umap_3d_y": -27.096148, "umap_3d_z": 49.501305, "tsne_1d_x": 41.258072, "tsne_2d_x": -33.653183, "tsne_2d_y": -18.695047, "tsne_3d_x": 11.599644, "tsne_3d_y": -17.562363, "tsne_3d_z": 38.75927, "grid_umap_1d_x": 153.0, "grid_umap_2d_x": 22.0, "grid_umap_2d_y": 7.0, "grid_umap_3d_x": 5.0, "grid_umap_3d_y": 7.0, "grid_umap_3d_z": 9.0, "grid_tsne_1d_x": 153.0, "grid_tsne_2d_x": 3.0, "grid_tsne_2d_y": 4.0, "grid_tsne_3d_x": 3.0, "grid_tsne_3d_y": 5.0, "grid_tsne_3d_z": 8.0, "patch_file": "patch_0153.png" }, "geometry": { "type": "Point", "coordinates": [ 118.906166466971001, 65.365449498572559 ] } },
{ "type": "Feature", "properties": { "index": 154, "lon": -1.3569159313654779, "lat": 39.360476748441783, "classification": 126, "subregion_name": "Southern Europe", "umap_1d_x": 13.324025, "umap_2d_x": -27.433542, "umap_2d_y": 5.4804993, "umap_3d_x": -25.850445, "umap_3d_y": -22.830811, "umap_3d_z": -9.9918137, "tsne_1d_x": 3.3778389, "tsne_2d_x": -2.6732254, "tsne_2d_y": 29.405983, "tsne_3d_x": 25.420052, "tsne_3d_y": -7.3632126, "tsne_3d_z": -9.8051987, "grid_umap_1d_x": 154.0, "grid_umap_2d_x": 8.0, "grid_umap_2d_y": 22.0, "grid_umap_3d_x": 3.0, "grid_umap_3d_y": 0.0, "grid_umap_3d_z": 0.0, "grid_tsne_1d_x": 154.0, "grid_tsne_2d_x": 11.0, "grid_tsne_2d_y": 30.0, "grid_tsne_3d_x": 9.0, "grid_tsne_3d_y": 3.0, "grid_tsne_3d_z": 2.0, "patch_file": "patch_0154.png" }, "geometry": { "type": "Point", "coordinates": [ -1.356915931365478, 39.360476748441783 ] } },
{ "type": "Feature", "properties": { "index": 155, "lon": -101.65578562156534, "lat": 33.460606412948053, "classification": 40, "subregion_name": "Unknown", "umap_1d_x": 12.016469, "umap_2d_x": -22.486162, "umap_2d_y": -0.43453217, "umap_3d_x": -21.617428, "umap_3d_y": -21.641132, "umap_3d_z": -3.8579063, "tsne_1d_x": 4.7475996, "tsne_2d_x": -0.91929626, "tsne_2d_y": 7.3875427, "tsne_3d_x": -3.5962029, "tsne_3d_y": -6.4626617, "tsne_3d_z": -8.392086, "grid_umap_1d_x": 155.0, "grid_umap_2d_x": 3.0, "grid_umap_2d_y": 15.0, "grid_umap_3d_x": 3.0, "grid_umap_3d_y": 0.0, "grid_umap_3d_z": 1.0, "grid_tsne_1d_x": 155.0, "grid_tsne_2d_x": 4.0, "grid_tsne_2d_y": 10.0, "grid_tsne_3d_x": 0.0, "grid_tsne_3d_y": 0.0, "grid_tsne_3d_z": 0.0, "patch_file": "patch_0155.png" }, "geometry": { "type": "Point", "coordinates": [ -101.655785621565343, 33.460606412948053 ] } },
{ "type": "Feature", "properties": { "index": 156, "lon": -78.711245284662681, "lat": -1.5520778808597411, "classification": 30, "subregion_name": "Latin America and the Caribbean", "umap_1d_x": -3.9317157, "umap_2d_x": 23.469612, "umap_2d_y": 35.020447, "umap_3d_x": 18.793175, "umap_3d_y": 28.473495, "umap_3d_z": -16.878151, "tsne_1d_x": -27.652992, "tsne_2d_x": 15.028252, "tsne_2d_y": -35.457767, "tsne_3d_x": -21.94713, "tsne_3d_y": 16.664276, "tsne_3d_z": -1.3501091, "grid_umap_1d_x": 156.0, "grid_umap_2d_x": 20.0, "grid_umap_2d_y": 26.0, "grid_umap_3d_x": 8.0, "grid_umap_3d_y": 7.0, "grid_umap_3d_z": 1.0, "grid_tsne_1d_x": 156.0, "grid_tsne_2d_x": 23.0, "grid_tsne_2d_y": 10.0, "grid_tsne_3d_x": 1.0, "grid_tsne_3d_y": 5.0, "grid_tsne_3d_z": 7.0, "patch_file": "patch_0156.png" }, "geometry": { "type": "Point", "coordinates": [ -78.711245284662681, -1.552077880859741 ] } },
{ "type": "Feature", "properties": { "index": 157, "lon": 143.51001309653174, "lat": -26.960132099566451, "classification": 20, "subregion_name": "Unknown", "umap_1d_x": -13.767013, "umap_2d_x": 48.262527, "umap_2d_y": 3.4925537, "umap_3d_x": 48.877846, "umap_3d_y": -2.7161026, "umap_3d_z": -0.47299576, "tsne_1d_x": -62.212429, "tsne_2d_x": 38.691429, "tsne_2d_y": 45.510506, "tsne_3d_x": 9.8503189, "tsne_3d_y": -11.091106, "tsne_3d_z": -45.647346, "grid_umap_1d_x": 157.0, "grid_umap_2d_x": 27.0, "grid_umap_2d_y": 5.0, "grid_umap_3d_x": 8.0, "grid_umap_3d_y": 2.0, "grid_umap_3d_z": 4.0, "grid_tsne_1d_x": 157.0, "grid_tsne_2d_x": 24.0, "grid_tsne_2d_y": 31.0, "grid_tsne_3d_x": 5.0, "grid_tsne_3d_y": 4.0, "grid_tsne_3d_z": 3.0, "patch_file": "patch_0157.png" }, "geometry": { "type": "Point", "coordinates": [ 143.510013096531736, -26.960132099566451 ] } },
{ "type": "Feature", "properties": { "index": 158, "lon": -90.829793751161787, "lat": 30.156326628175734, "classification": 111, "subregion_name": "Unknown", "umap_1d_x": 11.010728, "umap_2d_x": -20.113472, "umap_2d_y": -10.425835, "umap_3d_x": -19.529482, "umap_3d_y": -24.183338, "umap_3d_z": 6.8785858, "tsne_1d_x": 6.5622215, "tsne_2d_x": -6.6196785, "tsne_2d_y": 2.2095985, "tsne_3d_x": -7.8465881, "tsne_3d_y": -8.7721252, "tsne_3d_z": 1.8849792, "grid_umap_1d_x": 158.0, "grid_umap_2d_x": 16.0, "grid_umap_2d_y": 16.0, "grid_umap_3d_x": 7.0, "grid_umap_3d_y": 2.0, "grid_umap_3d_z": 3.0, "grid_tsne_1d_x": 158.0, "grid_tsne_2d_x": 0.0, "grid_tsne_2d_y": 6.0, "grid_tsne_3d_x": 1.0, "grid_tsne_3d_y": 3.0, "grid_tsne_3d_z": 4.0, "patch_file": "patch_0158.png" }, "geometry": { "type": "Point", "coordinates": [ -90.829793751161787, 30.156326628175734 ] } },
{ "type": "Feature", "properties": { "index": 159, "lon": 141.61449700789211, "lat": -17.72883887806767, "classification": 20, "subregion_name": "Unknown", "umap_1d_x": -10.773476, "umap_2d_x": 42.784874, "umap_2d_y": 17.257645, "umap_3d_x": 43.977234, "umap_3d_y": 20.836403, "umap_3d_z": -10.193966, "tsne_1d_x": -51.900757, "tsne_2d_x": 41.629768, "tsne_2d_y": 28.487137, "tsne_3d_x": 0.40751648000001001, "tsne_3d_y": 6.2064056, "tsne_3d_z": -37.79023, "grid_umap_1d_x": 159.0, "grid_umap_2d_x": 29.0, "grid_umap_2d_y": 15.0, "grid_umap_3d_x": 9.0, "grid_umap_3d_y": 4.0, "grid_umap_3d_z": 0.0, "grid_tsne_1d_x": 159.0, "grid_tsne_2d_x": 26.0, "grid_tsne_2d_y": 25.0, "grid_tsne_3d_x": 5.0, "grid_tsne_3d_y": 5.0, "grid_tsne_3d_z": 0.0, "patch_file": "patch_0159.png" }, "geometry": { "type": "Point", "coordinates": [ 141.614497007892112, -17.72883887806767 ] } },
{ "type": "Feature", "properties": { "index": 160, "lon": 141.7275383729181, "lat": -3.1330532914154361, "classification": 112, "subregion_name": "Melanesia", "umap_1d_x": -4.4334888, "umap_2d_x": 27.223953, "umap_2d_y": 35.216476, "umap_3d_x": 23.663559, "umap_3d_y": 34.988449, "umap_3d_z": -17.019588, "tsne_1d_x": -27.097534, "tsne_2d_x": 20.73185, "tsne_2d_y": -27.086203, "tsne_3d_x": -20.907503, "tsne_3d_y": 23.248329, "tsne_3d_z": -15.079216, "grid_umap_1d_x": 160.0, "grid_umap_2d_x": 25.0, "grid_umap_2d_y": 27.0, "grid_umap_3d_x": 7.0, "grid_umap_3d_y": 8.0, "grid_umap_3d_z": 4.0, "grid_tsne_1d_x": 160.0, "grid_tsne_2d_x": 24.0, "grid_tsne_2d_y": 8.0, "grid_tsne_3d_x": 1.0, "grid_tsne_3d_y": 7.0, "grid_tsne_3d_z": 2.0, "patch_file": "patch_0160.png" }, "geometry": { "type": "Point", "coordinates": [ 141.727538372918104, -3.133053291415436 ] } },
{ "type": "Feature", "properties": { "index": 161, "lon": -95.34461858050318, "lat": 40.785573355089326, "classification": 40, "subregion_name": "Unknown", "umap_1d_x": 10.649345, "umap_2d_x": -18.30365, "umap_2d_y": -10.226147, "umap_3d_x": -24.216589, "umap_3d_y": -13.052494, "umap_3d_z": 10.974258, "tsne_1d_x": 19.575359, "tsne_2d_x": -15.04377, "tsne_2d_y": -22.699551, "tsne_3d_x": 15.60614, "tsne_3d_y": 13.39304, "tsne_3d_z": 27.667336, "grid_umap_1d_x": 161.0, "grid_umap_2d_x": 12.0, "grid_umap_2d_y": 12.0, "grid_umap_3d_x": 0.0, "grid_umap_3d_y": 4.0, "grid_umap_3d_z": 5.0, "grid_tsne_1d_x": 161.0, "grid_tsne_2d_x": 7.0, "grid_tsne_2d_y": 1.0, "grid_tsne_3d_x": 5.0, "grid_tsne_3d_y": 8.0, "grid_tsne_3d_z": 9.0, "patch_file": "patch_0161.png" }, "geometry": { "type": "Point", "coordinates": [ -95.34461858050318, 40.785573355089326 ] } },
{ "type": "Feature", "properties": { "index": 162, "lon": -151.52305227959661, "lat": 61.795592416240581, "classification": 20, "subregion_name": "Unknown", "umap_1d_x": 22.462486, "umap_2d_x": -40.198879, "umap_2d_y": -32.598862, "umap_3d_x": -40.242966, "umap_3d_y": -30.158701, "umap_3d_z": 30.679276, "tsne_1d_x": 44.643864, "tsne_2d_x": -39.62188, "tsne_2d_y": 5.812191, "tsne_3d_x": 29.723564, "tsne_3d_y": -29.78359, "tsne_3d_z": 28.559052, "grid_umap_1d_x": 162.0, "grid_umap_2d_x": 11.0, "grid_umap_2d_y": 8.0, "grid_umap_3d_x": 0.0, "grid_umap_3d_y": 2.0, "grid_umap_3d_z": 8.0, "grid_tsne_1d_x": 162.0, "grid_tsne_2d_x": 16.0, "grid_tsne_2d_y": 27.0, "grid_tsne_3d_x": 9.0, "grid_tsne_3d_y": 0.0, "grid_tsne_3d_z": 9.0, "patch_file": "patch_0162.png" }, "geometry": { "type": "Point", "coordinates": [ -151.523052279596612, 61.795592416240581 ] } },
{ "type": "Feature", "properties": { "index": 163, "lon": -112.64274145025789, "lat": 46.751785447106585, "classification": 30, "subregion_name": "Unknown", "umap_1d_x": 13.385707, "umap_2d_x": -37.087616, "umap_2d_y": -16.299583, "umap_3d_x": -28.390356, "umap_3d_y": -15.619644, "umap_3d_z": -1.4571266, "tsne_1d_x": 11.838142, "tsne_2d_x": -7.5379906, "tsne_2d_y": 21.36055, "tsne_3d_x": 27.863632, "tsne_3d_y": 0.077033997000001006, "tsne_3d_z": 11.7696, "grid_umap_1d_x": 163.0, "grid_umap_2d_x": 11.0, "grid_umap_2d_y": 17.0, "grid_umap_3d_x": 1.0, "grid_umap_3d_y": 6.0, "grid_umap_3d_z": 3.0, "grid_tsne_1d_x": 163.0, "grid_tsne_2d_x": 4.0, "grid_tsne_2d_y": 25.0, "grid_tsne_3d_x": 9.0, "grid_tsne_3d_y": 7.0, "grid_tsne_3d_z": 6.0, "patch_file": "patch_0163.png" }, "geometry": { "type": "Point", "coordinates": [ -112.642741450257887, 46.751785447106585 ] } },
{ "type": "Feature", "properties": { "index": 164, "lon": 31.198742748078502, "lat": 53.758161282569873, "classification": 125, "subregion_name": "Eastern Europe", "umap_1d_x": 16.745466, "umap_2d_x": -29.271515, "umap_2d_y": -21.021397, "umap_3d_x": -29.775349, "umap_3d_y": -36.767639, "umap_3d_z": 15.004616, "tsne_1d_x": 20.680496, "tsne_2d_x": -16.912998, "tsne_2d_y": 11.115818, "tsne_3d_x": 14.786186, "tsne_3d_y": -22.486734, "tsne_3d_z": 9.6467857, "grid_umap_1d_x": 164.0, "grid_umap_2d_x": 10.0, "grid_umap_2d_y": 9.0, "grid_umap_3d_x": 5.0, "grid_umap_3d_y": 3.0, "grid_umap_3d_z": 5.0, "grid_tsne_1d_x": 164.0, "grid_tsne_2d_x": 18.0, "grid_tsne_2d_y": 25.0, "grid_tsne_3d_x": 7.0, "grid_tsne_3d_y": 0.0, "grid_tsne_3d_z": 5.0, "patch_file": "patch_0164.png" }, "geometry": { "type": "Point", "coordinates": [ 31.198742748078502, 53.758161282569873 ] } },
{ "type": "Feature", "properties": { "index": 165, "lon": 97.721618192958374, "lat": 56.344708603240747, "classification": 114, "subregion_name": "Eastern Europe", "umap_1d_x": 19.199327, "umap_2d_x": -36.110035, "umap_2d_y": -40.834457, "umap_3d_x": -33.720795, "umap_3d_y": -31.816006, "umap_3d_z": 36.71833, "tsne_1d_x": 32.445278, "tsne_2d_x": -22.829973, "tsne_2d_y": -6.8292427, "tsne_3d_x": 5.4028091, "tsne_3d_y": -16.731995, "tsne_3d_z": 23.694191, "grid_umap_1d_x": 165.0, "grid_umap_2d_x": 25.0, "grid_umap_2d_y": 10.0, "grid_umap_3d_x": 6.0, "grid_umap_3d_y": 4.0, "grid_umap_3d_z": 7.0, "grid_tsne_1d_x": 165.0, "grid_tsne_2d_x": 5.0, "grid_tsne_2d_y": 9.0, "grid_tsne_3d_x": 2.0, "grid_tsne_3d_y": 3.0, "grid_tsne_3d_z": 7.0, "patch_file": "patch_0165.png" }, "geometry": { "type": "Point", "coordinates": [ 97.721618192958374, 56.344708603240747 ] } },
{ "type": "Feature", "properties": { "index": 166, "lon": 34.32476825252607, "lat": -18.102215292611582, "classification": 126, "subregion_name": "Sub-Saharan Africa", "umap_1d_x": -10.12402, "umap_2d_x": 39.321213, "umap_2d_y": 18.752266, "umap_3d_x": 41.141579, "umap_3d_y": 21.464912, "umap_3d_z": -8.3466377, "tsne_1d_x": -50.387875, "tsne_2d_x": 39.817276, "tsne_2d_y": 21.032417, "tsne_3d_x": -6.7594414, "tsne_3d_y": 6.5805855, "tsne_3d_z": -32.272774, "grid_umap_1d_x": 166.0, "grid_umap_2d_x": 28.0, "grid_umap_2d_y": 16.0, "grid_umap_3d_x": 8.0, "grid_umap_3d_y": 5.0, "grid_umap_3d_z": 3.0, "grid_tsne_1d_x": 166.0, "grid_tsne_2d_x": 28.0, "grid_tsne_2d_y": 21.0, "grid_tsne_3d_x": 3.0, "grid_tsne_3d_y": 4.0, "grid_tsne_3d_z": 1.0, "patch_file": "patch_0166.png" }, "geometry": { "type": "Point", "coordinates": [ 34.32476825252607, -18.102215292611582 ] } },
{ "type": "Feature", "properties": { "index": 167, "lon": 102.83264378535415, "lat": 64.251234803614565, "classification": 113, "subregion_name": "Eastern Europe", "umap_1d_x": 21.730745, "umap_2d_x": -43.265278, "umap_2d_y": -45.526531, "umap_3d_x": -42.086403, "umap_3d_y": -27.245678, "umap_3d_z": 46.302681, "tsne_1d_x": 41.663864, "tsne_2d_x": -34.248837, "tsne_2d_y": -15.719448, "tsne_3d_x": 15.325127, "tsne_3d_y": -21.192801, "tsne_3d_z": 35.954567, "grid_umap_1d_x": 167.0, "grid_umap_2d_x": 15.0, "grid_umap_2d_y": 3.0, "grid_umap_3d_x": 4.0, "grid_umap_3d_y": 6.0, "grid_umap_3d_z": 8.0, "grid_tsne_1d_x": 167.0, "grid_tsne_2d_x": 8.0, "grid_tsne_2d_y": 9.0, "grid_tsne_3d_x": 4.0, "grid_tsne_3d_y": 5.0, "grid_tsne_3d_z": 6.0, "patch_file": "patch_0167.png" }, "geometry": { "type": "Point", "coordinates": [ 102.832643785354151, 64.251234803614565 ] } },
{ "type": "Feature", "properties": { "index": 168, "lon": 156.2109011720363, "lat": 63.93385149707359, "classification": 30, "subregion_name": "Eastern Europe", "umap_1d_x": 24.469296, "umap_2d_x": -48.194847, "umap_2d_y": -36.60371, "umap_3d_x": -49.465015, "umap_3d_y": -20.706888, "umap_3d_z": 37.352356, "tsne_1d_x": 51.755924, "tsne_2d_x": -43.950985, "tsne_2d_y": -20.822277, "tsne_3d_x": 36.368881, "tsne_3d_y": -18.241135, "tsne_3d_z": 42.519096, "grid_umap_1d_x": 168.0, "grid_umap_2d_x": 2.0, "grid_umap_2d_y": 2.0, "grid_umap_3d_x": 2.0, "grid_umap_3d_y": 8.0, "grid_umap_3d_z": 7.0, "grid_tsne_1d_x": 168.0, "grid_tsne_2d_x": 12.0, "grid_tsne_2d_y": 12.0, "grid_tsne_3d_x": 7.0, "grid_tsne_3d_y": 5.0, "grid_tsne_3d_z": 7.0, "patch_file": "patch_0168.png" }, "geometry": { "type": "Point", "coordinates": [ 156.210901172036301, 63.93385149707359 ] } },
{ "type": "Feature", "properties": { "index": 169, "lon": 20.452567239832717, "lat": -27.051489516144095, "classification": 60, "subregion_name": "Sub-Saharan Africa", "umap_1d_x": -13.5118, "umap_2d_x": 49.525055, "umap_2d_y": 4.499733, "umap_3d_x": 49.060173, "umap_3d_y": -1.0044899, "umap_3d_z": -1.362999, "tsne_1d_x": -61.180721, "tsne_2d_x": 36.162903, "tsne_2d_y": 49.41703, "tsne_3d_x": 14.446953, "tsne_3d_y": -1.990757, "tsne_3d_z": -45.412067, "grid_umap_1d_x": 169.0, "grid_umap_2d_x": 30.0, "grid_umap_2d_y": 7.0, "grid_umap_3d_x": 9.0, "grid_umap_3d_y": 2.0, "grid_umap_3d_z": 1.0, "grid_tsne_1d_x": 169.0, "grid_tsne_2d_x": 18.0, "grid_tsne_2d_y": 31.0, "grid_tsne_3d_x": 7.0, "grid_tsne_3d_y": 5.0, "grid_tsne_3d_z": 0.0, "patch_file": "patch_0169.png" }, "geometry": { "type": "Point", "coordinates": [ 20.452567239832717, -27.051489516144095 ] } },
{ "type": "Feature", "properties": { "index": 170, "lon": 23.972142965213436, "lat": 0.678472681841221, "classification": 112, "subregion_name": "Sub-Saharan Africa", "umap_1d_x": -4.8944511, "umap_2d_x": 28.807655, "umap_2d_y": 38.941811, "umap_3d_x": 23.038895, "umap_3d_y": 40.948235, "umap_3d_z": -18.162149, "tsne_1d_x": -31.706995, "tsne_2d_x": 23.674767, "tsne_2d_y": -26.716604, "tsne_3d_x": -22.351748, "tsne_3d_y": 33.794861, "tsne_3d_z": -16.722168, "grid_umap_1d_x": 170.0, "grid_umap_2d_x": 27.0, "grid_umap_2d_y": 30.0, "grid_umap_3d_x": 6.0, "grid_umap_3d_y": 9.0, "grid_umap_3d_z": 4.0, "grid_tsne_1d_x": 170.0, "grid_tsne_2d_x": 25.0, "grid_tsne_2d_y": 4.0, "grid_tsne_3d_x": 1.0, "grid_tsne_3d_y": 9.0, "grid_tsne_3d_z": 2.0, "patch_file": "patch_0170.png" }, "geometry": { "type": "Point", "coordinates": [ 23.972142965213436, 0.678472681841221 ] } },
{ "type": "Feature", "properties": { "index": 171, "lon": -74.359735968619333, "lat": -11.643412335969728, "classification": 112, "subregion_name": "Latin America and the Caribbean", "umap_1d_x": -3.6061285, "umap_2d_x": 24.083397, "umap_2d_y": 40.824059, "umap_3d_x": 19.955154, "umap_3d_y": 32.014755, "umap_3d_z": -24.051268, "tsne_1d_x": -30.886248, "tsne_2d_x": 20.384827, "tsne_2d_y": -40.219265, "tsne_3d_x": -34.579979, "tsne_3d_y": 25.162056, "tsne_3d_z": -2.5848885, "grid_umap_1d_x": 171.0, "grid_umap_2d_x": 21.0, "grid_umap_2d_y": 31.0, "grid_umap_3d_x": 9.0, "grid_umap_3d_y": 7.0, "grid_umap_3d_z": 0.0, "grid_tsne_1d_x": 171.0, "grid_tsne_2d_x": 24.0, "grid_tsne_2d_y": 2.0, "grid_tsne_3d_x": 0.0, "grid_tsne_3d_y": 6.0, "grid_tsne_3d_z": 8.0, "patch_file": "patch_0171.png" }, "geometry": { "type": "Point", "coordinates": [ -74.359735968619333, -11.643412335969728 ] } },
{ "type": "Feature", "properties": { "index": 172, "lon": -117.79628722863552, "lat": 59.91400574456955, "classification": 20, "subregion_name": "Northern America", "umap_1d_x": 21.779041, "umap_2d_x": -41.180157, "umap_2d_y": -39.124695, "umap_3d_x": -43.794521, "umap_3d_y": -39.345097, "umap_3d_z": 38.091202, "tsne_1d_x": 38.571503, "tsne_2d_x": -34.958755, "tsne_2d_y": -1.1901512, "tsne_3d_x": 11.877911, "tsne_3d_y": -39.84454, "tsne_3d_z": 40.984436, "grid_umap_1d_x": 172.0, "grid_umap_2d_x": 11.0, "grid_umap_2d_y": 4.0, "grid_umap_3d_x": 4.0, "grid_umap_3d_y": 3.0, "grid_umap_3d_z": 7.0, "grid_tsne_1d_x": 172.0, "grid_tsne_2d_x": 6.0, "grid_tsne_2d_y": 17.0, "grid_tsne_3d_x": 3.0, "grid_tsne_3d_y": 3.0, "grid_tsne_3d_z": 7.0, "patch_file": "patch_0172.png" }, "geometry": { "type": "Point", "coordinates": [ -117.796287228635521, 59.91400574456955 ] } },
{ "type": "Feature", "properties": { "index": 173, "lon": 48.160578152959346, "lat": -18.641177407919066, "classification": 30, "subregion_name": "Sub-Saharan Africa", "umap_1d_x": -9.7497568, "umap_2d_x": 40.764885, "umap_2d_y": 23.498825, "umap_3d_x": 41.363106, "umap_3d_y": 28.333191, "umap_3d_z": -2.4460373, "tsne_1d_x": -48.37006, "tsne_2d_x": 44.542503, "tsne_2d_y": 19.691971, "tsne_3d_x": -18.554148, "tsne_3d_y": 3.0746117, "tsne_3d_z": -41.469673, "grid_umap_1d_x": 173.0, "grid_umap_2d_x": 25.0, "grid_umap_2d_y": 19.0, "grid_umap_3d_x": 9.0, "grid_umap_3d_y": 8.0, "grid_umap_3d_z": 6.0, "grid_tsne_1d_x": 173.0, "grid_tsne_2d_x": 26.0, "grid_tsne_2d_y": 20.0, "grid_tsne_3d_x": 1.0, "grid_tsne_3d_y": 3.0, "grid_tsne_3d_z": 1.0, "patch_file": "patch_0173.png" }, "geometry": { "type": "Point", "coordinates": [ 48.160578152959346, -18.641177407919066 ] } },
{ "type": "Feature", "properties": { "index": 174, "lon": 116.330352872248, "lat": 41.831961105174685, "classification": 40, "subregion_name": "Unknown", "umap_1d_x": 9.5274878, "umap_2d_x": -15.532665, "umap_2d_y": -8.3442841, "umap_3d_x": -23.237017, "umap_3d_y": -6.8730278, "umap_3d_z": 10.166245, "tsne_1d_x": 18.295076, "tsne_2d_x": -10.017975, "tsne_2d_y": -17.070831, "tsne_3d_x": 14.294838, "tsne_3d_y": 12.487568, "tsne_3d_z": 15.630249, "grid_umap_1d_x": 174.0, "grid_umap_2d_x": 19.0, "grid_umap_2d_y": 17.0, "grid_umap_3d_x": 0.0, "grid_umap_3d_y": 6.0, "grid_umap_3d_z": 5.0, "grid_tsne_1d_x": 174.0, "grid_tsne_2d_x": 15.0, "grid_tsne_2d_y": 10.0, "grid_tsne_3d_x": 8.0, "grid_tsne_3d_y": 8.0, "grid_tsne_3d_z": 8.0, "patch_file": "patch_0174.png" }, "geometry": { "type": "Point", "coordinates": [ 116.330352872248, 41.831961105174685 ] } },
{ "type": "Feature", "properties": { "index": 175, "lon": -83.210886669667573, "lat": 43.240384804481408, "classification": 40, "subregion_name": "Unknown", "umap_1d_x": 11.709294, "umap_2d_x": -21.493309, "umap_2d_y": -6.8413315, "umap_3d_x": -21.554026, "umap_3d_y": -23.346376, "umap_3d_z": 1.5392914, "tsne_1d_x": 5.6526165, "tsne_2d_x": -4.5499725, "tsne_2d_y": 6.5775528, "tsne_3d_x": -9.2770767, "tsne_3d_y": -16.400536, "tsne_3d_z": -3.7483139, "grid_umap_1d_x": 175.0, "grid_umap_2d_x": 11.0, "grid_umap_2d_y": 16.0, "grid_umap_3d_x": 4.0, "grid_umap_3d_y": 0.0, "grid_umap_3d_z": 2.0, "grid_tsne_1d_x": 175.0, "grid_tsne_2d_x": 13.0, "grid_tsne_2d_y": 16.0, "grid_tsne_3d_x": 0.0, "grid_tsne_3d_y": 0.0, "grid_tsne_3d_z": 2.0, "patch_file": "patch_0175.png" }, "geometry": { "type": "Point", "coordinates": [ -83.210886669667573, 43.240384804481408 ] } },
{ "type": "Feature", "properties": { "index": 176, "lon": 109.49493523096373, "lat": 33.36908746741419, "classification": 124, "subregion_name": "Unknown", "umap_1d_x": 9.1074629, "umap_2d_x": -16.642143, "umap_2d_y": -3.0745621, "umap_3d_x": -19.32855, "umap_3d_y": -10.023575, "umap_3d_z": 6.1374016, "tsne_1d_x": -3.6841114, "tsne_2d_x": -6.8900871, "tsne_2d_y": -12.687386, "tsne_3d_x": 7.5709763, "tsne_3d_y": 12.697697, "tsne_3d_z": 9.7084122, "grid_umap_1d_x": 176.0, "grid_umap_2d_x": 12.0, "grid_umap_2d_y": 17.0, "grid_umap_3d_x": 1.0, "grid_umap_3d_y": 4.0, "grid_umap_3d_z": 4.0, "grid_tsne_1d_x": 176.0, "grid_tsne_2d_x": 8.0, "grid_tsne_2d_y": 3.0, "grid_tsne_3d_x": 6.0, "grid_tsne_3d_y": 9.0, "grid_tsne_3d_z": 8.0, "patch_file": "patch_0176.png" }, "geometry": { "type": "Point", "coordinates": [ 109.494935230963733, 33.36908746741419 ] } },
{ "type": "Feature", "properties": { "index": 177, "lon": 72.646050637783105, "lat": 60.095613900300165, "classification": 20, "subregion_name": "Eastern Europe", "umap_1d_x": 23.100658, "umap_2d_x": -41.779823, "umap_2d_y": -26.271271, "umap_3d_x": -41.506538, "umap_3d_y": -25.699215, "umap_3d_z": 23.923737, "tsne_1d_x": 47.421886, "tsne_2d_x": -41.933636, "tsne_2d_y": -1.2260933, "tsne_3d_x": 29.153198, "tsne_3d_y": -18.209385, "tsne_3d_z": 23.922592, "grid_umap_1d_x": 177.0, "grid_umap_2d_x": 1.0, "grid_umap_2d_y": 5.0, "grid_umap_3d_x": 4.0, "grid_umap_3d_y": 6.0, "grid_umap_3d_z": 5.0, "grid_tsne_1d_x": 177.0, "grid_tsne_2d_x": 7.0, "grid_tsne_2d_y": 19.0, "grid_tsne_3d_x": 9.0, "grid_tsne_3d_y": 1.0, "grid_tsne_3d_z": 7.0, "patch_file": "patch_0177.png" }, "geometry": { "type": "Point", "coordinates": [ 72.646050637783105, 60.095613900300165 ] } },
{ "type": "Feature", "properties": { "index": 178, "lon": 25.957164487637016, "lat": 61.885108027637301, "classification": 111, "subregion_name": "Unknown", "umap_1d_x": 17.60671, "umap_2d_x": -28.509066, "umap_2d_y": -32.805527, "umap_3d_x": -31.00445, "umap_3d_y": -49.32349, "umap_3d_z": 22.286392, "tsne_1d_x": 24.846176, "tsne_2d_x": -24.764263, "tsne_2d_y": 14.524559, "tsne_3d_x": 11.390049, "tsne_3d_y": -40.136658, "tsne_3d_z": 14.706841, "grid_umap_1d_x": 178.0, "grid_umap_2d_x": 12.0, "grid_umap_2d_y": 1.0, "grid_umap_3d_x": 7.0, "grid_umap_3d_y": 0.0, "grid_umap_3d_z": 6.0, "grid_tsne_1d_x": 178.0, "grid_tsne_2d_x": 6.0, "grid_tsne_2d_y": 25.0, "grid_tsne_3d_x": 4.0, "grid_tsne_3d_y": 3.0, "grid_tsne_3d_z": 4.0, "patch_file": "patch_0178.png" }, "geometry": { "type": "Point", "coordinates": [ 25.957164487637016, 61.885108027637301 ] } },
{ "type": "Feature", "properties": { "index": 179, "lon": 129.56552554323582, "lat": 57.12193724139415, "classification": 113, "subregion_name": "Eastern Europe", "umap_1d_x": 20.861851, "umap_2d_x": -40.019314, "umap_2d_y": -48.492741, "umap_3d_x": -38.529438, "umap_3d_y": -32.191727, "umap_3d_z": 48.433769, "tsne_1d_x": 39.904907, "tsne_2d_x": -27.948473, "tsne_2d_y": -16.458996, "tsne_3d_x": 0.54823685000001, "tsne_3d_y": -17.298916, "tsne_3d_z": 36.066841, "grid_umap_1d_x": 179.0, "grid_umap_2d_x": 22.0, "grid_umap_2d_y": 2.0, "grid_umap_3d_x": 6.0, "grid_umap_3d_y": 5.0, "grid_umap_3d_z": 9.0, "grid_tsne_1d_x": 179.0, "grid_tsne_2d_x": 17.0, "grid_tsne_2d_y": 12.0, "grid_tsne_3d_x": 0.0, "grid_tsne_3d_y": 5.0, "grid_tsne_3d_z": 9.0, "patch_file": "patch_0179.png" }, "geometry": { "type": "Point", "coordinates": [ 129.565525543235822, 57.12193724139415 ] } },
{ "type": "Feature", "properties": { "index": 180, "lon": 72.347929547127336, "lat": 22.735707272032101, "classification": 40, "subregion_name": "Southern Asia", "umap_1d_x": 5.2994084, "umap_2d_x": -14.665291, "umap_2d_y": 24.044403, "umap_3d_x": -11.916523, "umap_3d_y": 1.6017609, "umap_3d_z": -29.873299, "tsne_1d_x": -11.92947, "tsne_2d_x": 7.9358749, "tsne_2d_y": -0.09028244000000285, "tsne_3d_x": 14.403099, "tsne_3d_y": 36.46386, "tsne_3d_z": 0.13677597, "grid_umap_1d_x": 180.0, "grid_umap_2d_x": 5.0, "grid_umap_2d_y": 25.0, "grid_umap_3d_x": 2.0, "grid_umap_3d_y": 6.0, "grid_umap_3d_z": 1.0, "grid_tsne_1d_x": 180.0, "grid_tsne_2d_x": 19.0, "grid_tsne_2d_y": 13.0, "grid_tsne_3d_x": 8.0, "grid_tsne_3d_y": 8.0, "grid_tsne_3d_z": 6.0, "patch_file": "patch_0180.png" }, "geometry": { "type": "Point", "coordinates": [ 72.347929547127336, 22.735707272032101 ] } },
{ "type": "Feature", "properties": { "index": 181, "lon": 72.995460862661474, "lat": 65.836617399690311, "classification": 30, "subregion_name": "Eastern Europe", "umap_1d_x": 23.609114, "umap_2d_x": -44.793591, "umap_2d_y": -29.676022, "umap_3d_x": -45.134617, "umap_3d_y": -22.679228, "umap_3d_z": 29.517296, "tsne_1d_x": 48.478424, "tsne_2d_x": -44.148331, "tsne_2d_y": -9.5489845, "tsne_3d_x": 33.244476, "tsne_3d_y": -19.543436, "tsne_3d_z": 32.387886, "grid_umap_1d_x": 181.0, "grid_umap_2d_x": 8.0, "grid_umap_2d_y": 9.0, "grid_umap_3d_x": 2.0, "grid_umap_3d_y": 7.0, "grid_umap_3d_z": 6.0, "grid_tsne_1d_x": 181.0, "grid_tsne_2d_x": 4.0, "grid_tsne_2d_y": 14.0, "grid_tsne_3d_x": 9.0, "grid_tsne_3d_y": 2.0, "grid_tsne_3d_z": 9.0, "patch_file": "patch_0181.png" }, "geometry": { "type": "Point", "coordinates": [ 72.995460862661474, 65.836617399690311 ] } },
{ "type": "Feature", "properties": { "index": 182, "lon": 16.422948862172291, "lat": -19.700968459069159, "classification": 20, "subregion_name": "Sub-Saharan Africa", "umap_1d_x": -11.41227, "umap_2d_x": 44.88916, "umap_2d_y": 26.350098, "umap_3d_x": 47.293564, "umap_3d_y": 31.492683, "umap_3d_z": -3.0358963, "tsne_1d_x": -53.547508, "tsne_2d_x": 47.516853, "tsne_2d_y": 28.436821, "tsne_3d_x": -4.1501503, "tsne_3d_y": 9.750824, "tsne_3d_z": -48.195229, "grid_umap_1d_x": 182.0, "grid_umap_2d_x": 21.0, "grid_umap_2d_y": 21.0, "grid_umap_3d_x": 9.0, "grid_umap_3d_y": 8.0, "grid_umap_3d_z": 8.0, "grid_tsne_1d_x": 182.0, "grid_tsne_2d_x": 23.0, "grid_tsne_2d_y": 24.0, "grid_tsne_3d_x": 5.0, "grid_tsne_3d_y": 6.0, "grid_tsne_3d_z": 3.0, "patch_file": "patch_0182.png" }, "geometry": { "type": "Point", "coordinates": [ 16.422948862172291, -19.700968459069159 ] } },
{ "type": "Feature", "properties": { "index": 183, "lon": 116.67130965725954, "lat": 2.674997965707234, "classification": 116, "subregion_name": "South-eastern Asia", "umap_1d_x": -4.0285172, "umap_2d_x": 25.149605, "umap_2d_y": 39.452164, "umap_3d_x": 19.995293, "umap_3d_y": 35.45723, "umap_3d_z": -20.331972, "tsne_1d_x": -30.295078, "tsne_2d_x": 20.396408, "tsne_2d_y": -35.947262, "tsne_3d_x": -33.854492, "tsne_3d_y": 22.627945, "tsne_3d_z": -8.6941643, "grid_umap_1d_x": 183.0, "grid_umap_2d_x": 19.0, "grid_umap_2d_y": 23.0, "grid_umap_3d_x": 5.0, "grid_umap_3d_y": 6.0, "grid_umap_3d_z": 4.0, "grid_tsne_1d_x": 183.0, "grid_tsne_2d_x": 24.0, "grid_tsne_2d_y": 5.0, "grid_tsne_3d_x": 1.0, "grid_tsne_3d_y": 5.0, "grid_tsne_3d_z": 5.0, "patch_file": "patch_0183.png" }, "geometry": { "type": "Point", "coordinates": [ 116.671309657259542, 2.674997965707234 ] } },
{ "type": "Feature", "properties": { "index": 184, "lon": -121.28390250362938, "lat": 43.22714862204846, "classification": 111, "subregion_name": "Unknown", "umap_1d_x": 13.374164, "umap_2d_x": -25.830164, "umap_2d_y": 1.1442261, "umap_3d_x": -26.564386, "umap_3d_y": -15.349983, "umap_3d_z": -4.4119186, "tsne_1d_x": 2.0507741, "tsne_2d_x": -4.0013237, "tsne_2d_y": 21.361542, "tsne_3d_x": 11.589199, "tsne_3d_y": -2.8300629, "tsne_3d_z": -11.630184, "grid_umap_1d_x": 184.0, "grid_umap_2d_x": 8.0, "grid_umap_2d_y": 19.0, "grid_umap_3d_x": 2.0, "grid_umap_3d_y": 6.0, "grid_umap_3d_z": 3.0, "grid_tsne_1d_x": 184.0, "grid_tsne_2d_x": 1.0, "grid_tsne_2d_y": 23.0, "grid_tsne_3d_x": 7.0, "grid_tsne_3d_y": 2.0, "grid_tsne_3d_z": 1.0, "patch_file": "patch_0184.png" }, "geometry": { "type": "Point", "coordinates": [ -121.283902503629378, 43.22714862204846 ] } },
{ "type": "Feature", "properties": { "index": 185, "lon": -2.225448379796688, "lat": 15.934103065825497, "classification": 30, "subregion_name": "Sub-Saharan Africa", "umap_1d_x": 2.1720552, "umap_2d_x": -16.43264, "umap_2d_y": 38.586143, "umap_3d_x": -12.762222, "umap_3d_y": 3.0350914, "umap_3d_z": -49.468433, "tsne_1d_x": -14.678394, "tsne_2d_x": 13.990791, "tsne_2d_y": 13.353241, "tsne_3d_x": 31.768822, "tsne_3d_y": 36.490517, "tsne_3d_z": -10.313335, "grid_umap_1d_x": 185.0, "grid_umap_2d_x": 11.0, "grid_umap_2d_y": 29.0, "grid_umap_3d_x": 6.0, "grid_umap_3d_y": 2.0, "grid_umap_3d_z": 1.0, "grid_tsne_1d_x": 185.0, "grid_tsne_2d_x": 22.0, "grid_tsne_2d_y": 18.0, "grid_tsne_3d_x": 8.0, "grid_tsne_3d_y": 7.0, "grid_tsne_3d_z": 5.0, "patch_file": "patch_0185.png" }, "geometry": { "type": "Point", "coordinates": [ -2.225448379796688, 15.934103065825497 ] } },
{ "type": "Feature", "properties": { "index": 186, "lon": 114.82211136283263, "lat": 64.608014425774599, "classification": 113, "subregion_name": "Eastern Europe", "umap_1d_x": 23.847023, "umap_2d_x": -47.607838, "umap_2d_y": -40.622608, "umap_3d_x": -46.973473, "umap_3d_y": -20.836166, "umap_3d_z": 41.271584, "tsne_1d_x": 50.157169, "tsne_2d_x": -39.803978, "tsne_2d_y": -18.572515, "tsne_3d_x": 26.038177, "tsne_3d_y": -16.621723, "tsne_3d_z": 41.114876, "grid_umap_1d_x": 186.0, "grid_umap_2d_x": 4.0, "grid_umap_2d_y": 1.0, "grid_umap_3d_x": 1.0, "grid_umap_3d_y": 7.0, "grid_umap_3d_z": 9.0, "grid_tsne_1d_x": 186.0, "grid_tsne_2d_x": 4.0, "grid_tsne_2d_y": 7.0, "grid_tsne_3d_x": 7.0, "grid_tsne_3d_y": 4.0, "grid_tsne_3d_z": 9.0, "patch_file": "patch_0186.png" }, "geometry": { "type": "Point", "coordinates": [ 114.822111362832629, 64.608014425774599 ] } },
{ "type": "Feature", "properties": { "index": 187, "lon": -56.641146360180215, "lat": -24.483137280580024, "classification": 112, "subregion_name": "Latin America and the Caribbean", "umap_1d_x": -10.228647, "umap_2d_x": 40.330002, "umap_2d_y": 15.32328, "umap_3d_x": 41.045395, "umap_3d_y": 19.212547, "umap_3d_z": -0.95291138, "tsne_1d_x": -56.038116, "tsne_2d_x": 35.202576, "tsne_2d_y": 24.566689, "tsne_3d_x": -14.608631, "tsne_3d_y": -9.0606079, "tsne_3d_z": -32.466072, "grid_umap_1d_x": 187.0, "grid_umap_2d_x": 25.0, "grid_umap_2d_y": 13.0, "grid_umap_3d_x": 7.0, "grid_umap_3d_y": 5.0, "grid_umap_3d_z": 6.0, "grid_tsne_1d_x": 187.0, "grid_tsne_2d_x": 25.0, "grid_tsne_2d_y": 23.0, "grid_tsne_3d_x": 0.0, "grid_tsne_3d_y": 2.0, "grid_tsne_3d_z": 2.0, "patch_file": "patch_0187.png" }, "geometry": { "type": "Point", "coordinates": [ -56.641146360180215, -24.483137280580024 ] } },
{ "type": "Feature", "properties": { "index": 188, "lon": 3.338564990425283, "lat": 43.461187181429835, "classification": 20, "subregion_name": "Unknown", "umap_1d_x": 13.836009, "umap_2d_x": -28.355425, "umap_2d_y": 3.9938736, "umap_3d_x": -27.108934, "umap_3d_y": -26.137554, "umap_3d_z": -9.124424, "tsne_1d_x": 3.832799, "tsne_2d_x": -4.4325562, "tsne_2d_y": 30.668236, "tsne_3d_x": 26.132957, "tsne_3d_y": -11.976589, "tsne_3d_z": -8.3185539, "grid_umap_1d_x": 188.0, "grid_umap_2d_x": 10.0, "grid_umap_2d_y": 22.0, "grid_umap_3d_x": 5.0, "grid_umap_3d_y": 0.0, "grid_umap_3d_z": 0.0, "grid_tsne_1d_x": 188.0, "grid_tsne_2d_x": 10.0, "grid_tsne_2d_y": 30.0, "grid_tsne_3d_x": 9.0, "grid_tsne_3d_y": 1.0, "grid_tsne_3d_z": 1.0, "patch_file": "patch_0188.png" }, "geometry": { "type": "Point", "coordinates": [ 3.338564990425283, 43.461187181429835 ] } },
{ "type": "Feature", "properties": { "index": 189, "lon": 110.69586086192697, "lat": 58.024774394805149, "classification": 113, "subregion_name": "Eastern Europe", "umap_1d_x": 22.505148, "umap_2d_x": -42.215176, "umap_2d_y": -40.642479, "umap_3d_x": -41.854969, "umap_3d_y": -28.807549, "umap_3d_z": 40.167061, "tsne_1d_x": 43.475067, "tsne_2d_x": -37.563747, "tsne_2d_y": -10.413082, "tsne_3d_x": 16.234467, "tsne_3d_y": -26.29678, "tsne_3d_z": 33.04789, "grid_umap_1d_x": 189.0, "grid_umap_2d_x": 8.0, "grid_umap_2d_y": 1.0, "grid_umap_3d_x": 2.0, "grid_umap_3d_y": 4.0, "grid_umap_3d_z": 9.0, "grid_tsne_1d_x": 189.0, "grid_tsne_2d_x": 16.0, "grid_tsne_2d_y": 18.0, "grid_tsne_3d_x": 5.0, "grid_tsne_3d_y": 2.0, "grid_tsne_3d_z": 8.0, "patch_file": "patch_0189.png" }, "geometry": { "type": "Point", "coordinates": [ 110.695860861926974, 58.024774394805149 ] } },
{ "type": "Feature", "properties": { "index": 190, "lon": -104.49109720359958, "lat": 22.764668961486038, "classification": 115, "subregion_name": "Latin America and the Caribbean", "umap_1d_x": 6.8999019, "umap_2d_x": -14.945454, "umap_2d_y": 12.35532, "umap_3d_x": -12.598278, "umap_3d_y": -1.912014, "umap_3d_z": -15.586559, "tsne_1d_x": -7.9748049, "tsne_2d_x": 5.938858, "tsne_2d_y": -10.249062, "tsne_3d_x": 4.3254776, "tsne_3d_y": 21.869568, "tsne_3d_z": -9.5331802, "grid_umap_1d_x": 190.0, "grid_umap_2d_x": 4.0, "grid_umap_2d_y": 21.0, "grid_umap_3d_x": 2.0, "grid_umap_3d_y": 4.0, "grid_umap_3d_z": 1.0, "grid_tsne_1d_x": 190.0, "grid_tsne_2d_x": 13.0, "grid_tsne_2d_y": 2.0, "grid_tsne_3d_x": 4.0, "grid_tsne_3d_y": 9.0, "grid_tsne_3d_z": 0.0, "patch_file": "patch_0190.png" }, "geometry": { "type": "Point", "coordinates": [ -104.49109720359958, 22.764668961486038 ] } },
{ "type": "Feature", "properties": { "index": 191, "lon": 36.851481079966447, "lat": -18.028399128682338, "classification": 126, "subregion_name": "Sub-Saharan Africa", "umap_1d_x": -10.020514, "umap_2d_x": 39.800354, "umap_2d_y": 19.335091, "umap_3d_x": 40.910614, "umap_3d_y": 21.432617, "umap_3d_z": -7.3435211, "tsne_1d_x": -50.160351, "tsne_2d_x": 39.90416, "tsne_2d_y": 19.148071, "tsne_3d_x": -3.2405396, "tsne_3d_y": 9.5221291, "tsne_3d_z": -31.131731, "grid_umap_1d_x": 191.0, "grid_umap_2d_x": 27.0, "grid_umap_2d_y": 16.0, "grid_umap_3d_x": 9.0, "grid_umap_3d_y": 5.0, "grid_umap_3d_z": 3.0, "grid_tsne_1d_x": 191.0, "grid_tsne_2d_x": 28.0, "grid_tsne_2d_y": 19.0, "grid_tsne_3d_x": 4.0, "grid_tsne_3d_y": 6.0, "grid_tsne_3d_z": 0.0, "patch_file": "patch_0191.png" }, "geometry": { "type": "Point", "coordinates": [ 36.851481079966447, -18.028399128682338 ] } },
{ "type": "Feature", "properties": { "index": 192, "lon": 34.993755820166996, "lat": -11.284029451148797, "classification": 126, "subregion_name": "Sub-Saharan Africa", "umap_1d_x": -9.3718195, "umap_2d_x": 39.653465, "umap_2d_y": 24.912819, "umap_3d_x": 40.563187, "umap_3d_y": 32.290276, "umap_3d_z": -4.3702507, "tsne_1d_x": -47.735699, "tsne_2d_x": 45.113609, "tsne_2d_y": 17.135475, "tsne_3d_x": -17.083557, "tsne_3d_y": 9.8980064, "tsne_3d_z": -39.060482, "grid_umap_1d_x": 192.0, "grid_umap_2d_x": 27.0, "grid_umap_2d_y": 22.0, "grid_umap_3d_x": 7.0, "grid_umap_3d_y": 8.0, "grid_umap_3d_z": 5.0, "grid_tsne_1d_x": 192.0, "grid_tsne_2d_x": 29.0, "grid_tsne_2d_y": 17.0, "grid_tsne_3d_x": 2.0, "grid_tsne_3d_y": 4.0, "grid_tsne_3d_z": 4.0, "patch_file": "patch_0192.png" }, "geometry": { "type": "Point", "coordinates": [ 34.993755820166996, -11.284029451148797 ] } },
{ "type": "Feature", "properties": { "index": 193, "lon": 3.392997796451652, "lat": 34.157114430907356, "classification": 30, "subregion_name": "Northern Africa", "umap_1d_x": 2.2394023, "umap_2d_x": -16.894802, "umap_2d_y": 37.792259, "umap_3d_x": -13.550549, "umap_3d_y": 2.3144302, "umap_3d_z": -48.285919, "tsne_1d_x": -14.021147, "tsne_2d_x": 12.461113, "tsne_2d_y": 16.796921, "tsne_3d_x": 33.207413, "tsne_3d_y": 27.777031, "tsne_3d_z": -11.109871, "grid_umap_1d_x": 193.0, "grid_umap_2d_x": 3.0, "grid_umap_2d_y": 31.0, "grid_umap_3d_x": 5.0, "grid_umap_3d_y": 1.0, "grid_umap_3d_z": 0.0, "grid_tsne_1d_x": 193.0, "grid_tsne_2d_x": 15.0, "grid_tsne_2d_y": 18.0, "grid_tsne_3d_x": 9.0, "grid_tsne_3d_y": 7.0, "grid_tsne_3d_z": 3.0, "patch_file": "patch_0193.png" }, "geometry": { "type": "Point", "coordinates": [ 3.392997796451652, 34.157114430907356 ] } },
{ "type": "Feature", "properties": { "index": 194, "lon": 44.622793619085172, "lat": 63.769211469699641, "classification": 111, "subregion_name": "Eastern Europe", "umap_1d_x": 20.027317, "umap_2d_x": -31.583014, "umap_2d_y": -38.487778, "umap_3d_x": -35.210884, "umap_3d_y": -47.532352, "umap_3d_z": 32.238892, "tsne_1d_x": 27.395729, "tsne_2d_x": -27.814529, "tsne_2d_y": 10.578007, "tsne_3d_x": 9.7093887, "tsne_3d_y": -39.615238, "tsne_3d_z": 22.1651, "grid_umap_1d_x": 194.0, "grid_umap_2d_x": 18.0, "grid_umap_2d_y": 3.0, "grid_umap_3d_x": 7.0, "grid_umap_3d_y": 1.0, "grid_umap_3d_z": 7.0, "grid_tsne_1d_x": 194.0, "grid_tsne_2d_x": 5.0, "grid_tsne_2d_y": 23.0, "grid_tsne_3d_x": 3.0, "grid_tsne_3d_y": 1.0, "grid_tsne_3d_z": 6.0, "patch_file": "patch_0194.png" }, "geometry": { "type": "Point", "coordinates": [ 44.622793619085172, 63.769211469699641 ] } },
{ "type": "Feature", "properties": { "index": 195, "lon": 129.41994192768948, "lat": -31.282007621395508, "classification": 20, "subregion_name": "Unknown", "umap_1d_x": -13.432785, "umap_2d_x": 47.970596, "umap_2d_y": 4.2894669, "umap_3d_x": 47.756104, "umap_3d_y": -0.5813179, "umap_3d_z": -0.40420151, "tsne_1d_x": -61.358536, "tsne_2d_x": 37.564728, "tsne_2d_y": 43.796509, "tsne_3d_x": 10.062237, "tsne_3d_y": -12.049191, "tsne_3d_z": -41.652122, "grid_umap_1d_x": 195.0, "grid_umap_2d_x": 31.0, "grid_umap_2d_y": 6.0, "grid_umap_3d_x": 9.0, "grid_umap_3d_y": 2.0, "grid_umap_3d_z": 3.0, "grid_tsne_1d_x": 195.0, "grid_tsne_2d_x": 20.0, "grid_tsne_2d_y": 27.0, "grid_tsne_3d_x": 6.0, "grid_tsne_3d_y": 3.0, "grid_tsne_3d_z": 2.0, "patch_file": "patch_0195.png" }, "geometry": { "type": "Point", "coordinates": [ 129.419941927689479, -31.282007621395508 ] } },
{ "type": "Feature", "properties": { "index": 196, "lon": 33.940884572740089, "lat": -11.250909463165847, "classification": 126, "subregion_name": "Sub-Saharan Africa", "umap_1d_x": -9.2316771, "umap_2d_x": 40.867592, "umap_2d_y": 27.977226, "umap_3d_x": 41.85112, "umap_3d_y": 36.075966, "umap_3d_z": -2.4880333, "tsne_1d_x": -47.205128, "tsne_2d_x": 48.122002, "tsne_2d_y": 20.493332, "tsne_3d_x": -21.33946, "tsne_3d_y": 9.7119217, "tsne_3d_z": -44.430355, "grid_umap_1d_x": 196.0, "grid_umap_2d_x": 26.0, "grid_umap_2d_y": 24.0, "grid_umap_3d_x": 8.0, "grid_umap_3d_y": 9.0, "grid_umap_3d_z": 8.0, "grid_tsne_1d_x": 196.0, "grid_tsne_2d_x": 25.0, "grid_tsne_2d_y": 21.0, "grid_tsne_3d_x": 1.0, "grid_tsne_3d_y": 4.0, "grid_tsne_3d_z": 2.0, "patch_file": "patch_0196.png" }, "geometry": { "type": "Point", "coordinates": [ 33.940884572740089, -11.250909463165847 ] } },
{ "type": "Feature", "properties": { "index": 197, "lon": -118.16593887195192, "lat": 51.400866479737559, "classification": 126, "subregion_name": "Northern America", "umap_1d_x": 13.732512, "umap_2d_x": -27.297022, "umap_2d_y": -2.2991295, "umap_3d_x": -28.387243, "umap_3d_y": -19.0373, "umap_3d_z": -0.36471939, "tsne_1d_x": 2.8926942, "tsne_2d_x": -6.5243111, "tsne_2d_y": 18.893791, "tsne_3d_x": 12.324589, "tsne_3d_y": -13.227207, "tsne_3d_z": -9.4533997, "grid_umap_1d_x": 197.0, "grid_umap_2d_x": 6.0, "grid_umap_2d_y": 17.0, "grid_umap_3d_x": 2.0, "grid_umap_3d_y": 3.0, "grid_umap_3d_z": 3.0, "grid_tsne_1d_x": 197.0, "grid_tsne_2d_x": 12.0, "grid_tsne_2d_y": 26.0, "grid_tsne_3d_x": 6.0, "grid_tsne_3d_y": 0.0, "grid_tsne_3d_z": 1.0, "patch_file": "patch_0197.png" }, "geometry": { "type": "Point", "coordinates": [ -118.165938871951923, 51.400866479737559 ] } },
{ "type": "Feature", "properties": { "index": 198, "lon": -108.20512739944287, "lat": 39.739611068116162, "classification": 121, "subregion_name": "Unknown", "umap_1d_x": 13.0516, "umap_2d_x": -24.124962, "umap_2d_y": 3.2611618, "umap_3d_x": -25.754541, "umap_3d_y": -15.027794, "umap_3d_z": -5.2622719, "tsne_1d_x": 1.2515215, "tsne_2d_x": -2.6198082, "tsne_2d_y": 19.949493, "tsne_3d_x": 13.073551, "tsne_3d_y": -0.454422, "tsne_3d_z": -6.798027, "grid_umap_1d_x": 198.0, "grid_umap_2d_x": 1.0, "grid_umap_2d_y": 16.0, "grid_umap_3d_x": 1.0, "grid_umap_3d_y": 4.0, "grid_umap_3d_z": 2.0, "grid_tsne_1d_x": 198.0, "grid_tsne_2d_x": 8.0, "grid_tsne_2d_y": 24.0, "grid_tsne_3d_x": 8.0, "grid_tsne_3d_y": 3.0, "grid_tsne_3d_z": 0.0, "patch_file": "patch_0198.png" }, "geometry": { "type": "Point", "coordinates": [ -108.205127399442873, 39.739611068116162 ] } },
{ "type": "Feature", "properties": { "index": 199, "lon": -138.18168353128291, "lat": 64.193670996484485, "classification": 30, "subregion_name": "Northern America", "umap_1d_x": 25.189182, "umap_2d_x": -49.599468, "umap_2d_y": -29.014273, "umap_3d_x": -49.584652, "umap_3d_y": -18.125507, "umap_3d_z": 26.727669, "tsne_1d_x": 55.991035, "tsne_2d_x": -49.376007, "tsne_2d_y": -16.860233, "tsne_3d_x": 48.681709, "tsne_3d_y": -13.65522, "tsne_3d_z": 36.355141, "grid_umap_1d_x": 199.0, "grid_umap_2d_x": 14.0, "grid_umap_2d_y": 17.0, "grid_umap_3d_x": 2.0, "grid_umap_3d_y": 9.0, "grid_umap_3d_z": 5.0, "grid_tsne_1d_x": 199.0, "grid_tsne_2d_x": 18.0, "grid_tsne_2d_y": 19.0, "grid_tsne_3d_x": 9.0, "grid_tsne_3d_y": 6.0, "grid_tsne_3d_z": 7.0, "patch_file": "patch_0199.png" }, "geometry": { "type": "Point", "coordinates": [ -138.181683531282914, 64.193670996484485 ] } },
{ "type": "Feature", "properties": { "index": 200, "lon": 40.525731029607499, "lat": 64.763927922129412, "classification": 111, "subregion_name": "Eastern Europe", "umap_1d_x": 20.040743, "umap_2d_x": -32.252048, "umap_2d_y": -37.760963, "umap_3d_x": -36.090202, "umap_3d_y": -46.385849, "umap_3d_z": 31.655327, "tsne_1d_x": 27.426611, "tsne_2d_x": -29.660521, "tsne_2d_y": 11.412407, "tsne_3d_x": 14.177544, "tsne_3d_y": -38.710079, "tsne_3d_z": 23.040665, "grid_umap_1d_x": 200.0, "grid_umap_2d_x": 13.0, "grid_umap_2d_y": 0.0, "grid_umap_3d_x": 6.0, "grid_umap_3d_y": 2.0, "grid_umap_3d_z": 6.0, "grid_tsne_1d_x": 200.0, "grid_tsne_2d_x": 0.0, "grid_tsne_2d_y": 22.0, "grid_tsne_3d_x": 5.0, "grid_tsne_3d_y": 1.0, "grid_tsne_3d_z": 6.0, "patch_file": "patch_0200.png" }, "geometry": { "type": "Point", "coordinates": [ 40.525731029607499, 64.763927922129412 ] } },
{ "type": "Feature", "properties": { "index": 201, "lon": 35.414333746785445, "lat": 0.4859351989031, "classification": 40, "subregion_name": "Sub-Saharan Africa", "umap_1d_x": 4.4399905, "umap_2d_x": -7.829483, "umap_2d_y": 31.299149, "umap_3d_x": -6.6742172, "umap_3d_y": 12.593681, "umap_3d_z": -40.236031, "tsne_1d_x": -20.285942, "tsne_2d_x": 21.397438, "tsne_2d_y": -2.682251, "tsne_3d_x": 10.048992, "tsne_3d_y": 29.151817, "tsne_3d_z": -21.42885, "grid_umap_1d_x": 201.0, "grid_umap_2d_x": 8.0, "grid_umap_2d_y": 27.0, "grid_umap_3d_x": 3.0, "grid_umap_3d_y": 8.0, "grid_umap_3d_z": 2.0, "grid_tsne_1d_x": 201.0, "grid_tsne_2d_x": 24.0, "grid_tsne_2d_y": 14.0, "grid_tsne_3d_x": 7.0, "grid_tsne_3d_y": 8.0, "grid_tsne_3d_z": 1.0, "patch_file": "patch_0201.png" }, "geometry": { "type": "Point", "coordinates": [ 35.414333746785445, 0.4859351989031 ] } },
{ "type": "Feature", "properties": { "index": 202, "lon": 113.72399113009254, "lat": 33.750121683308024, "classification": 40, "subregion_name": "Unknown", "umap_1d_x": 5.3101678, "umap_2d_x": -15.026745, "umap_2d_y": 23.892479, "umap_3d_x": -12.331547, "umap_3d_y": 1.7124062, "umap_3d_z": -29.78405, "tsne_1d_x": -11.577768, "tsne_2d_x": 5.9788399, "tsne_2d_y": 1.9438629, "tsne_3d_x": 17.015854, "tsne_3d_y": 35.543098, "tsne_3d_z": 4.7509804, "grid_umap_1d_x": 202.0, "grid_umap_2d_x": 8.0, "grid_umap_2d_y": 25.0, "grid_umap_3d_x": 0.0, "grid_umap_3d_y": 7.0, "grid_umap_3d_z": 0.0, "grid_tsne_1d_x": 202.0, "grid_tsne_2d_x": 7.0, "grid_tsne_2d_y": 3.0, "grid_tsne_3d_x": 9.0, "grid_tsne_3d_y": 9.0, "grid_tsne_3d_z": 7.0, "patch_file": "patch_0202.png" }, "geometry": { "type": "Point", "coordinates": [ 113.723991130092543, 33.750121683308024 ] } },
{ "type": "Feature", "properties": { "index": 203, "lon": 136.17991085182899, "lat": 69.735455574287499, "classification": 116, "subregion_name": "Eastern Europe", "umap_1d_x": 24.782513, "umap_2d_x": -49.603626, "umap_2d_y": -37.728874, "umap_3d_x": -49.457672, "umap_3d_y": -18.196991, "umap_3d_z": 39.403809, "tsne_1d_x": 51.079079, "tsne_2d_x": -42.10257, "tsne_2d_y": -19.240349, "tsne_3d_x": 32.16922, "tsne_3d_y": -11.547455, "tsne_3d_z": 43.518188, "grid_umap_1d_x": 203.0, "grid_umap_2d_x": 15.0, "grid_umap_2d_y": 12.0, "grid_umap_3d_x": 2.0, "grid_umap_3d_y": 9.0, "grid_umap_3d_z": 8.0, "grid_tsne_1d_x": 203.0, "grid_tsne_2d_x": 10.0, "grid_tsne_2d_y": 11.0, "grid_tsne_3d_x": 6.0, "grid_tsne_3d_y": 7.0, "grid_tsne_3d_z": 8.0, "patch_file": "patch_0203.png" }, "geometry": { "type": "Point", "coordinates": [ 136.179910851828993, 69.735455574287499 ] } },
{ "type": "Feature", "properties": { "index": 204, "lon": 30.830138730707176, "lat": 37.853923435965726, "classification": 30, "subregion_name": "Western Asia", "umap_1d_x": 13.058352, "umap_2d_x": -25.56109, "umap_2d_y": 5.1408005, "umap_3d_x": -25.389387, "umap_3d_y": -19.459194, "umap_3d_z": -8.7745743, "tsne_1d_x": 1.8993893, "tsne_2d_x": -1.7634468, "tsne_2d_y": 25.107445, "tsne_3d_x": 21.736206, "tsne_3d_y": -1.6873093, "tsne_3d_z": -10.07634, "grid_umap_1d_x": 204.0, "grid_umap_2d_x": 8.0, "grid_umap_2d_y": 21.0, "grid_umap_3d_x": 1.0, "grid_umap_3d_y": 0.0, "grid_umap_3d_z": 0.0, "grid_tsne_1d_x": 204.0, "grid_tsne_2d_x": 9.0, "grid_tsne_2d_y": 28.0, "grid_tsne_3d_x": 8.0, "grid_tsne_3d_y": 4.0, "grid_tsne_3d_z": 2.0, "patch_file": "patch_0204.png" }, "geometry": { "type": "Point", "coordinates": [ 30.830138730707176, 37.853923435965726 ] } },
{ "type": "Feature", "properties": { "index": 205, "lon": -78.084888612874835, "lat": -1.6072434417785499, "classification": 112, "subregion_name": "Latin America and the Caribbean", "umap_1d_x": -3.8727701, "umap_2d_x": 24.537354, "umap_2d_y": 39.855469, "umap_3d_x": 19.956909, "umap_3d_y": 34.953194, "umap_3d_z": -21.646687, "tsne_1d_x": -30.575245, "tsne_2d_x": 20.070503, "tsne_2d_y": -38.010521, "tsne_3d_x": -34.934727, "tsne_3d_y": 22.942062, "tsne_3d_z": -5.9128952, "grid_umap_1d_x": 205.0, "grid_umap_2d_x": 19.0, "grid_umap_2d_y": 24.0, "grid_umap_3d_x": 7.0, "grid_umap_3d_y": 8.0, "grid_umap_3d_z": 1.0, "grid_tsne_1d_x": 205.0, "grid_tsne_2d_x": 24.0, "grid_tsne_2d_y": 7.0, "grid_tsne_3d_x": 0.0, "grid_tsne_3d_y": 5.0, "grid_tsne_3d_z": 7.0, "patch_file": "patch_0205.png" }, "geometry": { "type": "Point", "coordinates": [ -78.084888612874835, -1.60724344177855 ] } },
{ "type": "Feature", "properties": { "index": 206, "lon": -91.391238960981042, "lat": 48.704217006941576, "classification": 126, "subregion_name": "Northern America", "umap_1d_x": 22.036451, "umap_2d_x": -38.812981, "umap_2d_y": -33.907539, "umap_3d_x": -40.633472, "umap_3d_y": -36.548733, "umap_3d_z": 31.659409, "tsne_1d_x": 37.520798, "tsne_2d_x": -38.186768, "tsne_2d_y": 2.8393745, "tsne_3d_x": 24.050781, "tsne_3d_y": -29.34693, "tsne_3d_z": 20.965538, "grid_umap_1d_x": 206.0, "grid_umap_2d_x": 3.0, "grid_umap_2d_y": 0.0, "grid_umap_3d_x": 0.0, "grid_umap_3d_y": 0.0, "grid_umap_3d_z": 8.0, "grid_tsne_1d_x": 206.0, "grid_tsne_2d_x": 5.0, "grid_tsne_2d_y": 20.0, "grid_tsne_3d_x": 8.0, "grid_tsne_3d_y": 0.0, "grid_tsne_3d_z": 6.0, "patch_file": "patch_0206.png" }, "geometry": { "type": "Point", "coordinates": [ -91.391238960981042, 48.704217006941576 ] } },
{ "type": "Feature", "properties": { "index": 207, "lon": 142.86900341342488, "lat": -18.605996103754848, "classification": 124, "subregion_name": "Unknown", "umap_1d_x": -10.862746, "umap_2d_x": 43.044472, "umap_2d_y": 17.147736, "umap_3d_x": 44.323502, "umap_3d_y": 20.592079, "umap_3d_z": -9.8790016, "tsne_1d_x": -52.115135, "tsne_2d_x": 42.02536, "tsne_2d_y": 29.319359, "tsne_3d_x": 1.1362801, "tsne_3d_y": 5.7562294, "tsne_3d_z": -38.902561, "grid_umap_1d_x": 207.0, "grid_umap_2d_x": 25.0, "grid_umap_2d_y": 14.0, "grid_umap_3d_x": 9.0, "grid_umap_3d_y": 4.0, "grid_umap_3d_z": 1.0, "grid_tsne_1d_x": 207.0, "grid_tsne_2d_x": 28.0, "grid_tsne_2d_y": 26.0, "grid_tsne_3d_x": 6.0, "grid_tsne_3d_y": 5.0, "grid_tsne_3d_z": 3.0, "patch_file": "patch_0207.png" }, "geometry": { "type": "Point", "coordinates": [ 142.869003413424878, -18.605996103754848 ] } },
{ "type": "Feature", "properties": { "index": 208, "lon": -45.639982376941333, "lat": -17.467714727758676, "classification": 126, "subregion_name": "Latin America and the Caribbean", "umap_1d_x": -9.7324238, "umap_2d_x": 40.158409, "umap_2d_y": 22.309395, "umap_3d_x": 40.822289, "umap_3d_y": 27.269295, "umap_3d_z": -2.5441055, "tsne_1d_x": -48.727509, "tsne_2d_x": 43.227997, "tsne_2d_y": 19.52166, "tsne_3d_x": -17.488094, "tsne_3d_y": 2.0338783, "tsne_3d_z": -37.430611, "grid_umap_1d_x": 208.0, "grid_umap_2d_x": 29.0, "grid_umap_2d_y": 19.0, "grid_umap_3d_x": 6.0, "grid_umap_3d_y": 6.0, "grid_umap_3d_z": 6.0, "grid_tsne_1d_x": 208.0, "grid_tsne_2d_x": 23.0, "grid_tsne_2d_y": 20.0, "grid_tsne_3d_x": 0.0, "grid_tsne_3d_y": 3.0, "grid_tsne_3d_z": 0.0, "patch_file": "patch_0208.png" }, "geometry": { "type": "Point", "coordinates": [ -45.639982376941333, -17.467714727758676 ] } },
{ "type": "Feature", "properties": { "index": 209, "lon": -9.1100483364012916, "lat": 7.6218658672975286, "classification": 122, "subregion_name": "Sub-Saharan Africa", "umap_1d_x": 4.4250226, "umap_2d_x": -8.8351746, "umap_2d_y": 30.171005, "umap_3d_x": -4.9180832, "umap_3d_y": 5.5263176, "umap_3d_z": -37.768517, "tsne_1d_x": -19.050894, "tsne_2d_x": 16.675301, "tsne_2d_y": -7.4988518, "tsne_3d_x": 2.4157753, "tsne_3d_y": 40.605911, "tsne_3d_z": -13.922455, "grid_umap_1d_x": 209.0, "grid_umap_2d_x": 7.0, "grid_umap_2d_y": 26.0, "grid_umap_3d_x": 6.0, "grid_umap_3d_y": 5.0, "grid_umap_3d_z": 2.0, "grid_tsne_1d_x": 209.0, "grid_tsne_2d_x": 20.0, "grid_tsne_2d_y": 3.0, "grid_tsne_3d_x": 4.0, "grid_tsne_3d_y": 9.0, "grid_tsne_3d_z": 2.0, "patch_file": "patch_0209.png" }, "geometry": { "type": "Point", "coordinates": [ -9.110048336401292, 7.621865867297529 ] } },
{ "type": "Feature", "properties": { "index": 210, "lon": -75.504215177103887, "lat": 47.665521005786161, "classification": 115, "subregion_name": "Northern America", "umap_1d_x": 18.73908, "umap_2d_x": -34.628956, "umap_2d_y": -32.910645, "umap_3d_x": -34.468117, "umap_3d_y": -38.471859, "umap_3d_z": 29.618607, "tsne_1d_x": 31.127375, "tsne_2d_x": -22.685078, "tsne_2d_y": 3.1928291, "tsne_3d_x": 0.44079970999999318, "tsne_3d_y": -26.008232, "tsne_3d_z": 18.861267, "grid_umap_1d_x": 210.0, "grid_umap_2d_x": 9.0, "grid_umap_2d_y": 3.0, "grid_umap_3d_x": 5.0, "grid_umap_3d_y": 2.0, "grid_umap_3d_z": 6.0, "grid_tsne_1d_x": 210.0, "grid_tsne_2d_x": 3.0, "grid_tsne_2d_y": 15.0, "grid_tsne_3d_x": 1.0, "grid_tsne_3d_y": 0.0, "grid_tsne_3d_z": 7.0, "patch_file": "patch_0210.png" }, "geometry": { "type": "Point", "coordinates": [ -75.504215177103887, 47.665521005786161 ] } },
{ "type": "Feature", "properties": { "index": 211, "lon": -144.02064921948619, "lat": 64.103966389946677, "classification": 111, "subregion_name": "Unknown", "umap_1d_x": 20.570606, "umap_2d_x": -34.438198, "umap_2d_y": -42.094978, "umap_3d_x": -38.025547, "umap_3d_y": -44.840614, "umap_3d_z": 40.020882, "tsne_1d_x": 30.141504, "tsne_2d_x": -30.191772, "tsne_2d_y": -0.36150742, "tsne_3d_x": 2.3156281, "tsne_3d_y": -45.879967, "tsne_3d_z": 34.767494, "grid_umap_1d_x": 211.0, "grid_umap_2d_x": 25.0, "grid_umap_2d_y": 8.0, "grid_umap_3d_x": 7.0, "grid_umap_3d_y": 3.0, "grid_umap_3d_z": 7.0, "grid_tsne_1d_x": 211.0, "grid_tsne_2d_x": 10.0, "grid_tsne_2d_y": 18.0, "grid_tsne_3d_x": 1.0, "grid_tsne_3d_y": 1.0, "grid_tsne_3d_z": 8.0, "patch_file": "patch_0211.png" }, "geometry": { "type": "Point", "coordinates": [ -144.020649219486188, 64.103966389946677 ] } },
{ "type": "Feature", "properties": { "index": 212, "lon": -147.31157246811748, "lat": 66.651226714390802, "classification": 116, "subregion_name": "Unknown", "umap_1d_x": 22.398335, "umap_2d_x": -41.099686, "umap_2d_y": -36.075935, "umap_3d_x": -41.057796, "umap_3d_y": -32.332314, "umap_3d_z": 36.87059, "tsne_1d_x": 36.491024, "tsne_2d_x": -35.617702, "tsne_2d_y": 7.7148666, "tsne_3d_x": 20.814583, "tsne_3d_y": -31.489941, "tsne_3d_z": 31.841156, "grid_umap_1d_x": 212.0, "grid_umap_2d_x": 18.0, "grid_umap_2d_y": 12.0, "grid_umap_3d_x": 4.0, "grid_umap_3d_y": 5.0, "grid_umap_3d_z": 7.0, "grid_tsne_1d_x": 212.0, "grid_tsne_2d_x": 10.0, "grid_tsne_2d_y": 25.0, "grid_tsne_3d_x": 7.0, "grid_tsne_3d_y": 0.0, "grid_tsne_3d_z": 9.0, "patch_file": "patch_0212.png" }, "geometry": { "type": "Point", "coordinates": [ -147.311572468117475, 66.651226714390802 ] } },
{ "type": "Feature", "properties": { "index": 213, "lon": 85.793249450210226, "lat": 68.027705771204921, "classification": 90, "subregion_name": "Eastern Europe", "umap_1d_x": 24.463606, "umap_2d_x": -47.582241, "umap_2d_y": -30.787935, "umap_3d_x": -47.370781, "umap_3d_y": -21.429646, "umap_3d_z": 30.466881, "tsne_1d_x": 53.499485, "tsne_2d_x": -45.101654, "tsne_2d_y": -11.308243, "tsne_3d_x": 36.184555, "tsne_3d_y": -19.070801, "tsne_3d_z": 33.620537, "grid_umap_1d_x": 213.0, "grid_umap_2d_x": 4.0, "grid_umap_2d_y": 7.0, "grid_umap_3d_x": 2.0, "grid_umap_3d_y": 8.0, "grid_umap_3d_z": 6.0, "grid_tsne_1d_x": 213.0, "grid_tsne_2d_x": 5.0, "grid_tsne_2d_y": 14.0, "grid_tsne_3d_x": 8.0, "grid_tsne_3d_y": 4.0, "grid_tsne_3d_z": 7.0, "patch_file": "patch_0213.png" }, "geometry": { "type": "Point", "coordinates": [ 85.793249450210226, 68.027705771204921 ] } },
{ "type": "Feature", "properties": { "index": 214, "lon": 43.551348534363626, "lat": 53.763688592318104, "classification": 30, "subregion_name": "Eastern Europe", "umap_1d_x": 15.922679, "umap_2d_x": -37.600185, "umap_2d_y": -16.749226, "umap_3d_x": -36.09758, "umap_3d_y": -24.770653, "umap_3d_z": 8.5867958, "tsne_1d_x": 16.063763, "tsne_2d_x": -15.687664, "tsne_2d_y": 25.348991, "tsne_3d_x": 30.087318, "tsne_3d_y": -10.646317, "tsne_3d_z": 11.386456, "grid_umap_1d_x": 214.0, "grid_umap_2d_x": 1.0, "grid_umap_2d_y": 10.0, "grid_umap_3d_x": 4.0, "grid_umap_3d_y": 5.0, "grid_umap_3d_z": 4.0, "grid_tsne_1d_x": 214.0, "grid_tsne_2d_x": 9.0, "grid_tsne_2d_y": 29.0, "grid_tsne_3d_x": 9.0, "grid_tsne_3d_y": 3.0, "grid_tsne_3d_z": 5.0, "patch_file": "patch_0214.png" }, "geometry": { "type": "Point", "coordinates": [ 43.551348534363626, 53.763688592318104 ] } },
{ "type": "Feature", "properties": { "index": 215, "lon": -66.269852378143753, "lat": 51.886470963226955, "classification": 111, "subregion_name": "Northern America", "umap_1d_x": 22.138865, "umap_2d_x": -37.515198, "umap_2d_y": -32.695839, "umap_3d_x": -41.10593, "umap_3d_y": -39.992348, "umap_3d_z": 28.758354, "tsne_1d_x": 35.451828, "tsne_2d_x": -38.912018, "tsne_2d_y": 11.891514, "tsne_3d_x": 25.366211, "tsne_3d_y": -42.081966, "tsne_3d_z": 28.82972, "grid_umap_1d_x": 215.0, "grid_umap_2d_x": 9.0, "grid_umap_2d_y": 5.0, "grid_umap_3d_x": 3.0, "grid_umap_3d_y": 2.0, "grid_umap_3d_z": 6.0, "grid_tsne_1d_x": 215.0, "grid_tsne_2d_x": 0.0, "grid_tsne_2d_y": 24.0, "grid_tsne_3d_x": 6.0, "grid_tsne_3d_y": 2.0, "grid_tsne_3d_z": 6.0, "patch_file": "patch_0215.png" }, "geometry": { "type": "Point", "coordinates": [ -66.269852378143753, 51.886470963226955 ] } },
{ "type": "Feature", "properties": { "index": 216, "lon": 133.11167130942135, "lat": -12.358999273235845, "classification": 124, "subregion_name": "Unknown", "umap_1d_x": -10.444118, "umap_2d_x": 41.583748, "umap_2d_y": 18.246315, "umap_3d_x": 42.570702, "umap_3d_y": 21.987755, "umap_3d_z": -9.3845978, "tsne_1d_x": -51.489563, "tsne_2d_x": 41.577003, "tsne_2d_y": 26.232368, "tsne_3d_x": -2.7787132, "tsne_3d_y": 7.6584473, "tsne_3d_z": -36.528244, "grid_umap_1d_x": 216.0, "grid_umap_2d_x": 25.0, "grid_umap_2d_y": 15.0, "grid_umap_3d_x": 9.0, "grid_umap_3d_y": 5.0, "grid_umap_3d_z": 2.0, "grid_tsne_1d_x": 216.0, "grid_tsne_2d_x": 23.0, "grid_tsne_2d_y": 23.0, "grid_tsne_3d_x": 4.0, "grid_tsne_3d_y": 5.0, "grid_tsne_3d_z": 0.0, "patch_file": "patch_0216.png" }, "geometry": { "type": "Point", "coordinates": [ 133.111671309421354, -12.358999273235845 ] } },
{ "type": "Feature", "properties": { "index": 217, "lon": 119.4819114145609, "lat": 68.546123454119595, "classification": 116, "subregion_name": "Eastern Europe", "umap_1d_x": 22.602448, "umap_2d_x": -44.991421, "umap_2d_y": -47.638474, "umap_3d_x": -43.286175, "umap_3d_y": -24.6098, "umap_3d_z": 48.793434, "tsne_1d_x": 41.862301, "tsne_2d_x": -35.106071, "tsne_2d_y": -18.864744, "tsne_3d_x": 15.015907, "tsne_3d_y": -16.723305, "tsne_3d_z": 39.527, "grid_umap_1d_x": 217.0, "grid_umap_2d_x": 22.0, "grid_umap_2d_y": 8.0, "grid_umap_3d_x": 5.0, "grid_umap_3d_y": 8.0, "grid_umap_3d_z": 9.0, "grid_tsne_1d_x": 217.0, "grid_tsne_2d_x": 9.0, "grid_tsne_2d_y": 8.0, "grid_tsne_3d_x": 4.0, "grid_tsne_3d_y": 5.0, "grid_tsne_3d_z": 8.0, "patch_file": "patch_0217.png" }, "geometry": { "type": "Point", "coordinates": [ 119.481911414560898, 68.546123454119595 ] } },
{ "type": "Feature", "properties": { "index": 218, "lon": -115.82380959023679, "lat": 64.086989636661727, "classification": 126, "subregion_name": "Northern America", "umap_1d_x": 24.594597, "umap_2d_x": -47.716957, "umap_2d_y": -36.670795, "umap_3d_x": -48.22945, "umap_3d_y": -22.552103, "umap_3d_z": 36.467514, "tsne_1d_x": 50.216389, "tsne_2d_x": -43.120567, "tsne_2d_y": -13.890846, "tsne_3d_x": 33.9851, "tsne_3d_y": -25.804115, "tsne_3d_z": 40.968689, "grid_umap_1d_x": 218.0, "grid_umap_2d_x": 9.0, "grid_umap_2d_y": 7.0, "grid_umap_3d_x": 2.0, "grid_umap_3d_y": 7.0, "grid_umap_3d_z": 7.0, "grid_tsne_1d_x": 218.0, "grid_tsne_2d_x": 7.0, "grid_tsne_2d_y": 13.0, "grid_tsne_3d_x": 8.0, "grid_tsne_3d_y": 2.0, "grid_tsne_3d_z": 9.0, "patch_file": "patch_0218.png" }, "geometry": { "type": "Point", "coordinates": [ -115.823809590236792, 64.086989636661727 ] } },
{ "type": "Feature", "properties": { "index": 219, "lon": -154.10381341469849, "lat": 63.716159319775414, "classification": 126, "subregion_name": "Unknown", "umap_1d_x": 21.845917, "umap_2d_x": -41.764713, "umap_2d_y": -39.244144, "umap_3d_x": -44.338463, "umap_3d_y": -35.84483, "umap_3d_z": 39.338875, "tsne_1d_x": 38.625057, "tsne_2d_x": -36.781181, "tsne_2d_y": -0.51412201, "tsne_3d_x": 17.56488, "tsne_3d_y": -34.232933, "tsne_3d_z": 41.992035, "grid_umap_1d_x": 219.0, "grid_umap_2d_x": 23.0, "grid_umap_2d_y": 14.0, "grid_umap_3d_x": 2.0, "grid_umap_3d_y": 3.0, "grid_umap_3d_z": 8.0, "grid_tsne_1d_x": 219.0, "grid_tsne_2d_x": 4.0, "grid_tsne_2d_y": 17.0, "grid_tsne_3d_x": 4.0, "grid_tsne_3d_y": 4.0, "grid_tsne_3d_z": 7.0, "patch_file": "patch_0219.png" }, "geometry": { "type": "Point", "coordinates": [ -154.103813414698493, 63.716159319775414 ] } },
{ "type": "Feature", "properties": { "index": 220, "lon": 31.313504012086725, "lat": 68.371215577592977, "classification": 115, "subregion_name": "Eastern Europe", "umap_1d_x": 20.110531, "umap_2d_x": -31.927549, "umap_2d_y": -37.974518, "umap_3d_x": -35.435558, "umap_3d_y": -47.904873, "umap_3d_z": 31.162071, "tsne_1d_x": 27.371048, "tsne_2d_x": -28.535103, "tsne_2d_y": 12.321526, "tsne_3d_x": 12.339378, "tsne_3d_y": -42.773708, "tsne_3d_z": 22.590019, "grid_umap_1d_x": 220.0, "grid_umap_2d_x": 17.0, "grid_umap_2d_y": 3.0, "grid_umap_3d_x": 6.0, "grid_umap_3d_y": 0.0, "grid_umap_3d_z": 7.0, "grid_tsne_1d_x": 220.0, "grid_tsne_2d_x": 2.0, "grid_tsne_2d_y": 23.0, "grid_tsne_3d_x": 5.0, "grid_tsne_3d_y": 0.0, "grid_tsne_3d_z": 6.0, "patch_file": "patch_0220.png" }, "geometry": { "type": "Point", "coordinates": [ 31.313504012086725, 68.371215577592977 ] } },
{ "type": "Feature", "properties": { "index": 221, "lon": 34.337217689315708, "lat": 59.207863212762916, "classification": 115, "subregion_name": "Eastern Europe", "umap_1d_x": 17.779377, "umap_2d_x": -29.600246, "umap_2d_y": -31.140715, "umap_3d_x": -31.261204, "umap_3d_y": -44.532177, "umap_3d_z": 24.675079, "tsne_1d_x": 25.248959, "tsne_2d_x": -23.028936, "tsne_2d_y": 11.963768, "tsne_3d_x": 9.1036034, "tsne_3d_y": -34.201359, "tsne_3d_z": 14.487061, "grid_umap_1d_x": 221.0, "grid_umap_2d_x": 9.0, "grid_umap_2d_y": 1.0, "grid_umap_3d_x": 6.0, "grid_umap_3d_y": 0.0, "grid_umap_3d_z": 6.0, "grid_tsne_1d_x": 221.0, "grid_tsne_2d_x": 1.0, "grid_tsne_2d_y": 21.0, "grid_tsne_3d_x": 4.0, "grid_tsne_3d_y": 1.0, "grid_tsne_3d_z": 5.0, "patch_file": "patch_0221.png" }, "geometry": { "type": "Point", "coordinates": [ 34.337217689315708, 59.207863212762916 ] } },
{ "type": "Feature", "properties": { "index": 222, "lon": 14.288967121269195, "lat": 59.85123267981443, "classification": 111, "subregion_name": "Northern Europe", "umap_1d_x": 17.451008, "umap_2d_x": -27.558243, "umap_2d_y": -30.996332, "umap_3d_x": -30.042986, "umap_3d_y": -49.546921, "umap_3d_z": 18.829552, "tsne_1d_x": 24.241224, "tsne_2d_x": -23.957031, "tsne_2d_y": 17.076675, "tsne_3d_x": 10.214584, "tsne_3d_y": -43.261845, "tsne_3d_z": 11.279266, "grid_umap_1d_x": 222.0, "grid_umap_2d_x": 24.0, "grid_umap_2d_y": 12.0, "grid_umap_3d_x": 8.0, "grid_umap_3d_y": 1.0, "grid_umap_3d_z": 4.0, "grid_tsne_1d_x": 222.0, "grid_tsne_2d_x": 16.0, "grid_tsne_2d_y": 29.0, "grid_tsne_3d_x": 3.0, "grid_tsne_3d_y": 2.0, "grid_tsne_3d_z": 3.0, "patch_file": "patch_0222.png" }, "geometry": { "type": "Point", "coordinates": [ 14.288967121269195, 59.85123267981443 ] } },
{ "type": "Feature", "properties": { "index": 223, "lon": 112.17088398357703, "lat": 58.598297794801894, "classification": 111, "subregion_name": "Eastern Europe", "umap_1d_x": 20.731874, "umap_2d_x": -38.637257, "umap_2d_y": -44.365768, "umap_3d_x": -38.120842, "umap_3d_y": -35.339119, "umap_3d_z": 42.155609, "tsne_1d_x": 34.582355, "tsne_2d_x": -28.585316, "tsne_2d_y": -7.0980072, "tsne_3d_x": 8.1126633, "tsne_3d_y": -28.049469, "tsne_3d_z": 30.996025, "grid_umap_1d_x": 223.0, "grid_umap_2d_x": 25.0, "grid_umap_2d_y": 9.0, "grid_umap_3d_x": 5.0, "grid_umap_3d_y": 4.0, "grid_umap_3d_z": 8.0, "grid_tsne_1d_x": 223.0, "grid_tsne_2d_x": 17.0, "grid_tsne_2d_y": 17.0, "grid_tsne_3d_x": 3.0, "grid_tsne_3d_y": 2.0, "grid_tsne_3d_z": 8.0, "patch_file": "patch_0223.png" }, "geometry": { "type": "Point", "coordinates": [ 112.170883983577028, 58.598297794801894 ] } },
{ "type": "Feature", "properties": { "index": 224, "lon": 29.244916746960229, "lat": 70.296244332066749, "classification": 30, "subregion_name": "Northern Europe", "umap_1d_x": 24.219774, "umap_2d_x": -46.256393, "umap_2d_y": -28.955723, "umap_3d_x": -47.206028, "umap_3d_y": -24.577147, "umap_3d_z": 27.407143, "tsne_1d_x": 54.166328, "tsne_2d_x": -47.891518, "tsne_2d_y": -7.5047493, "tsne_3d_x": 41.688507, "tsne_3d_y": -28.676044, "tsne_3d_z": 32.581818, "grid_umap_1d_x": 224.0, "grid_umap_2d_x": 19.0, "grid_umap_2d_y": 19.0, "grid_umap_3d_x": 3.0, "grid_umap_3d_y": 8.0, "grid_umap_3d_z": 5.0, "grid_tsne_1d_x": 224.0, "grid_tsne_2d_x": 2.0, "grid_tsne_2d_y": 15.0, "grid_tsne_3d_x": 8.0, "grid_tsne_3d_y": 3.0, "grid_tsne_3d_z": 6.0, "patch_file": "patch_0224.png" }, "geometry": { "type": "Point", "coordinates": [ 29.244916746960229, 70.296244332066749 ] } },
{ "type": "Feature", "properties": { "index": 225, "lon": 157.07810354461549, "lat": 62.175668979292652, "classification": 30, "subregion_name": "Eastern Europe", "umap_1d_x": 25.232748, "umap_2d_x": -49.720062, "umap_2d_y": -29.341825, "umap_3d_x": -49.618931, "umap_3d_y": -17.301159, "umap_3d_z": 26.362564, "tsne_1d_x": 56.004654, "tsne_2d_x": -49.095535, "tsne_2d_y": -17.776001, "tsne_3d_x": 48.2995, "tsne_3d_y": -14.114529, "tsne_3d_z": 37.637093, "grid_umap_1d_x": 225.0, "grid_umap_2d_x": 6.0, "grid_umap_2d_y": 11.0, "grid_umap_3d_x": 1.0, "grid_umap_3d_y": 9.0, "grid_umap_3d_z": 5.0, "grid_tsne_1d_x": 225.0, "grid_tsne_2d_x": 5.0, "grid_tsne_2d_y": 11.0, "grid_tsne_3d_x": 7.0, "grid_tsne_3d_y": 7.0, "grid_tsne_3d_z": 6.0, "patch_file": "patch_0225.png" }, "geometry": { "type": "Point", "coordinates": [ 157.078103544615487, 62.175668979292652 ] } },
{ "type": "Feature", "properties": { "index": 226, "lon": 34.737686492333324, "lat": -7.5240759818861349, "classification": 20, "subregion_name": "Sub-Saharan Africa", "umap_1d_x": -9.1003122, "umap_2d_x": 40.466576, "umap_2d_y": 28.362236, "umap_3d_x": 41.386536, "umap_3d_y": 35.568848, "umap_3d_z": -4.060463, "tsne_1d_x": -46.976051, "tsne_2d_x": 47.661087, "tsne_2d_y": 19.199425, "tsne_3d_x": -14.069111, "tsne_3d_y": 14.204689, "tsne_3d_z": -42.947884, "grid_umap_1d_x": 226.0, "grid_umap_2d_x": 25.0, "grid_umap_2d_y": 24.0, "grid_umap_3d_x": 8.0, "grid_umap_3d_y": 9.0, "grid_umap_3d_z": 5.0, "grid_tsne_1d_x": 226.0, "grid_tsne_2d_x": 29.0, "grid_tsne_2d_y": 19.0, "grid_tsne_3d_x": 4.0, "grid_tsne_3d_y": 6.0, "grid_tsne_3d_z": 3.0, "patch_file": "patch_0226.png" }, "geometry": { "type": "Point", "coordinates": [ 34.737686492333324, -7.524075981886135 ] } },
{ "type": "Feature", "properties": { "index": 227, "lon": 111.59901743963388, "lat": 49.060345051478407, "classification": 30, "subregion_name": "Eastern Asia", "umap_1d_x": 9.6148205, "umap_2d_x": -15.705475, "umap_2d_y": -9.2885246, "umap_3d_x": -24.387253, "umap_3d_y": -6.9702759, "umap_3d_z": 10.851624, "tsne_1d_x": 18.245453, "tsne_2d_x": -11.560715, "tsne_2d_y": -17.098431, "tsne_3d_x": 17.354576, "tsne_3d_y": 9.7977715, "tsne_3d_z": 17.202393, "grid_umap_1d_x": 227.0, "grid_umap_2d_x": 2.0, "grid_umap_2d_y": 4.0, "grid_umap_3d_x": 0.0, "grid_umap_3d_y": 9.0, "grid_umap_3d_z": 4.0, "grid_tsne_1d_x": 227.0, "grid_tsne_2d_x": 7.0, "grid_tsne_2d_y": 2.0, "grid_tsne_3d_x": 8.0, "grid_tsne_3d_y": 8.0, "grid_tsne_3d_z": 7.0, "patch_file": "patch_0227.png" }, "geometry": { "type": "Point", "coordinates": [ 111.599017439633883, 49.060345051478407 ] } },
{ "type": "Feature", "properties": { "index": 228, "lon": 32.913235412233149, "lat": 57.472598580880657, "classification": 111, "subregion_name": "Eastern Europe", "umap_1d_x": 17.569561, "umap_2d_x": -28.135605, "umap_2d_y": -31.295296, "umap_3d_x": -30.748432, "umap_3d_y": -49.125313, "umap_3d_z": 21.729797, "tsne_1d_x": 24.614841, "tsne_2d_x": -23.612686, "tsne_2d_y": 14.650375, "tsne_3d_x": 7.9631081, "tsne_3d_y": -40.004105, "tsne_3d_z": 12.755775, "grid_umap_1d_x": 228.0, "grid_umap_2d_x": 20.0, "grid_umap_2d_y": 9.0, "grid_umap_3d_x": 7.0, "grid_umap_3d_y": 1.0, "grid_umap_3d_z": 5.0, "grid_tsne_1d_x": 228.0, "grid_tsne_2d_x": 4.0, "grid_tsne_2d_y": 24.0, "grid_tsne_3d_x": 3.0, "grid_tsne_3d_y": 0.0, "grid_tsne_3d_z": 4.0, "patch_file": "patch_0228.png" }, "geometry": { "type": "Point", "coordinates": [ 32.913235412233149, 57.472598580880657 ] } },
{ "type": "Feature", "properties": { "index": 229, "lon": 140.63999120507441, "lat": -26.401956194951552, "classification": 30, "subregion_name": "Unknown", "umap_1d_x": -13.628491, "umap_2d_x": 48.734642, "umap_2d_y": 4.0463638, "umap_3d_x": 49.437126, "umap_3d_y": -3.1147919, "umap_3d_z": -1.3003731, "tsne_1d_x": -62.040413, "tsne_2d_x": 37.415672, "tsne_2d_y": 46.818069, "tsne_3d_x": 10.64323, "tsne_3d_y": -7.7000542, "tsne_3d_z": -45.412769, "grid_umap_1d_x": 229.0, "grid_umap_2d_x": 28.0, "grid_umap_2d_y": 6.0, "grid_umap_3d_x": 8.0, "grid_umap_3d_y": 1.0, "grid_umap_3d_z": 2.0, "grid_tsne_1d_x": 229.0, "grid_tsne_2d_x": 20.0, "grid_tsne_2d_y": 30.0, "grid_tsne_3d_x": 6.0, "grid_tsne_3d_y": 4.0, "grid_tsne_3d_z": 0.0, "patch_file": "patch_0229.png" }, "geometry": { "type": "Point", "coordinates": [ 140.639991205074409, -26.401956194951552 ] } },
{ "type": "Feature", "properties": { "index": 230, "lon": -61.777089655547982, "lat": 54.786031403372377, "classification": 20, "subregion_name": "Northern America", "umap_1d_x": 25.098656, "umap_2d_x": -48.853016, "umap_2d_y": -28.714617, "umap_3d_x": -49.03278, "umap_3d_y": -19.325436, "umap_3d_z": 26.920708, "tsne_1d_x": 55.338921, "tsne_2d_x": -48.469627, "tsne_2d_y": -14.378513, "tsne_3d_x": 45.484932, "tsne_3d_y": -17.933983, "tsne_3d_z": 34.563644, "grid_umap_1d_x": 230.0, "grid_umap_2d_x": 13.0, "grid_umap_2d_y": 16.0, "grid_umap_3d_x": 2.0, "grid_umap_3d_y": 8.0, "grid_umap_3d_z": 5.0, "grid_tsne_1d_x": 230.0, "grid_tsne_2d_x": 10.0, "grid_tsne_2d_y": 16.0, "grid_tsne_3d_x": 8.0, "grid_tsne_3d_y": 5.0, "grid_tsne_3d_z": 6.0, "patch_file": "patch_0230.png" }, "geometry": { "type": "Point", "coordinates": [ -61.777089655547982, 54.786031403372377 ] } },
{ "type": "Feature", "properties": { "index": 231, "lon": -126.28451802866897, "lat": 67.766356307869344, "classification": 20, "subregion_name": "Northern America", "umap_1d_x": 23.793787, "umap_2d_x": -45.669003, "umap_2d_y": -37.758472, "umap_3d_x": -46.514629, "umap_3d_y": -27.05616, "umap_3d_z": 38.062714, "tsne_1d_x": 49.324333, "tsne_2d_x": -40.760319, "tsne_2d_y": -12.014, "tsne_3d_x": 27.122665, "tsne_3d_y": -26.607265, "tsne_3d_z": 40.358177, "grid_umap_1d_x": 231.0, "grid_umap_2d_x": 17.0, "grid_umap_2d_y": 12.0, "grid_umap_3d_x": 0.0, "grid_umap_3d_y": 4.0, "grid_umap_3d_z": 9.0, "grid_tsne_1d_x": 231.0, "grid_tsne_2d_x": 8.0, "grid_tsne_2d_y": 14.0, "grid_tsne_3d_x": 7.0, "grid_tsne_3d_y": 2.0, "grid_tsne_3d_z": 9.0, "patch_file": "patch_0231.png" }, "geometry": { "type": "Point", "coordinates": [ -126.28451802866897, 67.766356307869344 ] } },
{ "type": "Feature", "properties": { "index": 232, "lon": -57.39088824961442, "lat": 50.448152539170138, "classification": 121, "subregion_name": "Northern America", "umap_1d_x": 23.424538, "umap_2d_x": -42.008686, "umap_2d_y": -27.567377, "umap_3d_x": -43.812336, "umap_3d_y": -30.275816, "umap_3d_z": 25.329887, "tsne_1d_x": 46.067371, "tsne_2d_x": -44.289169, "tsne_2d_y": 5.2173424, "tsne_3d_x": 36.930557, "tsne_3d_y": -30.914738, "tsne_3d_z": 25.883751, "grid_umap_1d_x": 232.0, "grid_umap_2d_x": 1.0, "grid_umap_2d_y": 4.0, "grid_umap_3d_x": 1.0, "grid_umap_3d_y": 2.0, "grid_umap_3d_z": 6.0, "grid_tsne_1d_x": 232.0, "grid_tsne_2d_x": 1.0, "grid_tsne_2d_y": 22.0, "grid_tsne_3d_x": 7.0, "grid_tsne_3d_y": 3.0, "grid_tsne_3d_z": 5.0, "patch_file": "patch_0232.png" }, "geometry": { "type": "Point", "coordinates": [ -57.39088824961442, 50.448152539170138 ] } },
{ "type": "Feature", "properties": { "index": 233, "lon": -94.426606557697653, "lat": 37.366203369326058, "classification": 126, "subregion_name": "Unknown", "umap_1d_x": 11.161517, "umap_2d_x": -22.335848, "umap_2d_y": -11.958427, "umap_3d_x": -21.077806, "umap_3d_y": -26.368813, "umap_3d_z": 9.1707001, "tsne_1d_x": 7.5454545, "tsne_2d_x": -9.4881973, "tsne_2d_y": 4.8281555, "tsne_3d_x": -0.66176224, "tsne_3d_y": -13.6506, "tsne_3d_z": 3.3461876, "grid_umap_1d_x": 233.0, "grid_umap_2d_x": 5.0, "grid_umap_2d_y": 8.0, "grid_umap_3d_x": 4.0, "grid_umap_3d_y": 1.0, "grid_umap_3d_z": 5.0, "grid_tsne_1d_x": 233.0, "grid_tsne_2d_x": 4.0, "grid_tsne_2d_y": 12.0, "grid_tsne_3d_x": 2.0, "grid_tsne_3d_y": 2.0, "grid_tsne_3d_z": 3.0, "patch_file": "patch_0233.png" }, "geometry": { "type": "Point", "coordinates": [ -94.426606557697653, 37.366203369326058 ] } },
{ "type": "Feature", "properties": { "index": 234, "lon": 110.8382488651705, "lat": 51.713981031539291, "classification": 113, "subregion_name": "Eastern Europe", "umap_1d_x": 19.623028, "umap_2d_x": -37.148933, "umap_2d_y": -47.390717, "umap_3d_x": -34.601742, "umap_3d_y": -31.244017, "umap_3d_z": 42.395172, "tsne_1d_x": 32.703953, "tsne_2d_x": -24.806858, "tsne_2d_y": -13.982403, "tsne_3d_x": 2.4915581, "tsne_3d_y": -13.279152, "tsne_3d_z": 30.340706, "grid_umap_1d_x": 234.0, "grid_umap_2d_x": 22.0, "grid_umap_2d_y": 0.0, "grid_umap_3d_x": 6.0, "grid_umap_3d_y": 4.0, "grid_umap_3d_z": 8.0, "grid_tsne_1d_x": 234.0, "grid_tsne_2d_x": 15.0, "grid_tsne_2d_y": 11.0, "grid_tsne_3d_x": 1.0, "grid_tsne_3d_y": 4.0, "grid_tsne_3d_z": 9.0, "patch_file": "patch_0234.png" }, "geometry": { "type": "Point", "coordinates": [ 110.838248865170499, 51.713981031539291 ] } },
{ "type": "Feature", "properties": { "index": 235, "lon": -97.261431453948219, "lat": 50.473847776535223, "classification": 114, "subregion_name": "Northern America", "umap_1d_x": 18.989645, "umap_2d_x": -35.481544, "umap_2d_y": -36.398052, "umap_3d_x": -33.828674, "umap_3d_y": -30.209379, "umap_3d_z": 33.36544, "tsne_1d_x": 33.083817, "tsne_2d_x": -21.129221, "tsne_2d_y": -6.600647, "tsne_3d_x": 8.2512093, "tsne_3d_y": -13.320072, "tsne_3d_z": 21.784142, "grid_umap_1d_x": 235.0, "grid_umap_2d_x": 12.0, "grid_umap_2d_y": 3.0, "grid_umap_3d_x": 6.0, "grid_umap_3d_y": 5.0, "grid_umap_3d_z": 6.0, "grid_tsne_1d_x": 235.0, "grid_tsne_2d_x": 20.0, "grid_tsne_2d_y": 17.0, "grid_tsne_3d_x": 4.0, "grid_tsne_3d_y": 2.0, "grid_tsne_3d_z": 8.0, "patch_file": "patch_0235.png" }, "geometry": { "type": "Point", "coordinates": [ -97.261431453948219, 50.473847776535223 ] } },
{ "type": "Feature", "properties": { "index": 236, "lon": -57.68428275385989, "lat": 1.4361997098592949, "classification": 112, "subregion_name": "Latin America and the Caribbean", "umap_1d_x": -2.6301203, "umap_2d_x": 21.844673, "umap_2d_y": 49.360611, "umap_3d_x": 18.664856, "umap_3d_y": 42.193497, "umap_3d_z": -31.061974, "tsne_1d_x": -36.633732, "tsne_2d_x": 24.765411, "tsne_2d_y": -46.915054, "tsne_3d_x": -33.65097, "tsne_3d_y": 45.863739, "tsne_3d_z": -8.7612038, "grid_umap_1d_x": 236.0, "grid_umap_2d_x": 16.0, "grid_umap_2d_y": 28.0, "grid_umap_3d_x": 4.0, "grid_umap_3d_y": 8.0, "grid_umap_3d_z": 2.0, "grid_tsne_1d_x": 236.0, "grid_tsne_2d_x": 27.0, "grid_tsne_2d_y": 5.0, "grid_tsne_3d_x": 2.0, "grid_tsne_3d_y": 8.0, "grid_tsne_3d_z": 7.0, "patch_file": "patch_0236.png" }, "geometry": { "type": "Point", "coordinates": [ -57.68428275385989, 1.436199709859295 ] } },
{ "type": "Feature", "properties": { "index": 237, "lon": 91.805494917165959, "lat": 54.962918919210765, "classification": 111, "subregion_name": "Eastern Europe", "umap_1d_x": 20.010906, "umap_2d_x": -32.142952, "umap_2d_y": -44.221233, "umap_3d_x": -34.492043, "umap_3d_y": -45.781605, "umap_3d_z": 40.133728, "tsne_1d_x": 29.232979, "tsne_2d_x": -26.283386, "tsne_2d_y": 2.9064598, "tsne_3d_x": -5.2660065, "tsne_3d_y": -38.522835, "tsne_3d_z": 24.353462, "grid_umap_1d_x": 237.0, "grid_umap_2d_x": 26.0, "grid_umap_2d_y": 2.0, "grid_umap_3d_x": 8.0, "grid_umap_3d_y": 0.0, "grid_umap_3d_z": 9.0, "grid_tsne_1d_x": 237.0, "grid_tsne_2d_x": 15.0, "grid_tsne_2d_y": 21.0, "grid_tsne_3d_x": 0.0, "grid_tsne_3d_y": 0.0, "grid_tsne_3d_z": 6.0, "patch_file": "patch_0237.png" }, "geometry": { "type": "Point", "coordinates": [ 91.805494917165959, 54.962918919210765 ] } },
{ "type": "Feature", "properties": { "index": 238, "lon": 58.851455231309387, "lat": 65.16155952098363, "classification": 90, "subregion_name": "Eastern Europe", "umap_1d_x": 23.394201, "umap_2d_x": -42.993237, "umap_2d_y": -25.780088, "umap_3d_x": -42.965958, "umap_3d_y": -24.54512, "umap_3d_z": 24.048325, "tsne_1d_x": 47.825649, "tsne_2d_x": -43.816166, "tsne_2d_y": -1.6618576, "tsne_3d_x": 34.813759, "tsne_3d_y": -19.041174, "tsne_3d_z": 24.89595, "grid_umap_1d_x": 238.0, "grid_umap_2d_x": 2.0, "grid_umap_2d_y": 7.0, "grid_umap_3d_x": 1.0, "grid_umap_3d_y": 5.0, "grid_umap_3d_z": 6.0, "grid_tsne_1d_x": 238.0, "grid_tsne_2d_x": 14.0, "grid_tsne_2d_y": 22.0, "grid_tsne_3d_x": 7.0, "grid_tsne_3d_y": 4.0, "grid_tsne_3d_z": 5.0, "patch_file": "patch_0238.png" }, "geometry": { "type": "Point", "coordinates": [ 58.851455231309387, 65.16155952098363 ] } },
{ "type": "Feature", "properties": { "index": 239, "lon": 48.7385004132002, "lat": 40.964941083532139, "classification": 30, "subregion_name": "Western Asia", "umap_1d_x": 12.871557, "umap_2d_x": -24.740898, "umap_2d_y": 4.243206, "umap_3d_x": -24.542355, "umap_3d_y": -17.322132, "umap_3d_z": -7.6805573, "tsne_1d_x": 1.0006641, "tsne_2d_x": 0.24554061999999277, "tsne_2d_y": 22.963417, "tsne_3d_x": 23.564491, "tsne_3d_y": 3.8924828, "tsne_3d_z": -6.3777199, "grid_umap_1d_x": 239.0, "grid_umap_2d_x": 10.0, "grid_umap_2d_y": 21.0, "grid_umap_3d_x": 0.0, "grid_umap_3d_y": 1.0, "grid_umap_3d_z": 1.0, "grid_tsne_1d_x": 239.0, "grid_tsne_2d_x": 12.0, "grid_tsne_2d_y": 27.0, "grid_tsne_3d_x": 8.0, "grid_tsne_3d_y": 5.0, "grid_tsne_3d_z": 3.0, "patch_file": "patch_0239.png" }, "geometry": { "type": "Point", "coordinates": [ 48.7385004132002, 40.964941083532139 ] } },
{ "type": "Feature", "properties": { "index": 240, "lon": -57.220698871207631, "lat": -8.2461631040713854, "classification": 112, "subregion_name": "Latin America and the Caribbean", "umap_1d_x": -3.1237926, "umap_2d_x": 24.671104, "umap_2d_y": 47.449097, "umap_3d_x": 20.881989, "umap_3d_y": 34.720383, "umap_3d_z": -30.514915, "tsne_1d_x": -34.797501, "tsne_2d_x": 29.103561, "tsne_2d_y": -42.744499, "tsne_3d_x": -39.578812, "tsne_3d_y": 37.478981, "tsne_3d_z": -0.32041168, "grid_umap_1d_x": 240.0, "grid_umap_2d_x": 20.0, "grid_umap_2d_y": 30.0, "grid_umap_3d_x": 9.0, "grid_umap_3d_y": 6.0, "grid_umap_3d_z": 0.0, "grid_tsne_1d_x": 240.0, "grid_tsne_2d_x": 31.0, "grid_tsne_2d_y": 2.0, "grid_tsne_3d_x": 0.0, "grid_tsne_3d_y": 7.0, "grid_tsne_3d_z": 9.0, "patch_file": "patch_0240.png" }, "geometry": { "type": "Point", "coordinates": [ -57.220698871207631, -8.246163104071385 ] } },
{ "type": "Feature", "properties": { "index": 241, "lon": -8.267037868619127, "lat": 9.6954836852787025, "classification": 124, "subregion_name": "Sub-Saharan Africa", "umap_1d_x": 4.0818248, "umap_2d_x": -9.6598129, "umap_2d_y": 32.223183, "umap_3d_x": -5.2713509, "umap_3d_y": 4.6549034, "umap_3d_z": -41.654694, "tsne_1d_x": -17.911169, "tsne_2d_x": 15.215088, "tsne_2d_y": -3.3873138, "tsne_3d_x": 11.776821, "tsne_3d_y": 34.75573, "tsne_3d_z": -14.359066, "grid_umap_1d_x": 241.0, "grid_umap_2d_x": 13.0, "grid_umap_2d_y": 26.0, "grid_umap_3d_x": 8.0, "grid_umap_3d_y": 3.0, "grid_umap_3d_z": 1.0, "grid_tsne_1d_x": 241.0, "grid_tsne_2d_x": 17.0, "grid_tsne_2d_y": 1.0, "grid_tsne_3d_x": 7.0, "grid_tsne_3d_y": 9.0, "grid_tsne_3d_z": 1.0, "patch_file": "patch_0241.png" }, "geometry": { "type": "Point", "coordinates": [ -8.267037868619127, 9.695483685278703 ] } },
{ "type": "Feature", "properties": { "index": 242, "lon": 57.145452492674167, "lat": 59.506090880003825, "classification": 111, "subregion_name": "Eastern Europe", "umap_1d_x": 19.96806, "umap_2d_x": -31.41251, "umap_2d_y": -37.372326, "umap_3d_x": -34.197735, "umap_3d_y": -46.188618, "umap_3d_z": 30.940285, "tsne_1d_x": 27.196289, "tsne_2d_x": -26.837887, "tsne_2d_y": 10.304008, "tsne_3d_x": 10.232944, "tsne_3d_y": -36.70908, "tsne_3d_z": 21.323669, "grid_umap_1d_x": 242.0, "grid_umap_2d_x": 18.0, "grid_umap_2d_y": 4.0, "grid_umap_3d_x": 6.0, "grid_umap_3d_y": 1.0, "grid_umap_3d_z": 7.0, "grid_tsne_1d_x": 242.0, "grid_tsne_2d_x": 12.0, "grid_tsne_2d_y": 25.0, "grid_tsne_3d_x": 4.0, "grid_tsne_3d_y": 1.0, "grid_tsne_3d_z": 6.0, "patch_file": "patch_0242.png" }, "geometry": { "type": "Point", "coordinates": [ 57.145452492674167, 59.506090880003825 ] } },
{ "type": "Feature", "properties": { "index": 243, "lon": 3.3147647278365748, "lat": 39.697923871605411, "classification": 126, "subregion_name": "Unknown", "umap_1d_x": 13.650512, "umap_2d_x": -28.248701, "umap_2d_y": 4.3380203, "umap_3d_x": -26.56049, "umap_3d_y": -25.516262, "umap_3d_z": -9.6469154, "tsne_1d_x": 3.7043388, "tsne_2d_x": -3.8743553, "tsne_2d_y": 30.685463, "tsne_3d_x": 25.934074, "tsne_3d_y": -11.576645, "tsne_3d_z": -9.5797462, "grid_umap_1d_x": 243.0, "grid_umap_2d_x": 5.0, "grid_umap_2d_y": 20.0, "grid_umap_3d_x": 6.0, "grid_umap_3d_y": 0.0, "grid_umap_3d_z": 0.0, "grid_tsne_1d_x": 243.0, "grid_tsne_2d_x": 12.0, "grid_tsne_2d_y": 30.0, "grid_tsne_3d_x": 8.0, "grid_tsne_3d_y": 3.0, "grid_tsne_3d_z": 2.0, "patch_file": "patch_0243.png" }, "geometry": { "type": "Point", "coordinates": [ 3.314764727836575, 39.697923871605411 ] } },
{ "type": "Feature", "properties": { "index": 244, "lon": 141.54873884025108, "lat": 66.241294868943854, "classification": 30, "subregion_name": "Eastern Europe", "umap_1d_x": 24.881445, "umap_2d_x": -49.902073, "umap_2d_y": -33.649529, "umap_3d_x": -49.762348, "umap_3d_y": -17.901566, "umap_3d_z": 33.170364, "tsne_1d_x": 52.217289, "tsne_2d_x": -46.398659, "tsne_2d_y": -18.638397, "tsne_3d_x": 40.979187, "tsne_3d_y": -10.749184, "tsne_3d_z": 39.692398, "grid_umap_1d_x": 244.0, "grid_umap_2d_x": 0.0, "grid_umap_2d_y": 3.0, "grid_umap_3d_x": 0.0, "grid_umap_3d_y": 8.0, "grid_umap_3d_z": 7.0, "grid_tsne_1d_x": 244.0, "grid_tsne_2d_x": 2.0, "grid_tsne_2d_y": 8.0, "grid_tsne_3d_x": 9.0, "grid_tsne_3d_y": 7.0, "grid_tsne_3d_z": 9.0, "patch_file": "patch_0244.png" }, "geometry": { "type": "Point", "coordinates": [ 141.548738840251076, 66.241294868943854 ] } },
{ "type": "Feature", "properties": { "index": 245, "lon": 156.44549510183498, "lat": 64.210754554886734, "classification": 126, "subregion_name": "Eastern Europe", "umap_1d_x": 24.724785, "umap_2d_x": -49.715805, "umap_2d_y": -36.822708, "umap_3d_x": -49.407948, "umap_3d_y": -17.900005, "umap_3d_z": 37.609581, "tsne_1d_x": 51.15609, "tsne_2d_x": -42.659527, "tsne_2d_y": -18.721685, "tsne_3d_x": 33.009048, "tsne_3d_y": -12.551598, "tsne_3d_z": 42.384354, "grid_umap_1d_x": 245.0, "grid_umap_2d_x": 1.0, "grid_umap_2d_y": 2.0, "grid_umap_3d_x": 0.0, "grid_umap_3d_y": 8.0, "grid_umap_3d_z": 8.0, "grid_tsne_1d_x": 245.0, "grid_tsne_2d_x": 4.0, "grid_tsne_2d_y": 8.0, "grid_tsne_3d_x": 8.0, "grid_tsne_3d_y": 6.0, "grid_tsne_3d_z": 9.0, "patch_file": "patch_0245.png" }, "geometry": { "type": "Point", "coordinates": [ 156.445495101834979, 64.210754554886734 ] } },
{ "type": "Feature", "properties": { "index": 246, "lon": -131.7866062062586, "lat": 58.232189235800504, "classification": 111, "subregion_name": "Northern America", "umap_1d_x": 21.397516, "umap_2d_x": -39.715771, "umap_2d_y": -41.764706, "umap_3d_x": -41.443577, "umap_3d_y": -38.168262, "umap_3d_z": 41.588577, "tsne_1d_x": 37.02808, "tsne_2d_x": -33.330963, "tsne_2d_y": 14.930473, "tsne_3d_x": 23.540962, "tsne_3d_y": -43.459034, "tsne_3d_z": 43.022293, "grid_umap_1d_x": 246.0, "grid_umap_2d_x": 14.0, "grid_umap_2d_y": 3.0, "grid_umap_3d_x": 4.0, "grid_umap_3d_y": 3.0, "grid_umap_3d_z": 8.0, "grid_tsne_1d_x": 246.0, "grid_tsne_2d_x": 4.0, "grid_tsne_2d_y": 26.0, "grid_tsne_3d_x": 6.0, "grid_tsne_3d_y": 1.0, "grid_tsne_3d_z": 8.0, "patch_file": "patch_0246.png" }, "geometry": { "type": "Point", "coordinates": [ -131.786606206258597, 58.232189235800504 ] } },
{ "type": "Feature", "properties": { "index": 247, "lon": 123.27760642110803, "lat": -33.703751851548944, "classification": 30, "subregion_name": "Unknown", "umap_1d_x": -12.771846, "umap_2d_x": 44.469627, "umap_2d_y": 6.8904037, "umap_3d_x": 44.744019, "umap_3d_y": 5.3074303, "umap_3d_z": -0.30714035, "tsne_1d_x": -59.143715, "tsne_2d_x": 35.809204, "tsne_2d_y": 36.489037, "tsne_3d_x": 0.75173187000001, "tsne_3d_y": -14.733482, "tsne_3d_z": -36.725292, "grid_umap_1d_x": 247.0, "grid_umap_2d_x": 26.0, "grid_umap_2d_y": 11.0, "grid_umap_3d_x": 8.0, "grid_umap_3d_y": 3.0, "grid_umap_3d_z": 4.0, "grid_tsne_1d_x": 247.0, "grid_tsne_2d_x": 25.0, "grid_tsne_2d_y": 28.0, "grid_tsne_3d_x": 4.0, "grid_tsne_3d_y": 1.0, "grid_tsne_3d_z": 1.0, "patch_file": "patch_0247.png" }, "geometry": { "type": "Point", "coordinates": [ 123.277606421108032, -33.703751851548944 ] } },
{ "type": "Feature", "properties": { "index": 248, "lon": 142.29917376818662, "lat": 46.592604299777832, "classification": 114, "subregion_name": "Eastern Europe", "umap_1d_x": 14.063099, "umap_2d_x": -48.672886, "umap_2d_y": -27.734413, "umap_3d_x": -48.585384, "umap_3d_y": -17.841896, "umap_3d_z": 24.959419, "tsne_1d_x": 9.4468126, "tsne_2d_x": -13.031311, "tsne_2d_y": 7.940094, "tsne_3d_x": 14.347153, "tsne_3d_y": -7.5238953, "tsne_3d_z": 9.7475052, "grid_umap_1d_x": 248.0, "grid_umap_2d_x": 12.0, "grid_umap_2d_y": 16.0, "grid_umap_3d_x": 1.0, "grid_umap_3d_y": 8.0, "grid_umap_3d_z": 5.0, "grid_tsne_1d_x": 248.0, "grid_tsne_2d_x": 7.0, "grid_tsne_2d_y": 17.0, "grid_tsne_3d_x": 8.0, "grid_tsne_3d_y": 1.0, "grid_tsne_3d_z": 5.0, "patch_file": "patch_0248.png" }, "geometry": { "type": "Point", "coordinates": [ 142.29917376818662, 46.592604299777832 ] } },
{ "type": "Feature", "properties": { "index": 249, "lon": 30.29100914286721, "lat": -8.2717887126013778, "classification": 114, "subregion_name": "Sub-Saharan Africa", "umap_1d_x": -8.9482908, "umap_2d_x": 40.328339, "umap_2d_y": 29.902603, "umap_3d_x": 41.005287, "umap_3d_y": 38.689789, "umap_3d_z": -2.1907082, "tsne_1d_x": -46.503212, "tsne_2d_x": 49.014099, "tsne_2d_y": 17.11525, "tsne_3d_x": -17.644653, "tsne_3d_y": 16.170921, "tsne_3d_z": -46.201229, "grid_umap_1d_x": 249.0, "grid_umap_2d_x": 28.0, "grid_umap_2d_y": 26.0, "grid_umap_3d_x": 7.0, "grid_umap_3d_y": 9.0, "grid_umap_3d_z": 8.0, "grid_tsne_1d_x": 249.0, "grid_tsne_2d_x": 23.0, "grid_tsne_2d_y": 18.0, "grid_tsne_3d_x": 2.0, "grid_tsne_3d_y": 6.0, "grid_tsne_3d_z": 1.0, "patch_file": "patch_0249.png" }, "geometry": { "type": "Point", "coordinates": [ 30.29100914286721, -8.271788712601378 ] } },
{ "type": "Feature", "properties": { "index": 250, "lon": 128.49586982707569, "lat": 48.37047314296278, "classification": 114, "subregion_name": "Unknown", "umap_1d_x": 19.410337, "umap_2d_x": -37.155697, "umap_2d_y": -46.804607, "umap_3d_x": -33.937729, "umap_3d_y": -31.346029, "umap_3d_z": 41.42997, "tsne_1d_x": 32.854908, "tsne_2d_x": -23.509699, "tsne_2d_y": -12.374149, "tsne_3d_x": 1.6896896, "tsne_3d_y": -11.56974, "tsne_3d_z": 26.151207, "grid_umap_1d_x": 250.0, "grid_umap_2d_x": 24.0, "grid_umap_2d_y": 3.0, "grid_umap_3d_x": 7.0, "grid_umap_3d_y": 5.0, "grid_umap_3d_z": 7.0, "grid_tsne_1d_x": 250.0, "grid_tsne_2d_x": 11.0, "grid_tsne_2d_y": 9.0, "grid_tsne_3d_x": 1.0, "grid_tsne_3d_y": 3.0, "grid_tsne_3d_z": 9.0, "patch_file": "patch_0250.png" }, "geometry": { "type": "Point", "coordinates": [ 128.495869827075694, 48.37047314296278 ] } },
{ "type": "Feature", "properties": { "index": 251, "lon": 29.080156119621506, "lat": -4.4658409033502977, "classification": 126, "subregion_name": "Sub-Saharan Africa", "umap_1d_x": -8.9781389, "umap_2d_x": 40.183739, "umap_2d_y": 30.122009, "umap_3d_x": 40.839714, "umap_3d_y": 38.948616, "umap_3d_z": -1.9867783, "tsne_1d_x": -46.208996, "tsne_2d_x": 49.641953, "tsne_2d_y": 16.863548, "tsne_3d_x": -20.043531, "tsne_3d_y": 17.617073, "tsne_3d_z": -46.553249, "grid_umap_1d_x": 251.0, "grid_umap_2d_x": 30.0, "grid_umap_2d_y": 27.0, "grid_umap_3d_x": 7.0, "grid_umap_3d_y": 9.0, "grid_umap_3d_z": 9.0, "grid_tsne_1d_x": 251.0, "grid_tsne_2d_x": 30.0, "grid_tsne_2d_y": 17.0, "grid_tsne_3d_x": 2.0, "grid_tsne_3d_y": 6.0, "grid_tsne_3d_z": 2.0, "patch_file": "patch_0251.png" }, "geometry": { "type": "Point", "coordinates": [ 29.080156119621506, -4.465840903350298 ] } },
{ "type": "Feature", "properties": { "index": 252, "lon": -63.054029988601016, "lat": 0.25531273517102399, "classification": 112, "subregion_name": "Latin America and the Caribbean", "umap_1d_x": -2.7943854, "umap_2d_x": 21.406052, "umap_2d_y": 45.862839, "umap_3d_x": 18.555382, "umap_3d_y": 38.679359, "umap_3d_z": -31.124538, "tsne_1d_x": -38.540901, "tsne_2d_x": 20.250374, "tsne_2d_y": -46.865868, "tsne_3d_x": -23.456865, "tsne_3d_y": 44.442078, "tsne_3d_z": -8.2569771, "grid_umap_1d_x": 252.0, "grid_umap_2d_x": 16.0, "grid_umap_2d_y": 26.0, "grid_umap_3d_x": 5.0, "grid_umap_3d_y": 8.0, "grid_umap_3d_z": 0.0, "grid_tsne_1d_x": 252.0, "grid_tsne_2d_x": 25.0, "grid_tsne_2d_y": 12.0, "grid_tsne_3d_x": 3.0, "grid_tsne_3d_y": 7.0, "grid_tsne_3d_z": 7.0, "patch_file": "patch_0252.png" }, "geometry": { "type": "Point", "coordinates": [ -63.054029988601016, 0.255312735171024 ] } },
{ "type": "Feature", "properties": { "index": 253, "lon": 51.357517298582366, "lat": 57.531724713258768, "classification": 115, "subregion_name": "Eastern Europe", "umap_1d_x": 18.289461, "umap_2d_x": -31.559155, "umap_2d_y": -33.094688, "umap_3d_x": -32.098297, "umap_3d_y": -41.514942, "umap_3d_z": 27.936363, "tsne_1d_x": 26.160902, "tsne_2d_x": -23.264145, "tsne_2d_y": 7.5530128, "tsne_3d_x": 8.8081551, "tsne_3d_y": -29.396399, "tsne_3d_z": 18.26049, "grid_umap_1d_x": 253.0, "grid_umap_2d_x": 13.0, "grid_umap_2d_y": 4.0, "grid_umap_3d_x": 4.0, "grid_umap_3d_y": 0.0, "grid_umap_3d_z": 7.0, "grid_tsne_1d_x": 253.0, "grid_tsne_2d_x": 10.0, "grid_tsne_2d_y": 21.0, "grid_tsne_3d_x": 3.0, "grid_tsne_3d_y": 3.0, "grid_tsne_3d_z": 5.0, "patch_file": "patch_0253.png" }, "geometry": { "type": "Point", "coordinates": [ 51.357517298582366, 57.531724713258768 ] } },
{ "type": "Feature", "properties": { "index": 254, "lon": -94.995636793283694, "lat": 41.138246570609013, "classification": 116, "subregion_name": "Unknown", "umap_1d_x": 10.659285, "umap_2d_x": -22.260397, "umap_2d_y": -10.980789, "umap_3d_x": -20.266729, "umap_3d_y": -21.933046, "umap_3d_z": 11.461483, "tsne_1d_x": 8.2629919, "tsne_2d_x": -9.7186356, "tsne_2d_y": -2.1110611, "tsne_3d_x": -1.2624741, "tsne_3d_y": -2.917366, "tsne_3d_z": 9.2196236, "grid_umap_1d_x": 254.0, "grid_umap_2d_x": 1.0, "grid_umap_2d_y": 6.0, "grid_umap_3d_x": 1.0, "grid_umap_3d_y": 0.0, "grid_umap_3d_z": 6.0, "grid_tsne_1d_x": 254.0, "grid_tsne_2d_x": 4.0, "grid_tsne_2d_y": 6.0, "grid_tsne_3d_x": 0.0, "grid_tsne_3d_y": 3.0, "grid_tsne_3d_z": 6.0, "patch_file": "patch_0254.png" }, "geometry": { "type": "Point", "coordinates": [ -94.995636793283694, 41.138246570609013 ] } },
{ "type": "Feature", "properties": { "index": 255, "lon": 51.70726315145393, "lat": 29.643955950175837, "classification": 30, "subregion_name": "Southern Asia", "umap_1d_x": 12.845799, "umap_2d_x": -24.261942, "umap_2d_y": 6.7775421, "umap_3d_x": -24.130579, "umap_3d_y": -17.567486, "umap_3d_z": -11.538334, "tsne_1d_x": 0.30424601, "tsne_2d_x": 2.5619583, "tsne_2d_y": 21.009796, "tsne_3d_x": 20.228325, "tsne_3d_y": 7.3688583, "tsne_3d_z": -12.535072, "grid_umap_1d_x": 255.0, "grid_umap_2d_x": 4.0, "grid_umap_2d_y": 20.0, "grid_umap_3d_x": 3.0, "grid_umap_3d_y": 1.0, "grid_umap_3d_z": 0.0, "grid_tsne_1d_x": 255.0, "grid_tsne_2d_x": 13.0, "grid_tsne_2d_y": 25.0, "grid_tsne_3d_x": 9.0, "grid_tsne_3d_y": 6.0, "grid_tsne_3d_z": 0.0, "patch_file": "patch_0255.png" }, "geometry": { "type": "Point", "coordinates": [ 51.70726315145393, 29.643955950175837 ] } },
{ "type": "Feature", "properties": { "index": 256, "lon": 99.373281704750752, "lat": 63.375934808859967, "classification": 113, "subregion_name": "Eastern Europe", "umap_1d_x": 23.009521, "umap_2d_x": -45.508144, "umap_2d_y": -41.737309, "umap_3d_x": -44.531944, "umap_3d_y": -23.940771, "umap_3d_z": 41.947876, "tsne_1d_x": 43.304844, "tsne_2d_x": -37.923649, "tsne_2d_y": -14.856621, "tsne_3d_x": 22.297829, "tsne_3d_y": -16.774948, "tsne_3d_z": 35.774513, "grid_umap_1d_x": 256.0, "grid_umap_2d_x": 23.0, "grid_umap_2d_y": 15.0, "grid_umap_3d_x": 4.0, "grid_umap_3d_y": 7.0, "grid_umap_3d_z": 7.0, "grid_tsne_1d_x": 256.0, "grid_tsne_2d_x": 1.0, "grid_tsne_2d_y": 7.0, "grid_tsne_3d_x": 5.0, "grid_tsne_3d_y": 5.0, "grid_tsne_3d_z": 7.0, "patch_file": "patch_0256.png" }, "geometry": { "type": "Point", "coordinates": [ 99.373281704750752, 63.375934808859967 ] } },
{ "type": "Feature", "properties": { "index": 257, "lon": 154.16643420929427, "lat": 60.307748349654275, "classification": 20, "subregion_name": "Eastern Europe", "umap_1d_x": 24.414326, "umap_2d_x": -47.174709, "umap_2d_y": -31.113724, "umap_3d_x": -47.387634, "umap_3d_y": -22.447739, "umap_3d_z": 30.695015, "tsne_1d_x": 53.699898, "tsne_2d_x": -46.316635, "tsne_2d_y": -12.071133, "tsne_3d_x": 38.496529, "tsne_3d_y": -22.050392, "tsne_3d_z": 35.037376, "grid_umap_1d_x": 257.0, "grid_umap_2d_x": 5.0, "grid_umap_2d_y": 7.0, "grid_umap_3d_x": 0.0, "grid_umap_3d_y": 6.0, "grid_umap_3d_z": 7.0, "grid_tsne_1d_x": 257.0, "grid_tsne_2d_x": 7.0, "grid_tsne_2d_y": 15.0, "grid_tsne_3d_x": 9.0, "grid_tsne_3d_y": 3.0, "grid_tsne_3d_z": 8.0, "patch_file": "patch_0257.png" }, "geometry": { "type": "Point", "coordinates": [ 154.166434209294266, 60.307748349654275 ] } },
{ "type": "Feature", "properties": { "index": 258, "lon": 25.427910510570996, "lat": 50.706595220432717, "classification": 40, "subregion_name": "Eastern Europe", "umap_1d_x": 15.459399, "umap_2d_x": -33.601845, "umap_2d_y": -11.82621, "umap_3d_x": -33.372292, "umap_3d_y": -29.362289, "umap_3d_z": 1.2781258, "tsne_1d_x": 14.115541, "tsne_2d_x": -13.878456, "tsne_2d_y": 28.889832, "tsne_3d_x": 26.893929, "tsne_3d_y": -16.074776, "tsne_3d_z": 4.9287338, "grid_umap_1d_x": 258.0, "grid_umap_2d_x": 8.0, "grid_umap_2d_y": 16.0, "grid_umap_3d_x": 0.0, "grid_umap_3d_y": 1.0, "grid_umap_3d_z": 3.0, "grid_tsne_1d_x": 258.0, "grid_tsne_2d_x": 9.0, "grid_tsne_2d_y": 30.0, "grid_tsne_3d_x": 7.0, "grid_tsne_3d_y": 3.0, "grid_tsne_3d_z": 4.0, "patch_file": "patch_0258.png" }, "geometry": { "type": "Point", "coordinates": [ 25.427910510570996, 50.706595220432717 ] } },
{ "type": "Feature", "properties": { "index": 259, "lon": 121.67233161462048, "lat": -3.8426750372109311, "classification": 112, "subregion_name": "South-eastern Asia", "umap_1d_x": -4.2741122, "umap_2d_x": 25.584435, "umap_2d_y": 37.278389, "umap_3d_x": 21.248573, "umap_3d_y": 35.331963, "umap_3d_z": -18.200073, "tsne_1d_x": -29.598011, "tsne_2d_x": 20.063942, "tsne_2d_y": -31.353704, "tsne_3d_x": -27.648275, "tsne_3d_y": 20.180527, "tsne_3d_z": -12.923294, "grid_umap_1d_x": 259.0, "grid_umap_2d_x": 23.0, "grid_umap_2d_y": 29.0, "grid_umap_3d_x": 7.0, "grid_umap_3d_y": 9.0, "grid_umap_3d_z": 2.0, "grid_tsne_1d_x": 259.0, "grid_tsne_2d_x": 23.0, "grid_tsne_2d_y": 0.0, "grid_tsne_3d_x": 1.0, "grid_tsne_3d_y": 5.0, "grid_tsne_3d_z": 3.0, "patch_file": "patch_0259.png" }, "geometry": { "type": "Point", "coordinates": [ 121.672331614620475, -3.842675037210931 ] } },
{ "type": "Feature", "properties": { "index": 260, "lon": -57.34969454380915, "lat": -16.885830156606858, "classification": 90, "subregion_name": "Latin America and the Caribbean", "umap_1d_x": -9.5620785, "umap_2d_x": 36.58934, "umap_2d_y": 20.865929, "umap_3d_x": 38.029541, "umap_3d_y": 25.295189, "umap_3d_z": -8.652504, "tsne_1d_x": -44.405781, "tsne_2d_x": 38.851151, "tsne_2d_y": 13.276447, "tsne_3d_x": -13.886703, "tsne_3d_y": 6.3991318, "tsne_3d_z": -26.990566, "grid_umap_1d_x": 260.0, "grid_umap_2d_x": 30.0, "grid_umap_2d_y": 19.0, "grid_umap_3d_x": 8.0, "grid_umap_3d_y": 6.0, "grid_umap_3d_z": 4.0, "grid_tsne_1d_x": 260.0, "grid_tsne_2d_x": 28.0, "grid_tsne_2d_y": 14.0, "grid_tsne_3d_x": 0.0, "grid_tsne_3d_y": 4.0, "grid_tsne_3d_z": 1.0, "patch_file": "patch_0260.png" }, "geometry": { "type": "Point", "coordinates": [ -57.34969454380915, -16.885830156606858 ] } },
{ "type": "Feature", "properties": { "index": 261, "lon": 16.678142187106403, "lat": 53.329162555875868, "classification": 111, "subregion_name": "Eastern Europe", "umap_1d_x": 17.108624, "umap_2d_x": -26.910374, "umap_2d_y": -28.588408, "umap_3d_x": -29.846691, "umap_3d_y": -48.938095, "umap_3d_z": 17.465515, "tsne_1d_x": 23.557764, "tsne_2d_x": -22.352909, "tsne_2d_y": 19.983307, "tsne_3d_x": 12.911541, "tsne_3d_y": -39.574993, "tsne_3d_z": 6.238575, "grid_umap_1d_x": 261.0, "grid_umap_2d_x": 11.0, "grid_umap_2d_y": 3.0, "grid_umap_3d_x": 8.0, "grid_umap_3d_y": 0.0, "grid_umap_3d_z": 3.0, "grid_tsne_1d_x": 261.0, "grid_tsne_2d_x": 4.0, "grid_tsne_2d_y": 27.0, "grid_tsne_3d_x": 5.0, "grid_tsne_3d_y": 0.0, "grid_tsne_3d_z": 3.0, "patch_file": "patch_0261.png" }, "geometry": { "type": "Point", "coordinates": [ 16.678142187106403, 53.329162555875868 ] } },
{ "type": "Feature", "properties": { "index": 262, "lon": -83.771245499606849, "lat": 41.61277450208992, "classification": 116, "subregion_name": "Unknown", "umap_1d_x": 11.43456, "umap_2d_x": -22.802044, "umap_2d_y": -11.79137, "umap_3d_x": -21.822813, "umap_3d_y": -26.149036, "umap_3d_z": 7.9814186, "tsne_1d_x": 7.2138462, "tsne_2d_x": -11.029739, "tsne_2d_y": 4.5194397, "tsne_3d_x": -2.3971519, "tsne_3d_y": -17.539001, "tsne_3d_z": 6.3564949, "grid_umap_1d_x": 262.0, "grid_umap_2d_x": 15.0, "grid_umap_2d_y": 16.0, "grid_umap_3d_x": 4.0, "grid_umap_3d_y": 1.0, "grid_umap_3d_z": 4.0, "grid_tsne_1d_x": 262.0, "grid_tsne_2d_x": 7.0, "grid_tsne_2d_y": 14.0, "grid_tsne_3d_x": 0.0, "grid_tsne_3d_y": 0.0, "grid_tsne_3d_z": 5.0, "patch_file": "patch_0262.png" }, "geometry": { "type": "Point", "coordinates": [ -83.771245499606849, 41.61277450208992 ] } },
{ "type": "Feature", "properties": { "index": 263, "lon": -50.908164962171952, "lat": -4.0605250022914561, "classification": 112, "subregion_name": "Latin America and the Caribbean", "umap_1d_x": -8.4098186, "umap_2d_x": 34.532112, "umap_2d_y": 25.164375, "umap_3d_x": 34.641647, "umap_3d_y": 28.91082, "umap_3d_z": -11.48185, "tsne_1d_x": -43.224312, "tsne_2d_x": 41.402206, "tsne_2d_y": 8.1024475, "tsne_3d_x": -18.010342, "tsne_3d_y": 19.21505, "tsne_3d_z": -28.298912, "grid_umap_1d_x": 263.0, "grid_umap_2d_x": 25.0, "grid_umap_2d_y": 23.0, "grid_umap_3d_x": 9.0, "grid_umap_3d_y": 8.0, "grid_umap_3d_z": 2.0, "grid_tsne_1d_x": 263.0, "grid_tsne_2d_x": 29.0, "grid_tsne_2d_y": 11.0, "grid_tsne_3d_x": 0.0, "grid_tsne_3d_y": 7.0, "grid_tsne_3d_z": 0.0, "patch_file": "patch_0263.png" }, "geometry": { "type": "Point", "coordinates": [ -50.908164962171952, -4.060525002291456 ] } },
{ "type": "Feature", "properties": { "index": 264, "lon": 26.649393063116491, "lat": 58.952816277052321, "classification": 115, "subregion_name": "Northern Europe", "umap_1d_x": 17.530397, "umap_2d_x": -29.033079, "umap_2d_y": -28.276848, "umap_3d_x": -30.549414, "umap_3d_y": -43.569889, "umap_3d_z": 21.893799, "tsne_1d_x": 24.804728, "tsne_2d_x": -21.783936, "tsne_2d_y": 12.677826, "tsne_3d_x": 9.234993, "tsne_3d_y": -32.462135, "tsne_3d_z": 11.873405, "grid_umap_1d_x": 264.0, "grid_umap_2d_x": 15.0, "grid_umap_2d_y": 8.0, "grid_umap_3d_x": 7.0, "grid_umap_3d_y": 2.0, "grid_umap_3d_z": 5.0, "grid_tsne_1d_x": 264.0, "grid_tsne_2d_x": 0.0, "grid_tsne_2d_y": 21.0, "grid_tsne_3d_x": 4.0, "grid_tsne_3d_y": 2.0, "grid_tsne_3d_z": 4.0, "patch_file": "patch_0264.png" }, "geometry": { "type": "Point", "coordinates": [ 26.649393063116491, 58.952816277052321 ] } },
{ "type": "Feature", "properties": { "index": 265, "lon": 95.037561370378683, "lat": 23.945248429962874, "classification": 112, "subregion_name": "South-eastern Asia", "umap_1d_x": 6.7559633, "umap_2d_x": -13.09837, "umap_2d_y": 13.518852, "umap_3d_x": -11.155136, "umap_3d_y": -0.29536057, "umap_3d_z": -16.122803, "tsne_1d_x": -8.8646069, "tsne_2d_x": 7.1038017, "tsne_2d_y": -12.087643, "tsne_3d_x": 2.2410393, "tsne_3d_y": 26.938156, "tsne_3d_z": -2.8611069, "grid_umap_1d_x": 265.0, "grid_umap_2d_x": 8.0, "grid_umap_2d_y": 23.0, "grid_umap_3d_x": 1.0, "grid_umap_3d_y": 6.0, "grid_umap_3d_z": 1.0, "grid_tsne_1d_x": 265.0, "grid_tsne_2d_x": 17.0, "grid_tsne_2d_y": 7.0, "grid_tsne_3d_x": 4.0, "grid_tsne_3d_y": 8.0, "grid_tsne_3d_z": 5.0, "patch_file": "patch_0265.png" }, "geometry": { "type": "Point", "coordinates": [ 95.037561370378683, 23.945248429962874 ] } },
{ "type": "Feature", "properties": { "index": 266, "lon": -141.85302216296532, "lat": 65.716131843368075, "classification": 111, "subregion_name": "Unknown", "umap_1d_x": 21.344244, "umap_2d_x": -39.817078, "umap_2d_y": -42.517395, "umap_3d_x": -41.284786, "umap_3d_y": -38.661083, "umap_3d_z": 41.309578, "tsne_1d_x": 37.213467, "tsne_2d_x": -33.638588, "tsne_2d_y": 12.960476, "tsne_3d_x": 21.551575, "tsne_3d_y": -42.106644, "tsne_3d_z": 41.029572, "grid_umap_1d_x": 266.0, "grid_umap_2d_x": 23.0, "grid_umap_2d_y": 10.0, "grid_umap_3d_x": 5.0, "grid_umap_3d_y": 4.0, "grid_umap_3d_z": 7.0, "grid_tsne_1d_x": 266.0, "grid_tsne_2d_x": 17.0, "grid_tsne_2d_y": 29.0, "grid_tsne_3d_x": 6.0, "grid_tsne_3d_y": 0.0, "grid_tsne_3d_z": 9.0, "patch_file": "patch_0266.png" }, "geometry": { "type": "Point", "coordinates": [ -141.853022162965317, 65.716131843368075 ] } },
{ "type": "Feature", "properties": { "index": 267, "lon": -110.34829950008451, "lat": 33.89484464219143, "classification": 20, "subregion_name": "Unknown", "umap_1d_x": 12.666647, "umap_2d_x": -22.785053, "umap_2d_y": 6.1333237, "umap_3d_x": -22.787029, "umap_3d_y": -13.821651, "umap_3d_z": -9.8563957, "tsne_1d_x": 0.27957836, "tsne_2d_x": 1.3058052, "tsne_2d_y": 19.144516, "tsne_3d_x": 13.587368, "tsne_3d_y": 5.799614, "tsne_3d_z": -11.463833, "grid_umap_1d_x": 267.0, "grid_umap_2d_x": 4.0, "grid_umap_2d_y": 19.0, "grid_umap_3d_x": 1.0, "grid_umap_3d_y": 3.0, "grid_umap_3d_z": 1.0, "grid_tsne_1d_x": 267.0, "grid_tsne_2d_x": 19.0, "grid_tsne_2d_y": 26.0, "grid_tsne_3d_x": 8.0, "grid_tsne_3d_y": 5.0, "grid_tsne_3d_z": 0.0, "patch_file": "patch_0267.png" }, "geometry": { "type": "Point", "coordinates": [ -110.348299500084508, 33.89484464219143 ] } },
{ "type": "Feature", "properties": { "index": 268, "lon": 82.339140625828293, "lat": 59.960239806414393, "classification": 111, "subregion_name": "Eastern Europe", "umap_1d_x": 20.220446, "umap_2d_x": -32.875603, "umap_2d_y": -38.154869, "umap_3d_x": -36.819443, "umap_3d_y": -44.926819, "umap_3d_z": 33.303413, "tsne_1d_x": 27.753061, "tsne_2d_x": -30.13114, "tsne_2d_y": 9.34758, "tsne_3d_x": 11.236828, "tsne_3d_y": -36.681568, "tsne_3d_z": 25.400146, "grid_umap_1d_x": 268.0, "grid_umap_2d_x": 19.0, "grid_umap_2d_y": 5.0, "grid_umap_3d_x": 6.0, "grid_umap_3d_y": 3.0, "grid_umap_3d_z": 6.0, "grid_tsne_1d_x": 268.0, "grid_tsne_2d_x": 6.0, "grid_tsne_2d_y": 23.0, "grid_tsne_3d_x": 4.0, "grid_tsne_3d_y": 2.0, "grid_tsne_3d_z": 6.0, "patch_file": "patch_0268.png" }, "geometry": { "type": "Point", "coordinates": [ 82.339140625828293, 59.960239806414393 ] } },
{ "type": "Feature", "properties": { "index": 269, "lon": 138.11123594680129, "lat": 50.830392099031329, "classification": 113, "subregion_name": "Eastern Europe", "umap_1d_x": 19.235102, "umap_2d_x": -37.725872, "umap_2d_y": -41.497478, "umap_3d_x": -35.87228, "umap_3d_y": -29.170223, "umap_3d_z": 38.057419, "tsne_1d_x": 33.532413, "tsne_2d_x": -25.111958, "tsne_2d_y": -11.472202, "tsne_3d_x": 11.734097, "tsne_3d_y": -13.044537, "tsne_3d_z": 27.584877, "grid_umap_1d_x": 269.0, "grid_umap_2d_x": 17.0, "grid_umap_2d_y": 4.0, "grid_umap_3d_x": 4.0, "grid_umap_3d_y": 5.0, "grid_umap_3d_z": 8.0, "grid_tsne_1d_x": 269.0, "grid_tsne_2d_x": 11.0, "grid_tsne_2d_y": 10.0, "grid_tsne_3d_x": 5.0, "grid_tsne_3d_y": 3.0, "grid_tsne_3d_z": 9.0, "patch_file": "patch_0269.png" }, "geometry": { "type": "Point", "coordinates": [ 138.111235946801287, 50.830392099031329 ] } },
{ "type": "Feature", "properties": { "index": 270, "lon": 108.62378307430669, "lat": 24.214831381379867, "classification": 112, "subregion_name": "Unknown", "umap_1d_x": 8.528163, "umap_2d_x": -16.377071, "umap_2d_y": 1.6619148, "umap_3d_x": -16.72089, "umap_3d_y": -10.056358, "umap_3d_z": 1.9585266, "tsne_1d_x": -5.6580691, "tsne_2d_x": -3.2146645, "tsne_2d_y": -8.2305107, "tsne_3d_x": -0.69213486, "tsne_3d_y": 15.708275, "tsne_3d_z": 3.8185768, "grid_umap_1d_x": 270.0, "grid_umap_2d_x": 5.0, "grid_umap_2d_y": 16.0, "grid_umap_3d_x": 1.0, "grid_umap_3d_y": 3.0, "grid_umap_3d_z": 3.0, "grid_tsne_1d_x": 270.0, "grid_tsne_2d_x": 5.0, "grid_tsne_2d_y": 0.0, "grid_tsne_3d_x": 3.0, "grid_tsne_3d_y": 8.0, "grid_tsne_3d_z": 7.0, "patch_file": "patch_0270.png" }, "geometry": { "type": "Point", "coordinates": [ 108.623783074306687, 24.214831381379867 ] } },
{ "type": "Feature", "properties": { "index": 271, "lon": 103.55775320700991, "lat": 22.23221824014125, "classification": 112, "subregion_name": "South-eastern Asia", "umap_1d_x": 6.9967237, "umap_2d_x": -13.437141, "umap_2d_y": 11.029743, "umap_3d_x": -11.592182, "umap_3d_y": -0.70646286, "umap_3d_z": -13.134418, "tsne_1d_x": -8.1819277, "tsne_2d_x": 6.0442505, "tsne_2d_y": -13.651924, "tsne_3d_x": -2.6945992, "tsne_3d_y": 24.880096, "tsne_3d_z": -3.3532829, "grid_umap_1d_x": 271.0, "grid_umap_2d_x": 12.0, "grid_umap_2d_y": 23.0, "grid_umap_3d_x": 0.0, "grid_umap_3d_y": 6.0, "grid_umap_3d_z": 1.0, "grid_tsne_1d_x": 271.0, "grid_tsne_2d_x": 19.0, "grid_tsne_2d_y": 11.0, "grid_tsne_3d_x": 3.0, "grid_tsne_3d_y": 9.0, "grid_tsne_3d_z": 4.0, "patch_file": "patch_0271.png" }, "geometry": { "type": "Point", "coordinates": [ 103.55775320700991, 22.23221824014125 ] } },
{ "type": "Feature", "properties": { "index": 272, "lon": 20.472435473425634, "lat": 50.056255740789425, "classification": 40, "subregion_name": "Eastern Europe", "umap_1d_x": 15.289584, "umap_2d_x": -33.100948, "umap_2d_y": -10.80444, "umap_3d_x": -32.763901, "umap_3d_y": -30.755974, "umap_3d_z": -0.8686676, "tsne_1d_x": 13.65956, "tsne_2d_x": -12.990986, "tsne_2d_y": 31.282478, "tsne_3d_x": 27.941498, "tsne_3d_y": -18.506422, "tsne_3d_z": 2.3631172, "grid_umap_1d_x": 272.0, "grid_umap_2d_x": 1.0, "grid_umap_2d_y": 12.0, "grid_umap_3d_x": 1.0, "grid_umap_3d_y": 0.0, "grid_umap_3d_z": 2.0, "grid_tsne_1d_x": 272.0, "grid_tsne_2d_x": 14.0, "grid_tsne_2d_y": 30.0, "grid_tsne_3d_x": 9.0, "grid_tsne_3d_y": 1.0, "grid_tsne_3d_z": 3.0, "patch_file": "patch_0272.png" }, "geometry": { "type": "Point", "coordinates": [ 20.472435473425634, 50.056255740789425 ] } },
{ "type": "Feature", "properties": { "index": 273, "lon": 139.17550436474136, "lat": 35.659951289953156, "classification": 111, "subregion_name": "Eastern Asia", "umap_1d_x": 10.121085, "umap_2d_x": -19.096548, "umap_2d_y": -2.8180275, "umap_3d_x": -19.057596, "umap_3d_y": -15.426224, "umap_3d_z": 7.5745773, "tsne_1d_x": -2.9681983, "tsne_2d_x": -6.4596825, "tsne_2d_y": -6.8685188, "tsne_3d_x": 2.0741158, "tsne_3d_y": 8.3367882, "tsne_3d_z": 4.0191956, "grid_umap_1d_x": 273.0, "grid_umap_2d_x": 13.0, "grid_umap_2d_y": 19.0, "grid_umap_3d_x": 0.0, "grid_umap_3d_y": 1.0, "grid_umap_3d_z": 5.0, "grid_tsne_1d_x": 273.0, "grid_tsne_2d_x": 10.0, "grid_tsne_2d_y": 6.0, "grid_tsne_3d_x": 3.0, "grid_tsne_3d_y": 7.0, "grid_tsne_3d_z": 5.0, "patch_file": "patch_0273.png" }, "geometry": { "type": "Point", "coordinates": [ 139.175504364741357, 35.659951289953156 ] } },
{ "type": "Feature", "properties": { "index": 274, "lon": 84.484761054758224, "lat": 60.021874806223437, "classification": 111, "subregion_name": "Eastern Europe", "umap_1d_x": 20.432838, "umap_2d_x": -33.263515, "umap_2d_y": -39.223942, "umap_3d_x": -36.917999, "umap_3d_y": -45.458733, "umap_3d_z": 33.591255, "tsne_1d_x": 27.942127, "tsne_2d_x": -30.801237, "tsne_2d_y": 8.7982941, "tsne_3d_x": 12.111771, "tsne_3d_y": -36.117115, "tsne_3d_z": 26.538391, "grid_umap_1d_x": 274.0, "grid_umap_2d_x": 16.0, "grid_umap_2d_y": 2.0, "grid_umap_3d_x": 4.0, "grid_umap_3d_y": 0.0, "grid_umap_3d_z": 8.0, "grid_tsne_1d_x": 274.0, "grid_tsne_2d_x": 7.0, "grid_tsne_2d_y": 23.0, "grid_tsne_3d_x": 4.0, "grid_tsne_3d_y": 4.0, "grid_tsne_3d_z": 5.0, "patch_file": "patch_0274.png" }, "geometry": { "type": "Point", "coordinates": [ 84.484761054758224, 60.021874806223437 ] } },
{ "type": "Feature", "properties": { "index": 275, "lon": 30.586105240094042, "lat": -18.019654513294626, "classification": 40, "subregion_name": "Sub-Saharan Africa", "umap_1d_x": -9.4496717, "umap_2d_x": 40.544548, "umap_2d_y": 25.805542, "umap_3d_x": 42.260216, "umap_3d_y": 31.517082, "umap_3d_z": -6.1386414, "tsne_1d_x": -47.733559, "tsne_2d_x": 46.631813, "tsne_2d_y": 21.020676, "tsne_3d_x": -11.295448, "tsne_3d_y": 11.858898, "tsne_3d_z": -40.77198, "grid_umap_1d_x": 275.0, "grid_umap_2d_x": 24.0, "grid_umap_2d_y": 22.0, "grid_umap_3d_x": 8.0, "grid_umap_3d_y": 8.0, "grid_umap_3d_z": 5.0, "grid_tsne_1d_x": 275.0, "grid_tsne_2d_x": 29.0, "grid_tsne_2d_y": 21.0, "grid_tsne_3d_x": 3.0, "grid_tsne_3d_y": 6.0, "grid_tsne_3d_z": 0.0, "patch_file": "patch_0275.png" }, "geometry": { "type": "Point", "coordinates": [ 30.586105240094042, -18.019654513294626 ] } },
{ "type": "Feature", "properties": { "index": 276, "lon": -70.254380750040951, "lat": 48.048576195716322, "classification": 115, "subregion_name": "Northern America", "umap_1d_x": 21.899176, "umap_2d_x": -36.222298, "umap_2d_y": -32.950798, "umap_3d_x": -39.534088, "umap_3d_y": -40.9958, "umap_3d_z": 28.912666, "tsne_1d_x": 35.064064, "tsne_2d_x": -36.984863, "tsne_2d_y": 14.064072, "tsne_3d_x": 21.11673, "tsne_3d_y": -46.866192, "tsne_3d_z": 27.496758, "grid_umap_1d_x": 276.0, "grid_umap_2d_x": 9.0, "grid_umap_2d_y": 4.0, "grid_umap_3d_x": 4.0, "grid_umap_3d_y": 2.0, "grid_umap_3d_z": 6.0, "grid_tsne_1d_x": 276.0, "grid_tsne_2d_x": 7.0, "grid_tsne_2d_y": 27.0, "grid_tsne_3d_x": 6.0, "grid_tsne_3d_y": 2.0, "grid_tsne_3d_z": 5.0, "patch_file": "patch_0276.png" }, "geometry": { "type": "Point", "coordinates": [ -70.254380750040951, 48.048576195716322 ] } },
{ "type": "Feature", "properties": { "index": 277, "lon": 146.86036132016125, "lat": -6.3361537432442461, "classification": 116, "subregion_name": "Melanesia", "umap_1d_x": -4.0243349, "umap_2d_x": 24.478233, "umap_2d_y": 35.227051, "umap_3d_x": 20.193443, "umap_3d_y": 30.221634, "umap_3d_z": -15.422161, "tsne_1d_x": -28.40416, "tsne_2d_x": 16.626205, "tsne_2d_y": -31.13434, "tsne_3d_x": -24.18755, "tsne_3d_y": 12.965263, "tsne_3d_z": -7.8276711, "grid_umap_1d_x": 277.0, "grid_umap_2d_x": 21.0, "grid_umap_2d_y": 25.0, "grid_umap_3d_x": 8.0, "grid_umap_3d_y": 9.0, "grid_umap_3d_z": 1.0, "grid_tsne_1d_x": 277.0, "grid_tsne_2d_x": 22.0, "grid_tsne_2d_y": 2.0, "grid_tsne_3d_x": 1.0, "grid_tsne_3d_y": 4.0, "grid_tsne_3d_z": 4.0, "patch_file": "patch_0277.png" }, "geometry": { "type": "Point", "coordinates": [ 146.860361320161246, -6.336153743244246 ] } },
{ "type": "Feature", "properties": { "index": 278, "lon": -70.25892771003447, "lat": -3.5621068462041019, "classification": 112, "subregion_name": "Latin America and the Caribbean", "umap_1d_x": -3.0027525, "umap_2d_x": 22.530479, "umap_2d_y": 46.004936, "umap_3d_x": 19.767952, "umap_3d_y": 39.302101, "umap_3d_z": -29.114841, "tsne_1d_x": -35.861893, "tsne_2d_x": 25.164185, "tsne_2d_y": -43.363697, "tsne_3d_x": -37.047386, "tsne_3d_y": 40.294151, "tsne_3d_z": -8.7230759, "grid_umap_1d_x": 278.0, "grid_umap_2d_x": 16.0, "grid_umap_2d_y": 25.0, "grid_umap_3d_x": 5.0, "grid_umap_3d_y": 7.0, "grid_umap_3d_z": 2.0, "grid_tsne_1d_x": 278.0, "grid_tsne_2d_x": 27.0, "grid_tsne_2d_y": 3.0, "grid_tsne_3d_x": 2.0, "grid_tsne_3d_y": 7.0, "grid_tsne_3d_z": 7.0, "patch_file": "patch_0278.png" }, "geometry": { "type": "Point", "coordinates": [ -70.25892771003447, -3.562106846204102 ] } },
{ "type": "Feature", "properties": { "index": 279, "lon": 156.90153085834038, "lat": 62.94117528741279, "classification": 113, "subregion_name": "Eastern Europe", "umap_1d_x": 24.104305, "umap_2d_x": -46.668262, "umap_2d_y": -41.276291, "umap_3d_x": -47.633839, "umap_3d_y": -25.381596, "umap_3d_z": 43.237396, "tsne_1d_x": 52.876884, "tsne_2d_x": -41.065659, "tsne_2d_y": -26.456907, "tsne_3d_x": 28.071289, "tsne_3d_y": -18.947306, "tsne_3d_z": 49.818237, "grid_umap_1d_x": 279.0, "grid_umap_2d_x": 10.0, "grid_umap_2d_y": 5.0, "grid_umap_3d_x": 1.0, "grid_umap_3d_y": 5.0, "grid_umap_3d_z": 9.0, "grid_tsne_1d_x": 279.0, "grid_tsne_2d_x": 4.0, "grid_tsne_2d_y": 3.0, "grid_tsne_3d_x": 5.0, "grid_tsne_3d_y": 6.0, "grid_tsne_3d_z": 8.0, "patch_file": "patch_0279.png" }, "geometry": { "type": "Point", "coordinates": [ 156.901530858340379, 62.94117528741279 ] } },
{ "type": "Feature", "properties": { "index": 280, "lon": 76.365940850898028, "lat": 64.620647115454403, "classification": 116, "subregion_name": "Eastern Europe", "umap_1d_x": 22.471899, "umap_2d_x": -41.483887, "umap_2d_y": -34.267628, "umap_3d_x": -41.522427, "umap_3d_y": -28.462757, "umap_3d_z": 34.461227, "tsne_1d_x": 44.100338, "tsne_2d_x": -38.776588, "tsne_2d_y": -5.2701759, "tsne_3d_x": 22.438904, "tsne_3d_y": -24.104536, "tsne_3d_z": 30.366074, "grid_umap_1d_x": 280.0, "grid_umap_2d_x": 8.0, "grid_umap_2d_y": 5.0, "grid_umap_3d_x": 3.0, "grid_umap_3d_y": 5.0, "grid_umap_3d_z": 7.0, "grid_tsne_1d_x": 280.0, "grid_tsne_2d_x": 9.0, "grid_tsne_2d_y": 17.0, "grid_tsne_3d_x": 8.0, "grid_tsne_3d_y": 0.0, "grid_tsne_3d_z": 9.0, "patch_file": "patch_0280.png" }, "geometry": { "type": "Point", "coordinates": [ 76.365940850898028, 64.620647115454403 ] } },
{ "type": "Feature", "properties": { "index": 281, "lon": -39.298276888298261, "lat": -15.632117447619116, "classification": 30, "subregion_name": "Latin America and the Caribbean", "umap_1d_x": -9.8509064, "umap_2d_x": 38.515053, "umap_2d_y": 20.04953, "umap_3d_x": 40.25943, "umap_3d_y": 23.536057, "umap_3d_z": -9.0675583, "tsne_1d_x": -50.120373, "tsne_2d_x": 37.027283, "tsne_2d_y": 17.970093, "tsne_3d_x": -3.433445, "tsne_3d_y": 14.941612, "tsne_3d_z": -31.96118, "grid_umap_1d_x": 281.0, "grid_umap_2d_x": 30.0, "grid_umap_2d_y": 18.0, "grid_umap_3d_x": 9.0, "grid_umap_3d_y": 6.0, "grid_umap_3d_z": 2.0, "grid_tsne_1d_x": 281.0, "grid_tsne_2d_x": 30.0, "grid_tsne_2d_y": 18.0, "grid_tsne_3d_x": 4.0, "grid_tsne_3d_y": 8.0, "grid_tsne_3d_z": 0.0, "patch_file": "patch_0281.png" }, "geometry": { "type": "Point", "coordinates": [ -39.298276888298261, -15.632117447619116 ] } },
{ "type": "Feature", "properties": { "index": 282, "lon": 89.919426077226603, "lat": 57.37398260262998, "classification": 115, "subregion_name": "Eastern Europe", "umap_1d_x": 19.769953, "umap_2d_x": -31.594572, "umap_2d_y": -38.208221, "umap_3d_x": -33.939342, "umap_3d_y": -45.607075, "umap_3d_z": 32.63163, "tsne_1d_x": 27.478884, "tsne_2d_x": -26.461723, "tsne_2d_y": 7.7188797, "tsne_3d_x": 5.8552551, "tsne_3d_y": -35.139626, "tsne_3d_z": 22.899155, "grid_umap_1d_x": 282.0, "grid_umap_2d_x": 14.0, "grid_umap_2d_y": 0.0, "grid_umap_3d_x": 6.0, "grid_umap_3d_y": 0.0, "grid_umap_3d_z": 8.0, "grid_tsne_1d_x": 282.0, "grid_tsne_2d_x": 15.0, "grid_tsne_2d_y": 24.0, "grid_tsne_3d_x": 2.0, "grid_tsne_3d_y": 4.0, "grid_tsne_3d_z": 5.0, "patch_file": "patch_0282.png" }, "geometry": { "type": "Point", "coordinates": [ 89.919426077226603, 57.37398260262998 ] } },
{ "type": "Feature", "properties": { "index": 283, "lon": -101.03212442105311, "lat": 30.354946327594234, "classification": 20, "subregion_name": "Unknown", "umap_1d_x": 12.064027, "umap_2d_x": -22.163244, "umap_2d_y": -0.025730133000003264, "umap_3d_x": -20.866505, "umap_3d_y": -19.653034, "umap_3d_z": -4.6953125, "tsne_1d_x": 4.5600853, "tsne_2d_x": -0.59440613, "tsne_2d_y": 8.6301613, "tsne_3d_x": -2.459446, "tsne_3d_y": -4.1369476, "tsne_3d_z": -7.9401855, "grid_umap_1d_x": 283.0, "grid_umap_2d_x": 1.0, "grid_umap_2d_y": 14.0, "grid_umap_3d_x": 2.0, "grid_umap_3d_y": 0.0, "grid_umap_3d_z": 1.0, "grid_tsne_1d_x": 283.0, "grid_tsne_2d_x": 15.0, "grid_tsne_2d_y": 17.0, "grid_tsne_3d_x": 1.0, "grid_tsne_3d_y": 1.0, "grid_tsne_3d_z": 1.0, "patch_file": "patch_0283.png" }, "geometry": { "type": "Point", "coordinates": [ -101.032124421053112, 30.354946327594234 ] } },
{ "type": "Feature", "properties": { "index": 284, "lon": -68.703414263883047, "lat": 4.6717248621288263, "classification": 112, "subregion_name": "Latin America and the Caribbean", "umap_1d_x": -2.5049222, "umap_2d_x": 20.712837, "umap_2d_y": 47.690948, "umap_3d_x": 17.765099, "umap_3d_y": 43.899597, "umap_3d_z": -31.626268, "tsne_1d_x": -37.543476, "tsne_2d_x": 22.409302, "tsne_2d_y": -47.133381, "tsne_3d_x": -30.652456, "tsne_3d_y": 46.961098, "tsne_3d_z": -12.698647, "grid_umap_1d_x": 284.0, "grid_umap_2d_x": 14.0, "grid_umap_2d_y": 28.0, "grid_umap_3d_x": 3.0, "grid_umap_3d_y": 9.0, "grid_umap_3d_z": 1.0, "grid_tsne_1d_x": 284.0, "grid_tsne_2d_x": 25.0, "grid_tsne_2d_y": 7.0, "grid_tsne_3d_x": 3.0, "grid_tsne_3d_y": 7.0, "grid_tsne_3d_z": 6.0, "patch_file": "patch_0284.png" }, "geometry": { "type": "Point", "coordinates": [ -68.703414263883047, 4.671724862128826 ] } },
{ "type": "Feature", "properties": { "index": 285, "lon": 98.540328434145408, "lat": 21.530811853464996, "classification": 112, "subregion_name": "South-eastern Asia", "umap_1d_x": 6.8251767, "umap_2d_x": -13.466995, "umap_2d_y": 12.864883, "umap_3d_x": -11.233528, "umap_3d_y": -0.78774261, "umap_3d_z": -14.686794, "tsne_1d_x": -8.7694826, "tsne_2d_x": 7.6592636, "tsne_2d_y": -12.967693, "tsne_3d_x": 1.6165848, "tsne_3d_y": 24.34227, "tsne_3d_z": -3.8108139, "grid_umap_1d_x": 285.0, "grid_umap_2d_x": 0.0, "grid_umap_2d_y": 19.0, "grid_umap_3d_x": 1.0, "grid_umap_3d_y": 5.0, "grid_umap_3d_z": 1.0, "grid_tsne_1d_x": 285.0, "grid_tsne_2d_x": 14.0, "grid_tsne_2d_y": 0.0, "grid_tsne_3d_x": 4.0, "grid_tsne_3d_y": 9.0, "grid_tsne_3d_z": 3.0, "patch_file": "patch_0285.png" }, "geometry": { "type": "Point", "coordinates": [ 98.540328434145408, 21.530811853464996 ] } },
{ "type": "Feature", "properties": { "index": 286, "lon": 44.7326684738143, "lat": 60.504875568173532, "classification": 115, "subregion_name": "Eastern Europe", "umap_1d_x": 18.137096, "umap_2d_x": -30.250772, "umap_2d_y": -33.803329, "umap_3d_x": -32.121323, "umap_3d_y": -44.944359, "umap_3d_z": 27.830956, "tsne_1d_x": 26.267876, "tsne_2d_x": -24.705944, "tsne_2d_y": 9.825058, "tsne_3d_x": 6.7472878, "tsne_3d_y": -34.92284, "tsne_3d_z": 18.328079, "grid_umap_1d_x": 286.0, "grid_umap_2d_x": 20.0, "grid_umap_2d_y": 8.0, "grid_umap_3d_x": 8.0, "grid_umap_3d_y": 2.0, "grid_umap_3d_z": 6.0, "grid_tsne_1d_x": 286.0, "grid_tsne_2d_x": 12.0, "grid_tsne_2d_y": 24.0, "grid_tsne_3d_x": 2.0, "grid_tsne_3d_y": 1.0, "grid_tsne_3d_z": 5.0, "patch_file": "patch_0286.png" }, "geometry": { "type": "Point", "coordinates": [ 44.7326684738143, 60.504875568173532 ] } },
{ "type": "Feature", "properties": { "index": 287, "lon": -8.4721637302710064, "lat": 12.692973472683178, "classification": 126, "subregion_name": "Sub-Saharan Africa", "umap_1d_x": 3.9801986, "umap_2d_x": -10.57082, "umap_2d_y": 32.902237, "umap_3d_x": -6.4891624, "umap_3d_y": 3.5688705, "umap_3d_z": -42.755577, "tsne_1d_x": -17.216925, "tsne_2d_x": 14.45211, "tsne_2d_y": -1.8525238, "tsne_3d_x": 12.714321, "tsne_3d_y": 35.359367, "tsne_3d_z": -11.79538, "grid_umap_1d_x": 287.0, "grid_umap_2d_x": 12.0, "grid_umap_2d_y": 27.0, "grid_umap_3d_x": 8.0, "grid_umap_3d_y": 1.0, "grid_umap_3d_z": 1.0, "grid_tsne_1d_x": 287.0, "grid_tsne_2d_x": 20.0, "grid_tsne_2d_y": 10.0, "grid_tsne_3d_x": 6.0, "grid_tsne_3d_y": 6.0, "grid_tsne_3d_z": 4.0, "patch_file": "patch_0287.png" }, "geometry": { "type": "Point", "coordinates": [ -8.472163730271006, 12.692973472683178 ] } },
{ "type": "Feature", "properties": { "index": 288, "lon": -111.09065642630391, "lat": 31.08324010800834, "classification": 20, "subregion_name": "Latin America and the Caribbean", "umap_1d_x": 12.329087, "umap_2d_x": -20.968861, "umap_2d_y": 4.7277336, "umap_3d_x": -21.077362, "umap_3d_y": -12.359039, "umap_3d_z": -7.5957489, "tsne_1d_x": -1.229665, "tsne_2d_x": 1.337616, "tsne_2d_y": 13.952248, "tsne_3d_x": 8.1278152, "tsne_3d_y": 8.694809, "tsne_3d_z": -5.3448181, "grid_umap_1d_x": 288.0, "grid_umap_2d_x": 7.0, "grid_umap_2d_y": 19.0, "grid_umap_3d_x": 0.0, "grid_umap_3d_y": 3.0, "grid_umap_3d_z": 1.0, "grid_tsne_1d_x": 288.0, "grid_tsne_2d_x": 19.0, "grid_tsne_2d_y": 22.0, "grid_tsne_3d_x": 7.0, "grid_tsne_3d_y": 7.0, "grid_tsne_3d_z": 0.0, "patch_file": "patch_0288.png" }, "geometry": { "type": "Point", "coordinates": [ -111.090656426303909, 31.08324010800834 ] } },
{ "type": "Feature", "properties": { "index": 289, "lon": 32.991478770369383, "lat": 41.761430537616619, "classification": 114, "subregion_name": "Western Asia", "umap_1d_x": 10.432529, "umap_2d_x": -21.886904, "umap_2d_y": -7.0931168, "umap_3d_x": -20.607651, "umap_3d_y": -17.733257, "umap_3d_z": 8.9997635, "tsne_1d_x": 8.8365431, "tsne_2d_x": -9.7976456, "tsne_2d_y": -4.5512047, "tsne_3d_x": 4.6760368, "tsne_3d_y": -0.67511368, "tsne_3d_z": 6.5746841, "grid_umap_1d_x": 289.0, "grid_umap_2d_x": 1.0, "grid_umap_2d_y": 9.0, "grid_umap_3d_x": 2.0, "grid_umap_3d_y": 2.0, "grid_umap_3d_z": 5.0, "grid_tsne_1d_x": 289.0, "grid_tsne_2d_x": 7.0, "grid_tsne_2d_y": 6.0, "grid_tsne_3d_x": 4.0, "grid_tsne_3d_y": 3.0, "grid_tsne_3d_z": 5.0, "patch_file": "patch_0289.png" }, "geometry": { "type": "Point", "coordinates": [ 32.991478770369383, 41.761430537616619 ] } },
{ "type": "Feature", "properties": { "index": 290, "lon": 27.760278451678488, "lat": 70.95682696292468, "classification": 30, "subregion_name": "Northern Europe", "umap_1d_x": 24.247501, "umap_2d_x": -46.059998, "umap_2d_y": -30.110798, "umap_3d_x": -47.449085, "umap_3d_y": -25.629204, "umap_3d_z": 28.572449, "tsne_1d_x": 54.287796, "tsne_2d_x": -48.797535, "tsne_2d_y": -6.800766, "tsne_3d_x": 43.370308, "tsne_3d_y": -31.315426, "tsne_3d_z": 33.465767, "grid_umap_1d_x": 290.0, "grid_umap_2d_x": 17.0, "grid_umap_2d_y": 16.0, "grid_umap_3d_x": 2.0, "grid_umap_3d_y": 6.0, "grid_umap_3d_z": 6.0, "grid_tsne_1d_x": 290.0, "grid_tsne_2d_x": 1.0, "grid_tsne_2d_y": 15.0, "grid_tsne_3d_x": 8.0, "grid_tsne_3d_y": 2.0, "grid_tsne_3d_z": 6.0, "patch_file": "patch_0290.png" }, "geometry": { "type": "Point", "coordinates": [ 27.760278451678488, 70.95682696292468 ] } },
{ "type": "Feature", "properties": { "index": 291, "lon": -93.70603962525702, "lat": 48.138157901308787, "classification": 115, "subregion_name": "Unknown", "umap_1d_x": 18.809336, "umap_2d_x": -33.687569, "umap_2d_y": -34.899994, "umap_3d_x": -33.04073, "umap_3d_y": -35.218925, "umap_3d_z": 32.20829, "tsne_1d_x": 31.200798, "tsne_2d_x": -22.228384, "tsne_2d_y": -0.0065879822000027843, "tsne_3d_x": 10.711334, "tsne_3d_y": -24.141804, "tsne_3d_z": 20.703682, "grid_umap_1d_x": 291.0, "grid_umap_2d_x": 18.0, "grid_umap_2d_y": 8.0, "grid_umap_3d_x": 4.0, "grid_umap_3d_y": 1.0, "grid_umap_3d_z": 8.0, "grid_tsne_1d_x": 291.0, "grid_tsne_2d_x": 17.0, "grid_tsne_2d_y": 20.0, "grid_tsne_3d_x": 5.0, "grid_tsne_3d_y": 0.0, "grid_tsne_3d_z": 7.0, "patch_file": "patch_0291.png" }, "geometry": { "type": "Point", "coordinates": [ -93.70603962525702, 48.138157901308787 ] } },
{ "type": "Feature", "properties": { "index": 292, "lon": -69.774736974967482, "lat": 57.369241788232443, "classification": 126, "subregion_name": "Northern America", "umap_1d_x": 23.579824, "umap_2d_x": -43.998524, "umap_2d_y": -28.52663, "umap_3d_x": -44.182404, "umap_3d_y": -24.843185, "umap_3d_z": 27.236961, "tsne_1d_x": 48.122658, "tsne_2d_x": -43.197376, "tsne_2d_y": -5.6865578, "tsne_3d_x": 31.961304, "tsne_3d_y": -17.496784, "tsne_3d_z": 28.63578, "grid_umap_1d_x": 292.0, "grid_umap_2d_x": 6.0, "grid_umap_2d_y": 8.0, "grid_umap_3d_x": 3.0, "grid_umap_3d_y": 6.0, "grid_umap_3d_z": 6.0, "grid_tsne_1d_x": 292.0, "grid_tsne_2d_x": 0.0, "grid_tsne_2d_y": 14.0, "grid_tsne_3d_x": 7.0, "grid_tsne_3d_y": 4.0, "grid_tsne_3d_z": 7.0, "patch_file": "patch_0292.png" }, "geometry": { "type": "Point", "coordinates": [ -69.774736974967482, 57.369241788232443 ] } },
{ "type": "Feature", "properties": { "index": 293, "lon": 21.749242448123482, "lat": -0.26761795434492103, "classification": 112, "subregion_name": "Sub-Saharan Africa", "umap_1d_x": -5.3502069, "umap_2d_x": 28.95565, "umap_2d_y": 43.348396, "umap_3d_x": 21.248566, "umap_3d_y": 48.239174, "umap_3d_z": -18.509829, "tsne_1d_x": -33.475216, "tsne_2d_x": 27.898224, "tsne_2d_y": -35.260895, "tsne_3d_x": -41.104908, "tsne_3d_y": 33.40519, "tsne_3d_z": -15.083893, "grid_umap_1d_x": 293.0, "grid_umap_2d_x": 23.0, "grid_umap_2d_y": 25.0, "grid_umap_3d_x": 5.0, "grid_umap_3d_y": 9.0, "grid_umap_3d_z": 5.0, "grid_tsne_1d_x": 293.0, "grid_tsne_2d_x": 30.0, "grid_tsne_2d_y": 8.0, "grid_tsne_3d_x": 2.0, "grid_tsne_3d_y": 6.0, "grid_tsne_3d_z": 5.0, "patch_file": "patch_0293.png" }, "geometry": { "type": "Point", "coordinates": [ 21.749242448123482, -0.267617954344921 ] } },
{ "type": "Feature", "properties": { "index": 294, "lon": 132.93194408600863, "lat": -16.669612127396405, "classification": 124, "subregion_name": "Unknown", "umap_1d_x": -10.827731, "umap_2d_x": 43.159157, "umap_2d_y": 17.300026, "umap_3d_x": 44.548027, "umap_3d_y": 20.629593, "umap_3d_z": -9.7873077, "tsne_1d_x": -52.226452, "tsne_2d_x": 42.41024, "tsne_2d_y": 29.768196, "tsne_3d_x": 1.9153938, "tsne_3d_y": 5.9340477, "tsne_3d_z": -39.685158, "grid_umap_1d_x": 294.0, "grid_umap_2d_x": 24.0, "grid_umap_2d_y": 14.0, "grid_umap_3d_x": 8.0, "grid_umap_3d_y": 4.0, "grid_umap_3d_z": 2.0, "grid_tsne_1d_x": 294.0, "grid_tsne_2d_x": 26.0, "grid_tsne_2d_y": 26.0, "grid_tsne_3d_x": 6.0, "grid_tsne_3d_y": 5.0, "grid_tsne_3d_z": 2.0, "patch_file": "patch_0294.png" }, "geometry": { "type": "Point", "coordinates": [ 132.931944086008627, -16.669612127396405 ] } },
{ "type": "Feature", "properties": { "index": 295, "lon": -136.10120747732131, "lat": 58.190040500872129, "classification": 111, "subregion_name": "Unknown", "umap_1d_x": 13.702888, "umap_2d_x": -24.709801, "umap_2d_y": -21.195269, "umap_3d_x": -25.87096, "umap_3d_y": -31.798532, "umap_3d_z": 17.78582, "tsne_1d_x": 23.011168, "tsne_2d_x": -27.041739, "tsne_2d_y": 23.696159, "tsne_3d_x": 4.5965424, "tsne_3d_y": -42.312523, "tsne_3d_z": 0.62796402000001, "grid_umap_1d_x": 295.0, "grid_umap_2d_x": 7.0, "grid_umap_2d_y": 4.0, "grid_umap_3d_x": 4.0, "grid_umap_3d_y": 1.0, "grid_umap_3d_z": 6.0, "grid_tsne_1d_x": 295.0, "grid_tsne_2d_x": 10.0, "grid_tsne_2d_y": 29.0, "grid_tsne_3d_x": 3.0, "grid_tsne_3d_y": 0.0, "grid_tsne_3d_z": 2.0, "patch_file": "patch_0295.png" }, "geometry": { "type": "Point", "coordinates": [ -136.10120747732131, 58.190040500872129 ] } },
{ "type": "Feature", "properties": { "index": 296, "lon": -75.20745559199402, "lat": -0.764306453014029, "classification": 112, "subregion_name": "Latin America and the Caribbean", "umap_1d_x": -3.3828342, "umap_2d_x": 23.017189, "umap_2d_y": 44.222656, "umap_3d_x": 19.907967, "umap_3d_y": 39.916107, "umap_3d_z": -26.204065, "tsne_1d_x": -35.689747, "tsne_2d_x": 24.4897, "tsne_2d_y": -41.141212, "tsne_3d_x": -35.349098, "tsne_3d_y": 37.071503, "tsne_3d_z": -10.409729, "grid_umap_1d_x": 296.0, "grid_umap_2d_x": 17.0, "grid_umap_2d_y": 24.0, "grid_umap_3d_x": 5.0, "grid_umap_3d_y": 9.0, "grid_umap_3d_z": 2.0, "grid_tsne_1d_x": 296.0, "grid_tsne_2d_x": 27.0, "grid_tsne_2d_y": 10.0, "grid_tsne_3d_x": 3.0, "grid_tsne_3d_y": 6.0, "grid_tsne_3d_z": 6.0, "patch_file": "patch_0296.png" }, "geometry": { "type": "Point", "coordinates": [ -75.20745559199402, -0.764306453014029 ] } },
{ "type": "Feature", "properties": { "index": 297, "lon": 43.862449396822342, "lat": 50.434451536643522, "classification": 40, "subregion_name": "Eastern Europe", "umap_1d_x": 15.719847, "umap_2d_x": -36.379063, "umap_2d_y": -14.628963, "umap_3d_x": -35.112251, "umap_3d_y": -25.643576, "umap_3d_z": 6.1156158, "tsne_1d_x": 15.808105, "tsne_2d_x": -14.84837, "tsne_2d_y": 25.74929, "tsne_3d_x": 31.327232, "tsne_3d_y": -11.604206, "tsne_3d_z": 9.572567, "grid_umap_1d_x": 297.0, "grid_umap_2d_x": 16.0, "grid_umap_2d_y": 21.0, "grid_umap_3d_x": 2.0, "grid_umap_3d_y": 3.0, "grid_umap_3d_z": 4.0, "grid_tsne_1d_x": 297.0, "grid_tsne_2d_x": 7.0, "grid_tsne_2d_y": 29.0, "grid_tsne_3d_x": 9.0, "grid_tsne_3d_y": 4.0, "grid_tsne_3d_z": 4.0, "patch_file": "patch_0297.png" }, "geometry": { "type": "Point", "coordinates": [ 43.862449396822342, 50.434451536643522 ] } },
{ "type": "Feature", "properties": { "index": 298, "lon": 80.012611482249326, "lat": 63.598133155675598, "classification": 111, "subregion_name": "Eastern Europe", "umap_1d_x": 20.84222, "umap_2d_x": -36.13414, "umap_2d_y": -38.024384, "umap_3d_x": -38.564774, "umap_3d_y": -40.111801, "umap_3d_z": 35.95343, "tsne_1d_x": 36.201385, "tsne_2d_x": -32.854847, "tsne_2d_y": 7.8777084, "tsne_3d_x": 15.220963, "tsne_3d_y": -32.544777, "tsne_3d_z": 28.232971, "grid_umap_1d_x": 298.0, "grid_umap_2d_x": 13.0, "grid_umap_2d_y": 3.0, "grid_umap_3d_x": 2.0, "grid_umap_3d_y": 0.0, "grid_umap_3d_z": 9.0, "grid_tsne_1d_x": 298.0, "grid_tsne_2d_x": 2.0, "grid_tsne_2d_y": 21.0, "grid_tsne_3d_x": 5.0, "grid_tsne_3d_y": 2.0, "grid_tsne_3d_z": 7.0, "patch_file": "patch_0298.png" }, "geometry": { "type": "Point", "coordinates": [ 80.012611482249326, 63.598133155675598 ] } },
{ "type": "Feature", "properties": { "index": 299, "lon": 104.81626210660534, "lat": 15.706519716523985, "classification": 40, "subregion_name": "South-eastern Asia", "umap_1d_x": 5.4623561, "umap_2d_x": -12.017056, "umap_2d_y": 24.988228, "umap_3d_x": -8.8160591, "umap_3d_y": 3.0356293, "umap_3d_z": -31.149906, "tsne_1d_x": -12.993566, "tsne_2d_x": 11.432819, "tsne_2d_y": -3.0339851, "tsne_3d_x": 7.0859489, "tsne_3d_y": 40.59333, "tsne_3d_z": -5.5963936, "grid_umap_1d_x": 299.0, "grid_umap_2d_x": 0.0, "grid_umap_2d_y": 25.0, "grid_umap_3d_x": 4.0, "grid_umap_3d_y": 4.0, "grid_umap_3d_z": 1.0, "grid_tsne_1d_x": 299.0, "grid_tsne_2d_x": 13.0, "grid_tsne_2d_y": 0.0, "grid_tsne_3d_x": 5.0, "grid_tsne_3d_y": 9.0, "grid_tsne_3d_z": 5.0, "patch_file": "patch_0299.png" }, "geometry": { "type": "Point", "coordinates": [ 104.816262106605336, 15.706519716523985 ] } },
{ "type": "Feature", "properties": { "index": 300, "lon": 109.24710764900544, "lat": 57.167428364006085, "classification": 126, "subregion_name": "Eastern Europe", "umap_1d_x": 24.202662, "umap_2d_x": -46.950615, "umap_2d_y": -38.419437, "umap_3d_x": -48.604965, "umap_3d_y": -24.411949, "umap_3d_z": 40.453987, "tsne_1d_x": 53.169022, "tsne_2d_x": -42.598114, "tsne_2d_y": -26.162275, "tsne_3d_x": 32.261742, "tsne_3d_y": -19.510174, "tsne_3d_z": 49.913155, "grid_umap_1d_x": 300.0, "grid_umap_2d_x": 19.0, "grid_umap_2d_y": 14.0, "grid_umap_3d_x": 3.0, "grid_umap_3d_y": 7.0, "grid_umap_3d_z": 7.0, "grid_tsne_1d_x": 300.0, "grid_tsne_2d_x": 0.0, "grid_tsne_2d_y": 1.0, "grid_tsne_3d_x": 6.0, "grid_tsne_3d_y": 6.0, "grid_tsne_3d_z": 8.0, "patch_file": "patch_0300.png" }, "geometry": { "type": "Point", "coordinates": [ 109.247107649005443, 57.167428364006085 ] } },
{ "type": "Feature", "properties": { "index": 301, "lon": -67.378687612880071, "lat": -11.402996856558083, "classification": 112, "subregion_name": "Latin America and the Caribbean", "umap_1d_x": -3.274384, "umap_2d_x": 24.050438, "umap_2d_y": 46.48484, "umap_3d_x": 20.599838, "umap_3d_y": 35.500664, "umap_3d_z": -30.36585, "tsne_1d_x": -35.14933, "tsne_2d_x": 27.56926, "tsne_2d_y": -42.950226, "tsne_3d_x": -36.880756, "tsne_3d_y": 36.872421, "tsne_3d_z": -3.3876343, "grid_umap_1d_x": 301.0, "grid_umap_2d_x": 19.0, "grid_umap_2d_y": 28.0, "grid_umap_3d_x": 7.0, "grid_umap_3d_y": 6.0, "grid_umap_3d_z": 1.0, "grid_tsne_1d_x": 301.0, "grid_tsne_2d_x": 29.0, "grid_tsne_2d_y": 0.0, "grid_tsne_3d_x": 1.0, "grid_tsne_3d_y": 8.0, "grid_tsne_3d_z": 9.0, "patch_file": "patch_0301.png" }, "geometry": { "type": "Point", "coordinates": [ -67.378687612880071, -11.402996856558083 ] } },
{ "type": "Feature", "properties": { "index": 302, "lon": -127.47893229015767, "lat": 64.834322221583065, "classification": 30, "subregion_name": "Northern America", "umap_1d_x": 24.531738, "umap_2d_x": -48.045918, "umap_2d_y": -35.168457, "umap_3d_x": -48.803219, "umap_3d_y": -23.127239, "umap_3d_z": 36.482025, "tsne_1d_x": 52.216961, "tsne_2d_x": -45.577557, "tsne_2d_y": -21.929857, "tsne_3d_x": 40.026299, "tsne_3d_y": -22.594706, "tsne_3d_z": 41.882362, "grid_umap_1d_x": 302.0, "grid_umap_2d_x": 6.0, "grid_umap_2d_y": 6.0, "grid_umap_3d_x": 0.0, "grid_umap_3d_y": 6.0, "grid_umap_3d_z": 8.0, "grid_tsne_1d_x": 302.0, "grid_tsne_2d_x": 19.0, "grid_tsne_2d_y": 16.0, "grid_tsne_3d_x": 8.0, "grid_tsne_3d_y": 4.0, "grid_tsne_3d_z": 8.0, "patch_file": "patch_0302.png" }, "geometry": { "type": "Point", "coordinates": [ -127.478932290157672, 64.834322221583065 ] } },
{ "type": "Feature", "properties": { "index": 303, "lon": -69.833844055029729, "lat": 6.9540147175508338, "classification": 112, "subregion_name": "Latin America and the Caribbean", "umap_1d_x": 5.8169203, "umap_2d_x": -9.2888527, "umap_2d_y": 20.655998, "umap_3d_x": -6.1101112, "umap_3d_y": 4.5699196, "umap_3d_z": -25.540451, "tsne_1d_x": -23.576319, "tsne_2d_x": 15.396515, "tsne_2d_y": -13.850452, "tsne_3d_x": -5.5820541, "tsne_3d_y": 41.43084, "tsne_3d_z": -9.1112289, "grid_umap_1d_x": 303.0, "grid_umap_2d_x": 3.0, "grid_umap_2d_y": 23.0, "grid_umap_3d_x": 3.0, "grid_umap_3d_y": 7.0, "grid_umap_3d_z": 2.0, "grid_tsne_1d_x": 303.0, "grid_tsne_2d_x": 21.0, "grid_tsne_2d_y": 4.0, "grid_tsne_3d_x": 3.0, "grid_tsne_3d_y": 9.0, "grid_tsne_3d_z": 5.0, "patch_file": "patch_0303.png" }, "geometry": { "type": "Point", "coordinates": [ -69.833844055029729, 6.954014717550834 ] } },
{ "type": "Feature", "properties": { "index": 304, "lon": 168.01167187821932, "lat": 67.090549022663865, "classification": 30, "subregion_name": "Eastern Europe", "umap_1d_x": 24.636831, "umap_2d_x": -49.029343, "umap_2d_y": -36.316093, "umap_3d_x": -49.129246, "umap_3d_y": -20.176325, "umap_3d_z": 36.008797, "tsne_1d_x": 51.911537, "tsne_2d_x": -44.701828, "tsne_2d_y": -19.620953, "tsne_3d_x": 37.578346, "tsne_3d_y": -17.305489, "tsne_3d_z": 40.295052, "grid_umap_1d_x": 304.0, "grid_umap_2d_x": 5.0, "grid_umap_2d_y": 5.0, "grid_umap_3d_x": 1.0, "grid_umap_3d_y": 7.0, "grid_umap_3d_z": 7.0, "grid_tsne_1d_x": 304.0, "grid_tsne_2d_x": 2.0, "grid_tsne_2d_y": 7.0, "grid_tsne_3d_x": 8.0, "grid_tsne_3d_y": 5.0, "grid_tsne_3d_z": 8.0, "patch_file": "patch_0304.png" }, "geometry": { "type": "Point", "coordinates": [ 168.011671878219317, 67.090549022663865 ] } },
{ "type": "Feature", "properties": { "index": 305, "lon": 88.185060771612427, "lat": 60.527827287724477, "classification": 111, "subregion_name": "Eastern Europe", "umap_1d_x": 21.370161, "umap_2d_x": -38.049633, "umap_2d_y": -35.759491, "umap_3d_x": -39.651752, "umap_3d_y": -36.938141, "umap_3d_z": 32.849434, "tsne_1d_x": 36.377911, "tsne_2d_x": -33.949318, "tsne_2d_y": 7.2891655, "tsne_3d_x": 18.078575, "tsne_3d_y": -30.801968, "tsne_3d_z": 27.958366, "grid_umap_1d_x": 305.0, "grid_umap_2d_x": 20.0, "grid_umap_2d_y": 12.0, "grid_umap_3d_x": 6.0, "grid_umap_3d_y": 5.0, "grid_umap_3d_z": 5.0, "grid_tsne_1d_x": 305.0, "grid_tsne_2d_x": 0.0, "grid_tsne_2d_y": 20.0, "grid_tsne_3d_x": 6.0, "grid_tsne_3d_y": 1.0, "grid_tsne_3d_z": 7.0, "patch_file": "patch_0305.png" }, "geometry": { "type": "Point", "coordinates": [ 88.185060771612427, 60.527827287724477 ] } },
{ "type": "Feature", "properties": { "index": 306, "lon": -61.034204874078711, "lat": -8.1520942356574579, "classification": 112, "subregion_name": "Latin America and the Caribbean", "umap_1d_x": -3.1331587, "umap_2d_x": 24.39624, "umap_2d_y": 47.990005, "umap_3d_x": 20.671455, "umap_3d_y": 35.829376, "umap_3d_z": -30.93046, "tsne_1d_x": -35.314873, "tsne_2d_x": 27.307709, "tsne_2d_y": -43.32901, "tsne_3d_x": -37.615589, "tsne_3d_y": 39.639732, "tsne_3d_z": -3.7278061, "grid_umap_1d_x": 306.0, "grid_umap_2d_x": 19.0, "grid_umap_2d_y": 29.0, "grid_umap_3d_x": 7.0, "grid_umap_3d_y": 6.0, "grid_umap_3d_z": 0.0, "grid_tsne_1d_x": 306.0, "grid_tsne_2d_x": 29.0, "grid_tsne_2d_y": 4.0, "grid_tsne_3d_x": 0.0, "grid_tsne_3d_y": 9.0, "grid_tsne_3d_z": 9.0, "patch_file": "patch_0306.png" }, "geometry": { "type": "Point", "coordinates": [ -61.034204874078711, -8.152094235657458 ] } },
{ "type": "Feature", "properties": { "index": 307, "lon": -48.127213741757004, "lat": -14.209466100992231, "classification": 30, "subregion_name": "Latin America and the Caribbean", "umap_1d_x": -9.7736511, "umap_2d_x": 39.704529, "umap_2d_y": 22.70063, "umap_3d_x": 40.761909, "umap_3d_y": 26.973297, "umap_3d_z": -5.9344597, "tsne_1d_x": -49.182926, "tsne_2d_x": 43.92794, "tsne_2d_y": 22.367409, "tsne_3d_x": -10.755493, "tsne_3d_y": 4.5885963, "tsne_3d_z": -38.376434, "grid_umap_1d_x": 307.0, "grid_umap_2d_x": 27.0, "grid_umap_2d_y": 19.0, "grid_umap_3d_x": 7.0, "grid_umap_3d_y": 6.0, "grid_umap_3d_z": 5.0, "grid_tsne_1d_x": 307.0, "grid_tsne_2d_x": 30.0, "grid_tsne_2d_y": 22.0, "grid_tsne_3d_x": 2.0, "grid_tsne_3d_y": 4.0, "grid_tsne_3d_z": 0.0, "patch_file": "patch_0307.png" }, "geometry": { "type": "Point", "coordinates": [ -48.127213741757004, -14.209466100992231 ] } },
{ "type": "Feature", "properties": { "index": 308, "lon": 147.87770175991363, "lat": 68.25560239688545, "classification": 126, "subregion_name": "Eastern Europe", "umap_1d_x": 24.784683, "umap_2d_x": -49.680157, "umap_2d_y": -37.568771, "umap_3d_x": -49.752556, "umap_3d_y": -17.477455, "umap_3d_z": 38.874855, "tsne_1d_x": 51.061356, "tsne_2d_x": -42.228966, "tsne_2d_y": -18.671236, "tsne_3d_x": 32.165733, "tsne_3d_y": -11.33186, "tsne_3d_z": 42.951637, "grid_umap_1d_x": 308.0, "grid_umap_2d_x": 11.0, "grid_umap_2d_y": 9.0, "grid_umap_3d_x": 0.0, "grid_umap_3d_y": 8.0, "grid_umap_3d_z": 9.0, "grid_tsne_1d_x": 308.0, "grid_tsne_2d_x": 1.0, "grid_tsne_2d_y": 6.0, "grid_tsne_3d_x": 7.0, "grid_tsne_3d_y": 7.0, "grid_tsne_3d_z": 8.0, "patch_file": "patch_0308.png" }, "geometry": { "type": "Point", "coordinates": [ 147.877701759913634, 68.25560239688545 ] } },
{ "type": "Feature", "properties": { "index": 309, "lon": 71.978049525614807, "lat": 59.341209263840568, "classification": 115, "subregion_name": "Eastern Europe", "umap_1d_x": 19.813536, "umap_2d_x": -31.559875, "umap_2d_y": -38.206573, "umap_3d_x": -34.11665, "umap_3d_y": -45.59359, "umap_3d_z": 32.871887, "tsne_1d_x": 27.356066, "tsne_2d_x": -26.180576, "tsne_2d_y": 7.4289627, "tsne_3d_x": 5.7863426, "tsne_3d_y": -34.818726, "tsne_3d_z": 22.848389, "grid_umap_1d_x": 309.0, "grid_umap_2d_x": 20.0, "grid_umap_2d_y": 5.0, "grid_umap_3d_x": 7.0, "grid_umap_3d_y": 2.0, "grid_umap_3d_z": 7.0, "grid_tsne_1d_x": 309.0, "grid_tsne_2d_x": 13.0, "grid_tsne_2d_y": 23.0, "grid_tsne_3d_x": 2.0, "grid_tsne_3d_y": 2.0, "grid_tsne_3d_z": 6.0, "patch_file": "patch_0309.png" }, "geometry": { "type": "Point", "coordinates": [ 71.978049525614807, 59.341209263840568 ] } },
{ "type": "Feature", "properties": { "index": 310, "lon": 44.772146690430503, "lat": 2.166286488154554, "classification": 20, "subregion_name": "Sub-Saharan Africa", "umap_1d_x": 2.9031448, "umap_2d_x": -12.143169, "umap_2d_y": 41.945091, "umap_3d_x": -10.854351, "umap_3d_y": 15.298721, "umap_3d_z": -47.665161, "tsne_1d_x": -21.708384, "tsne_2d_x": 20.187416, "tsne_2d_y": 13.034218, "tsne_3d_x": 27.144226, "tsne_3d_y": 31.397461, "tsne_3d_z": -22.172365, "grid_umap_1d_x": 310.0, "grid_umap_2d_x": 8.0, "grid_umap_2d_y": 31.0, "grid_umap_3d_x": 0.0, "grid_umap_3d_y": 9.0, "grid_umap_3d_z": 0.0, "grid_tsne_1d_x": 310.0, "grid_tsne_2d_x": 21.0, "grid_tsne_2d_y": 15.0, "grid_tsne_3d_x": 8.0, "grid_tsne_3d_y": 7.0, "grid_tsne_3d_z": 2.0, "patch_file": "patch_0310.png" }, "geometry": { "type": "Point", "coordinates": [ 44.772146690430503, 2.166286488154554 ] } },
{ "type": "Feature", "properties": { "index": 311, "lon": 29.065721774351857, "lat": 46.850643220806774, "classification": 116, "subregion_name": "Eastern Europe", "umap_1d_x": 14.881038, "umap_2d_x": -30.53109, "umap_2d_y": -9.9138908, "umap_3d_x": -30.223986, "umap_3d_y": -28.742966, "umap_3d_z": 1.4823151, "tsne_1d_x": 12.11882, "tsne_2d_x": -11.140476, "tsne_2d_y": 23.721924, "tsne_3d_x": 22.967667, "tsne_3d_y": -12.432404, "tsne_3d_z": 1.3923225, "grid_umap_1d_x": 311.0, "grid_umap_2d_x": 14.0, "grid_umap_2d_y": 20.0, "grid_umap_3d_x": 1.0, "grid_umap_3d_y": 0.0, "grid_umap_3d_z": 3.0, "grid_tsne_1d_x": 311.0, "grid_tsne_2d_x": 12.0, "grid_tsne_2d_y": 29.0, "grid_tsne_3d_x": 8.0, "grid_tsne_3d_y": 2.0, "grid_tsne_3d_z": 3.0, "patch_file": "patch_0311.png" }, "geometry": { "type": "Point", "coordinates": [ 29.065721774351857, 46.850643220806774 ] } },
{ "type": "Feature", "properties": { "index": 312, "lon": -12.069157272184952, "lat": 9.9345373142292601, "classification": 124, "subregion_name": "Sub-Saharan Africa", "umap_1d_x": 4.2840757, "umap_2d_x": -9.961174, "umap_2d_y": 30.474197, "umap_3d_x": -5.9802361, "umap_3d_y": 4.5970306, "umap_3d_z": -39.956795, "tsne_1d_x": -17.666977, "tsne_2d_x": 16.158821, "tsne_2d_y": -0.78463745, "tsne_3d_x": 10.60146, "tsne_3d_y": 40.733238, "tsne_3d_z": -12.896259, "grid_umap_1d_x": 312.0, "grid_umap_2d_x": 8.0, "grid_umap_2d_y": 26.0, "grid_umap_3d_x": 7.0, "grid_umap_3d_y": 3.0, "grid_umap_3d_z": 0.0, "grid_tsne_1d_x": 312.0, "grid_tsne_2d_x": 19.0, "grid_tsne_2d_y": 6.0, "grid_tsne_3d_x": 6.0, "grid_tsne_3d_y": 9.0, "grid_tsne_3d_z": 3.0, "patch_file": "patch_0312.png" }, "geometry": { "type": "Point", "coordinates": [ -12.069157272184952, 9.93453731422926 ] } },
{ "type": "Feature", "properties": { "index": 313, "lon": 132.02707876552341, "lat": 57.488350275409204, "classification": 113, "subregion_name": "Eastern Europe", "umap_1d_x": 20.899536, "umap_2d_x": -39.800747, "umap_2d_y": -48.142502, "umap_3d_x": -38.134762, "umap_3d_y": -32.439629, "umap_3d_z": 47.829842, "tsne_1d_x": 34.372227, "tsne_2d_x": -27.923302, "tsne_2d_y": -14.376823, "tsne_3d_x": -1.2160072, "tsne_3d_y": -19.772772, "tsne_3d_z": 33.929703, "grid_umap_1d_x": 313.0, "grid_umap_2d_x": 25.0, "grid_umap_2d_y": 5.0, "grid_umap_3d_x": 7.0, "grid_umap_3d_y": 5.0, "grid_umap_3d_z": 9.0, "grid_tsne_1d_x": 313.0, "grid_tsne_2d_x": 17.0, "grid_tsne_2d_y": 13.0, "grid_tsne_3d_x": 0.0, "grid_tsne_3d_y": 3.0, "grid_tsne_3d_z": 8.0, "patch_file": "patch_0313.png" }, "geometry": { "type": "Point", "coordinates": [ 132.027078765523413, 57.488350275409204 ] } },
{ "type": "Feature", "properties": { "index": 314, "lon": 159.67052479000949, "lat": 58.316716565753694, "classification": 30, "subregion_name": "Eastern Europe", "umap_1d_x": 23.740303, "umap_2d_x": -43.691879, "umap_2d_y": -24.747053, "umap_3d_x": -43.350468, "umap_3d_y": -23.43404, "umap_3d_z": 22.83242, "tsne_1d_x": 48.451134, "tsne_2d_x": -45.249409, "tsne_2d_y": -3.1841927, "tsne_3d_x": 38.40464, "tsne_3d_y": -14.91391, "tsne_3d_z": 26.391083, "grid_umap_1d_x": 314.0, "grid_umap_2d_x": 3.0, "grid_umap_2d_y": 9.0, "grid_umap_3d_x": 0.0, "grid_umap_3d_y": 5.0, "grid_umap_3d_z": 6.0, "grid_tsne_1d_x": 314.0, "grid_tsne_2d_x": 5.0, "grid_tsne_2d_y": 18.0, "grid_tsne_3d_x": 8.0, "grid_tsne_3d_y": 5.0, "grid_tsne_3d_z": 5.0, "patch_file": "patch_0314.png" }, "geometry": { "type": "Point", "coordinates": [ 159.670524790009495, 58.316716565753694 ] } },
{ "type": "Feature", "properties": { "index": 315, "lon": 116.57309244601532, "lat": -25.839156518544854, "classification": 30, "subregion_name": "Unknown", "umap_1d_x": -13.802486, "umap_2d_x": 49.109444, "umap_2d_y": 2.7228127, "umap_3d_x": 49.354294, "umap_3d_y": -3.8052063, "umap_3d_z": -0.3780899, "tsne_1d_x": -62.528664, "tsne_2d_x": 38.959541, "tsne_2d_y": 47.115417, "tsne_3d_x": 11.782444, "tsne_3d_y": -10.271626, "tsne_3d_z": -48.150272, "grid_umap_1d_x": 315.0, "grid_umap_2d_x": 28.0, "grid_umap_2d_y": 4.0, "grid_umap_3d_x": 8.0, "grid_umap_3d_y": 1.0, "grid_umap_3d_z": 3.0, "grid_tsne_1d_x": 315.0, "grid_tsne_2d_x": 19.0, "grid_tsne_2d_y": 28.0, "grid_tsne_3d_x": 6.0, "grid_tsne_3d_y": 4.0, "grid_tsne_3d_z": 1.0, "patch_file": "patch_0315.png" }, "geometry": { "type": "Point", "coordinates": [ 116.573092446015323, -25.839156518544854 ] } },
{ "type": "Feature", "properties": { "index": 316, "lon": 13.410680544790296, "lat": 43.251661515680595, "classification": 40, "subregion_name": "Southern Europe", "umap_1d_x": 13.862273, "umap_2d_x": -28.553709, "umap_2d_y": 3.244133, "umap_3d_x": -27.061363, "umap_3d_y": -26.674603, "umap_3d_z": -8.7723122, "tsne_1d_x": 4.0423822, "tsne_2d_x": -5.246067, "tsne_2d_y": 31.237885, "tsne_3d_x": 25.443146, "tsne_3d_y": -14.224911, "tsne_3d_z": -6.8636971, "grid_umap_1d_x": 316.0, "grid_umap_2d_x": 2.0, "grid_umap_2d_y": 18.0, "grid_umap_3d_x": 6.0, "grid_umap_3d_y": 1.0, "grid_umap_3d_z": 1.0, "grid_tsne_1d_x": 316.0, "grid_tsne_2d_x": 0.0, "grid_tsne_2d_y": 31.0, "grid_tsne_3d_x": 8.0, "grid_tsne_3d_y": 1.0, "grid_tsne_3d_z": 1.0, "patch_file": "patch_0316.png" }, "geometry": { "type": "Point", "coordinates": [ 13.410680544790296, 43.251661515680595 ] } },
{ "type": "Feature", "properties": { "index": 317, "lon": -66.077752229925096, "lat": -54.661124394010798, "classification": 30, "subregion_name": "Latin America and the Caribbean", "umap_1d_x": -12.324145, "umap_2d_x": 41.572105, "umap_2d_y": 6.1266136, "umap_3d_x": 41.785225, "umap_3d_y": 8.448761, "umap_3d_z": 2.3390579, "tsne_1d_x": -57.780807, "tsne_2d_x": 32.195137, "tsne_2d_y": 34.080956, "tsne_3d_x": -5.7482719, "tsne_3d_y": -22.113905, "tsne_3d_z": -33.645111, "grid_umap_1d_x": 317.0, "grid_umap_2d_x": 28.0, "grid_umap_2d_y": 8.0, "grid_umap_3d_x": 8.0, "grid_umap_3d_y": 5.0, "grid_umap_3d_z": 8.0, "grid_tsne_1d_x": 317.0, "grid_tsne_2d_x": 22.0, "grid_tsne_2d_y": 26.0, "grid_tsne_3d_x": 3.0, "grid_tsne_3d_y": 0.0, "grid_tsne_3d_z": 1.0, "patch_file": "patch_0317.png" }, "geometry": { "type": "Point", "coordinates": [ -66.077752229925096, -54.661124394010798 ] } },
{ "type": "Feature", "properties": { "index": 318, "lon": -76.100023658214326, "lat": -3.0839044618984559, "classification": 112, "subregion_name": "Latin America and the Caribbean", "umap_1d_x": -3.1478655, "umap_2d_x": 22.534492, "umap_2d_y": 44.74482, "umap_3d_x": 19.638748, "umap_3d_y": 39.379494, "umap_3d_z": -27.662619, "tsne_1d_x": -35.763847, "tsne_2d_x": 24.736954, "tsne_2d_y": -42.243122, "tsne_3d_x": -36.222546, "tsne_3d_y": 38.453537, "tsne_3d_z": -9.5958748, "grid_umap_1d_x": 318.0, "grid_umap_2d_x": 18.0, "grid_umap_2d_y": 30.0, "grid_umap_3d_x": 6.0, "grid_umap_3d_y": 9.0, "grid_umap_3d_z": 1.0, "grid_tsne_1d_x": 318.0, "grid_tsne_2d_x": 27.0, "grid_tsne_2d_y": 7.0, "grid_tsne_3d_x": 0.0, "grid_tsne_3d_y": 8.0, "grid_tsne_3d_z": 6.0, "patch_file": "patch_0318.png" }, "geometry": { "type": "Point", "coordinates": [ -76.100023658214326, -3.083904461898456 ] } },
{ "type": "Feature", "properties": { "index": 319, "lon": -121.70511631957488, "lat": 43.113036400666473, "classification": 111, "subregion_name": "Unknown", "umap_1d_x": 13.333416, "umap_2d_x": -25.512741, "umap_2d_y": 1.7581215, "umap_3d_x": -26.373384, "umap_3d_y": -15.530144, "umap_3d_z": -5.2933769, "tsne_1d_x": 1.9933015, "tsne_2d_x": -3.9353485, "tsne_2d_y": 21.417389, "tsne_3d_x": 11.95929, "tsne_3d_y": -2.8334694, "tsne_3d_z": -11.433918, "grid_umap_1d_x": 319.0, "grid_umap_2d_x": 0.0, "grid_umap_2d_y": 15.0, "grid_umap_3d_x": 0.0, "grid_umap_3d_y": 3.0, "grid_umap_3d_z": 2.0, "grid_tsne_1d_x": 319.0, "grid_tsne_2d_x": 15.0, "grid_tsne_2d_y": 28.0, "grid_tsne_3d_x": 7.0, "grid_tsne_3d_y": 3.0, "grid_tsne_3d_z": 2.0, "patch_file": "patch_0319.png" }, "geometry": { "type": "Point", "coordinates": [ -121.705116319574884, 43.113036400666473 ] } },
{ "type": "Feature", "properties": { "index": 320, "lon": 83.843743176225246, "lat": 51.365304527216523, "classification": 111, "subregion_name": "Eastern Europe", "umap_1d_x": 19.747379, "umap_2d_x": -35.116463, "umap_2d_y": -45.213318, "umap_3d_x": -35.757339, "umap_3d_y": -39.031013, "umap_3d_z": 41.386971, "tsne_1d_x": 30.806416, "tsne_2d_x": -26.448854, "tsne_2d_y": -4.4168053, "tsne_3d_x": -2.014183, "tsne_3d_y": -27.765234, "tsne_3d_z": 28.854309, "grid_umap_1d_x": 320.0, "grid_umap_2d_x": 23.0, "grid_umap_2d_y": 2.0, "grid_umap_3d_x": 7.0, "grid_umap_3d_y": 3.0, "grid_umap_3d_z": 8.0, "grid_tsne_1d_x": 320.0, "grid_tsne_2d_x": 10.0, "grid_tsne_2d_y": 15.0, "grid_tsne_3d_x": 0.0, "grid_tsne_3d_y": 1.0, "grid_tsne_3d_z": 9.0, "patch_file": "patch_0320.png" }, "geometry": { "type": "Point", "coordinates": [ 83.843743176225246, 51.365304527216523 ] } },
{ "type": "Feature", "properties": { "index": 321, "lon": -48.490125991538122, "lat": -24.076760978630169, "classification": 30, "subregion_name": "Latin America and the Caribbean", "umap_1d_x": -10.018647, "umap_2d_x": 39.66951, "umap_2d_y": 19.345795, "umap_3d_x": 40.599663, "umap_3d_y": 23.880867, "umap_3d_z": -5.9024849, "tsne_1d_x": -49.867893, "tsne_2d_x": 37.462051, "tsne_2d_y": 21.84639, "tsne_3d_x": -11.355873, "tsne_3d_y": 2.224659, "tsne_3d_z": -34.0438, "grid_umap_1d_x": 321.0, "grid_umap_2d_x": 30.0, "grid_umap_2d_y": 17.0, "grid_umap_3d_x": 7.0, "grid_umap_3d_y": 5.0, "grid_umap_3d_z": 5.0, "grid_tsne_1d_x": 321.0, "grid_tsne_2d_x": 22.0, "grid_tsne_2d_y": 21.0, "grid_tsne_3d_x": 1.0, "grid_tsne_3d_y": 3.0, "grid_tsne_3d_z": 0.0, "patch_file": "patch_0321.png" }, "geometry": { "type": "Point", "coordinates": [ -48.490125991538122, -24.076760978630169 ] } },
{ "type": "Feature", "properties": { "index": 322, "lon": 62.475258066798972, "lat": 53.288139985130343, "classification": 90, "subregion_name": "Unknown", "umap_1d_x": 18.343054, "umap_2d_x": -39.434361, "umap_2d_y": -24.243393, "umap_3d_x": -38.052742, "umap_3d_y": -22.983459, "umap_3d_z": 19.871788, "tsne_1d_x": 46.560032, "tsne_2d_x": -32.175713, "tsne_2d_y": -8.235405, "tsne_3d_x": 27.055344, "tsne_3d_y": -9.6532631, "tsne_3d_z": 19.965942, "grid_umap_1d_x": 322.0, "grid_umap_2d_x": 14.0, "grid_umap_2d_y": 15.0, "grid_umap_3d_x": 0.0, "grid_umap_3d_y": 3.0, "grid_umap_3d_z": 6.0, "grid_tsne_1d_x": 322.0, "grid_tsne_2d_x": 0.0, "grid_tsne_2d_y": 9.0, "grid_tsne_3d_x": 7.0, "grid_tsne_3d_y": 5.0, "grid_tsne_3d_z": 5.0, "patch_file": "patch_0322.png" }, "geometry": { "type": "Point", "coordinates": [ 62.475258066798972, 53.288139985130343 ] } },
{ "type": "Feature", "properties": { "index": 323, "lon": -131.95686159372525, "lat": 69.003251934803814, "classification": 20, "subregion_name": "Northern America", "umap_1d_x": 23.973814, "umap_2d_x": -46.158298, "umap_2d_y": -37.024353, "umap_3d_x": -47.35096, "umap_3d_y": -24.571606, "umap_3d_z": 37.370461, "tsne_1d_x": 49.690647, "tsne_2d_x": -41.584389, "tsne_2d_y": -13.370342, "tsne_3d_x": 29.053467, "tsne_3d_y": -23.15933, "tsne_3d_z": 42.226601, "grid_umap_1d_x": 323.0, "grid_umap_2d_x": 2.0, "grid_umap_2d_y": 1.0, "grid_umap_3d_x": 1.0, "grid_umap_3d_y": 6.0, "grid_umap_3d_z": 8.0, "grid_tsne_1d_x": 323.0, "grid_tsne_2d_x": 6.0, "grid_tsne_2d_y": 12.0, "grid_tsne_3d_x": 7.0, "grid_tsne_3d_y": 4.0, "grid_tsne_3d_z": 8.0, "patch_file": "patch_0323.png" }, "geometry": { "type": "Point", "coordinates": [ -131.95686159372525, 69.003251934803814 ] } },
{ "type": "Feature", "properties": { "index": 324, "lon": -148.96727427344314, "lat": 65.11639331203834, "classification": 116, "subregion_name": "Unknown", "umap_1d_x": 19.173113, "umap_2d_x": -36.667603, "umap_2d_y": -40.499149, "umap_3d_x": -35.158806, "umap_3d_y": -30.937836, "umap_3d_z": 36.999069, "tsne_1d_x": 33.074265, "tsne_2d_x": -22.43984, "tsne_2d_y": -8.2686996, "tsne_3d_x": 9.9832115, "tsne_3d_y": -17.231281, "tsne_3d_z": 25.101761, "grid_umap_1d_x": 324.0, "grid_umap_2d_x": 12.0, "grid_umap_2d_y": 0.0, "grid_umap_3d_x": 4.0, "grid_umap_3d_y": 4.0, "grid_umap_3d_z": 8.0, "grid_tsne_1d_x": 324.0, "grid_tsne_2d_x": 7.0, "grid_tsne_2d_y": 9.0, "grid_tsne_3d_x": 4.0, "grid_tsne_3d_y": 3.0, "grid_tsne_3d_z": 7.0, "patch_file": "patch_0324.png" }, "geometry": { "type": "Point", "coordinates": [ -148.967274273443138, 65.11639331203834 ] } },
{ "type": "Feature", "properties": { "index": 325, "lon": 41.46677630444313, "lat": 63.306375124760322, "classification": 115, "subregion_name": "Eastern Europe", "umap_1d_x": 18.353909, "umap_2d_x": -30.935818, "umap_2d_y": -35.694588, "umap_3d_x": -32.737316, "umap_3d_y": -44.945824, "umap_3d_z": 29.498962, "tsne_1d_x": 26.689421, "tsne_2d_x": -25.446978, "tsne_2d_y": 9.3307381, "tsne_3d_x": 6.2125854, "tsne_3d_y": -35.44392, "tsne_3d_z": 19.814888, "grid_umap_1d_x": 325.0, "grid_umap_2d_x": 18.0, "grid_umap_2d_y": 5.0, "grid_umap_3d_x": 7.0, "grid_umap_3d_y": 0.0, "grid_umap_3d_z": 7.0, "grid_tsne_1d_x": 325.0, "grid_tsne_2d_x": 2.0, "grid_tsne_2d_y": 20.0, "grid_tsne_3d_x": 2.0, "grid_tsne_3d_y": 2.0, "grid_tsne_3d_z": 5.0, "patch_file": "patch_0325.png" }, "geometry": { "type": "Point", "coordinates": [ 41.46677630444313, 63.306375124760322 ] } },
{ "type": "Feature", "properties": { "index": 326, "lon": 102.43694620449821, "lat": 49.48711436306904, "classification": 113, "subregion_name": "Eastern Asia", "umap_1d_x": 19.558096, "umap_2d_x": -36.544151, "umap_2d_y": -48.290367, "umap_3d_x": -34.180489, "umap_3d_y": -31.007559, "umap_3d_z": 43.457954, "tsne_1d_x": 32.257309, "tsne_2d_x": -22.402424, "tsne_2d_y": -15.734066, "tsne_3d_x": 0.82481383999999025, "tsne_3d_y": -7.0817604, "tsne_3d_z": 29.657829, "grid_umap_1d_x": 326.0, "grid_umap_2d_x": 25.0, "grid_umap_2d_y": 0.0, "grid_umap_3d_x": 7.0, "grid_umap_3d_y": 4.0, "grid_umap_3d_z": 8.0, "grid_tsne_1d_x": 326.0, "grid_tsne_2d_x": 2.0, "grid_tsne_2d_y": 1.0, "grid_tsne_3d_x": 1.0, "grid_tsne_3d_y": 6.0, "grid_tsne_3d_z": 9.0, "patch_file": "patch_0326.png" }, "geometry": { "type": "Point", "coordinates": [ 102.436946204498213, 49.48711436306904 ] } },
{ "type": "Feature", "properties": { "index": 327, "lon": 37.982705753618802, "lat": 60.045808826808823, "classification": 114, "subregion_name": "Eastern Europe", "umap_1d_x": 18.6875, "umap_2d_x": -32.594246, "umap_2d_y": -32.132721, "umap_3d_x": -32.088936, "umap_3d_y": -35.193825, "umap_3d_z": 29.56102, "tsne_1d_x": 25.858278, "tsne_2d_x": -20.689062, "tsne_2d_y": -1.05336, "tsne_3d_x": 6.3888893, "tsne_3d_y": -21.654707, "tsne_3d_z": 17.260315, "grid_umap_1d_x": 327.0, "grid_umap_2d_x": 22.0, "grid_umap_2d_y": 13.0, "grid_umap_3d_x": 5.0, "grid_umap_3d_y": 3.0, "grid_umap_3d_z": 6.0, "grid_tsne_1d_x": 327.0, "grid_tsne_2d_x": 19.0, "grid_tsne_2d_y": 20.0, "grid_tsne_3d_x": 3.0, "grid_tsne_3d_y": 2.0, "grid_tsne_3d_z": 6.0, "patch_file": "patch_0327.png" }, "geometry": { "type": "Point", "coordinates": [ 37.982705753618802, 60.045808826808823 ] } },
{ "type": "Feature", "properties": { "index": 328, "lon": -70.482630366068932, "lat": 2.5587374205345199, "classification": 112, "subregion_name": "Latin America and the Caribbean", "umap_1d_x": -2.4915979, "umap_2d_x": 20.985741, "umap_2d_y": 47.013939, "umap_3d_x": 18.13578, "umap_3d_y": 43.333641, "umap_3d_z": -30.726982, "tsne_1d_x": -36.849709, "tsne_2d_x": 23.803986, "tsne_2d_y": -46.123512, "tsne_3d_x": -34.249107, "tsne_3d_y": 44.186852, "tsne_3d_z": -12.004627, "grid_umap_1d_x": 328.0, "grid_umap_2d_x": 16.0, "grid_umap_2d_y": 30.0, "grid_umap_3d_x": 3.0, "grid_umap_3d_y": 8.0, "grid_umap_3d_z": 3.0, "grid_tsne_1d_x": 328.0, "grid_tsne_2d_x": 26.0, "grid_tsne_2d_y": 4.0, "grid_tsne_3d_x": 2.0, "grid_tsne_3d_y": 8.0, "grid_tsne_3d_z": 6.0, "patch_file": "patch_0328.png" }, "geometry": { "type": "Point", "coordinates": [ -70.482630366068932, 2.55873742053452 ] } },
{ "type": "Feature", "properties": { "index": 329, "lon": -1.868079034691732, "lat": 53.918269652836713, "classification": 126, "subregion_name": "Unknown", "umap_1d_x": 16.06617, "umap_2d_x": -32.164169, "umap_2d_y": -16.066322, "umap_3d_x": -32.577106, "umap_3d_y": -37.287674, "umap_3d_z": 4.6572685, "tsne_1d_x": 15.085465, "tsne_2d_x": -16.438587, "tsne_2d_y": 34.623711, "tsne_3d_x": 25.148926, "tsne_3d_y": -31.593386, "tsne_3d_z": 4.0093117, "grid_umap_1d_x": 329.0, "grid_umap_2d_x": 11.0, "grid_umap_2d_y": 15.0, "grid_umap_3d_x": 6.0, "grid_umap_3d_y": 0.0, "grid_umap_3d_z": 3.0, "grid_tsne_1d_x": 329.0, "grid_tsne_2d_x": 9.0, "grid_tsne_2d_y": 31.0, "grid_tsne_3d_x": 7.0, "grid_tsne_3d_y": 1.0, "grid_tsne_3d_z": 3.0, "patch_file": "patch_0329.png" }, "geometry": { "type": "Point", "coordinates": [ -1.868079034691732, 53.918269652836713 ] } },
{ "type": "Feature", "properties": { "index": 330, "lon": -89.514883888997574, "lat": 36.633717177248016, "classification": 40, "subregion_name": "Unknown", "umap_1d_x": 11.293242, "umap_2d_x": -20.365065, "umap_2d_y": -9.2062035, "umap_3d_x": -20.935837, "umap_3d_y": -23.705418, "umap_3d_z": 4.3772774, "tsne_1d_x": 5.8801403, "tsne_2d_x": -5.1299973, "tsne_2d_y": 5.4685593, "tsne_3d_x": -9.4527092, "tsne_3d_y": -16.326015, "tsne_3d_z": -1.7609215, "grid_umap_1d_x": 330.0, "grid_umap_2d_x": 17.0, "grid_umap_2d_y": 18.0, "grid_umap_3d_x": 6.0, "grid_umap_3d_y": 3.0, "grid_umap_3d_z": 3.0, "grid_tsne_1d_x": 330.0, "grid_tsne_2d_x": 9.0, "grid_tsne_2d_y": 13.0, "grid_tsne_3d_x": 0.0, "grid_tsne_3d_y": 0.0, "grid_tsne_3d_z": 3.0, "patch_file": "patch_0330.png" }, "geometry": { "type": "Point", "coordinates": [ -89.514883888997574, 36.633717177248016 ] } },
{ "type": "Feature", "properties": { "index": 331, "lon": -143.33517238496358, "lat": 63.93290248064082, "classification": 20, "subregion_name": "Unknown", "umap_1d_x": 23.953943, "umap_2d_x": -43.805389, "umap_2d_y": -40.082016, "umap_3d_x": -45.467747, "umap_3d_y": -31.117374, "umap_3d_z": 41.529755, "tsne_1d_x": 49.598629, "tsne_2d_x": -36.584435, "tsne_2d_y": -7.3269844, "tsne_3d_x": 24.466026, "tsne_3d_y": -38.163372, "tsne_3d_z": 43.843369, "grid_umap_1d_x": 331.0, "grid_umap_2d_x": 12.0, "grid_umap_2d_y": 6.0, "grid_umap_3d_x": 3.0, "grid_umap_3d_y": 5.0, "grid_umap_3d_z": 8.0, "grid_tsne_1d_x": 331.0, "grid_tsne_2d_x": 15.0, "grid_tsne_2d_y": 19.0, "grid_tsne_3d_x": 6.0, "grid_tsne_3d_y": 1.0, "grid_tsne_3d_z": 9.0, "patch_file": "patch_0331.png" }, "geometry": { "type": "Point", "coordinates": [ -143.335172384963585, 63.93290248064082 ] } },
{ "type": "Feature", "properties": { "index": 332, "lon": 100.93141995485661, "lat": 4.7517703387597123, "classification": 112, "subregion_name": "South-eastern Asia", "umap_1d_x": -4.8131905, "umap_2d_x": 28.931183, "umap_2d_y": 30.685226, "umap_3d_x": 25.7995, "umap_3d_y": 32.417915, "umap_3d_z": -15.296974, "tsne_1d_x": -25.975872, "tsne_2d_x": 19.505867, "tsne_2d_y": -20.028049, "tsne_3d_x": -14.486675, "tsne_3d_y": 23.740463, "tsne_3d_z": -16.792122, "grid_umap_1d_x": 332.0, "grid_umap_2d_x": 28.0, "grid_umap_2d_y": 29.0, "grid_umap_3d_x": 9.0, "grid_umap_3d_y": 9.0, "grid_umap_3d_z": 1.0, "grid_tsne_1d_x": 332.0, "grid_tsne_2d_x": 24.0, "grid_tsne_2d_y": 12.0, "grid_tsne_3d_x": 2.0, "grid_tsne_3d_y": 8.0, "grid_tsne_3d_z": 2.0, "patch_file": "patch_0332.png" }, "geometry": { "type": "Point", "coordinates": [ 100.931419954856608, 4.751770338759712 ] } },
{ "type": "Feature", "properties": { "index": 333, "lon": 12.796613045131039, "lat": 4.7916054291620611, "classification": 114, "subregion_name": "Sub-Saharan Africa", "umap_1d_x": 4.3780518, "umap_2d_x": -8.9892998, "umap_2d_y": 31.084373, "umap_3d_x": -4.6992226, "umap_3d_y": 7.4942703, "umap_3d_z": -39.284184, "tsne_1d_x": -18.543318, "tsne_2d_x": 18.912354, "tsne_2d_y": 0.94354247999999075, "tsne_3d_x": 8.4234314, "tsne_3d_y": 47.835571, "tsne_3d_z": -15.939281, "grid_umap_1d_x": 333.0, "grid_umap_2d_x": 10.0, "grid_umap_2d_y": 26.0, "grid_umap_3d_x": 6.0, "grid_umap_3d_y": 5.0, "grid_umap_3d_z": 0.0, "grid_tsne_1d_x": 333.0, "grid_tsne_2d_x": 20.0, "grid_tsne_2d_y": 4.0, "grid_tsne_3d_x": 5.0, "grid_tsne_3d_y": 9.0, "grid_tsne_3d_z": 3.0, "patch_file": "patch_0333.png" }, "geometry": { "type": "Point", "coordinates": [ 12.796613045131039, 4.791605429162061 ] } },
{ "type": "Feature", "properties": { "index": 334, "lon": 165.38931803277359, "lat": 66.796535037910886, "classification": 126, "subregion_name": "Eastern Europe", "umap_1d_x": 24.472649, "umap_2d_x": -48.154305, "umap_2d_y": -38.013237, "umap_3d_x": -48.642391, "umap_3d_y": -20.82634, "umap_3d_z": 39.948074, "tsne_1d_x": 51.220505, "tsne_2d_x": -42.130234, "tsne_2d_y": -20.760532, "tsne_3d_x": 31.613747, "tsne_3d_y": -16.997551, "tsne_3d_z": 43.643478, "grid_umap_1d_x": 334.0, "grid_umap_2d_x": 3.0, "grid_umap_2d_y": 2.0, "grid_umap_3d_x": 0.0, "grid_umap_3d_y": 6.0, "grid_umap_3d_z": 9.0, "grid_tsne_1d_x": 334.0, "grid_tsne_2d_x": 0.0, "grid_tsne_2d_y": 4.0, "grid_tsne_3d_x": 6.0, "grid_tsne_3d_y": 6.0, "grid_tsne_3d_z": 7.0, "patch_file": "patch_0334.png" }, "geometry": { "type": "Point", "coordinates": [ 165.389318032773588, 66.796535037910886 ] } },
{ "type": "Feature", "properties": { "index": 335, "lon": 24.410619194198489, "lat": -17.892006195636611, "classification": 20, "subregion_name": "Sub-Saharan Africa", "umap_1d_x": -11.296446, "umap_2d_x": 44.73423, "umap_2d_y": 26.004318, "umap_3d_x": 46.340683, "umap_3d_y": 32.75486, "umap_3d_z": -2.8978004, "tsne_1d_x": -53.174015, "tsne_2d_x": 46.440178, "tsne_2d_y": 26.525917, "tsne_3d_x": -4.5830383, "tsne_3d_y": 11.673588, "tsne_3d_z": -45.341644, "grid_umap_1d_x": 335.0, "grid_umap_2d_x": 23.0, "grid_umap_2d_y": 21.0, "grid_umap_3d_x": 7.0, "grid_umap_3d_y": 7.0, "grid_umap_3d_z": 9.0, "grid_tsne_1d_x": 335.0, "grid_tsne_2d_x": 30.0, "grid_tsne_2d_y": 24.0, "grid_tsne_3d_x": 5.0, "grid_tsne_3d_y": 7.0, "grid_tsne_3d_z": 0.0, "patch_file": "patch_0335.png" }, "geometry": { "type": "Point", "coordinates": [ 24.410619194198489, -17.892006195636611 ] } },
{ "type": "Feature", "properties": { "index": 336, "lon": 8.3421271590359254, "lat": 14.387841405645744, "classification": 40, "subregion_name": "Sub-Saharan Africa", "umap_1d_x": 2.2000215, "umap_2d_x": -16.65379, "umap_2d_y": 38.330711, "umap_3d_x": -13.038826, "umap_3d_y": 3.434761, "umap_3d_z": -50.0, "tsne_1d_x": -14.656727, "tsne_2d_x": 13.656723, "tsne_2d_y": 12.761681, "tsne_3d_x": 30.776276, "tsne_3d_y": 35.553757, "tsne_3d_z": -10.516933, "grid_umap_1d_x": 336.0, "grid_umap_2d_x": 4.0, "grid_umap_2d_y": 31.0, "grid_umap_3d_x": 4.0, "grid_umap_3d_y": 5.0, "grid_umap_3d_z": 0.0, "grid_tsne_1d_x": 336.0, "grid_tsne_2d_x": 21.0, "grid_tsne_2d_y": 17.0, "grid_tsne_3d_x": 8.0, "grid_tsne_3d_y": 7.0, "grid_tsne_3d_z": 4.0, "patch_file": "patch_0336.png" }, "geometry": { "type": "Point", "coordinates": [ 8.342127159035925, 14.387841405645744 ] } },
{ "type": "Feature", "properties": { "index": 337, "lon": -0.972403169596049, "lat": 44.508847884206602, "classification": 111, "subregion_name": "Unknown", "umap_1d_x": 13.82386, "umap_2d_x": -28.640093, "umap_2d_y": 2.7852135, "umap_3d_x": -27.396854, "umap_3d_y": -28.618731, "umap_3d_z": -7.1254539, "tsne_1d_x": 3.9780319, "tsne_2d_x": -4.0890045, "tsne_2d_y": 32.616982, "tsne_3d_x": 26.667313, "tsne_3d_y": -15.535095, "tsne_3d_z": -10.156822, "grid_umap_1d_x": 337.0, "grid_umap_2d_x": 5.0, "grid_umap_2d_y": 19.0, "grid_umap_3d_x": 7.0, "grid_umap_3d_y": 0.0, "grid_umap_3d_z": 1.0, "grid_tsne_1d_x": 337.0, "grid_tsne_2d_x": 8.0, "grid_tsne_2d_y": 31.0, "grid_tsne_3d_x": 9.0, "grid_tsne_3d_y": 0.0, "grid_tsne_3d_z": 0.0, "patch_file": "patch_0337.png" }, "geometry": { "type": "Point", "coordinates": [ -0.972403169596049, 44.508847884206602 ] } },
{ "type": "Feature", "properties": { "index": 338, "lon": 25.230485092182391, "lat": 57.507793631793362, "classification": 126, "subregion_name": "Northern Europe", "umap_1d_x": 15.299942, "umap_2d_x": -33.995525, "umap_2d_y": -9.5460548, "umap_3d_x": -33.126244, "umap_3d_y": -30.847622, "umap_3d_z": -1.2426605, "tsne_1d_x": 13.690176, "tsne_2d_x": -11.575951, "tsne_2d_y": 30.077225, "tsne_3d_x": 33.030006, "tsne_3d_y": -20.453262, "tsne_3d_z": 1.9155502, "grid_umap_1d_x": 338.0, "grid_umap_2d_x": 8.0, "grid_umap_2d_y": 18.0, "grid_umap_3d_x": 2.0, "grid_umap_3d_y": 1.0, "grid_umap_3d_z": 2.0, "grid_tsne_1d_x": 338.0, "grid_tsne_2d_x": 1.0, "grid_tsne_2d_y": 30.0, "grid_tsne_3d_x": 9.0, "grid_tsne_3d_y": 3.0, "grid_tsne_3d_z": 3.0, "patch_file": "patch_0338.png" }, "geometry": { "type": "Point", "coordinates": [ 25.230485092182391, 57.507793631793362 ] } },
{ "type": "Feature", "properties": { "index": 339, "lon": -115.77688427209567, "lat": 50.572726405108355, "classification": 111, "subregion_name": "Northern America", "umap_1d_x": 19.910051, "umap_2d_x": -34.812653, "umap_2d_y": -41.288563, "umap_3d_x": -36.088806, "umap_3d_y": -40.056057, "umap_3d_z": 38.969101, "tsne_1d_x": 30.693302, "tsne_2d_x": -25.237972, "tsne_2d_y": -2.6195602, "tsne_3d_x": 7.2409821, "tsne_3d_y": -4.7033234, "tsne_3d_z": 20.721146, "grid_umap_1d_x": 339.0, "grid_umap_2d_x": 24.0, "grid_umap_2d_y": 8.0, "grid_umap_3d_x": 6.0, "grid_umap_3d_y": 2.0, "grid_umap_3d_z": 8.0, "grid_tsne_1d_x": 339.0, "grid_tsne_2d_x": 14.0, "grid_tsne_2d_y": 18.0, "grid_tsne_3d_x": 3.0, "grid_tsne_3d_y": 6.0, "grid_tsne_3d_z": 7.0, "patch_file": "patch_0339.png" }, "geometry": { "type": "Point", "coordinates": [ -115.776884272095671, 50.572726405108355 ] } },
{ "type": "Feature", "properties": { "index": 340, "lon": 130.79859549352443, "lat": 50.873534135597751, "classification": 111, "subregion_name": "Eastern Europe", "umap_1d_x": 20.077412, "umap_2d_x": -33.661186, "umap_2d_y": -44.951839, "umap_3d_x": -36.257938, "umap_3d_y": -44.517242, "umap_3d_z": 42.759315, "tsne_1d_x": 30.082903, "tsne_2d_x": -27.603622, "tsne_2d_y": -2.0325203, "tsne_3d_x": -3.4695854, "tsne_3d_y": -33.644073, "tsne_3d_z": 30.826393, "grid_umap_1d_x": 340.0, "grid_umap_2d_x": 24.0, "grid_umap_2d_y": 1.0, "grid_umap_3d_x": 7.0, "grid_umap_3d_y": 1.0, "grid_umap_3d_z": 9.0, "grid_tsne_1d_x": 340.0, "grid_tsne_2d_x": 9.0, "grid_tsne_2d_y": 16.0, "grid_tsne_3d_x": 0.0, "grid_tsne_3d_y": 3.0, "grid_tsne_3d_z": 7.0, "patch_file": "patch_0340.png" }, "geometry": { "type": "Point", "coordinates": [ 130.798595493524431, 50.873534135597751 ] } },
{ "type": "Feature", "properties": { "index": 341, "lon": 5.8370232854239248, "lat": 11.842799322763611, "classification": 20, "subregion_name": "Sub-Saharan Africa", "umap_1d_x": 3.8292928, "umap_2d_x": -11.751545, "umap_2d_y": 31.563019, "umap_3d_x": -7.9862785, "umap_3d_y": 3.9970284, "umap_3d_z": -42.182625, "tsne_1d_x": -16.583019, "tsne_2d_x": 15.211906, "tsne_2d_y": 3.5857697, "tsne_3d_x": 18.461052, "tsne_3d_y": 42.625549, "tsne_3d_z": -12.550625, "grid_umap_1d_x": 341.0, "grid_umap_2d_x": 2.0, "grid_umap_2d_y": 28.0, "grid_umap_3d_x": 6.0, "grid_umap_3d_y": 3.0, "grid_umap_3d_z": 1.0, "grid_tsne_1d_x": 341.0, "grid_tsne_2d_x": 18.0, "grid_tsne_2d_y": 9.0, "grid_tsne_3d_x": 7.0, "grid_tsne_3d_y": 7.0, "grid_tsne_3d_z": 4.0, "patch_file": "patch_0341.png" }, "geometry": { "type": "Point", "coordinates": [ 5.837023285423925, 11.842799322763611 ] } },
{ "type": "Feature", "properties": { "index": 342, "lon": 134.53186955606128, "lat": -16.253240786913366, "classification": 124, "subregion_name": "Unknown", "umap_1d_x": -10.873801, "umap_2d_x": 43.34993, "umap_2d_y": 17.173477, "umap_3d_x": 44.840904, "umap_3d_y": 20.322594, "umap_3d_z": -9.4958038, "tsne_1d_x": -52.251919, "tsne_2d_x": 42.356979, "tsne_2d_y": 30.358139, "tsne_3d_x": 2.4919434, "tsne_3d_y": 5.5769844, "tsne_3d_z": -39.909813, "grid_umap_1d_x": 342.0, "grid_umap_2d_x": 26.0, "grid_umap_2d_y": 14.0, "grid_umap_3d_x": 8.0, "grid_umap_3d_y": 4.0, "grid_umap_3d_z": 3.0, "grid_tsne_1d_x": 342.0, "grid_tsne_2d_x": 25.0, "grid_tsne_2d_y": 26.0, "grid_tsne_3d_x": 6.0, "grid_tsne_3d_y": 5.0, "grid_tsne_3d_z": 1.0, "patch_file": "patch_0342.png" }, "geometry": { "type": "Point", "coordinates": [ 134.531869556061281, -16.253240786913366 ] } },
{ "type": "Feature", "properties": { "index": 343, "lon": 27.313292749249683, "lat": -12.142370166380324, "classification": 30, "subregion_name": "Sub-Saharan Africa", "umap_1d_x": -9.0152874, "umap_2d_x": 40.270409, "umap_2d_y": 29.360291, "umap_3d_x": 41.477844, "umap_3d_y": 38.53772, "umap_3d_z": -2.4666557, "tsne_1d_x": -46.484531, "tsne_2d_x": 47.386238, "tsne_2d_y": 16.33783, "tsne_3d_x": -20.539003, "tsne_3d_y": 15.948105, "tsne_3d_z": -41.636959, "grid_umap_1d_x": 343.0, "grid_umap_2d_x": 25.0, "grid_umap_2d_y": 25.0, "grid_umap_3d_x": 6.0, "grid_umap_3d_y": 8.0, "grid_umap_3d_z": 8.0, "grid_tsne_1d_x": 343.0, "grid_tsne_2d_x": 28.0, "grid_tsne_2d_y": 17.0, "grid_tsne_3d_x": 1.0, "grid_tsne_3d_y": 6.0, "grid_tsne_3d_z": 1.0, "patch_file": "patch_0343.png" }, "geometry": { "type": "Point", "coordinates": [ 27.313292749249683, -12.142370166380324 ] } },
{ "type": "Feature", "properties": { "index": 344, "lon": 26.806591605054564, "lat": 59.464034796047088, "classification": 40, "subregion_name": "Northern Europe", "umap_1d_x": 15.516268, "umap_2d_x": -34.437393, "umap_2d_y": -10.89957, "umap_3d_x": -33.490097, "umap_3d_y": -31.159193, "umap_3d_z": 0.71369934, "tsne_1d_x": 14.326981, "tsne_2d_x": -12.218555, "tsne_2d_y": 27.743942, "tsne_3d_x": 34.56031, "tsne_3d_y": -17.923553, "tsne_3d_z": 4.7753105, "grid_umap_1d_x": 344.0, "grid_umap_2d_x": 13.0, "grid_umap_2d_y": 21.0, "grid_umap_3d_x": 3.0, "grid_umap_3d_y": 2.0, "grid_umap_3d_z": 3.0, "grid_tsne_1d_x": 344.0, "grid_tsne_2d_x": 3.0, "grid_tsne_2d_y": 29.0, "grid_tsne_3d_x": 9.0, "grid_tsne_3d_y": 3.0, "grid_tsne_3d_z": 4.0, "patch_file": "patch_0344.png" }, "geometry": { "type": "Point", "coordinates": [ 26.806591605054564, 59.464034796047088 ] } },
{ "type": "Feature", "properties": { "index": 345, "lon": -77.219261932346456, "lat": 6.9878869604559384, "classification": 112, "subregion_name": "Latin America and the Caribbean", "umap_1d_x": -4.2187786, "umap_2d_x": 25.135361, "umap_2d_y": 35.095741, "umap_3d_x": 21.055832, "umap_3d_y": 32.243355, "umap_3d_z": -15.477478, "tsne_1d_x": -28.85215, "tsne_2d_x": 18.08548, "tsne_2d_y": -30.081127, "tsne_3d_x": -23.498577, "tsne_3d_y": 16.96981, "tsne_3d_z": -10.465122, "grid_umap_1d_x": 345.0, "grid_umap_2d_x": 23.0, "grid_umap_2d_y": 28.0, "grid_umap_3d_x": 7.0, "grid_umap_3d_y": 8.0, "grid_umap_3d_z": 3.0, "grid_tsne_1d_x": 345.0, "grid_tsne_2d_x": 23.0, "grid_tsne_2d_y": 5.0, "grid_tsne_3d_x": 0.0, "grid_tsne_3d_y": 5.0, "grid_tsne_3d_z": 2.0, "patch_file": "patch_0345.png" }, "geometry": { "type": "Point", "coordinates": [ -77.219261932346456, 6.987886960455938 ] } },
{ "type": "Feature", "properties": { "index": 346, "lon": -69.545162810253132, "lat": 2.4912763884493931, "classification": 112, "subregion_name": "Latin America and the Caribbean", "umap_1d_x": -2.6053762, "umap_2d_x": 20.756714, "umap_2d_y": 47.566811, "umap_3d_x": 18.506935, "umap_3d_y": 42.786758, "umap_3d_z": -30.273737, "tsne_1d_x": -36.760815, "tsne_2d_x": 23.231964, "tsne_2d_y": -44.590073, "tsne_3d_x": -36.914238, "tsne_3d_y": 44.327667, "tsne_3d_z": -12.442841, "grid_umap_1d_x": 346.0, "grid_umap_2d_x": 15.0, "grid_umap_2d_y": 29.0, "grid_umap_3d_x": 4.0, "grid_umap_3d_y": 8.0, "grid_umap_3d_z": 3.0, "grid_tsne_1d_x": 346.0, "grid_tsne_2d_x": 26.0, "grid_tsne_2d_y": 12.0, "grid_tsne_3d_x": 1.0, "grid_tsne_3d_y": 8.0, "grid_tsne_3d_z": 5.0, "patch_file": "patch_0346.png" }, "geometry": { "type": "Point", "coordinates": [ -69.545162810253132, 2.491276388449393 ] } },
{ "type": "Feature", "properties": { "index": 347, "lon": -78.976244255944906, "lat": 49.489482942961573, "classification": 111, "subregion_name": "Northern America", "umap_1d_x": 21.853781, "umap_2d_x": -37.219009, "umap_2d_y": -33.649105, "umap_3d_x": -40.387611, "umap_3d_y": -40.5849, "umap_3d_z": 30.018997, "tsne_1d_x": 35.511669, "tsne_2d_x": -38.046036, "tsne_2d_y": 11.874641, "tsne_3d_x": 22.381569, "tsne_3d_y": -42.089798, "tsne_3d_z": 28.749702, "grid_umap_1d_x": 347.0, "grid_umap_2d_x": 4.0, "grid_umap_2d_y": 0.0, "grid_umap_3d_x": 3.0, "grid_umap_3d_y": 1.0, "grid_umap_3d_z": 7.0, "grid_tsne_1d_x": 347.0, "grid_tsne_2d_x": 13.0, "grid_tsne_2d_y": 28.0, "grid_tsne_3d_x": 5.0, "grid_tsne_3d_y": 4.0, "grid_tsne_3d_z": 5.0, "patch_file": "patch_0347.png" }, "geometry": { "type": "Point", "coordinates": [ -78.976244255944906, 49.489482942961573 ] } },
{ "type": "Feature", "properties": { "index": 348, "lon": -108.04345776676783, "lat": 27.327751278941122, "classification": 126, "subregion_name": "Latin America and the Caribbean", "umap_1d_x": 7.192234, "umap_2d_x": -17.631329, "umap_2d_y": 10.188179, "umap_3d_x": -15.810875, "umap_3d_y": -5.8077736, "umap_3d_z": -14.812641, "tsne_1d_x": -7.4848604, "tsne_2d_x": 4.8628922, "tsne_2d_y": -8.9354858, "tsne_3d_x": 7.0244141, "tsne_3d_y": 18.320564, "tsne_3d_z": -11.437046, "grid_umap_1d_x": 348.0, "grid_umap_2d_x": 12.0, "grid_umap_2d_y": 24.0, "grid_umap_3d_x": 2.0, "grid_umap_3d_y": 2.0, "grid_umap_3d_z": 0.0, "grid_tsne_1d_x": 348.0, "grid_tsne_2d_x": 12.0, "grid_tsne_2d_y": 2.0, "grid_tsne_3d_x": 5.0, "grid_tsne_3d_y": 7.0, "grid_tsne_3d_z": 1.0, "patch_file": "patch_0348.png" }, "geometry": { "type": "Point", "coordinates": [ -108.04345776676783, 27.327751278941122 ] } },
{ "type": "Feature", "properties": { "index": 349, "lon": 138.012386832056, "lat": -2.421790511751702, "classification": 112, "subregion_name": "South-eastern Asia", "umap_1d_x": -4.1854501, "umap_2d_x": 25.723579, "umap_2d_y": 38.620026, "umap_3d_x": 21.083092, "umap_3d_y": 36.088554, "umap_3d_z": -19.028849, "tsne_1d_x": -30.146496, "tsne_2d_x": 21.278069, "tsne_2d_y": -33.965199, "tsne_3d_x": -30.386415, "tsne_3d_y": 24.631706, "tsne_3d_z": -10.79472, "grid_umap_1d_x": 349.0, "grid_umap_2d_x": 22.0, "grid_umap_2d_y": 27.0, "grid_umap_3d_x": 6.0, "grid_umap_3d_y": 8.0, "grid_umap_3d_z": 3.0, "grid_tsne_1d_x": 349.0, "grid_tsne_2d_x": 24.0, "grid_tsne_2d_y": 0.0, "grid_tsne_3d_x": 3.0, "grid_tsne_3d_y": 5.0, "grid_tsne_3d_z": 5.0, "patch_file": "patch_0349.png" }, "geometry": { "type": "Point", "coordinates": [ 138.012386832055995, -2.421790511751702 ] } },
{ "type": "Feature", "properties": { "index": 350, "lon": 116.1323521379615, "lat": -28.625510165782242, "classification": 20, "subregion_name": "Unknown", "umap_1d_x": -13.216152, "umap_2d_x": 47.201622, "umap_2d_y": 4.4214058, "umap_3d_x": 46.644966, "umap_3d_y": 1.3772087, "umap_3d_z": -0.30835724, "tsne_1d_x": -60.877773, "tsne_2d_x": 38.155502, "tsne_2d_y": 41.784081, "tsne_3d_x": 6.1197472, "tsne_3d_y": -13.395016, "tsne_3d_z": -41.662579, "grid_umap_1d_x": 350.0, "grid_umap_2d_x": 27.0, "grid_umap_2d_y": 7.0, "grid_umap_3d_x": 8.0, "grid_umap_3d_y": 3.0, "grid_umap_3d_z": 5.0, "grid_tsne_1d_x": 350.0, "grid_tsne_2d_x": 22.0, "grid_tsne_2d_y": 27.0, "grid_tsne_3d_x": 4.0, "grid_tsne_3d_y": 3.0, "grid_tsne_3d_z": 3.0, "patch_file": "patch_0350.png" }, "geometry": { "type": "Point", "coordinates": [ 116.132352137961504, -28.625510165782242 ] } },
{ "type": "Feature", "properties": { "index": 351, "lon": -92.494457013568379, "lat": 38.145436033077246, "classification": 126, "subregion_name": "Unknown", "umap_1d_x": 11.267102, "umap_2d_x": -22.733835, "umap_2d_y": -12.035824, "umap_3d_x": -21.554867, "umap_3d_y": -25.983488, "umap_3d_z": 8.2753105, "tsne_1d_x": 7.5777597, "tsne_2d_x": -9.058754, "tsne_2d_y": 6.499691, "tsne_3d_x": 0.55705261, "tsne_3d_y": -14.243084, "tsne_3d_z": 1.1515274, "grid_umap_1d_x": 351.0, "grid_umap_2d_x": 6.0, "grid_umap_2d_y": 9.0, "grid_umap_3d_x": 6.0, "grid_umap_3d_y": 4.0, "grid_umap_3d_z": 4.0, "grid_tsne_1d_x": 351.0, "grid_tsne_2d_x": 0.0, "grid_tsne_2d_y": 11.0, "grid_tsne_3d_x": 2.0, "grid_tsne_3d_y": 1.0, "grid_tsne_3d_z": 3.0, "patch_file": "patch_0351.png" }, "geometry": { "type": "Point", "coordinates": [ -92.494457013568379, 38.145436033077246 ] } },
{ "type": "Feature", "properties": { "index": 352, "lon": -107.34456968689389, "lat": 24.266954323095945, "classification": 116, "subregion_name": "Latin America and the Caribbean", "umap_1d_x": 5.9402285, "umap_2d_x": -9.6297836, "umap_2d_y": 18.372726, "umap_3d_x": -6.699295, "umap_3d_y": 3.1606369, "umap_3d_z": -22.246023, "tsne_1d_x": -24.070274, "tsne_2d_x": 13.8088, "tsne_2d_y": -16.561253, "tsne_3d_x": -9.4509392, "tsne_3d_y": 37.376526, "tsne_3d_z": -7.5277672, "grid_umap_1d_x": 352.0, "grid_umap_2d_x": 6.0, "grid_umap_2d_y": 23.0, "grid_umap_3d_x": 4.0, "grid_umap_3d_y": 5.0, "grid_umap_3d_z": 3.0, "grid_tsne_1d_x": 352.0, "grid_tsne_2d_x": 21.0, "grid_tsne_2d_y": 6.0, "grid_tsne_3d_x": 3.0, "grid_tsne_3d_y": 8.0, "grid_tsne_3d_z": 6.0, "patch_file": "patch_0352.png" }, "geometry": { "type": "Point", "coordinates": [ -107.344569686893891, 24.266954323095945 ] } },
{ "type": "Feature", "properties": { "index": 353, "lon": -40.725857097596077, "lat": -9.129127261476917, "classification": 20, "subregion_name": "Latin America and the Caribbean", "umap_1d_x": -9.9562159, "umap_2d_x": 40.199669, "umap_2d_y": 21.181694, "umap_3d_x": 41.449585, "umap_3d_y": 26.47998, "umap_3d_z": -5.0062752, "tsne_1d_x": -49.465965, "tsne_2d_x": 43.138397, "tsne_2d_y": 24.377914, "tsne_3d_x": -10.237701, "tsne_3d_y": -0.79740524, "tsne_3d_z": -40.981789, "grid_umap_1d_x": 353.0, "grid_umap_2d_x": 25.0, "grid_umap_2d_y": 17.0, "grid_umap_3d_x": 9.0, "grid_umap_3d_y": 7.0, "grid_umap_3d_z": 5.0, "grid_tsne_1d_x": 353.0, "grid_tsne_2d_x": 29.0, "grid_tsne_2d_y": 23.0, "grid_tsne_3d_x": 3.0, "grid_tsne_3d_y": 3.0, "grid_tsne_3d_z": 2.0, "patch_file": "patch_0353.png" }, "geometry": { "type": "Point", "coordinates": [ -40.725857097596077, -9.129127261476917 ] } },
{ "type": "Feature", "properties": { "index": 354, "lon": 59.542217239234787, "lat": 65.896662025436498, "classification": 116, "subregion_name": "Eastern Europe", "umap_1d_x": 22.450939, "umap_2d_x": -40.685261, "umap_2d_y": -34.249111, "umap_3d_x": -40.78413, "umap_3d_y": -28.547186, "umap_3d_z": 33.246216, "tsne_1d_x": 44.292053, "tsne_2d_x": -38.701012, "tsne_2d_y": -3.65411, "tsne_3d_x": 24.532768, "tsne_3d_y": -25.70566, "tsne_3d_z": 29.426643, "grid_umap_1d_x": 354.0, "grid_umap_2d_x": 11.0, "grid_umap_2d_y": 7.0, "grid_umap_3d_x": 1.0, "grid_umap_3d_y": 3.0, "grid_umap_3d_z": 8.0, "grid_tsne_1d_x": 354.0, "grid_tsne_2d_x": 9.0, "grid_tsne_2d_y": 18.0, "grid_tsne_3d_x": 8.0, "grid_tsne_3d_y": 1.0, "grid_tsne_3d_z": 8.0, "patch_file": "patch_0354.png" }, "geometry": { "type": "Point", "coordinates": [ 59.542217239234787, 65.896662025436498 ] } },
{ "type": "Feature", "properties": { "index": 355, "lon": 85.486557440073341, "lat": 63.915560054170811, "classification": 116, "subregion_name": "Eastern Europe", "umap_1d_x": 22.533644, "umap_2d_x": -41.430447, "umap_2d_y": -34.643005, "umap_3d_x": -41.48571, "umap_3d_y": -28.783619, "umap_3d_z": 33.983704, "tsne_1d_x": 44.174133, "tsne_2d_x": -39.359413, "tsne_2d_y": -4.6337471, "tsne_3d_x": 22.064041, "tsne_3d_y": -25.757956, "tsne_3d_z": 29.925858, "grid_umap_1d_x": 355.0, "grid_umap_2d_x": 21.0, "grid_umap_2d_y": 15.0, "grid_umap_3d_x": 5.0, "grid_umap_3d_y": 6.0, "grid_umap_3d_z": 6.0, "grid_tsne_1d_x": 355.0, "grid_tsne_2d_x": 6.0, "grid_tsne_2d_y": 16.0, "grid_tsne_3d_x": 7.0, "grid_tsne_3d_y": 1.0, "grid_tsne_3d_z": 8.0, "patch_file": "patch_0355.png" }, "geometry": { "type": "Point", "coordinates": [ 85.486557440073341, 63.915560054170811 ] } },
{ "type": "Feature", "properties": { "index": 356, "lon": -77.315463568011566, "lat": -5.8085634819895162, "classification": 112, "subregion_name": "Latin America and the Caribbean", "umap_1d_x": -8.2518539, "umap_2d_x": 32.950989, "umap_2d_y": 26.995247, "umap_3d_x": 33.028946, "umap_3d_y": 29.735359, "umap_3d_z": -12.097321, "tsne_1d_x": -42.639957, "tsne_2d_x": 38.725403, "tsne_2d_y": 7.1968384, "tsne_3d_x": -14.320698, "tsne_3d_y": 17.861382, "tsne_3d_z": -23.542559, "grid_umap_1d_x": 356.0, "grid_umap_2d_x": 26.0, "grid_umap_2d_y": 25.0, "grid_umap_3d_x": 8.0, "grid_umap_3d_y": 8.0, "grid_umap_3d_z": 3.0, "grid_tsne_1d_x": 356.0, "grid_tsne_2d_x": 29.0, "grid_tsne_2d_y": 10.0, "grid_tsne_3d_x": 1.0, "grid_tsne_3d_y": 8.0, "grid_tsne_3d_z": 0.0, "patch_file": "patch_0356.png" }, "geometry": { "type": "Point", "coordinates": [ -77.315463568011566, -5.808563481989516 ] } },
{ "type": "Feature", "properties": { "index": 357, "lon": 107.11432861494217, "lat": 35.174231642428069, "classification": 126, "subregion_name": "Unknown", "umap_1d_x": 9.3358984, "umap_2d_x": -16.140057, "umap_2d_y": -5.1778526, "umap_3d_x": -21.019831, "umap_3d_y": -8.1356392, "umap_3d_z": 7.7079315, "tsne_1d_x": -3.560436, "tsne_2d_x": -7.8665733, "tsne_2d_y": -14.081844, "tsne_3d_x": 9.4801788, "tsne_3d_y": 12.398369, "tsne_3d_z": 11.534142, "grid_umap_1d_x": 357.0, "grid_umap_2d_x": 20.0, "grid_umap_2d_y": 21.0, "grid_umap_3d_x": 3.0, "grid_umap_3d_y": 7.0, "grid_umap_3d_z": 4.0, "grid_tsne_1d_x": 357.0, "grid_tsne_2d_x": 9.0, "grid_tsne_2d_y": 4.0, "grid_tsne_3d_x": 7.0, "grid_tsne_3d_y": 9.0, "grid_tsne_3d_z": 9.0, "patch_file": "patch_0357.png" }, "geometry": { "type": "Point", "coordinates": [ 107.114328614942167, 35.174231642428069 ] } },
{ "type": "Feature", "properties": { "index": 358, "lon": 77.678813362141398, "lat": 55.199898311165413, "classification": 30, "subregion_name": "Eastern Europe", "umap_1d_x": 19.095684, "umap_2d_x": -38.803017, "umap_2d_y": -29.508541, "umap_3d_x": -36.696796, "umap_3d_y": -27.422832, "umap_3d_z": 29.758224, "tsne_1d_x": 33.735134, "tsne_2d_x": -21.068222, "tsne_2d_y": -8.6194725, "tsne_3d_x": 17.653137, "tsne_3d_y": -13.675041, "tsne_3d_z": 22.781059, "grid_umap_1d_x": 358.0, "grid_umap_2d_x": 19.0, "grid_umap_2d_y": 15.0, "grid_umap_3d_x": 4.0, "grid_umap_3d_y": 5.0, "grid_umap_3d_z": 6.0, "grid_tsne_1d_x": 358.0, "grid_tsne_2d_x": 14.0, "grid_tsne_2d_y": 12.0, "grid_tsne_3d_x": 6.0, "grid_tsne_3d_y": 4.0, "grid_tsne_3d_z": 6.0, "patch_file": "patch_0358.png" }, "geometry": { "type": "Point", "coordinates": [ 77.678813362141398, 55.199898311165413 ] } },
{ "type": "Feature", "properties": { "index": 359, "lon": 32.093621426903525, "lat": 66.25533944314239, "classification": 111, "subregion_name": "Eastern Europe", "umap_1d_x": 19.964298, "umap_2d_x": -30.759819, "umap_2d_y": -36.984379, "umap_3d_x": -34.323822, "umap_3d_y": -48.036602, "umap_3d_z": 29.709793, "tsne_1d_x": 27.081123, "tsne_2d_x": -27.222246, "tsne_2d_y": 12.053646, "tsne_3d_x": 11.313068, "tsne_3d_y": -40.174286, "tsne_3d_z": 20.411987, "grid_umap_1d_x": 359.0, "grid_umap_2d_x": 24.0, "grid_umap_2d_y": 9.0, "grid_umap_3d_x": 8.0, "grid_umap_3d_y": 0.0, "grid_umap_3d_z": 7.0, "grid_tsne_1d_x": 359.0, "grid_tsne_2d_x": 9.0, "grid_tsne_2d_y": 25.0, "grid_tsne_3d_x": 4.0, "grid_tsne_3d_y": 2.0, "grid_tsne_3d_z": 5.0, "patch_file": "patch_0359.png" }, "geometry": { "type": "Point", "coordinates": [ 32.093621426903525, 66.25533944314239 ] } },
{ "type": "Feature", "properties": { "index": 360, "lon": -78.569925584170846, "lat": 40.900940059171333, "classification": 114, "subregion_name": "Unknown", "umap_1d_x": 10.705402, "umap_2d_x": -22.130371, "umap_2d_y": -10.594948, "umap_3d_x": -20.439732, "umap_3d_y": -21.718264, "umap_3d_z": 10.715302, "tsne_1d_x": 8.2667265, "tsne_2d_x": -9.7705307, "tsne_2d_y": -1.8037605, "tsne_3d_x": -0.58382034, "tsne_3d_y": -3.6879463, "tsne_3d_z": 8.4420853, "grid_umap_1d_x": 360.0, "grid_umap_2d_x": 13.0, "grid_umap_2d_y": 15.0, "grid_umap_3d_x": 4.0, "grid_umap_3d_y": 3.0, "grid_umap_3d_z": 5.0, "grid_tsne_1d_x": 360.0, "grid_tsne_2d_x": 12.0, "grid_tsne_2d_y": 11.0, "grid_tsne_3d_x": 0.0, "grid_tsne_3d_y": 1.0, "grid_tsne_3d_z": 6.0, "patch_file": "patch_0360.png" }, "geometry": { "type": "Point", "coordinates": [ -78.569925584170846, 40.900940059171333 ] } },
{ "type": "Feature", "properties": { "index": 361, "lon": 147.29802892991739, "lat": -24.305318229843486, "classification": 124, "subregion_name": "Unknown", "umap_1d_x": -11.826302, "umap_2d_x": 44.141388, "umap_2d_y": 13.229527, "umap_3d_x": 44.859383, "umap_3d_y": 15.443504, "umap_3d_z": -6.7804146, "tsne_1d_x": -55.324654, "tsne_2d_x": 41.049728, "tsne_2d_y": 33.693985, "tsne_3d_x": 1.9288139, "tsne_3d_y": -2.6100655, "tsne_3d_z": -40.39587, "grid_umap_1d_x": 361.0, "grid_umap_2d_x": 29.0, "grid_umap_2d_y": 12.0, "grid_umap_3d_x": 9.0, "grid_umap_3d_y": 3.0, "grid_umap_3d_z": 1.0, "grid_tsne_1d_x": 361.0, "grid_tsne_2d_x": 28.0, "grid_tsne_2d_y": 28.0, "grid_tsne_3d_x": 5.0, "grid_tsne_3d_y": 4.0, "grid_tsne_3d_z": 2.0, "patch_file": "patch_0361.png" }, "geometry": { "type": "Point", "coordinates": [ 147.298028929917393, -24.305318229843486 ] } },
{ "type": "Feature", "properties": { "index": 362, "lon": 33.906927548379599, "lat": 54.224307215245844, "classification": 114, "subregion_name": "Eastern Europe", "umap_1d_x": 17.08028, "umap_2d_x": -28.85743, "umap_2d_y": -24.050735, "umap_3d_x": -29.757141, "umap_3d_y": -40.093842, "umap_3d_z": 18.212936, "tsne_1d_x": 21.393116, "tsne_2d_x": -19.359291, "tsne_2d_y": 12.076962, "tsne_3d_x": 8.8300285, "tsne_3d_y": -27.735632, "tsne_3d_z": 9.6953316, "grid_umap_1d_x": 362.0, "grid_umap_2d_x": 14.0, "grid_umap_2d_y": 10.0, "grid_umap_3d_x": 4.0, "grid_umap_3d_y": 0.0, "grid_umap_3d_z": 6.0, "grid_tsne_1d_x": 362.0, "grid_tsne_2d_x": 4.0, "grid_tsne_2d_y": 21.0, "grid_tsne_3d_x": 4.0, "grid_tsne_3d_y": 1.0, "grid_tsne_3d_z": 4.0, "patch_file": "patch_0362.png" }, "geometry": { "type": "Point", "coordinates": [ 33.906927548379599, 54.224307215245844 ] } },
{ "type": "Feature", "properties": { "index": 363, "lon": 0.66447800169461901, "lat": 45.509129964728288, "classification": 114, "subregion_name": "Unknown", "umap_1d_x": 14.573482, "umap_2d_x": -27.732222, "umap_2d_y": -11.96693, "umap_3d_x": -26.877884, "umap_3d_y": -30.310263, "umap_3d_z": 5.8051033, "tsne_1d_x": 10.80119, "tsne_2d_x": -12.044151, "tsne_2d_y": 15.32283, "tsne_3d_x": 14.212074, "tsne_3d_y": -17.866924, "tsne_3d_z": 0.77483749, "grid_umap_1d_x": 363.0, "grid_umap_2d_x": 3.0, "grid_umap_2d_y": 10.0, "grid_umap_3d_x": 6.0, "grid_umap_3d_y": 2.0, "grid_umap_3d_z": 3.0, "grid_tsne_1d_x": 363.0, "grid_tsne_2d_x": 3.0, "grid_tsne_2d_y": 21.0, "grid_tsne_3d_x": 7.0, "grid_tsne_3d_y": 0.0, "grid_tsne_3d_z": 1.0, "patch_file": "patch_0363.png" }, "geometry": { "type": "Point", "coordinates": [ 0.664478001694619, 45.509129964728288 ] } },
{ "type": "Feature", "properties": { "index": 364, "lon": 9.1718670492568037, "lat": 13.103095253886949, "classification": 30, "subregion_name": "Sub-Saharan Africa", "umap_1d_x": 2.2803545, "umap_2d_x": -16.297607, "umap_2d_y": 38.464775, "umap_3d_x": -12.717377, "umap_3d_y": 3.3067093, "umap_3d_z": -49.240437, "tsne_1d_x": -14.790811, "tsne_2d_x": 14.102707, "tsne_2d_y": 11.585529, "tsne_3d_x": 29.247437, "tsne_3d_y": 37.615921, "tsne_3d_z": -10.968658, "grid_umap_1d_x": 364.0, "grid_umap_2d_x": 5.0, "grid_umap_2d_y": 31.0, "grid_umap_3d_x": 5.0, "grid_umap_3d_y": 3.0, "grid_umap_3d_z": 0.0, "grid_tsne_1d_x": 364.0, "grid_tsne_2d_x": 18.0, "grid_tsne_2d_y": 14.0, "grid_tsne_3d_x": 9.0, "grid_tsne_3d_y": 9.0, "grid_tsne_3d_z": 3.0, "patch_file": "patch_0364.png" }, "geometry": { "type": "Point", "coordinates": [ 9.171867049256804, 13.103095253886949 ] } },
{ "type": "Feature", "properties": { "index": 365, "lon": 18.037890437038612, "lat": 5.8509512798437413, "classification": 126, "subregion_name": "Sub-Saharan Africa", "umap_1d_x": 4.3830404, "umap_2d_x": -9.1294937, "umap_2d_y": 31.688828, "umap_3d_x": -4.4544411, "umap_3d_y": 7.9651642, "umap_3d_z": -40.853775, "tsne_1d_x": -18.253897, "tsne_2d_x": 17.882889, "tsne_2d_y": 0.052654265999997563, "tsne_3d_x": 10.234459, "tsne_3d_y": 44.335358, "tsne_3d_z": -16.31778, "grid_umap_1d_x": 365.0, "grid_umap_2d_x": 12.0, "grid_umap_2d_y": 26.0, "grid_umap_3d_x": 7.0, "grid_umap_3d_y": 5.0, "grid_umap_3d_z": 0.0, "grid_tsne_1d_x": 365.0, "grid_tsne_2d_x": 19.0, "grid_tsne_2d_y": 3.0, "grid_tsne_3d_x": 6.0, "grid_tsne_3d_y": 8.0, "grid_tsne_3d_z": 3.0, "patch_file": "patch_0365.png" }, "geometry": { "type": "Point", "coordinates": [ 18.037890437038612, 5.850951279843741 ] } },
{ "type": "Feature", "properties": { "index": 366, "lon": 19.99212411158382, "lat": -20.496796747654784, "classification": 20, "subregion_name": "Sub-Saharan Africa", "umap_1d_x": -11.477244, "umap_2d_x": 46.024551, "umap_2d_y": 25.247368, "umap_3d_x": 48.156998, "umap_3d_y": 30.613853, "umap_3d_z": -3.5211868, "tsne_1d_x": -53.913548, "tsne_2d_x": 47.058929, "tsne_2d_y": 30.433456, "tsne_3d_x": -1.4704895, "tsne_3d_y": 6.097065, "tsne_3d_z": -48.110622, "grid_umap_1d_x": 366.0, "grid_umap_2d_x": 29.0, "grid_umap_2d_y": 21.0, "grid_umap_3d_x": 9.0, "grid_umap_3d_y": 7.0, "grid_umap_3d_z": 6.0, "grid_tsne_1d_x": 366.0, "grid_tsne_2d_x": 24.0, "grid_tsne_2d_y": 25.0, "grid_tsne_3d_x": 5.0, "grid_tsne_3d_y": 5.0, "grid_tsne_3d_z": 2.0, "patch_file": "patch_0366.png" }, "geometry": { "type": "Point", "coordinates": [ 19.99212411158382, -20.496796747654784 ] } },
{ "type": "Feature", "properties": { "index": 367, "lon": -99.942596755099117, "lat": 33.001462552567205, "classification": 30, "subregion_name": "Unknown", "umap_1d_x": 11.979187, "umap_2d_x": -22.465414, "umap_2d_y": -1.7054405, "umap_3d_x": -21.442953, "umap_3d_y": -21.997673, "umap_3d_z": -3.2397232, "tsne_1d_x": 4.7792616, "tsne_2d_x": -1.2209625, "tsne_2d_y": 7.7337914, "tsne_3d_x": -3.3920975, "tsne_3d_y": -6.9697723, "tsne_3d_z": -7.9127579, "grid_umap_1d_x": 367.0, "grid_umap_2d_x": 0.0, "grid_umap_2d_y": 13.0, "grid_umap_3d_x": 4.0, "grid_umap_3d_y": 0.0, "grid_umap_3d_z": 1.0, "grid_tsne_1d_x": 367.0, "grid_tsne_2d_x": 3.0, "grid_tsne_2d_y": 10.0, "grid_tsne_3d_x": 1.0, "grid_tsne_3d_y": 1.0, "grid_tsne_3d_z": 2.0, "patch_file": "patch_0367.png" }, "geometry": { "type": "Point", "coordinates": [ -99.942596755099117, 33.001462552567205 ] } },
{ "type": "Feature", "properties": { "index": 368, "lon": -85.484337994617604, "lat": 41.322850287628569, "classification": 40, "subregion_name": "Unknown", "umap_1d_x": 11.91944, "umap_2d_x": -22.875729, "umap_2d_y": -3.7257347, "umap_3d_x": -21.895164, "umap_3d_y": -23.784252, "umap_3d_z": -1.5215492, "tsne_1d_x": 5.0597453, "tsne_2d_x": -2.3434639, "tsne_2d_y": 6.6018181, "tsne_3d_x": -5.1420975, "tsne_3d_y": -11.573444, "tsne_3d_z": -7.760437, "grid_umap_1d_x": 368.0, "grid_umap_2d_x": 11.0, "grid_umap_2d_y": 19.0, "grid_umap_3d_x": 6.0, "grid_umap_3d_y": 0.0, "grid_umap_3d_z": 1.0, "grid_tsne_1d_x": 368.0, "grid_tsne_2d_x": 21.0, "grid_tsne_2d_y": 19.0, "grid_tsne_3d_x": 0.0, "grid_tsne_3d_y": 1.0, "grid_tsne_3d_z": 2.0, "patch_file": "patch_0368.png" }, "geometry": { "type": "Point", "coordinates": [ -85.484337994617604, 41.322850287628569 ] } },
{ "type": "Feature", "properties": { "index": 369, "lon": -98.457448497739279, "lat": 17.079736453495144, "classification": 115, "subregion_name": "Latin America and the Caribbean", "umap_1d_x": 6.767323, "umap_2d_x": -13.931339, "umap_2d_y": 12.656994, "umap_3d_x": -11.424301, "umap_3d_y": -1.2649803, "umap_3d_z": -15.512009, "tsne_1d_x": -8.9874716, "tsne_2d_x": 9.0852928, "tsne_2d_y": -13.702244, "tsne_3d_x": 0.88583755000001, "tsne_3d_y": 17.453728, "tsne_3d_z": -5.6732559, "grid_umap_1d_x": 369.0, "grid_umap_2d_x": 2.0, "grid_umap_2d_y": 20.0, "grid_umap_3d_x": 1.0, "grid_umap_3d_y": 4.0, "grid_umap_3d_z": 0.0, "grid_tsne_1d_x": 369.0, "grid_tsne_2d_x": 20.0, "grid_tsne_2d_y": 9.0, "grid_tsne_3d_x": 3.0, "grid_tsne_3d_y": 9.0, "grid_tsne_3d_z": 1.0, "patch_file": "patch_0369.png" }, "geometry": { "type": "Point", "coordinates": [ -98.457448497739279, 17.079736453495144 ] } },
{ "type": "Feature", "properties": { "index": 370, "lon": -47.141597044530812, "lat": -4.6908035795569774, "classification": 30, "subregion_name": "Latin America and the Caribbean", "umap_1d_x": -8.6670179, "umap_2d_x": 35.915062, "umap_2d_y": 24.196472, "umap_3d_x": 35.991058, "umap_3d_y": 28.454941, "umap_3d_z": -10.482307, "tsne_1d_x": -43.682407, "tsne_2d_x": 42.478004, "tsne_2d_y": 9.8002968, "tsne_3d_x": -17.704807, "tsne_3d_y": 18.344429, "tsne_3d_z": -31.710312, "grid_umap_1d_x": 370.0, "grid_umap_2d_x": 26.0, "grid_umap_2d_y": 22.0, "grid_umap_3d_x": 9.0, "grid_umap_3d_y": 8.0, "grid_umap_3d_z": 3.0, "grid_tsne_1d_x": 370.0, "grid_tsne_2d_x": 28.0, "grid_tsne_2d_y": 12.0, "grid_tsne_3d_x": 1.0, "grid_tsne_3d_y": 6.0, "grid_tsne_3d_z": 2.0, "patch_file": "patch_0370.png" }, "geometry": { "type": "Point", "coordinates": [ -47.141597044530812, -4.690803579556977 ] } },
{ "type": "Feature", "properties": { "index": 371, "lon": 18.734200659780186, "lat": 45.489967229288084, "classification": 40, "subregion_name": "Southern Europe", "umap_1d_x": 15.215987, "umap_2d_x": -32.821636, "umap_2d_y": -10.122944, "umap_3d_x": -31.968376, "umap_3d_y": -31.087152, "umap_3d_z": -2.437355, "tsne_1d_x": 13.316815, "tsne_2d_x": -11.892162, "tsne_2d_y": 32.083199, "tsne_3d_x": 28.582939, "tsne_3d_y": -18.488323, "tsne_3d_z": -0.19390106, "grid_umap_1d_x": 371.0, "grid_umap_2d_x": 15.0, "grid_umap_2d_y": 22.0, "grid_umap_3d_x": 5.0, "grid_umap_3d_y": 2.0, "grid_umap_3d_z": 2.0, "grid_tsne_1d_x": 371.0, "grid_tsne_2d_x": 2.0, "grid_tsne_2d_y": 31.0, "grid_tsne_3d_x": 9.0, "grid_tsne_3d_y": 1.0, "grid_tsne_3d_z": 2.0, "patch_file": "patch_0371.png" }, "geometry": { "type": "Point", "coordinates": [ 18.734200659780186, 45.489967229288084 ] } },
{ "type": "Feature", "properties": { "index": 372, "lon": 32.765770233262742, "lat": 58.83168907608291, "classification": 114, "subregion_name": "Eastern Europe", "umap_1d_x": 17.601818, "umap_2d_x": -28.956964, "umap_2d_y": -28.773678, "umap_3d_x": -30.354015, "umap_3d_y": -43.967979, "umap_3d_z": 22.641846, "tsne_1d_x": 24.936815, "tsne_2d_x": -22.02107, "tsne_2d_y": 12.376778, "tsne_3d_x": 8.6317406, "tsne_3d_y": -32.545204, "tsne_3d_z": 12.192665, "grid_umap_1d_x": 372.0, "grid_umap_2d_x": 6.0, "grid_umap_2d_y": 0.0, "grid_umap_3d_x": 5.0, "grid_umap_3d_y": 0.0, "grid_umap_3d_z": 6.0, "grid_tsne_1d_x": 372.0, "grid_tsne_2d_x": 14.0, "grid_tsne_2d_y": 26.0, "grid_tsne_3d_x": 3.0, "grid_tsne_3d_y": 3.0, "grid_tsne_3d_z": 4.0, "patch_file": "patch_0372.png" }, "geometry": { "type": "Point", "coordinates": [ 32.765770233262742, 58.83168907608291 ] } },
{ "type": "Feature", "properties": { "index": 373, "lon": -65.24363766571156, "lat": -13.100676372678123, "classification": 30, "subregion_name": "Latin America and the Caribbean", "umap_1d_x": -9.271244, "umap_2d_x": 35.900345, "umap_2d_y": 22.212563, "umap_3d_x": 37.069267, "umap_3d_y": 25.67453, "umap_3d_z": -9.7785225, "tsne_1d_x": -44.298626, "tsne_2d_x": 39.295265, "tsne_2d_y": 12.689869, "tsne_3d_x": -14.460529, "tsne_3d_y": 8.0979652, "tsne_3d_z": -27.300457, "grid_umap_1d_x": 373.0, "grid_umap_2d_x": 24.0, "grid_umap_2d_y": 19.0, "grid_umap_3d_x": 9.0, "grid_umap_3d_y": 6.0, "grid_umap_3d_z": 1.0, "grid_tsne_1d_x": 373.0, "grid_tsne_2d_x": 29.0, "grid_tsne_2d_y": 13.0, "grid_tsne_3d_x": 1.0, "grid_tsne_3d_y": 4.0, "grid_tsne_3d_z": 3.0, "patch_file": "patch_0373.png" }, "geometry": { "type": "Point", "coordinates": [ -65.24363766571156, -13.100676372678123 ] } },
{ "type": "Feature", "properties": { "index": 374, "lon": 16.056036974200168, "lat": 48.924265485874088, "classification": 114, "subregion_name": "Eastern Europe", "umap_1d_x": 14.665127, "umap_2d_x": -27.929596, "umap_2d_y": -13.083099, "umap_3d_x": -27.56209, "umap_3d_y": -31.927279, "umap_3d_z": 7.267292, "tsne_1d_x": 11.058896, "tsne_2d_x": -13.099945, "tsne_2d_y": 14.770157, "tsne_3d_x": 15.002968, "tsne_3d_y": -19.457331, "tsne_3d_z": 2.7938423, "grid_umap_1d_x": 374.0, "grid_umap_2d_x": 0.0, "grid_umap_2d_y": 7.0, "grid_umap_3d_x": 3.0, "grid_umap_3d_y": 0.0, "grid_umap_3d_z": 4.0, "grid_tsne_1d_x": 374.0, "grid_tsne_2d_x": 6.0, "grid_tsne_2d_y": 22.0, "grid_tsne_3d_x": 6.0, "grid_tsne_3d_y": 2.0, "grid_tsne_3d_z": 3.0, "patch_file": "patch_0374.png" }, "geometry": { "type": "Point", "coordinates": [ 16.056036974200168, 48.924265485874088 ] } },
{ "type": "Feature", "properties": { "index": 375, "lon": -110.80217951849754, "lat": 58.4940063700856, "classification": 126, "subregion_name": "Northern America", "umap_1d_x": 19.222773, "umap_2d_x": -37.302628, "umap_2d_y": -39.42585, "umap_3d_x": -35.937477, "umap_3d_y": -29.976732, "umap_3d_z": 35.009003, "tsne_1d_x": 33.684322, "tsne_2d_x": -21.0105, "tsne_2d_y": -9.6744537, "tsne_3d_x": 14.515289, "tsne_3d_y": -14.521198, "tsne_3d_z": 23.188362, "grid_umap_1d_x": 375.0, "grid_umap_2d_x": 23.0, "grid_umap_2d_y": 11.0, "grid_umap_3d_x": 2.0, "grid_umap_3d_y": 2.0, "grid_umap_3d_z": 9.0, "grid_tsne_1d_x": 375.0, "grid_tsne_2d_x": 10.0, "grid_tsne_2d_y": 9.0, "grid_tsne_3d_x": 6.0, "grid_tsne_3d_y": 2.0, "grid_tsne_3d_z": 8.0, "patch_file": "patch_0375.png" }, "geometry": { "type": "Point", "coordinates": [ -110.802179518497539, 58.4940063700856 ] } },
{ "type": "Feature", "properties": { "index": 376, "lon": -113.90929751399432, "lat": 54.505545515744998, "classification": 30, "subregion_name": "Northern America", "umap_1d_x": 18.091541, "umap_2d_x": -39.30611, "umap_2d_y": -22.75103, "umap_3d_x": -37.915493, "umap_3d_y": -23.882496, "umap_3d_z": 18.994057, "tsne_1d_x": 46.198494, "tsne_2d_x": -34.107639, "tsne_2d_y": -7.7543182, "tsne_3d_x": 25.767807, "tsne_3d_y": -3.8056068, "tsne_3d_z": 16.873428, "grid_umap_1d_x": 376.0, "grid_umap_2d_x": 3.0, "grid_umap_2d_y": 8.0, "grid_umap_3d_x": 0.0, "grid_umap_3d_y": 2.0, "grid_umap_3d_z": 6.0, "grid_tsne_1d_x": 376.0, "grid_tsne_2d_x": 9.0, "grid_tsne_2d_y": 15.0, "grid_tsne_3d_x": 9.0, "grid_tsne_3d_y": 5.0, "grid_tsne_3d_z": 6.0, "patch_file": "patch_0376.png" }, "geometry": { "type": "Point", "coordinates": [ -113.909297513994318, 54.505545515744998 ] } },
{ "type": "Feature", "properties": { "index": 377, "lon": 5.4407090146794701, "lat": 48.619411828872714, "classification": 114, "subregion_name": "Unknown", "umap_1d_x": 14.427786, "umap_2d_x": -26.800385, "umap_2d_y": -12.073921, "umap_3d_x": -25.918091, "umap_3d_y": -29.46418, "umap_3d_z": 6.9336395, "tsne_1d_x": 10.256245, "tsne_2d_x": -11.933716, "tsne_2d_y": 13.798462, "tsne_3d_x": 10.975765, "tsne_3d_y": -16.776901, "tsne_3d_z": 2.0140419, "grid_umap_1d_x": 377.0, "grid_umap_2d_x": 8.0, "grid_umap_2d_y": 13.0, "grid_umap_3d_x": 4.0, "grid_umap_3d_y": 2.0, "grid_umap_3d_z": 4.0, "grid_tsne_1d_x": 377.0, "grid_tsne_2d_x": 17.0, "grid_tsne_2d_y": 25.0, "grid_tsne_3d_x": 6.0, "grid_tsne_3d_y": 0.0, "grid_tsne_3d_z": 2.0, "patch_file": "patch_0377.png" }, "geometry": { "type": "Point", "coordinates": [ 5.44070901467947, 48.619411828872714 ] } },
{ "type": "Feature", "properties": { "index": 378, "lon": -94.898568240613471, "lat": 53.957293685444071, "classification": 111, "subregion_name": "Northern America", "umap_1d_x": 21.83283, "umap_2d_x": -40.752464, "umap_2d_y": -38.29805, "umap_3d_x": -42.87693, "umap_3d_y": -36.811092, "umap_3d_z": 36.620735, "tsne_1d_x": 38.288868, "tsne_2d_x": -36.241646, "tsne_2d_y": 1.0466499, "tsne_3d_x": 17.275604, "tsne_3d_y": -34.688641, "tsne_3d_z": 39.340767, "grid_umap_1d_x": 378.0, "grid_umap_2d_x": 18.0, "grid_umap_2d_y": 10.0, "grid_umap_3d_x": 3.0, "grid_umap_3d_y": 3.0, "grid_umap_3d_z": 7.0, "grid_tsne_1d_x": 378.0, "grid_tsne_2d_x": 0.0, "grid_tsne_2d_y": 16.0, "grid_tsne_3d_x": 5.0, "grid_tsne_3d_y": 1.0, "grid_tsne_3d_z": 9.0, "patch_file": "patch_0378.png" }, "geometry": { "type": "Point", "coordinates": [ -94.898568240613471, 53.957293685444071 ] } },
{ "type": "Feature", "properties": { "index": 379, "lon": 109.99304670596973, "lat": 21.751503914120235, "classification": 126, "subregion_name": "Unknown", "umap_1d_x": 8.5901651, "umap_2d_x": -15.330051, "umap_2d_y": 0.1074066199999919, "umap_3d_x": -17.100422, "umap_3d_y": -7.5157928, "umap_3d_z": 1.9176674, "tsne_1d_x": -5.0579782, "tsne_2d_x": -1.8182831, "tsne_2d_y": -12.966713, "tsne_3d_x": 4.8557396, "tsne_3d_y": 24.530807, "tsne_3d_z": 5.9065819, "grid_umap_1d_x": 379.0, "grid_umap_2d_x": 1.0, "grid_umap_2d_y": 11.0, "grid_umap_3d_x": 1.0, "grid_umap_3d_y": 5.0, "grid_umap_3d_z": 3.0, "grid_tsne_1d_x": 379.0, "grid_tsne_2d_x": 9.0, "grid_tsne_2d_y": 0.0, "grid_tsne_3d_x": 4.0, "grid_tsne_3d_y": 9.0, "grid_tsne_3d_z": 8.0, "patch_file": "patch_0379.png" }, "geometry": { "type": "Point", "coordinates": [ 109.993046705969732, 21.751503914120235 ] } },
{ "type": "Feature", "properties": { "index": 380, "lon": 18.904967918728602, "lat": 50.218390857557608, "classification": 115, "subregion_name": "Eastern Europe", "umap_1d_x": 17.006739, "umap_2d_x": -28.444122, "umap_2d_y": -22.87818, "umap_3d_x": -29.296713, "umap_3d_y": -40.043774, "umap_3d_z": 15.891716, "tsne_1d_x": 21.335632, "tsne_2d_x": -18.91995, "tsne_2d_y": 14.150032, "tsne_3d_x": 10.215439, "tsne_3d_y": -29.316568, "tsne_3d_z": 6.9538231, "grid_umap_1d_x": 380.0, "grid_umap_2d_x": 7.0, "grid_umap_2d_y": 5.0, "grid_umap_3d_x": 5.0, "grid_umap_3d_y": 0.0, "grid_umap_3d_z": 5.0, "grid_tsne_1d_x": 380.0, "grid_tsne_2d_x": 15.0, "grid_tsne_2d_y": 27.0, "grid_tsne_3d_x": 4.0, "grid_tsne_3d_y": 2.0, "grid_tsne_3d_z": 3.0, "patch_file": "patch_0380.png" }, "geometry": { "type": "Point", "coordinates": [ 18.904967918728602, 50.218390857557608 ] } },
{ "type": "Feature", "properties": { "index": 381, "lon": -46.29434547809629, "lat": -5.8855507550332788, "classification": 40, "subregion_name": "Latin America and the Caribbean", "umap_1d_x": -9.5230675, "umap_2d_x": 37.576469, "umap_2d_y": 22.016335, "umap_3d_x": 38.43383, "umap_3d_y": 26.789993, "umap_3d_z": -8.9659157, "tsne_1d_x": -44.730194, "tsne_2d_x": 41.24147, "tsne_2d_y": 14.524933, "tsne_3d_x": -11.349911, "tsne_3d_y": 13.372028, "tsne_3d_z": -33.01918, "grid_umap_1d_x": 381.0, "grid_umap_2d_x": 24.0, "grid_umap_2d_y": 18.0, "grid_umap_3d_x": 9.0, "grid_umap_3d_y": 7.0, "grid_umap_3d_z": 3.0, "grid_tsne_1d_x": 381.0, "grid_tsne_2d_x": 29.0, "grid_tsne_2d_y": 15.0, "grid_tsne_3d_x": 3.0, "grid_tsne_3d_y": 6.0, "grid_tsne_3d_z": 2.0, "patch_file": "patch_0381.png" }, "geometry": { "type": "Point", "coordinates": [ -46.29434547809629, -5.885550755033279 ] } },
{ "type": "Feature", "properties": { "index": 382, "lon": 26.388513632665649, "lat": -4.5454426931626486, "classification": 126, "subregion_name": "Sub-Saharan Africa", "umap_1d_x": -5.6114187, "umap_2d_x": 30.741074, "umap_2d_y": 41.746521, "umap_3d_x": 23.660545, "umap_3d_y": 49.056587, "umap_3d_z": -16.066612, "tsne_1d_x": -39.608055, "tsne_2d_x": 30.898117, "tsne_2d_y": -34.811752, "tsne_3d_x": -50.0, "tsne_3d_y": 34.461777, "tsne_3d_z": -14.659264, "grid_umap_1d_x": 382.0, "grid_umap_2d_x": 29.0, "grid_umap_2d_y": 31.0, "grid_umap_3d_x": 6.0, "grid_umap_3d_y": 9.0, "grid_umap_3d_z": 6.0, "grid_tsne_1d_x": 382.0, "grid_tsne_2d_x": 31.0, "grid_tsne_2d_y": 0.0, "grid_tsne_3d_x": 0.0, "grid_tsne_3d_y": 6.0, "grid_tsne_3d_z": 6.0, "patch_file": "patch_0382.png" }, "geometry": { "type": "Point", "coordinates": [ 26.388513632665649, -4.545442693162649 ] } },
{ "type": "Feature", "properties": { "index": 383, "lon": 110.16643583753972, "lat": 0.15962769060312401, "classification": 112, "subregion_name": "South-eastern Asia", "umap_1d_x": -4.3978348, "umap_2d_x": 26.556076, "umap_2d_y": 39.744911, "umap_3d_x": 22.296364, "umap_3d_y": 39.322731, "umap_3d_z": -21.810986, "tsne_1d_x": -32.253708, "tsne_2d_x": 23.940903, "tsne_2d_y": -33.796448, "tsne_3d_x": -28.900627, "tsne_3d_y": 32.518761, "tsne_3d_z": -14.354713, "grid_umap_1d_x": 383.0, "grid_umap_2d_x": 24.0, "grid_umap_2d_y": 31.0, "grid_umap_3d_x": 5.0, "grid_umap_3d_y": 7.0, "grid_umap_3d_z": 4.0, "grid_tsne_1d_x": 383.0, "grid_tsne_2d_x": 26.0, "grid_tsne_2d_y": 9.0, "grid_tsne_3d_x": 1.0, "grid_tsne_3d_y": 8.0, "grid_tsne_3d_z": 3.0, "patch_file": "patch_0383.png" }, "geometry": { "type": "Point", "coordinates": [ 110.166435837539723, 0.159627690603124 ] } },
{ "type": "Feature", "properties": { "index": 384, "lon": -3.983413913183369, "lat": 34.581227631287803, "classification": 20, "subregion_name": "Northern Africa", "umap_1d_x": 13.019749, "umap_2d_x": -25.363718, "umap_2d_y": 5.9302559, "umap_3d_x": -25.064583, "umap_3d_y": -18.542259, "umap_3d_z": -10.45647, "tsne_1d_x": 1.9948323, "tsne_2d_x": -0.69111252, "tsne_2d_y": 26.550453, "tsne_3d_x": 24.32386, "tsne_3d_y": 0.8953552199999919, "tsne_3d_z": -12.014683, "grid_umap_1d_x": 384.0, "grid_umap_2d_x": 11.0, "grid_umap_2d_y": 23.0, "grid_umap_3d_x": 2.0, "grid_umap_3d_y": 1.0, "grid_umap_3d_z": 0.0, "grid_tsne_1d_x": 384.0, "grid_tsne_2d_x": 11.0, "grid_tsne_2d_y": 29.0, "grid_tsne_3d_x": 8.0, "grid_tsne_3d_y": 5.0, "grid_tsne_3d_z": 2.0, "patch_file": "patch_0384.png" }, "geometry": { "type": "Point", "coordinates": [ -3.983413913183369, 34.581227631287803 ] } },
{ "type": "Feature", "properties": { "index": 385, "lon": -3.2584242272381521, "lat": 10.1715818523991, "classification": 126, "subregion_name": "Sub-Saharan Africa", "umap_1d_x": 3.855696, "umap_2d_x": -11.30669, "umap_2d_y": 32.025436, "umap_3d_x": -7.1724319, "umap_3d_y": 3.7093277, "umap_3d_z": -42.025703, "tsne_1d_x": -16.84737, "tsne_2d_x": 15.798386, "tsne_2d_y": 2.8715248, "tsne_3d_x": 16.678177, "tsne_3d_y": 43.10434, "tsne_3d_z": -12.959446, "grid_umap_1d_x": 385.0, "grid_umap_2d_x": 11.0, "grid_umap_2d_y": 26.0, "grid_umap_3d_x": 7.0, "grid_umap_3d_y": 1.0, "grid_umap_3d_z": 0.0, "grid_tsne_1d_x": 385.0, "grid_tsne_2d_x": 20.0, "grid_tsne_2d_y": 11.0, "grid_tsne_3d_x": 7.0, "grid_tsne_3d_y": 8.0, "grid_tsne_3d_z": 4.0, "patch_file": "patch_0385.png" }, "geometry": { "type": "Point", "coordinates": [ -3.258424227238152, 10.1715818523991 ] } },
{ "type": "Feature", "properties": { "index": 386, "lon": -82.176996259954961, "lat": 37.481218771140959, "classification": 114, "subregion_name": "Unknown", "umap_1d_x": 11.25666, "umap_2d_x": -24.049061, "umap_2d_y": -11.216717, "umap_3d_x": -22.581409, "umap_3d_y": -26.333506, "umap_3d_z": 9.0449677, "tsne_1d_x": 8.0924826, "tsne_2d_x": -10.237335, "tsne_2d_y": 7.1362152, "tsne_3d_x": 3.441185, "tsne_3d_y": -12.333725, "tsne_3d_z": 2.6319809, "grid_umap_1d_x": 386.0, "grid_umap_2d_x": 19.0, "grid_umap_2d_y": 20.0, "grid_umap_3d_x": 1.0, "grid_umap_3d_y": 0.0, "grid_umap_3d_z": 5.0, "grid_tsne_1d_x": 386.0, "grid_tsne_2d_x": 10.0, "grid_tsne_2d_y": 17.0, "grid_tsne_3d_x": 3.0, "grid_tsne_3d_y": 0.0, "grid_tsne_3d_z": 3.0, "patch_file": "patch_0386.png" }, "geometry": { "type": "Point", "coordinates": [ -82.176996259954961, 37.481218771140959 ] } },
{ "type": "Feature", "properties": { "index": 387, "lon": -68.354495624471426, "lat": 48.103015574964118, "classification": 115, "subregion_name": "Northern America", "umap_1d_x": 21.903629, "umap_2d_x": -36.49715, "umap_2d_y": -32.833233, "umap_3d_x": -39.945984, "umap_3d_y": -41.302593, "umap_3d_z": 28.763618, "tsne_1d_x": 35.227058, "tsne_2d_x": -37.442818, "tsne_2d_y": 13.291775, "tsne_3d_x": 21.534271, "tsne_3d_y": -45.448162, "tsne_3d_z": 28.405144, "grid_umap_1d_x": 387.0, "grid_umap_2d_x": 11.0, "grid_umap_2d_y": 6.0, "grid_umap_3d_x": 2.0, "grid_umap_3d_y": 0.0, "grid_umap_3d_z": 7.0, "grid_tsne_1d_x": 387.0, "grid_tsne_2d_x": 1.0, "grid_tsne_2d_y": 25.0, "grid_tsne_3d_x": 6.0, "grid_tsne_3d_y": 1.0, "grid_tsne_3d_z": 6.0, "patch_file": "patch_0387.png" }, "geometry": { "type": "Point", "coordinates": [ -68.354495624471426, 48.103015574964118 ] } },
{ "type": "Feature", "properties": { "index": 388, "lon": -49.9157614989482, "lat": -25.251390578774753, "classification": 30, "subregion_name": "Latin America and the Caribbean", "umap_1d_x": -10.526186, "umap_2d_x": 41.101906, "umap_2d_y": 11.137432, "umap_3d_x": 41.236809, "umap_3d_y": 16.084633, "umap_3d_z": 1.0722237, "tsne_1d_x": -56.680676, "tsne_2d_x": 33.042892, "tsne_2d_y": 27.445503, "tsne_3d_x": -15.18029, "tsne_3d_y": -14.870338, "tsne_3d_z": -36.553356, "grid_umap_1d_x": 388.0, "grid_umap_2d_x": 30.0, "grid_umap_2d_y": 12.0, "grid_umap_3d_x": 9.0, "grid_umap_3d_y": 6.0, "grid_umap_3d_z": 9.0, "grid_tsne_1d_x": 388.0, "grid_tsne_2d_x": 27.0, "grid_tsne_2d_y": 26.0, "grid_tsne_3d_x": 0.0, "grid_tsne_3d_y": 1.0, "grid_tsne_3d_z": 1.0, "patch_file": "patch_0388.png" }, "geometry": { "type": "Point", "coordinates": [ -49.9157614989482, -25.251390578774753 ] } },
{ "type": "Feature", "properties": { "index": 389, "lon": -70.247639407160108, "lat": 8.7688506413673935, "classification": 126, "subregion_name": "Latin America and the Caribbean", "umap_1d_x": 5.5481386, "umap_2d_x": -10.721916, "umap_2d_y": 21.799973, "umap_3d_x": -7.7264175, "umap_3d_y": 3.2663765, "umap_3d_z": -27.161917, "tsne_1d_x": -13.059672, "tsne_2d_x": 12.3438, "tsne_2d_y": -7.554821, "tsne_3d_x": 1.0813637, "tsne_3d_y": 37.341866, "tsne_3d_z": -7.314064, "grid_umap_1d_x": 389.0, "grid_umap_2d_x": 7.0, "grid_umap_2d_y": 24.0, "grid_umap_3d_x": 4.0, "grid_umap_3d_y": 5.0, "grid_umap_3d_z": 2.0, "grid_tsne_1d_x": 389.0, "grid_tsne_2d_x": 16.0, "grid_tsne_2d_y": 0.0, "grid_tsne_3d_x": 4.0, "grid_tsne_3d_y": 9.0, "grid_tsne_3d_z": 4.0, "patch_file": "patch_0389.png" }, "geometry": { "type": "Point", "coordinates": [ -70.247639407160108, 8.768850641367393 ] } },
{ "type": "Feature", "properties": { "index": 390, "lon": -128.02581311228721, "lat": 55.711685056871673, "classification": 111, "subregion_name": "Northern America", "umap_1d_x": 20.610111, "umap_2d_x": -34.69878, "umap_2d_y": -37.136456, "umap_3d_x": -38.705776, "umap_3d_y": -42.939606, "umap_3d_z": 34.595207, "tsne_1d_x": 30.49402, "tsne_2d_x": -31.024099, "tsne_2d_y": 15.903763, "tsne_3d_x": 6.4278946, "tsne_3d_y": -50.0, "tsne_3d_z": 35.373802, "grid_umap_1d_x": 390.0, "grid_umap_2d_x": 11.0, "grid_umap_2d_y": 1.0, "grid_umap_3d_x": 5.0, "grid_umap_3d_y": 2.0, "grid_umap_3d_z": 7.0, "grid_tsne_1d_x": 390.0, "grid_tsne_2d_x": 0.0, "grid_tsne_2d_y": 25.0, "grid_tsne_3d_x": 2.0, "grid_tsne_3d_y": 3.0, "grid_tsne_3d_z": 6.0, "patch_file": "patch_0390.png" }, "geometry": { "type": "Point", "coordinates": [ -128.02581311228721, 55.711685056871673 ] } },
{ "type": "Feature", "properties": { "index": 391, "lon": -70.97171674192073, "lat": -0.57478883458333696, "classification": 112, "subregion_name": "Latin America and the Caribbean", "umap_1d_x": -2.754931, "umap_2d_x": 21.284088, "umap_2d_y": 46.805344, "umap_3d_x": 18.986633, "umap_3d_y": 41.882584, "umap_3d_z": -30.16943, "tsne_1d_x": -36.226128, "tsne_2d_x": 24.433189, "tsne_2d_y": -43.744438, "tsne_3d_x": -36.41983, "tsne_3d_y": 41.13974, "tsne_3d_z": -10.59066, "grid_umap_1d_x": 391.0, "grid_umap_2d_x": 17.0, "grid_umap_2d_y": 31.0, "grid_umap_3d_x": 4.0, "grid_umap_3d_y": 7.0, "grid_umap_3d_z": 3.0, "grid_tsne_1d_x": 391.0, "grid_tsne_2d_x": 27.0, "grid_tsne_2d_y": 9.0, "grid_tsne_3d_x": 0.0, "grid_tsne_3d_y": 9.0, "grid_tsne_3d_z": 5.0, "patch_file": "patch_0391.png" }, "geometry": { "type": "Point", "coordinates": [ -70.97171674192073, -0.574788834583337 ] } },
{ "type": "Feature", "properties": { "index": 392, "lon": 36.085222265729726, "lat": -12.522623945840621, "classification": 114, "subregion_name": "Sub-Saharan Africa", "umap_1d_x": -9.3792152, "umap_2d_x": 39.892799, "umap_2d_y": 25.785454, "umap_3d_x": 40.930473, "umap_3d_y": 32.474739, "umap_3d_z": -4.1803169, "tsne_1d_x": -47.575336, "tsne_2d_x": 45.364723, "tsne_2d_y": 17.260132, "tsne_3d_x": -16.386898, "tsne_3d_y": 10.617691, "tsne_3d_z": -39.240852, "grid_umap_1d_x": 392.0, "grid_umap_2d_x": 23.0, "grid_umap_2d_y": 22.0, "grid_umap_3d_x": 9.0, "grid_umap_3d_y": 9.0, "grid_umap_3d_z": 5.0, "grid_tsne_1d_x": 392.0, "grid_tsne_2d_x": 24.0, "grid_tsne_2d_y": 18.0, "grid_tsne_3d_x": 1.0, "grid_tsne_3d_y": 5.0, "grid_tsne_3d_z": 0.0, "patch_file": "patch_0392.png" }, "geometry": { "type": "Point", "coordinates": [ 36.085222265729726, -12.522623945840621 ] } },
{ "type": "Feature", "properties": { "index": 393, "lon": -0.79144772479426695, "lat": 6.8417199424527553, "classification": 126, "subregion_name": "Sub-Saharan Africa", "umap_1d_x": 4.175004, "umap_2d_x": -10.32626, "umap_2d_y": 30.372231, "umap_3d_x": -6.0010147, "umap_3d_y": 4.8871765, "umap_3d_z": -39.519817, "tsne_1d_x": -17.56949, "tsne_2d_x": 17.366112, "tsne_2d_y": 2.769516, "tsne_3d_x": 13.581459, "tsne_3d_y": 48.107414, "tsne_3d_z": -13.630825, "grid_umap_1d_x": 393.0, "grid_umap_2d_x": 6.0, "grid_umap_2d_y": 26.0, "grid_umap_3d_x": 6.0, "grid_umap_3d_y": 4.0, "grid_umap_3d_z": 0.0, "grid_tsne_1d_x": 393.0, "grid_tsne_2d_x": 18.0, "grid_tsne_2d_y": 4.0, "grid_tsne_3d_x": 6.0, "grid_tsne_3d_y": 9.0, "grid_tsne_3d_z": 4.0, "patch_file": "patch_0393.png" }, "geometry": { "type": "Point", "coordinates": [ -0.791447724794267, 6.841719942452755 ] } },
{ "type": "Feature", "properties": { "index": 394, "lon": 79.160274877172924, "lat": 15.185287252105482, "classification": 40, "subregion_name": "Southern Asia", "umap_1d_x": 3.7840464, "umap_2d_x": -11.227253, "umap_2d_y": 32.324585, "umap_3d_x": -8.0512047, "umap_3d_y": 4.5905876, "umap_3d_z": -40.304356, "tsne_1d_x": -16.068239, "tsne_2d_x": 12.633781, "tsne_2d_y": 1.7090378, "tsne_3d_x": 16.476524, "tsne_3d_y": 38.022652, "tsne_3d_z": -7.6536369, "grid_umap_1d_x": 394.0, "grid_umap_2d_x": 1.0, "grid_umap_2d_y": 29.0, "grid_umap_3d_x": 5.0, "grid_umap_3d_y": 5.0, "grid_umap_3d_z": 0.0, "grid_tsne_1d_x": 394.0, "grid_tsne_2d_x": 18.0, "grid_tsne_2d_y": 11.0, "grid_tsne_3d_x": 7.0, "grid_tsne_3d_y": 7.0, "grid_tsne_3d_z": 5.0, "patch_file": "patch_0394.png" }, "geometry": { "type": "Point", "coordinates": [ 79.160274877172924, 15.185287252105482 ] } },
{ "type": "Feature", "properties": { "index": 395, "lon": 14.181718933798322, "lat": -15.627637630701749, "classification": 124, "subregion_name": "Sub-Saharan Africa", "umap_1d_x": -10.96923, "umap_2d_x": 43.608025, "umap_2d_y": 27.560822, "umap_3d_x": 45.595695, "umap_3d_y": 33.563812, "umap_3d_z": -2.7639771, "tsne_1d_x": -53.161087, "tsne_2d_x": 48.007881, "tsne_2d_y": 25.265739, "tsne_3d_x": -9.5582466, "tsne_3d_y": 9.5180626, "tsne_3d_z": -47.753517, "grid_umap_1d_x": 395.0, "grid_umap_2d_x": 24.0, "grid_umap_2d_y": 23.0, "grid_umap_3d_x": 8.0, "grid_umap_3d_y": 8.0, "grid_umap_3d_z": 9.0, "grid_tsne_1d_x": 395.0, "grid_tsne_2d_x": 27.0, "grid_tsne_2d_y": 23.0, "grid_tsne_3d_x": 3.0, "grid_tsne_3d_y": 5.0, "grid_tsne_3d_z": 0.0, "patch_file": "patch_0395.png" }, "geometry": { "type": "Point", "coordinates": [ 14.181718933798322, -15.627637630701749 ] } },
{ "type": "Feature", "properties": { "index": 396, "lon": 128.06070248152054, "lat": 62.996229848912094, "classification": 113, "subregion_name": "Eastern Europe", "umap_1d_x": 21.280985, "umap_2d_x": -42.325996, "umap_2d_y": -49.460335, "umap_3d_x": -40.198277, "umap_3d_y": -28.12772, "umap_3d_z": 49.352081, "tsne_1d_x": 41.027889, "tsne_2d_x": -32.747108, "tsne_2d_y": -17.53796, "tsne_3d_x": 9.7635384, "tsne_3d_y": -16.346279, "tsne_3d_z": 37.275131, "grid_umap_1d_x": 396.0, "grid_umap_2d_x": 22.0, "grid_umap_2d_y": 4.0, "grid_umap_3d_x": 6.0, "grid_umap_3d_y": 7.0, "grid_umap_3d_z": 9.0, "grid_tsne_1d_x": 396.0, "grid_tsne_2d_x": 14.0, "grid_tsne_2d_y": 11.0, "grid_tsne_3d_x": 3.0, "grid_tsne_3d_y": 5.0, "grid_tsne_3d_z": 9.0, "patch_file": "patch_0396.png" }, "geometry": { "type": "Point", "coordinates": [ 128.060702481520536, 62.996229848912094 ] } },
{ "type": "Feature", "properties": { "index": 397, "lon": 132.7648419597578, "lat": 66.072432574620763, "classification": 113, "subregion_name": "Eastern Europe", "umap_1d_x": 23.120855, "umap_2d_x": -46.474625, "umap_2d_y": -45.116245, "umap_3d_x": -44.828926, "umap_3d_y": -22.897705, "umap_3d_z": 47.191483, "tsne_1d_x": 42.489502, "tsne_2d_x": -37.037575, "tsne_2d_y": -21.764153, "tsne_3d_x": 18.426041, "tsne_3d_y": -11.324471, "tsne_3d_z": 42.783272, "grid_umap_1d_x": 397.0, "grid_umap_2d_x": 16.0, "grid_umap_2d_y": 7.0, "grid_umap_3d_x": 4.0, "grid_umap_3d_y": 8.0, "grid_umap_3d_z": 8.0, "grid_tsne_1d_x": 397.0, "grid_tsne_2d_x": 4.0, "grid_tsne_2d_y": 4.0, "grid_tsne_3d_x": 4.0, "grid_tsne_3d_y": 7.0, "grid_tsne_3d_z": 9.0, "patch_file": "patch_0397.png" }, "geometry": { "type": "Point", "coordinates": [ 132.764841959757803, 66.072432574620763 ] } },
{ "type": "Feature", "properties": { "index": 398, "lon": -90.970836087809658, "lat": 46.363362756669403, "classification": 126, "subregion_name": "Unknown", "umap_1d_x": 18.796183, "umap_2d_x": -33.968529, "umap_2d_y": -32.331207, "umap_3d_x": -32.425758, "umap_3d_y": -32.01067, "umap_3d_z": 28.831001, "tsne_1d_x": 22.282526, "tsne_2d_x": -17.976658, "tsne_2d_y": -0.90940094, "tsne_3d_x": 6.3293686, "tsne_3d_y": -14.532196, "tsne_3d_z": 15.736069, "grid_umap_1d_x": 398.0, "grid_umap_2d_x": 21.0, "grid_umap_2d_y": 13.0, "grid_umap_3d_x": 3.0, "grid_umap_3d_y": 2.0, "grid_umap_3d_z": 7.0, "grid_tsne_1d_x": 398.0, "grid_tsne_2d_x": 21.0, "grid_tsne_2d_y": 20.0, "grid_tsne_3d_x": 4.0, "grid_tsne_3d_y": 0.0, "grid_tsne_3d_z": 8.0, "patch_file": "patch_0398.png" }, "geometry": { "type": "Point", "coordinates": [ -90.970836087809658, 46.363362756669403 ] } },
{ "type": "Feature", "properties": { "index": 399, "lon": 17.823987943430268, "lat": -20.199303955135306, "classification": 20, "subregion_name": "Sub-Saharan Africa", "umap_1d_x": -11.58015, "umap_2d_x": 46.104439, "umap_2d_y": 25.346275, "umap_3d_x": 48.383232, "umap_3d_y": 30.465042, "umap_3d_z": -2.9204559, "tsne_1d_x": -54.097893, "tsne_2d_x": 46.572083, "tsne_2d_y": 31.52298, "tsne_3d_x": -0.9536705, "tsne_3d_y": 4.5607796, "tsne_3d_z": -49.177963, "grid_umap_1d_x": 399.0, "grid_umap_2d_x": 28.0, "grid_umap_2d_y": 21.0, "grid_umap_3d_x": 8.0, "grid_umap_3d_y": 7.0, "grid_umap_3d_z": 8.0, "grid_tsne_1d_x": 399.0, "grid_tsne_2d_x": 28.0, "grid_tsne_2d_y": 27.0, "grid_tsne_3d_x": 4.0, "grid_tsne_3d_y": 4.0, "grid_tsne_3d_z": 0.0, "patch_file": "patch_0399.png" }, "geometry": { "type": "Point", "coordinates": [ 17.823987943430268, -20.199303955135306 ] } },
{ "type": "Feature", "properties": { "index": 400, "lon": 149.06498250720864, "lat": -5.9395783076190369, "classification": 112, "subregion_name": "Melanesia", "umap_1d_x": -4.2878475, "umap_2d_x": 25.699692, "umap_2d_y": 38.357269, "umap_3d_x": 21.261436, "umap_3d_y": 36.624428, "umap_3d_z": -19.013653, "tsne_1d_x": -29.869413, "tsne_2d_x": 20.801414, "tsne_2d_y": -32.093113, "tsne_3d_x": -28.988688, "tsne_3d_y": 22.177719, "tsne_3d_z": -13.075779, "grid_umap_1d_x": 400.0, "grid_umap_2d_x": 23.0, "grid_umap_2d_y": 30.0, "grid_umap_3d_x": 6.0, "grid_umap_3d_y": 9.0, "grid_umap_3d_z": 3.0, "grid_tsne_1d_x": 400.0, "grid_tsne_2d_x": 24.0, "grid_tsne_2d_y": 4.0, "grid_tsne_3d_x": 1.0, "grid_tsne_3d_y": 6.0, "grid_tsne_3d_z": 3.0, "patch_file": "patch_0400.png" }, "geometry": { "type": "Point", "coordinates": [ 149.06498250720864, -5.939578307619037 ] } },
{ "type": "Feature", "properties": { "index": 401, "lon": 137.13230247375037, "lat": 63.812506181251834, "classification": 30, "subregion_name": "Eastern Europe", "umap_1d_x": 25.245173, "umap_2d_x": -49.835781, "umap_2d_y": -29.674084, "umap_3d_x": -50.0, "umap_3d_y": -16.718807, "umap_3d_z": 27.215294, "tsne_1d_x": 55.942318, "tsne_2d_x": -48.747955, "tsne_2d_y": -17.460804, "tsne_3d_x": 47.479713, "tsne_3d_y": -13.694565, "tsne_3d_z": 37.493423, "grid_umap_1d_x": 401.0, "grid_umap_2d_x": 9.0, "grid_umap_2d_y": 13.0, "grid_umap_3d_x": 0.0, "grid_umap_3d_y": 9.0, "grid_umap_3d_z": 6.0, "grid_tsne_1d_x": 401.0, "grid_tsne_2d_x": 8.0, "grid_tsne_2d_y": 13.0, "grid_tsne_3d_x": 8.0, "grid_tsne_3d_y": 7.0, "grid_tsne_3d_z": 7.0, "patch_file": "patch_0401.png" }, "geometry": { "type": "Point", "coordinates": [ 137.132302473750372, 63.812506181251834 ] } },
{ "type": "Feature", "properties": { "index": 402, "lon": 136.58146296743462, "lat": -32.224062937767577, "classification": 30, "subregion_name": "Unknown", "umap_1d_x": -13.627041, "umap_2d_x": 48.689781, "umap_2d_y": 4.0572891, "umap_3d_x": 48.513931, "umap_3d_y": -1.7974319, "umap_3d_z": -0.69346619, "tsne_1d_x": -62.001801, "tsne_2d_x": 37.989601, "tsne_2d_y": 45.949989, "tsne_3d_x": 13.759441, "tsne_3d_y": -13.083557, "tsne_3d_z": -43.589748, "grid_umap_1d_x": 402.0, "grid_umap_2d_x": 29.0, "grid_umap_2d_y": 6.0, "grid_umap_3d_x": 8.0, "grid_umap_3d_y": 2.0, "grid_umap_3d_z": 2.0, "grid_tsne_1d_x": 402.0, "grid_tsne_2d_x": 23.0, "grid_tsne_2d_y": 31.0, "grid_tsne_3d_x": 7.0, "grid_tsne_3d_y": 2.0, "grid_tsne_3d_z": 0.0, "patch_file": "patch_0402.png" }, "geometry": { "type": "Point", "coordinates": [ 136.581462967434618, -32.224062937767577 ] } },
{ "type": "Feature", "properties": { "index": 403, "lon": 14.054422522161275, "lat": 48.834019249710437, "classification": 116, "subregion_name": "Eastern Europe", "umap_1d_x": 14.176453, "umap_2d_x": -27.335381, "umap_2d_y": -10.234608, "umap_3d_x": -26.779751, "umap_3d_y": -25.892555, "umap_3d_z": 5.765419, "tsne_1d_x": 10.035414, "tsne_2d_x": -12.752636, "tsne_2d_y": 11.215263, "tsne_3d_x": 15.122673, "tsne_3d_y": -10.353264, "tsne_3d_z": 5.3594284, "grid_umap_1d_x": 403.0, "grid_umap_2d_x": 3.0, "grid_umap_2d_y": 11.0, "grid_umap_3d_x": 2.0, "grid_umap_3d_y": 2.0, "grid_umap_3d_z": 4.0, "grid_tsne_1d_x": 403.0, "grid_tsne_2d_x": 16.0, "grid_tsne_2d_y": 23.0, "grid_tsne_3d_x": 9.0, "grid_tsne_3d_y": 0.0, "grid_tsne_3d_z": 5.0, "patch_file": "patch_0403.png" }, "geometry": { "type": "Point", "coordinates": [ 14.054422522161275, 48.834019249710437 ] } },
{ "type": "Feature", "properties": { "index": 404, "lon": 24.855579314765947, "lat": 51.156774531901803, "classification": 40, "subregion_name": "Eastern Europe", "umap_1d_x": 15.293949, "umap_2d_x": -33.479931, "umap_2d_y": -10.779305, "umap_3d_x": -32.997173, "umap_3d_y": -30.661396, "umap_3d_z": -0.76216888, "tsne_1d_x": 13.670465, "tsne_2d_x": -12.421814, "tsne_2d_y": 30.870186, "tsne_3d_x": 29.975594, "tsne_3d_y": -17.922791, "tsne_3d_z": 2.1549225, "grid_umap_1d_x": 404.0, "grid_umap_2d_x": 5.0, "grid_umap_2d_y": 15.0, "grid_umap_3d_x": 0.0, "grid_umap_3d_y": 0.0, "grid_umap_3d_z": 2.0, "grid_tsne_1d_x": 404.0, "grid_tsne_2d_x": 8.0, "grid_tsne_2d_y": 30.0, "grid_tsne_3d_x": 9.0, "grid_tsne_3d_y": 2.0, "grid_tsne_3d_z": 3.0, "patch_file": "patch_0404.png" }, "geometry": { "type": "Point", "coordinates": [ 24.855579314765947, 51.156774531901803 ] } },
{ "type": "Feature", "properties": { "index": 405, "lon": 137.21782384729778, "lat": 54.116479767388824, "classification": 111, "subregion_name": "Unknown", "umap_1d_x": 19.484957, "umap_2d_x": -38.438583, "umap_2d_y": -45.516155, "umap_3d_x": -36.00592, "umap_3d_y": -32.161118, "umap_3d_z": 42.083946, "tsne_1d_x": 33.929928, "tsne_2d_x": -26.32832, "tsne_2d_y": -10.841175, "tsne_3d_x": 8.5720482, "tsne_3d_y": -18.875525, "tsne_3d_z": 30.048576, "grid_umap_1d_x": 405.0, "grid_umap_2d_x": 24.0, "grid_umap_2d_y": 7.0, "grid_umap_3d_x": 3.0, "grid_umap_3d_y": 3.0, "grid_umap_3d_z": 9.0, "grid_tsne_1d_x": 405.0, "grid_tsne_2d_x": 6.0, "grid_tsne_2d_y": 8.0, "grid_tsne_3d_x": 4.0, "grid_tsne_3d_y": 2.0, "grid_tsne_3d_z": 9.0, "patch_file": "patch_0405.png" }, "geometry": { "type": "Point", "coordinates": [ 137.21782384729778, 54.116479767388824 ] } },
{ "type": "Feature", "properties": { "index": 406, "lon": 24.013825566420309, "lat": 56.117553485903869, "classification": 40, "subregion_name": "Northern Europe", "umap_1d_x": 15.299195, "umap_2d_x": -33.378647, "umap_2d_y": -10.092918, "umap_3d_x": -33.339012, "umap_3d_y": -31.267996, "umap_3d_z": -1.5852242, "tsne_1d_x": 13.549992, "tsne_2d_x": -11.236607, "tsne_2d_y": 30.287849, "tsne_3d_x": 33.273552, "tsne_3d_y": -20.6712, "tsne_3d_z": 1.1774292, "grid_umap_1d_x": 406.0, "grid_umap_2d_x": 7.0, "grid_umap_2d_y": 17.0, "grid_umap_3d_x": 2.0, "grid_umap_3d_y": 0.0, "grid_umap_3d_z": 2.0, "grid_tsne_1d_x": 406.0, "grid_tsne_2d_x": 5.0, "grid_tsne_2d_y": 30.0, "grid_tsne_3d_x": 8.0, "grid_tsne_3d_y": 3.0, "grid_tsne_3d_z": 3.0, "patch_file": "patch_0406.png" }, "geometry": { "type": "Point", "coordinates": [ 24.013825566420309, 56.117553485903869 ] } },
{ "type": "Feature", "properties": { "index": 407, "lon": 70.41302934796505, "lat": 61.415625159584295, "classification": 30, "subregion_name": "Eastern Europe", "umap_1d_x": 23.208685, "umap_2d_x": -41.95689, "umap_2d_y": -27.248949, "umap_3d_x": -42.277031, "umap_3d_y": -25.595264, "umap_3d_z": 24.842339, "tsne_1d_x": 47.549152, "tsne_2d_x": -41.98204, "tsne_2d_y": -2.3164749, "tsne_3d_x": 29.376022, "tsne_3d_y": -17.759911, "tsne_3d_z": 25.389954, "grid_umap_1d_x": 407.0, "grid_umap_2d_x": 9.0, "grid_umap_2d_y": 10.0, "grid_umap_3d_x": 0.0, "grid_umap_3d_y": 3.0, "grid_umap_3d_z": 7.0, "grid_tsne_1d_x": 407.0, "grid_tsne_2d_x": 6.0, "grid_tsne_2d_y": 18.0, "grid_tsne_3d_x": 8.0, "grid_tsne_3d_y": 3.0, "grid_tsne_3d_z": 7.0, "patch_file": "patch_0407.png" }, "geometry": { "type": "Point", "coordinates": [ 70.41302934796505, 61.415625159584295 ] } },
{ "type": "Feature", "properties": { "index": 408, "lon": 23.704142923724561, "lat": 54.359469554848218, "classification": 40, "subregion_name": "Northern Europe", "umap_1d_x": 15.452096, "umap_2d_x": -33.706825, "umap_2d_y": -11.23756, "umap_3d_x": -33.488113, "umap_3d_y": -31.064827, "umap_3d_z": -0.27088928, "tsne_1d_x": 13.960368, "tsne_2d_x": -12.887249, "tsne_2d_y": 29.809265, "tsne_3d_x": 30.443031, "tsne_3d_y": -20.212423, "tsne_3d_z": 4.2083015, "grid_umap_1d_x": 408.0, "grid_umap_2d_x": 10.0, "grid_umap_2d_y": 18.0, "grid_umap_3d_x": 5.0, "grid_umap_3d_y": 4.0, "grid_umap_3d_z": 3.0, "grid_tsne_1d_x": 408.0, "grid_tsne_2d_x": 3.0, "grid_tsne_2d_y": 30.0, "grid_tsne_3d_x": 9.0, "grid_tsne_3d_y": 1.0, "grid_tsne_3d_z": 4.0, "patch_file": "patch_0408.png" }, "geometry": { "type": "Point", "coordinates": [ 23.704142923724561, 54.359469554848218 ] } },
{ "type": "Feature", "properties": { "index": 409, "lon": 77.28977825602334, "lat": 59.106842746598531, "classification": 111, "subregion_name": "Eastern Europe", "umap_1d_x": 18.813929, "umap_2d_x": -32.227974, "umap_2d_y": -35.752708, "umap_3d_x": -33.010784, "umap_3d_y": -41.054977, "umap_3d_z": 32.095337, "tsne_1d_x": 26.956528, "tsne_2d_x": -25.054186, "tsne_2d_y": 6.9661674, "tsne_3d_x": 5.6668396, "tsne_3d_y": -31.023762, "tsne_3d_z": 21.360146, "grid_umap_1d_x": 409.0, "grid_umap_2d_x": 24.0, "grid_umap_2d_y": 11.0, "grid_umap_3d_x": 6.0, "grid_umap_3d_y": 2.0, "grid_umap_3d_z": 7.0, "grid_tsne_1d_x": 409.0, "grid_tsne_2d_x": 0.0, "grid_tsne_2d_y": 17.0, "grid_tsne_3d_x": 3.0, "grid_tsne_3d_y": 0.0, "grid_tsne_3d_z": 7.0, "patch_file": "patch_0409.png" }, "geometry": { "type": "Point", "coordinates": [ 77.28977825602334, 59.106842746598531 ] } },
{ "type": "Feature", "properties": { "index": 410, "lon": -105.19158158782849, "lat": 23.283078072611787, "classification": 126, "subregion_name": "Latin America and the Caribbean", "umap_1d_x": 7.2425532, "umap_2d_x": -16.225372, "umap_2d_y": 10.309322, "umap_3d_x": -14.911263, "umap_3d_y": -4.2144699, "umap_3d_z": -14.230656, "tsne_1d_x": -7.3547907, "tsne_2d_x": 4.226059, "tsne_2d_y": -10.87075, "tsne_3d_x": 4.9686432, "tsne_3d_y": 18.708595, "tsne_3d_z": -12.742493, "grid_umap_1d_x": 410.0, "grid_umap_2d_x": 13.0, "grid_umap_2d_y": 24.0, "grid_umap_3d_x": 0.0, "grid_umap_3d_y": 3.0, "grid_umap_3d_z": 0.0, "grid_tsne_1d_x": 410.0, "grid_tsne_2d_x": 11.0, "grid_tsne_2d_y": 0.0, "grid_tsne_3d_x": 5.0, "grid_tsne_3d_y": 8.0, "grid_tsne_3d_z": 0.0, "patch_file": "patch_0410.png" }, "geometry": { "type": "Point", "coordinates": [ -105.191581587828495, 23.283078072611787 ] } },
{ "type": "Feature", "properties": { "index": 411, "lon": -62.722914053885688, "lat": -0.82359857895254196, "classification": 30, "subregion_name": "Latin America and the Caribbean", "umap_1d_x": -2.8787282, "umap_2d_x": 21.962791, "umap_2d_y": 46.01564, "umap_3d_x": 19.294029, "umap_3d_y": 39.104294, "umap_3d_z": -30.807831, "tsne_1d_x": -38.568024, "tsne_2d_x": 20.236954, "tsne_2d_y": -46.884754, "tsne_3d_x": -23.659843, "tsne_3d_y": 44.396767, "tsne_3d_z": -8.1763306, "grid_umap_1d_x": 411.0, "grid_umap_2d_x": 17.0, "grid_umap_2d_y": 29.0, "grid_umap_3d_x": 5.0, "grid_umap_3d_y": 8.0, "grid_umap_3d_z": 1.0, "grid_tsne_1d_x": 411.0, "grid_tsne_2d_x": 25.0, "grid_tsne_2d_y": 13.0, "grid_tsne_3d_x": 2.0, "grid_tsne_3d_y": 9.0, "grid_tsne_3d_z": 7.0, "patch_file": "patch_0411.png" }, "geometry": { "type": "Point", "coordinates": [ -62.722914053885688, -0.823598578952542 ] } },
{ "type": "Feature", "properties": { "index": 412, "lon": 130.59709705263106, "lat": -29.088381888752576, "classification": 20, "subregion_name": "Unknown", "umap_1d_x": -13.653237, "umap_2d_x": 48.178879, "umap_2d_y": 3.1172523, "umap_3d_x": 48.312599, "umap_3d_y": -2.688633, "umap_3d_z": 0.53481293000001, "tsne_1d_x": -62.297562, "tsne_2d_x": 39.061485, "tsne_2d_y": 44.841835, "tsne_3d_x": 10.038937, "tsne_3d_y": -14.014374, "tsne_3d_z": -45.0326, "grid_umap_1d_x": 412.0, "grid_umap_2d_x": 29.0, "grid_umap_2d_y": 4.0, "grid_umap_3d_x": 9.0, "grid_umap_3d_y": 2.0, "grid_umap_3d_z": 4.0, "grid_tsne_1d_x": 412.0, "grid_tsne_2d_x": 24.0, "grid_tsne_2d_y": 30.0, "grid_tsne_3d_x": 6.0, "grid_tsne_3d_y": 2.0, "grid_tsne_3d_z": 0.0, "patch_file": "patch_0412.png" }, "geometry": { "type": "Point", "coordinates": [ 130.597097052631057, -29.088381888752576 ] } },
{ "type": "Feature", "properties": { "index": 413, "lon": 109.94447390516962, "lat": 62.058839456522264, "classification": 113, "subregion_name": "Eastern Europe", "umap_1d_x": 21.152153, "umap_2d_x": -41.343685, "umap_2d_y": -48.7076, "umap_3d_x": -39.222633, "umap_3d_y": -28.785007, "umap_3d_z": 48.263779, "tsne_1d_x": 40.846828, "tsne_2d_x": -31.961905, "tsne_2d_y": -16.764362, "tsne_3d_x": 9.2705956, "tsne_3d_y": -17.473518, "tsne_3d_z": 34.967613, "grid_umap_1d_x": 413.0, "grid_umap_2d_x": 20.0, "grid_umap_2d_y": 2.0, "grid_umap_3d_x": 5.0, "grid_umap_3d_y": 6.0, "grid_umap_3d_z": 8.0, "grid_tsne_1d_x": 413.0, "grid_tsne_2d_x": 12.0, "grid_tsne_2d_y": 10.0, "grid_tsne_3d_x": 3.0, "grid_tsne_3d_y": 4.0, "grid_tsne_3d_z": 8.0, "patch_file": "patch_0413.png" }, "geometry": { "type": "Point", "coordinates": [ 109.944473905169616, 62.058839456522264 ] } },
{ "type": "Feature", "properties": { "index": 414, "lon": 107.36153385346898, "lat": 21.833164796965562, "classification": 112, "subregion_name": "Unknown", "umap_1d_x": 8.4658489, "umap_2d_x": -15.375889, "umap_2d_y": 1.2593498, "umap_3d_x": -16.038574, "umap_3d_y": -8.3632469, "umap_3d_z": 0.45580291999998934, "tsne_1d_x": -5.4533496, "tsne_2d_x": -1.0214233, "tsne_2d_y": -11.358746, "tsne_3d_x": 2.6696014, "tsne_3d_y": 23.011688, "tsne_3d_z": 3.5046654, "grid_umap_1d_x": 414.0, "grid_umap_2d_x": 14.0, "grid_umap_2d_y": 21.0, "grid_umap_3d_x": 1.0, "grid_umap_3d_y": 4.0, "grid_umap_3d_z": 3.0, "grid_tsne_1d_x": 414.0, "grid_tsne_2d_x": 15.0, "grid_tsne_2d_y": 8.0, "grid_tsne_3d_x": 3.0, "grid_tsne_3d_y": 8.0, "grid_tsne_3d_z": 8.0, "patch_file": "patch_0414.png" }, "geometry": { "type": "Point", "coordinates": [ 107.361533853468984, 21.833164796965562 ] } },
{ "type": "Feature", "properties": { "index": 415, "lon": 78.59813282734666, "lat": 16.733927262900067, "classification": 40, "subregion_name": "Southern Asia", "umap_1d_x": 3.8318257, "umap_2d_x": -11.847378, "umap_2d_y": 31.005516, "umap_3d_x": -8.649765, "umap_3d_y": 5.5482216, "umap_3d_z": -39.5765, "tsne_1d_x": -16.014854, "tsne_2d_x": 12.911053, "tsne_2d_y": 3.311264, "tsne_3d_x": 17.449486, "tsne_3d_y": 41.565994, "tsne_3d_z": -7.8712921, "grid_umap_1d_x": 415.0, "grid_umap_2d_x": 12.0, "grid_umap_2d_y": 25.0, "grid_umap_3d_x": 3.0, "grid_umap_3d_y": 7.0, "grid_umap_3d_z": 0.0, "grid_tsne_1d_x": 415.0, "grid_tsne_2d_x": 14.0, "grid_tsne_2d_y": 5.0, "grid_tsne_3d_x": 7.0, "grid_tsne_3d_y": 8.0, "grid_tsne_3d_z": 5.0, "patch_file": "patch_0415.png" }, "geometry": { "type": "Point", "coordinates": [ 78.59813282734666, 16.733927262900067 ] } },
{ "type": "Feature", "properties": { "index": 416, "lon": 88.993875589689083, "lat": 52.826961914405899, "classification": 111, "subregion_name": "Eastern Europe", "umap_1d_x": 20.109856, "umap_2d_x": -34.260349, "umap_2d_y": -44.526138, "umap_3d_x": -36.134773, "umap_3d_y": -42.04808, "umap_3d_z": 41.337952, "tsne_1d_x": 30.126919, "tsne_2d_x": -27.460623, "tsne_2d_y": -2.5276566, "tsne_3d_x": -2.7832451, "tsne_3d_y": -32.647823, "tsne_3d_z": 30.40535, "grid_umap_1d_x": 416.0, "grid_umap_2d_x": 22.0, "grid_umap_2d_y": 1.0, "grid_umap_3d_x": 8.0, "grid_umap_3d_y": 3.0, "grid_umap_3d_z": 8.0, "grid_tsne_1d_x": 416.0, "grid_tsne_2d_x": 11.0, "grid_tsne_2d_y": 17.0, "grid_tsne_3d_x": 0.0, "grid_tsne_3d_y": 0.0, "grid_tsne_3d_z": 9.0, "patch_file": "patch_0416.png" }, "geometry": { "type": "Point", "coordinates": [ 88.993875589689083, 52.826961914405899 ] } },
{ "type": "Feature", "properties": { "index": 417, "lon": 10.794213837094333, "lat": 61.617737177609357, "classification": 30, "subregion_name": "Northern Europe", "umap_1d_x": 24.193577, "umap_2d_x": -46.519062, "umap_2d_y": -33.954613, "umap_3d_x": -47.707325, "umap_3d_y": -26.402771, "umap_3d_z": 33.333382, "tsne_1d_x": 53.795399, "tsne_2d_x": -49.754025, "tsne_2d_y": -8.0738831, "tsne_3d_x": 42.618813, "tsne_3d_y": -32.164795, "tsne_3d_z": 36.959145, "grid_umap_1d_x": 417.0, "grid_umap_2d_x": 19.0, "grid_umap_2d_y": 16.0, "grid_umap_3d_x": 0.0, "grid_umap_3d_y": 4.0, "grid_umap_3d_z": 8.0, "grid_tsne_1d_x": 417.0, "grid_tsne_2d_x": 13.0, "grid_tsne_2d_y": 20.0, "grid_tsne_3d_x": 9.0, "grid_tsne_3d_y": 1.0, "grid_tsne_3d_z": 8.0, "patch_file": "patch_0417.png" }, "geometry": { "type": "Point", "coordinates": [ 10.794213837094333, 61.617737177609357 ] } },
{ "type": "Feature", "properties": { "index": 418, "lon": 158.49277114387399, "lat": 67.378211645703843, "classification": 30, "subregion_name": "Eastern Europe", "umap_1d_x": 24.638945, "umap_2d_x": -49.683514, "umap_2d_y": -36.818268, "umap_3d_x": -48.818123, "umap_3d_y": -17.266579, "umap_3d_z": 38.215599, "tsne_1d_x": 50.86874, "tsne_2d_x": -42.469837, "tsne_2d_y": -16.248119, "tsne_3d_x": 31.238136, "tsne_3d_y": -9.0331116, "tsne_3d_z": 40.246284, "grid_umap_1d_x": 418.0, "grid_umap_2d_x": 9.0, "grid_umap_2d_y": 8.0, "grid_umap_3d_x": 2.0, "grid_umap_3d_y": 9.0, "grid_umap_3d_z": 7.0, "grid_tsne_1d_x": 418.0, "grid_tsne_2d_x": 20.0, "grid_tsne_2d_y": 18.0, "grid_tsne_3d_x": 8.0, "grid_tsne_3d_y": 7.0, "grid_tsne_3d_z": 9.0, "patch_file": "patch_0418.png" }, "geometry": { "type": "Point", "coordinates": [ 158.492771143873995, 67.378211645703843 ] } },
{ "type": "Feature", "properties": { "index": 419, "lon": -0.84229655383106194, "lat": 5.5592395117578377, "classification": 126, "subregion_name": "Sub-Saharan Africa", "umap_1d_x": 4.4854555, "umap_2d_x": -9.3183441, "umap_2d_y": 29.687325, "umap_3d_x": -4.9625053, "umap_3d_y": 5.1929817, "umap_3d_z": -37.106621, "tsne_1d_x": -19.277678, "tsne_2d_x": 16.809532, "tsne_2d_y": -8.6715164, "tsne_3d_x": 1.2687759, "tsne_3d_y": 42.749634, "tsne_3d_z": -13.711086, "grid_umap_1d_x": 419.0, "grid_umap_2d_x": 1.0, "grid_umap_2d_y": 27.0, "grid_umap_3d_x": 7.0, "grid_umap_3d_y": 4.0, "grid_umap_3d_z": 2.0, "grid_tsne_1d_x": 419.0, "grid_tsne_2d_x": 22.0, "grid_tsne_2d_y": 8.0, "grid_tsne_3d_x": 4.0, "grid_tsne_3d_y": 8.0, "grid_tsne_3d_z": 3.0, "patch_file": "patch_0419.png" }, "geometry": { "type": "Point", "coordinates": [ -0.842296553831062, 5.559239511757838 ] } },
{ "type": "Feature", "properties": { "index": 420, "lon": 119.85855091238113, "lat": 31.257534052655032, "classification": 90, "subregion_name": "Unknown", "umap_1d_x": 8.8429213, "umap_2d_x": -15.669533, "umap_2d_y": -2.3071938, "umap_3d_x": -18.373346, "umap_3d_y": -7.9009819, "umap_3d_z": 3.8661346, "tsne_1d_x": -4.3836937, "tsne_2d_x": -4.1699944, "tsne_2d_y": -15.387207, "tsne_3d_x": 9.7505798, "tsne_3d_y": 23.095619, "tsne_3d_z": 10.155479, "grid_umap_1d_x": 420.0, "grid_umap_2d_x": 19.0, "grid_umap_2d_y": 22.0, "grid_umap_3d_x": 1.0, "grid_umap_3d_y": 5.0, "grid_umap_3d_z": 4.0, "grid_tsne_1d_x": 420.0, "grid_tsne_2d_x": 13.0, "grid_tsne_2d_y": 5.0, "grid_tsne_3d_x": 5.0, "grid_tsne_3d_y": 8.0, "grid_tsne_3d_z": 8.0, "patch_file": "patch_0420.png" }, "geometry": { "type": "Point", "coordinates": [ 119.858550912381133, 31.257534052655032 ] } },
{ "type": "Feature", "properties": { "index": 421, "lon": 116.64782882425345, "lat": -1.179308460529072, "classification": 40, "subregion_name": "South-eastern Asia", "umap_1d_x": -8.0976954, "umap_2d_x": 31.049995, "umap_2d_y": 29.173637, "umap_3d_x": 29.520126, "umap_3d_y": 31.820724, "umap_3d_z": -14.177872, "tsne_1d_x": -42.749043, "tsne_2d_x": 40.357056, "tsne_2d_y": 6.1645927, "tsne_3d_x": -18.691015, "tsne_3d_y": 22.524399, "tsne_3d_z": -23.612276, "grid_umap_1d_x": 421.0, "grid_umap_2d_x": 27.0, "grid_umap_2d_y": 28.0, "grid_umap_3d_x": 9.0, "grid_umap_3d_y": 9.0, "grid_umap_3d_z": 2.0, "grid_tsne_1d_x": 421.0, "grid_tsne_2d_x": 31.0, "grid_tsne_2d_y": 7.0, "grid_tsne_3d_x": 0.0, "grid_tsne_3d_y": 8.0, "grid_tsne_3d_z": 0.0, "patch_file": "patch_0421.png" }, "geometry": { "type": "Point", "coordinates": [ 116.647828824253452, -1.179308460529072 ] } },
{ "type": "Feature", "properties": { "index": 422, "lon": -157.07546786390131, "lat": 58.393613542719777, "classification": 30, "subregion_name": "Unknown", "umap_1d_x": 16.126057, "umap_2d_x": -33.478729, "umap_2d_y": -16.702419, "umap_3d_x": -33.833271, "umap_3d_y": -37.614716, "umap_3d_z": 6.1755524, "tsne_1d_x": 15.459, "tsne_2d_x": -18.260115, "tsne_2d_y": 35.391266, "tsne_3d_x": 29.112961, "tsne_3d_y": -34.179287, "tsne_3d_z": 6.6749878, "grid_umap_1d_x": 422.0, "grid_umap_2d_x": 13.0, "grid_umap_2d_y": 17.0, "grid_umap_3d_x": 5.0, "grid_umap_3d_y": 0.0, "grid_umap_3d_z": 3.0, "grid_tsne_1d_x": 422.0, "grid_tsne_2d_x": 13.0, "grid_tsne_2d_y": 31.0, "grid_tsne_3d_x": 8.0, "grid_tsne_3d_y": 0.0, "grid_tsne_3d_z": 4.0, "patch_file": "patch_0422.png" }, "geometry": { "type": "Point", "coordinates": [ -157.075467863901309, 58.393613542719777 ] } },
{ "type": "Feature", "properties": { "index": 423, "lon": 23.692556568167419, "lat": 58.91458091315144, "classification": 40, "subregion_name": "Northern Europe", "umap_1d_x": 15.437034, "umap_2d_x": -33.76609, "umap_2d_y": -10.637321, "umap_3d_x": -33.743378, "umap_3d_y": -30.695274, "umap_3d_z": -0.13751984, "tsne_1d_x": 13.933656, "tsne_2d_x": -12.477005, "tsne_2d_y": 29.650581, "tsne_3d_x": 31.571289, "tsne_3d_y": -19.998327, "tsne_3d_z": 3.7229424, "grid_umap_1d_x": 423.0, "grid_umap_2d_x": 6.0, "grid_umap_2d_y": 16.0, "grid_umap_3d_x": 3.0, "grid_umap_3d_y": 3.0, "grid_umap_3d_z": 3.0, "grid_tsne_1d_x": 423.0, "grid_tsne_2d_x": 6.0, "grid_tsne_2d_y": 30.0, "grid_tsne_3d_x": 9.0, "grid_tsne_3d_y": 2.0, "grid_tsne_3d_z": 4.0, "patch_file": "patch_0423.png" }, "geometry": { "type": "Point", "coordinates": [ 23.692556568167419, 58.91458091315144 ] } },
{ "type": "Feature", "properties": { "index": 424, "lon": -77.245757402984538, "lat": 7.427792950507083, "classification": 116, "subregion_name": "Latin America and the Caribbean", "umap_1d_x": -4.6634979, "umap_2d_x": 28.34082, "umap_2d_y": 32.487137, "umap_3d_x": 24.851517, "umap_3d_y": 33.649178, "umap_3d_z": -15.939022, "tsne_1d_x": -26.311836, "tsne_2d_x": 19.92794, "tsne_2d_y": -23.765802, "tsne_3d_x": -19.146511, "tsne_3d_y": 25.26461, "tsne_3d_z": -17.715847, "grid_umap_1d_x": 424.0, "grid_umap_2d_x": 28.0, "grid_umap_2d_y": 31.0, "grid_umap_3d_x": 8.0, "grid_umap_3d_y": 8.0, "grid_umap_3d_z": 2.0, "grid_tsne_1d_x": 424.0, "grid_tsne_2d_x": 24.0, "grid_tsne_2d_y": 10.0, "grid_tsne_3d_x": 0.0, "grid_tsne_3d_y": 9.0, "grid_tsne_3d_z": 0.0, "patch_file": "patch_0424.png" }, "geometry": { "type": "Point", "coordinates": [ -77.245757402984538, 7.427792950507083 ] } },
{ "type": "Feature", "properties": { "index": 425, "lon": 100.0625832389232, "lat": 54.804321517610646, "classification": 113, "subregion_name": "Eastern Europe", "umap_1d_x": 19.15835, "umap_2d_x": -37.340687, "umap_2d_y": -40.422523, "umap_3d_x": -35.38628, "umap_3d_y": -29.069088, "umap_3d_z": 36.277924, "tsne_1d_x": 33.256668, "tsne_2d_x": -22.670477, "tsne_2d_y": -9.8052864, "tsne_3d_x": 10.242439, "tsne_3d_y": -12.771202, "tsne_3d_z": 25.791916, "grid_umap_1d_x": 425.0, "grid_umap_2d_x": 17.0, "grid_umap_2d_y": 5.0, "grid_umap_3d_x": 2.0, "grid_umap_3d_y": 3.0, "grid_umap_3d_z": 9.0, "grid_tsne_1d_x": 425.0, "grid_tsne_2d_x": 16.0, "grid_tsne_2d_y": 13.0, "grid_tsne_3d_x": 4.0, "grid_tsne_3d_y": 3.0, "grid_tsne_3d_z": 8.0, "patch_file": "patch_0425.png" }, "geometry": { "type": "Point", "coordinates": [ 100.062583238923196, 54.804321517610646 ] } },
{ "type": "Feature", "properties": { "index": 426, "lon": -76.734850579391548, "lat": 55.807858416356154, "classification": 126, "subregion_name": "Northern America", "umap_1d_x": 24.31818, "umap_2d_x": -46.272484, "umap_2d_y": -29.256552, "umap_3d_x": -47.531921, "umap_3d_y": -24.921543, "umap_3d_z": 27.29567, "tsne_1d_x": 54.236706, "tsne_2d_x": -47.54422, "tsne_2d_y": -9.393734, "tsne_3d_x": 41.678665, "tsne_3d_y": -25.307747, "tsne_3d_z": 32.497849, "grid_umap_1d_x": 426.0, "grid_umap_2d_x": 3.0, "grid_umap_2d_y": 7.0, "grid_umap_3d_x": 1.0, "grid_umap_3d_y": 6.0, "grid_umap_3d_z": 6.0, "grid_tsne_1d_x": 426.0, "grid_tsne_2d_x": 7.0, "grid_tsne_2d_y": 16.0, "grid_tsne_3d_x": 9.0, "grid_tsne_3d_y": 3.0, "grid_tsne_3d_z": 7.0, "patch_file": "patch_0426.png" }, "geometry": { "type": "Point", "coordinates": [ -76.734850579391548, 55.807858416356154 ] } },
{ "type": "Feature", "properties": { "index": 427, "lon": 117.16167640038981, "lat": -0.251682986680478, "classification": 116, "subregion_name": "South-eastern Asia", "umap_1d_x": -4.5970225, "umap_2d_x": 28.037521, "umap_2d_y": 37.114922, "umap_3d_x": 23.702187, "umap_3d_y": 38.092278, "umap_3d_z": -19.03723, "tsne_1d_x": -31.536989, "tsne_2d_x": 23.499832, "tsne_2d_y": -29.828938, "tsne_3d_x": -25.756718, "tsne_3d_y": 30.082008, "tsne_3d_z": -18.04002, "grid_umap_1d_x": 427.0, "grid_umap_2d_x": 26.0, "grid_umap_2d_y": 28.0, "grid_umap_3d_x": 7.0, "grid_umap_3d_y": 9.0, "grid_umap_3d_z": 3.0, "grid_tsne_1d_x": 427.0, "grid_tsne_2d_x": 25.0, "grid_tsne_2d_y": 6.0, "grid_tsne_3d_x": 2.0, "grid_tsne_3d_y": 7.0, "grid_tsne_3d_z": 3.0, "patch_file": "patch_0427.png" }, "geometry": { "type": "Point", "coordinates": [ 117.161676400389808, -0.251682986680478 ] } },
{ "type": "Feature", "properties": { "index": 428, "lon": 112.43751365647239, "lat": 27.893252407883793, "classification": 40, "subregion_name": "Unknown", "umap_1d_x": 8.688055, "umap_2d_x": -15.798065, "umap_2d_y": -1.8009911, "umap_3d_x": -17.935535, "umap_3d_y": -7.3867798, "umap_3d_z": 3.4637032, "tsne_1d_x": -4.5245075, "tsne_2d_x": -3.9398651, "tsne_2d_y": -15.183895, "tsne_3d_x": 9.2833443, "tsne_3d_y": 23.398293, "tsne_3d_z": 9.5791702, "grid_umap_1d_x": 428.0, "grid_umap_2d_x": 17.0, "grid_umap_2d_y": 21.0, "grid_umap_3d_x": 2.0, "grid_umap_3d_y": 6.0, "grid_umap_3d_z": 4.0, "grid_tsne_1d_x": 428.0, "grid_tsne_2d_x": 14.0, "grid_tsne_2d_y": 6.0, "grid_tsne_3d_x": 5.0, "grid_tsne_3d_y": 9.0, "grid_tsne_3d_z": 8.0, "patch_file": "patch_0428.png" }, "geometry": { "type": "Point", "coordinates": [ 112.43751365647239, 27.893252407883793 ] } },
{ "type": "Feature", "properties": { "index": 429, "lon": 140.41400353942782, "lat": 38.827531048896219, "classification": 114, "subregion_name": "Eastern Asia", "umap_1d_x": 10.437279, "umap_2d_x": -22.057953, "umap_2d_y": -7.008709, "umap_3d_x": -20.941412, "umap_3d_y": -19.485647, "umap_3d_z": 9.7648964, "tsne_1d_x": 8.8345909, "tsne_2d_x": -11.983074, "tsne_2d_y": -0.82613373, "tsne_3d_x": 6.057148, "tsne_3d_y": -6.0963097, "tsne_3d_z": 6.5900726, "grid_umap_1d_x": 429.0, "grid_umap_2d_x": 15.0, "grid_umap_2d_y": 19.0, "grid_umap_3d_x": 3.0, "grid_umap_3d_y": 3.0, "grid_umap_3d_z": 5.0, "grid_tsne_1d_x": 429.0, "grid_tsne_2d_x": 7.0, "grid_tsne_2d_y": 10.0, "grid_tsne_3d_x": 5.0, "grid_tsne_3d_y": 0.0, "grid_tsne_3d_z": 5.0, "patch_file": "patch_0429.png" }, "geometry": { "type": "Point", "coordinates": [ 140.414003539427824, 38.827531048896219 ] } },
{ "type": "Feature", "properties": { "index": 430, "lon": -51.103611798994308, "lat": -5.5317756754604019, "classification": 30, "subregion_name": "Latin America and the Caribbean", "umap_1d_x": -9.0996294, "umap_2d_x": 36.26754, "umap_2d_y": 22.917427, "umap_3d_x": 36.943405, "umap_3d_y": 27.081894, "umap_3d_z": -10.115746, "tsne_1d_x": -44.276787, "tsne_2d_x": 41.527664, "tsne_2d_y": 11.930294, "tsne_3d_x": -14.253052, "tsne_3d_y": 14.825813, "tsne_3d_z": -31.21151, "grid_umap_1d_x": 430.0, "grid_umap_2d_x": 24.0, "grid_umap_2d_y": 20.0, "grid_umap_3d_x": 6.0, "grid_umap_3d_y": 5.0, "grid_umap_3d_z": 4.0, "grid_tsne_1d_x": 430.0, "grid_tsne_2d_x": 27.0, "grid_tsne_2d_y": 13.0, "grid_tsne_3d_x": 1.0, "grid_tsne_3d_y": 7.0, "grid_tsne_3d_z": 0.0, "patch_file": "patch_0430.png" }, "geometry": { "type": "Point", "coordinates": [ -51.103611798994308, -5.531775675460402 ] } },
{ "type": "Feature", "properties": { "index": 431, "lon": -46.817208997680922, "lat": -16.095964436967812, "classification": 30, "subregion_name": "Latin America and the Caribbean", "umap_1d_x": -9.8510113, "umap_2d_x": 40.632233, "umap_2d_y": 21.554878, "umap_3d_x": 41.249008, "umap_3d_y": 25.10273, "umap_3d_z": -1.4890823, "tsne_1d_x": -48.912216, "tsne_2d_x": 42.787491, "tsne_2d_y": 20.498703, "tsne_3d_x": -16.751095, "tsne_3d_y": -1.4472466, "tsne_3d_z": -38.915718, "grid_umap_1d_x": 431.0, "grid_umap_2d_x": 24.0, "grid_umap_2d_y": 17.0, "grid_umap_3d_x": 8.0, "grid_umap_3d_y": 6.0, "grid_umap_3d_z": 6.0, "grid_tsne_1d_x": 431.0, "grid_tsne_2d_x": 24.0, "grid_tsne_2d_y": 21.0, "grid_tsne_3d_x": 2.0, "grid_tsne_3d_y": 3.0, "grid_tsne_3d_z": 3.0, "patch_file": "patch_0431.png" }, "geometry": { "type": "Point", "coordinates": [ -46.817208997680922, -16.095964436967812 ] } },
{ "type": "Feature", "properties": { "index": 432, "lon": 89.753037555508911, "lat": 52.323336742918769, "classification": 116, "subregion_name": "Eastern Europe", "umap_1d_x": 20.244427, "umap_2d_x": -32.550964, "umap_2d_y": -44.665993, "umap_3d_x": -35.633678, "umap_3d_y": -47.247517, "umap_3d_z": 42.429092, "tsne_1d_x": 29.587132, "tsne_2d_x": -27.46549, "tsne_2d_y": 0.83888245, "tsne_3d_x": -6.451561, "tsne_3d_y": -40.612812, "tsne_3d_z": 29.021187, "grid_umap_1d_x": 432.0, "grid_umap_2d_x": 25.0, "grid_umap_2d_y": 1.0, "grid_umap_3d_x": 8.0, "grid_umap_3d_y": 1.0, "grid_umap_3d_z": 9.0, "grid_tsne_1d_x": 432.0, "grid_tsne_2d_x": 8.0, "grid_tsne_2d_y": 17.0, "grid_tsne_3d_x": 0.0, "grid_tsne_3d_y": 0.0, "grid_tsne_3d_z": 8.0, "patch_file": "patch_0432.png" }, "geometry": { "type": "Point", "coordinates": [ 89.753037555508911, 52.323336742918769 ] } },
{ "type": "Feature", "properties": { "index": 433, "lon": 16.267848149913362, "lat": 8.3583035997270372, "classification": 126, "subregion_name": "Sub-Saharan Africa", "umap_1d_x": 3.8920097, "umap_2d_x": -10.549229, "umap_2d_y": 33.172813, "umap_3d_x": -5.9183311, "umap_3d_y": 4.1355247, "umap_3d_z": -43.377064, "tsne_1d_x": -17.275627, "tsne_2d_x": 15.294006, "tsne_2d_y": -0.16696548, "tsne_3d_x": 14.385307, "tsne_3d_y": 38.299385, "tsne_3d_z": -14.08046, "grid_umap_1d_x": 433.0, "grid_umap_2d_x": 13.0, "grid_umap_2d_y": 27.0, "grid_umap_3d_x": 8.0, "grid_umap_3d_y": 2.0, "grid_umap_3d_z": 0.0, "grid_tsne_1d_x": 433.0, "grid_tsne_2d_x": 18.0, "grid_tsne_2d_y": 5.0, "grid_tsne_3d_x": 7.0, "grid_tsne_3d_y": 8.0, "grid_tsne_3d_z": 2.0, "patch_file": "patch_0433.png" }, "geometry": { "type": "Point", "coordinates": [ 16.267848149913362, 8.358303599727037 ] } },
{ "type": "Feature", "properties": { "index": 434, "lon": -117.71074926016031, "lat": 58.570840544543628, "classification": 111, "subregion_name": "Northern America", "umap_1d_x": 21.035578, "umap_2d_x": -36.021366, "umap_2d_y": -40.740101, "umap_3d_x": -39.394676, "umap_3d_y": -43.635433, "umap_3d_z": 39.411964, "tsne_1d_x": 38.026848, "tsne_2d_x": -31.896593, "tsne_2d_y": 0.79733276, "tsne_3d_x": 5.9461594, "tsne_3d_y": -39.603848, "tsne_3d_z": 35.671822, "grid_umap_1d_x": 434.0, "grid_umap_2d_x": 20.0, "grid_umap_2d_y": 6.0, "grid_umap_3d_x": 4.0, "grid_umap_3d_y": 0.0, "grid_umap_3d_z": 9.0, "grid_tsne_1d_x": 434.0, "grid_tsne_2d_x": 3.0, "grid_tsne_2d_y": 16.0, "grid_tsne_3d_x": 2.0, "grid_tsne_3d_y": 0.0, "grid_tsne_3d_z": 9.0, "patch_file": "patch_0434.png" }, "geometry": { "type": "Point", "coordinates": [ -117.710749260160313, 58.570840544543628 ] } },
{ "type": "Feature", "properties": { "index": 435, "lon": -110.76800496134051, "lat": 57.600286816697547, "classification": 111, "subregion_name": "Northern America", "umap_1d_x": 20.356812, "umap_2d_x": -33.778328, "umap_2d_y": -43.110374, "umap_3d_x": -37.741055, "umap_3d_y": -48.008228, "umap_3d_z": 40.368858, "tsne_1d_x": 28.904057, "tsne_2d_x": -30.002321, "tsne_2d_y": 3.2934799, "tsne_3d_x": 3.4769821, "tsne_3d_y": -42.293915, "tsne_3d_z": 30.198944, "grid_umap_1d_x": 435.0, "grid_umap_2d_x": 20.0, "grid_umap_2d_y": 1.0, "grid_umap_3d_x": 7.0, "grid_umap_3d_y": 1.0, "grid_umap_3d_z": 8.0, "grid_tsne_1d_x": 435.0, "grid_tsne_2d_x": 12.0, "grid_tsne_2d_y": 21.0, "grid_tsne_3d_x": 1.0, "grid_tsne_3d_y": 3.0, "grid_tsne_3d_z": 6.0, "patch_file": "patch_0435.png" }, "geometry": { "type": "Point", "coordinates": [ -110.768004961340509, 57.600286816697547 ] } },
{ "type": "Feature", "properties": { "index": 436, "lon": 133.46777870613494, "lat": 68.500784576241415, "classification": 116, "subregion_name": "Eastern Europe", "umap_1d_x": 23.507912, "umap_2d_x": -47.489021, "umap_2d_y": -43.443054, "umap_3d_x": -45.645367, "umap_3d_y": -22.313604, "umap_3d_z": 46.3339, "tsne_1d_x": 42.49321, "tsne_2d_x": -37.916695, "tsne_2d_y": -21.191603, "tsne_3d_x": 20.607025, "tsne_3d_y": -16.861019, "tsne_3d_z": 43.719948, "grid_umap_1d_x": 436.0, "grid_umap_2d_x": 16.0, "grid_umap_2d_y": 9.0, "grid_umap_3d_x": 3.0, "grid_umap_3d_y": 9.0, "grid_umap_3d_z": 9.0, "grid_tsne_1d_x": 436.0, "grid_tsne_2d_x": 6.0, "grid_tsne_2d_y": 6.0, "grid_tsne_3d_x": 4.0, "grid_tsne_3d_y": 6.0, "grid_tsne_3d_z": 8.0, "patch_file": "patch_0436.png" }, "geometry": { "type": "Point", "coordinates": [ 133.467778706134936, 68.500784576241415 ] } },
{ "type": "Feature", "properties": { "index": 437, "lon": 13.653600856035069, "lat": 9.9878922124386662, "classification": 40, "subregion_name": "Sub-Saharan Africa", "umap_1d_x": 3.7651625, "umap_2d_x": -12.219879, "umap_2d_y": 32.102791, "umap_3d_x": -8.4631462, "umap_3d_y": 4.1817436, "umap_3d_z": -41.588932, "tsne_1d_x": -16.146652, "tsne_2d_x": 14.304695, "tsne_2d_y": 5.1706123, "tsne_3d_x": 20.052818, "tsne_3d_y": 41.239548, "tsne_3d_z": -9.8150864, "grid_umap_1d_x": 437.0, "grid_umap_2d_x": 14.0, "grid_umap_2d_y": 25.0, "grid_umap_3d_x": 6.0, "grid_umap_3d_y": 5.0, "grid_umap_3d_z": 3.0, "grid_tsne_1d_x": 437.0, "grid_tsne_2d_x": 16.0, "grid_tsne_2d_y": 8.0, "grid_tsne_3d_x": 8.0, "grid_tsne_3d_y": 8.0, "grid_tsne_3d_z": 5.0, "patch_file": "patch_0437.png" }, "geometry": { "type": "Point", "coordinates": [ 13.653600856035069, 9.987892212438666 ] } },
{ "type": "Feature", "properties": { "index": 438, "lon": 81.230174135003892, "lat": 53.398961232058113, "classification": 111, "subregion_name": "Eastern Europe", "umap_1d_x": 20.339235, "umap_2d_x": -31.879578, "umap_2d_y": -41.740299, "umap_3d_x": -36.112797, "umap_3d_y": -48.790215, "umap_3d_z": 37.616325, "tsne_1d_x": 28.249252, "tsne_2d_x": -28.622339, "tsne_2d_y": 6.5232201, "tsne_3d_x": 1.6751213, "tsne_3d_y": -45.367531, "tsne_3d_z": 23.868279, "grid_umap_1d_x": 438.0, "grid_umap_2d_x": 23.0, "grid_umap_2d_y": 3.0, "grid_umap_3d_x": 7.0, "grid_umap_3d_y": 0.0, "grid_umap_3d_z": 8.0, "grid_tsne_1d_x": 438.0, "grid_tsne_2d_x": 0.0, "grid_tsne_2d_y": 18.0, "grid_tsne_3d_x": 1.0, "grid_tsne_3d_y": 2.0, "grid_tsne_3d_z": 5.0, "patch_file": "patch_0438.png" }, "geometry": { "type": "Point", "coordinates": [ 81.230174135003892, 53.398961232058113 ] } },
{ "type": "Feature", "properties": { "index": 439, "lon": -7.8731002971693158, "lat": 38.499453988164205, "classification": 126, "subregion_name": "Southern Europe", "umap_1d_x": 13.440702, "umap_2d_x": -27.381866, "umap_2d_y": 5.1325455, "umap_3d_x": -25.75042, "umap_3d_y": -23.028893, "umap_3d_z": -9.7177696, "tsne_1d_x": 3.5767946, "tsne_2d_x": -3.583847, "tsne_2d_y": 28.517654, "tsne_3d_x": 24.565025, "tsne_3d_y": -9.2943687, "tsne_3d_z": -12.357571, "grid_umap_1d_x": 439.0, "grid_umap_2d_x": 15.0, "grid_umap_2d_y": 25.0, "grid_umap_3d_x": 4.0, "grid_umap_3d_y": 1.0, "grid_umap_3d_z": 1.0, "grid_tsne_1d_x": 439.0, "grid_tsne_2d_x": 2.0, "grid_tsne_2d_y": 29.0, "grid_tsne_3d_x": 9.0, "grid_tsne_3d_y": 1.0, "grid_tsne_3d_z": 0.0, "patch_file": "patch_0439.png" }, "geometry": { "type": "Point", "coordinates": [ -7.873100297169316, 38.499453988164205 ] } },
{ "type": "Feature", "properties": { "index": 440, "lon": -73.277323499936202, "lat": 3.3719526289623261, "classification": 122, "subregion_name": "Latin America and the Caribbean", "umap_1d_x": 5.9021831, "umap_2d_x": -9.1894531, "umap_2d_y": 19.103935, "umap_3d_x": -5.6117325, "umap_3d_y": 5.3998489, "umap_3d_z": -23.320812, "tsne_1d_x": -25.433908, "tsne_2d_x": 17.59584, "tsne_2d_y": -19.594843, "tsne_3d_x": -12.465744, "tsne_3d_y": 31.027359, "tsne_3d_z": -15.448563, "grid_umap_1d_x": 440.0, "grid_umap_2d_x": 5.0, "grid_umap_2d_y": 23.0, "grid_umap_3d_x": 2.0, "grid_umap_3d_y": 7.0, "grid_umap_3d_z": 0.0, "grid_tsne_1d_x": 440.0, "grid_tsne_2d_x": 21.0, "grid_tsne_2d_y": 0.0, "grid_tsne_3d_x": 2.0, "grid_tsne_3d_y": 9.0, "grid_tsne_3d_z": 1.0, "patch_file": "patch_0440.png" }, "geometry": { "type": "Point", "coordinates": [ -73.277323499936202, 3.371952628962326 ] } },
{ "type": "Feature", "properties": { "index": 441, "lon": 29.820974085422876, "lat": 61.888273276286654, "classification": 115, "subregion_name": "Unknown", "umap_1d_x": 17.975897, "umap_2d_x": -30.603386, "umap_2d_y": -31.827484, "umap_3d_x": -32.225388, "umap_3d_y": -42.723236, "umap_3d_z": 25.005997, "tsne_1d_x": 25.442724, "tsne_2d_x": -21.80722, "tsne_2d_y": 8.3793869, "tsne_3d_x": 13.920921, "tsne_3d_y": -30.433962, "tsne_3d_z": 15.889671, "grid_umap_1d_x": 441.0, "grid_umap_2d_x": 10.0, "grid_umap_2d_y": 2.0, "grid_umap_3d_x": 5.0, "grid_umap_3d_y": 1.0, "grid_umap_3d_z": 6.0, "grid_tsne_1d_x": 441.0, "grid_tsne_2d_x": 7.0, "grid_tsne_2d_y": 20.0, "grid_tsne_3d_x": 6.0, "grid_tsne_3d_y": 1.0, "grid_tsne_3d_z": 5.0, "patch_file": "patch_0441.png" }, "geometry": { "type": "Point", "coordinates": [ 29.820974085422876, 61.888273276286654 ] } },
{ "type": "Feature", "properties": { "index": 442, "lon": -92.478563730956282, "lat": 32.869335255965268, "classification": 111, "subregion_name": "Unknown", "umap_1d_x": 10.923549, "umap_2d_x": -21.606091, "umap_2d_y": -12.103046, "umap_3d_x": -19.569534, "umap_3d_y": -24.722799, "umap_3d_z": 8.7422295, "tsne_1d_x": 6.9284587, "tsne_2d_x": -7.9047165, "tsne_2d_y": 0.76024628, "tsne_3d_x": -5.3330383, "tsne_3d_y": -6.1622467, "tsne_3d_z": 4.561573, "grid_umap_1d_x": 442.0, "grid_umap_2d_x": 21.0, "grid_umap_2d_y": 19.0, "grid_umap_3d_x": 6.0, "grid_umap_3d_y": 3.0, "grid_umap_3d_z": 4.0, "grid_tsne_1d_x": 442.0, "grid_tsne_2d_x": 8.0, "grid_tsne_2d_y": 10.0, "grid_tsne_3d_x": 0.0, "grid_tsne_3d_y": 1.0, "grid_tsne_3d_z": 5.0, "patch_file": "patch_0442.png" }, "geometry": { "type": "Point", "coordinates": [ -92.478563730956282, 32.869335255965268 ] } },
{ "type": "Feature", "properties": { "index": 443, "lon": -99.773612922860465, "lat": 46.914568393009247, "classification": 40, "subregion_name": "Unknown", "umap_1d_x": 15.890803, "umap_2d_x": -37.789452, "umap_2d_y": -17.155354, "umap_3d_x": -36.210575, "umap_3d_y": -22.912424, "umap_3d_z": 10.639297, "tsne_1d_x": 16.73033, "tsne_2d_x": -15.910156, "tsne_2d_y": 21.167397, "tsne_3d_x": 34.493927, "tsne_3d_y": -3.2240677, "tsne_3d_z": 12.861752, "grid_umap_1d_x": 443.0, "grid_umap_2d_x": 0.0, "grid_umap_2d_y": 9.0, "grid_umap_3d_x": 3.0, "grid_umap_3d_y": 6.0, "grid_umap_3d_z": 4.0, "grid_tsne_1d_x": 443.0, "grid_tsne_2d_x": 2.0, "grid_tsne_2d_y": 26.0, "grid_tsne_3d_x": 9.0, "grid_tsne_3d_y": 5.0, "grid_tsne_3d_z": 5.0, "patch_file": "patch_0443.png" }, "geometry": { "type": "Point", "coordinates": [ -99.773612922860465, 46.914568393009247 ] } },
{ "type": "Feature", "properties": { "index": 444, "lon": -73.508915751385715, "lat": -40.192629731234021, "classification": 114, "subregion_name": "Latin America and the Caribbean", "umap_1d_x": -12.276659, "umap_2d_x": 41.348503, "umap_2d_y": 6.7057304, "umap_3d_x": 41.402702, "umap_3d_y": 8.7655373, "umap_3d_z": 2.6088371, "tsne_1d_x": -57.520157, "tsne_2d_x": 31.818222, "tsne_2d_y": 31.690979, "tsne_3d_x": -9.6315079, "tsne_3d_y": -22.234081, "tsne_3d_z": -34.807259, "grid_umap_1d_x": 444.0, "grid_umap_2d_x": 26.0, "grid_umap_2d_y": 9.0, "grid_umap_3d_x": 9.0, "grid_umap_3d_y": 5.0, "grid_umap_3d_z": 9.0, "grid_tsne_1d_x": 444.0, "grid_tsne_2d_x": 28.0, "grid_tsne_2d_y": 29.0, "grid_tsne_3d_x": 1.0, "grid_tsne_3d_y": 0.0, "grid_tsne_3d_z": 0.0, "patch_file": "patch_0444.png" }, "geometry": { "type": "Point", "coordinates": [ -73.508915751385715, -40.192629731234021 ] } },
{ "type": "Feature", "properties": { "index": 445, "lon": 25.414953905492155, "lat": 55.714848161849758, "classification": 40, "subregion_name": "Northern Europe", "umap_1d_x": 15.350269, "umap_2d_x": -33.704201, "umap_2d_y": -10.538052, "umap_3d_x": -33.411922, "umap_3d_y": -30.378504, "umap_3d_z": -0.067905426000002933, "tsne_1d_x": 13.874413, "tsne_2d_x": -12.0993, "tsne_2d_y": 29.225266, "tsne_3d_x": 32.605347, "tsne_3d_y": -19.079622, "tsne_3d_z": 3.3148651, "grid_umap_1d_x": 445.0, "grid_umap_2d_x": 3.0, "grid_umap_2d_y": 14.0, "grid_umap_3d_x": 2.0, "grid_umap_3d_y": 2.0, "grid_umap_3d_z": 3.0, "grid_tsne_1d_x": 445.0, "grid_tsne_2d_x": 7.0, "grid_tsne_2d_y": 30.0, "grid_tsne_3d_x": 8.0, "grid_tsne_3d_y": 3.0, "grid_tsne_3d_z": 4.0, "patch_file": "patch_0445.png" }, "geometry": { "type": "Point", "coordinates": [ 25.414953905492155, 55.714848161849758 ] } },
{ "type": "Feature", "properties": { "index": 446, "lon": 115.87805486207492, "lat": 61.078175217780441, "classification": 113, "subregion_name": "Eastern Europe", "umap_1d_x": 19.609291, "umap_2d_x": -38.59866, "umap_2d_y": -46.10585, "umap_3d_x": -36.818741, "umap_3d_y": -32.656723, "umap_3d_z": 43.635933, "tsne_1d_x": 33.945869, "tsne_2d_x": -26.822754, "tsne_2d_y": -9.0674324, "tsne_3d_x": 5.7554855, "tsne_3d_y": -21.120375, "tsne_3d_z": 30.931541, "grid_umap_1d_x": 446.0, "grid_umap_2d_x": 19.0, "grid_umap_2d_y": 2.0, "grid_umap_3d_x": 4.0, "grid_umap_3d_y": 3.0, "grid_umap_3d_z": 9.0, "grid_tsne_1d_x": 446.0, "grid_tsne_2d_x": 12.0, "grid_tsne_2d_y": 13.0, "grid_tsne_3d_x": 2.0, "grid_tsne_3d_y": 3.0, "grid_tsne_3d_z": 8.0, "patch_file": "patch_0446.png" }, "geometry": { "type": "Point", "coordinates": [ 115.878054862074919, 61.078175217780441 ] } },
{ "type": "Feature", "properties": { "index": 447, "lon": -76.201445613164097, "lat": -6.6394865662788689, "classification": 112, "subregion_name": "Latin America and the Caribbean", "umap_1d_x": -8.1877527, "umap_2d_x": 31.995201, "umap_2d_y": 27.890106, "umap_3d_x": 31.775024, "umap_3d_y": 29.972282, "umap_3d_z": -12.843388, "tsne_1d_x": -42.346844, "tsne_2d_x": 38.334122, "tsne_2d_y": 6.901432, "tsne_3d_x": -13.674469, "tsne_3d_y": 18.109283, "tsne_3d_z": -22.626232, "grid_umap_1d_x": 447.0, "grid_umap_2d_x": 29.0, "grid_umap_2d_y": 27.0, "grid_umap_3d_x": 8.0, "grid_umap_3d_y": 7.0, "grid_umap_3d_z": 2.0, "grid_tsne_1d_x": 447.0, "grid_tsne_2d_x": 30.0, "grid_tsne_2d_y": 9.0, "grid_tsne_3d_x": 2.0, "grid_tsne_3d_y": 8.0, "grid_tsne_3d_z": 1.0, "patch_file": "patch_0447.png" }, "geometry": { "type": "Point", "coordinates": [ -76.201445613164097, -6.639486566278869 ] } },
{ "type": "Feature", "properties": { "index": 448, "lon": -81.09581485304642, "lat": 36.095089904274275, "classification": 114, "subregion_name": "Unknown", "umap_1d_x": 10.887391, "umap_2d_x": -22.243437, "umap_2d_y": -11.673347, "umap_3d_x": -20.519342, "umap_3d_y": -23.199686, "umap_3d_z": 10.473526, "tsne_1d_x": 8.0493822, "tsne_2d_x": -9.7376137, "tsne_2d_y": 0.0043754578000019251, "tsne_3d_x": -0.52445984, "tsne_3d_y": -6.4894905, "tsne_3d_z": 6.8487244, "grid_umap_1d_x": 448.0, "grid_umap_2d_x": 10.0, "grid_umap_2d_y": 12.0, "grid_umap_3d_x": 3.0, "grid_umap_3d_y": 2.0, "grid_umap_3d_z": 5.0, "grid_tsne_1d_x": 448.0, "grid_tsne_2d_x": 6.0, "grid_tsne_2d_y": 9.0, "grid_tsne_3d_x": 1.0, "grid_tsne_3d_y": 1.0, "grid_tsne_3d_z": 5.0, "patch_file": "patch_0448.png" }, "geometry": { "type": "Point", "coordinates": [ -81.09581485304642, 36.095089904274275 ] } },
{ "type": "Feature", "properties": { "index": 449, "lon": -84.12628183260118, "lat": 38.566166813544456, "classification": 126, "subregion_name": "Unknown", "umap_1d_x": 11.290837, "umap_2d_x": -22.412426, "umap_2d_y": -11.378139, "umap_3d_x": -21.413628, "umap_3d_y": -25.958084, "umap_3d_z": 8.3718605, "tsne_1d_x": 7.4668584, "tsne_2d_x": -8.7538338, "tsne_2d_y": 6.799572, "tsne_3d_x": 0.17181778, "tsne_3d_y": -15.003029, "tsne_3d_z": 0.51332091999999108, "grid_umap_1d_x": 449.0, "grid_umap_2d_x": 4.0, "grid_umap_2d_y": 8.0, "grid_umap_3d_x": 2.0, "grid_umap_3d_y": 0.0, "grid_umap_3d_z": 5.0, "grid_tsne_1d_x": 449.0, "grid_tsne_2d_x": 21.0, "grid_tsne_2d_y": 22.0, "grid_tsne_3d_x": 2.0, "grid_tsne_3d_y": 0.0, "grid_tsne_3d_z": 2.0, "patch_file": "patch_0449.png" }, "geometry": { "type": "Point", "coordinates": [ -84.12628183260118, 38.566166813544456 ] } },
{ "type": "Feature", "properties": { "index": 450, "lon": 115.54711579597364, "lat": 39.587739716616326, "classification": 126, "subregion_name": "Unknown", "umap_1d_x": 10.091229, "umap_2d_x": -19.33651, "umap_2d_y": -3.3044815, "umap_3d_x": -19.571569, "umap_3d_y": -12.955925, "umap_3d_z": 6.8500748, "tsne_1d_x": -3.0685911, "tsne_2d_x": -7.9587708, "tsne_2d_y": -8.9843826, "tsne_3d_x": 5.8099098, "tsne_3d_y": 7.4581909, "tsne_3d_z": 7.9118309, "grid_umap_1d_x": 450.0, "grid_umap_2d_x": 3.0, "grid_umap_2d_y": 12.0, "grid_umap_3d_x": 3.0, "grid_umap_3d_y": 4.0, "grid_umap_3d_z": 4.0, "grid_tsne_1d_x": 450.0, "grid_tsne_2d_x": 3.0, "grid_tsne_2d_y": 0.0, "grid_tsne_3d_x": 5.0, "grid_tsne_3d_y": 7.0, "grid_tsne_3d_z": 7.0, "patch_file": "patch_0450.png" }, "geometry": { "type": "Point", "coordinates": [ 115.547115795973639, 39.587739716616326 ] } },
{ "type": "Feature", "properties": { "index": 451, "lon": 27.345402527526403, "lat": -6.3849417928861456, "classification": 114, "subregion_name": "Sub-Saharan Africa", "umap_1d_x": -8.7536221, "umap_2d_x": 38.986656, "umap_2d_y": 32.195274, "umap_3d_x": 40.332245, "umap_3d_y": 40.400612, "umap_3d_z": -2.2282219, "tsne_1d_x": -46.02676, "tsne_2d_x": 49.701462, "tsne_2d_y": 15.130058, "tsne_3d_x": -17.952736, "tsne_3d_y": 20.045387, "tsne_3d_z": -46.863464, "grid_umap_1d_x": 451.0, "grid_umap_2d_x": 30.0, "grid_umap_2d_y": 31.0, "grid_umap_3d_x": 6.0, "grid_umap_3d_y": 9.0, "grid_umap_3d_z": 9.0, "grid_tsne_1d_x": 451.0, "grid_tsne_2d_x": 26.0, "grid_tsne_2d_y": 16.0, "grid_tsne_3d_x": 4.0, "grid_tsne_3d_y": 7.0, "grid_tsne_3d_z": 2.0, "patch_file": "patch_0451.png" }, "geometry": { "type": "Point", "coordinates": [ 27.345402527526403, -6.384941792886146 ] } },
{ "type": "Feature", "properties": { "index": 452, "lon": 27.779350086797479, "lat": -12.359494899040932, "classification": 30, "subregion_name": "Sub-Saharan Africa", "umap_1d_x": -9.2322807, "umap_2d_x": 40.374153, "umap_2d_y": 26.70845, "umap_3d_x": 41.400299, "umap_3d_y": 34.142067, "umap_3d_z": -4.2944565, "tsne_1d_x": -47.171089, "tsne_2d_x": 46.978668, "tsne_2d_y": 19.685867, "tsne_3d_x": -13.194809, "tsne_3d_y": 13.232456, "tsne_3d_z": -40.910851, "grid_umap_1d_x": 452.0, "grid_umap_2d_x": 29.0, "grid_umap_2d_y": 24.0, "grid_umap_3d_x": 6.0, "grid_umap_3d_y": 7.0, "grid_umap_3d_z": 6.0, "grid_tsne_1d_x": 452.0, "grid_tsne_2d_x": 27.0, "grid_tsne_2d_y": 20.0, "grid_tsne_3d_x": 2.0, "grid_tsne_3d_y": 6.0, "grid_tsne_3d_z": 0.0, "patch_file": "patch_0452.png" }, "geometry": { "type": "Point", "coordinates": [ 27.779350086797479, -12.359494899040932 ] } },
{ "type": "Feature", "properties": { "index": 453, "lon": 21.618185899568715, "lat": -9.3344817089016558, "classification": 114, "subregion_name": "Sub-Saharan Africa", "umap_1d_x": -8.7797537, "umap_2d_x": 39.42276, "umap_2d_y": 31.56926, "umap_3d_x": 40.374344, "umap_3d_y": 40.370598, "umap_3d_z": -2.3873901, "tsne_1d_x": -46.134205, "tsne_2d_x": 49.948997, "tsne_2d_y": 15.590012, "tsne_3d_x": -17.682705, "tsne_3d_y": 19.34819, "tsne_3d_z": -47.579865, "grid_umap_1d_x": 453.0, "grid_umap_2d_x": 30.0, "grid_umap_2d_y": 29.0, "grid_umap_3d_x": 5.0, "grid_umap_3d_y": 9.0, "grid_umap_3d_z": 8.0, "grid_tsne_1d_x": 453.0, "grid_tsne_2d_x": 25.0, "grid_tsne_2d_y": 17.0, "grid_tsne_3d_x": 3.0, "grid_tsne_3d_y": 7.0, "grid_tsne_3d_z": 0.0, "patch_file": "patch_0453.png" }, "geometry": { "type": "Point", "coordinates": [ 21.618185899568715, -9.334481708901656 ] } },
{ "type": "Feature", "properties": { "index": 454, "lon": -53.894674211348658, "lat": -2.505960463749823, "classification": 112, "subregion_name": "Latin America and the Caribbean", "umap_1d_x": -2.698493, "umap_2d_x": 21.738113, "umap_2d_y": 49.471504, "umap_3d_x": 19.096519, "umap_3d_y": 41.382942, "umap_3d_z": -32.233582, "tsne_1d_x": -36.672115, "tsne_2d_x": 25.879471, "tsne_2d_y": -47.301071, "tsne_3d_x": -36.165066, "tsne_3d_y": 47.544708, "tsne_3d_z": -6.9269142, "grid_umap_1d_x": 454.0, "grid_umap_2d_x": 15.0, "grid_umap_2d_y": 26.0, "grid_umap_3d_x": 4.0, "grid_umap_3d_y": 8.0, "grid_umap_3d_z": 1.0, "grid_tsne_1d_x": 454.0, "grid_tsne_2d_x": 28.0, "grid_tsne_2d_y": 6.0, "grid_tsne_3d_x": 1.0, "grid_tsne_3d_y": 9.0, "grid_tsne_3d_z": 8.0, "patch_file": "patch_0454.png" }, "geometry": { "type": "Point", "coordinates": [ -53.894674211348658, -2.505960463749823 ] } },
{ "type": "Feature", "properties": { "index": 455, "lon": 53.505586107577301, "lat": 65.567851793591274, "classification": 111, "subregion_name": "Eastern Europe", "umap_1d_x": 20.770056, "umap_2d_x": -34.688385, "umap_2d_y": -37.751522, "umap_3d_x": -38.087189, "umap_3d_y": -41.806374, "umap_3d_z": 33.988655, "tsne_1d_x": 36.03154, "tsne_2d_x": -32.564484, "tsne_2d_y": 8.906601, "tsne_3d_x": 15.382195, "tsne_3d_y": -33.682091, "tsne_3d_z": 27.099899, "grid_umap_1d_x": 455.0, "grid_umap_2d_x": 13.0, "grid_umap_2d_y": 2.0, "grid_umap_3d_x": 3.0, "grid_umap_3d_y": 0.0, "grid_umap_3d_z": 8.0, "grid_tsne_1d_x": 455.0, "grid_tsne_2d_x": 2.0, "grid_tsne_2d_y": 22.0, "grid_tsne_3d_x": 5.0, "grid_tsne_3d_y": 3.0, "grid_tsne_3d_z": 6.0, "patch_file": "patch_0455.png" }, "geometry": { "type": "Point", "coordinates": [ 53.505586107577301, 65.567851793591274 ] } },
{ "type": "Feature", "properties": { "index": 456, "lon": 113.12820044524705, "lat": -2.2778016447267579, "classification": 112, "subregion_name": "South-eastern Asia", "umap_1d_x": -3.0690222, "umap_2d_x": 22.487602, "umap_2d_y": 45.726242, "umap_3d_x": 19.446144, "umap_3d_y": 39.657555, "umap_3d_z": -29.081331, "tsne_1d_x": -36.059887, "tsne_2d_x": 23.736649, "tsne_2d_y": -42.509159, "tsne_3d_x": -41.009254, "tsne_3d_y": 42.042084, "tsne_3d_z": -9.2258987, "grid_umap_1d_x": 456.0, "grid_umap_2d_x": 17.0, "grid_umap_2d_y": 28.0, "grid_umap_3d_x": 5.0, "grid_umap_3d_y": 8.0, "grid_umap_3d_z": 2.0, "grid_tsne_1d_x": 456.0, "grid_tsne_2d_x": 26.0, "grid_tsne_2d_y": 7.0, "grid_tsne_3d_x": 0.0, "grid_tsne_3d_y": 8.0, "grid_tsne_3d_z": 7.0, "patch_file": "patch_0456.png" }, "geometry": { "type": "Point", "coordinates": [ 113.128200445247046, -2.277801644726758 ] } },
{ "type": "Feature", "properties": { "index": 457, "lon": -88.022253688309874, "lat": 30.953681268602935, "classification": 126, "subregion_name": "Unknown", "umap_1d_x": 10.790796, "umap_2d_x": -19.095745, "umap_2d_y": -7.5906067, "umap_3d_x": -18.910145, "umap_3d_y": -19.915003, "umap_3d_z": 3.6075935, "tsne_1d_x": -2.0793471, "tsne_2d_x": -3.5837975, "tsne_2d_y": -0.5127449, "tsne_3d_x": -9.0538101, "tsne_3d_y": -3.1089439, "tsne_3d_z": -1.8945122, "grid_umap_1d_x": 457.0, "grid_umap_2d_x": 1.0, "grid_umap_2d_y": 7.0, "grid_umap_3d_x": 3.0, "grid_umap_3d_y": 1.0, "grid_umap_3d_z": 3.0, "grid_tsne_1d_x": 457.0, "grid_tsne_2d_x": 10.0, "grid_tsne_2d_y": 8.0, "grid_tsne_3d_x": 0.0, "grid_tsne_3d_y": 2.0, "grid_tsne_3d_z": 3.0, "patch_file": "patch_0457.png" }, "geometry": { "type": "Point", "coordinates": [ -88.022253688309874, 30.953681268602935 ] } },
{ "type": "Feature", "properties": { "index": 458, "lon": -69.627243493660899, "lat": -9.4851946241358149, "classification": 112, "subregion_name": "Latin America and the Caribbean", "umap_1d_x": -3.1856601, "umap_2d_x": 24.600014, "umap_2d_y": 47.320465, "umap_3d_x": 20.770966, "umap_3d_y": 34.897507, "umap_3d_z": -30.691212, "tsne_1d_x": -34.98214, "tsne_2d_x": 28.454979, "tsne_2d_y": -43.135571, "tsne_3d_x": -37.743286, "tsne_3d_y": 36.948059, "tsne_3d_z": -1.4550591, "grid_umap_1d_x": 458.0, "grid_umap_2d_x": 20.0, "grid_umap_2d_y": 31.0, "grid_umap_3d_x": 8.0, "grid_umap_3d_y": 6.0, "grid_umap_3d_z": 0.0, "grid_tsne_1d_x": 458.0, "grid_tsne_2d_x": 30.0, "grid_tsne_2d_y": 1.0, "grid_tsne_3d_x": 0.0, "grid_tsne_3d_y": 8.0, "grid_tsne_3d_z": 9.0, "patch_file": "patch_0458.png" }, "geometry": { "type": "Point", "coordinates": [ -69.627243493660899, -9.485194624135815 ] } },
{ "type": "Feature", "properties": { "index": 459, "lon": -122.22306204675036, "lat": 62.47046778567983, "classification": 111, "subregion_name": "Northern America", "umap_1d_x": 21.581078, "umap_2d_x": -39.47435, "umap_2d_y": -38.949051, "umap_3d_x": -42.10067, "umap_3d_y": -40.110878, "umap_3d_z": 37.489449, "tsne_1d_x": 38.041222, "tsne_2d_x": -34.315975, "tsne_2d_y": 0.77329254, "tsne_3d_x": 12.102596, "tsne_3d_y": -39.376129, "tsne_3d_z": 37.813576, "grid_umap_1d_x": 459.0, "grid_umap_2d_x": 23.0, "grid_umap_2d_y": 13.0, "grid_umap_3d_x": 1.0, "grid_umap_3d_y": 0.0, "grid_umap_3d_z": 9.0, "grid_tsne_1d_x": 459.0, "grid_tsne_2d_x": 11.0, "grid_tsne_2d_y": 20.0, "grid_tsne_3d_x": 3.0, "grid_tsne_3d_y": 4.0, "grid_tsne_3d_z": 6.0, "patch_file": "patch_0459.png" }, "geometry": { "type": "Point", "coordinates": [ -122.223062046750357, 62.47046778567983 ] } },
{ "type": "Feature", "properties": { "index": 460, "lon": -49.685338274418001, "lat": -21.258330891092285, "classification": 40, "subregion_name": "Latin America and the Caribbean", "umap_1d_x": -10.146746, "umap_2d_x": 39.310165, "umap_2d_y": 17.833214, "umap_3d_x": 40.746208, "umap_3d_y": 22.394974, "umap_3d_z": -6.4762306, "tsne_1d_x": -50.294567, "tsne_2d_x": 39.142914, "tsne_2d_y": 23.336655, "tsne_3d_x": -7.9799461, "tsne_3d_y": 2.9945488, "tsne_3d_z": -33.982792, "grid_umap_1d_x": 460.0, "grid_umap_2d_x": 29.0, "grid_umap_2d_y": 16.0, "grid_umap_3d_x": 9.0, "grid_umap_3d_y": 6.0, "grid_umap_3d_z": 4.0, "grid_tsne_1d_x": 460.0, "grid_tsne_2d_x": 25.0, "grid_tsne_2d_y": 22.0, "grid_tsne_3d_x": 3.0, "grid_tsne_3d_y": 4.0, "grid_tsne_3d_z": 2.0, "patch_file": "patch_0460.png" }, "geometry": { "type": "Point", "coordinates": [ -49.685338274418001, -21.258330891092285 ] } },
{ "type": "Feature", "properties": { "index": 461, "lon": -74.242879587096127, "lat": -48.142303759405735, "classification": 114, "subregion_name": "Latin America and the Caribbean", "umap_1d_x": -12.273872, "umap_2d_x": 41.36335, "umap_2d_y": 6.5035172, "umap_3d_x": 41.338661, "umap_3d_y": 7.5636215, "umap_3d_z": 1.9892387, "tsne_1d_x": -40.81913, "tsne_2d_x": 30.159607, "tsne_2d_y": 32.510071, "tsne_3d_x": -10.322163, "tsne_3d_y": -26.138102, "tsne_3d_z": -31.626925, "grid_umap_1d_x": 461.0, "grid_umap_2d_x": 30.0, "grid_umap_2d_y": 8.0, "grid_umap_3d_x": 9.0, "grid_umap_3d_y": 4.0, "grid_umap_3d_z": 7.0, "grid_tsne_1d_x": 461.0, "grid_tsne_2d_x": 27.0, "grid_tsne_2d_y": 30.0, "grid_tsne_3d_x": 2.0, "grid_tsne_3d_y": 1.0, "grid_tsne_3d_z": 2.0, "patch_file": "patch_0461.png" }, "geometry": { "type": "Point", "coordinates": [ -74.242879587096127, -48.142303759405735 ] } },
{ "type": "Feature", "properties": { "index": 462, "lon": 46.339164068945422, "lat": 44.842619442991236, "classification": 30, "subregion_name": "Eastern Europe", "umap_1d_x": 15.319881, "umap_2d_x": -31.158464, "umap_2d_y": -8.3838501, "umap_3d_x": -31.89197, "umap_3d_y": -25.029226, "umap_3d_z": 1.6062813, "tsne_1d_x": 12.443404, "tsne_2d_x": -12.752991, "tsne_2d_y": 23.643723, "tsne_3d_x": 30.236984, "tsne_3d_y": -6.8469925, "tsne_3d_z": 4.1012459, "grid_umap_1d_x": 462.0, "grid_umap_2d_x": 1.0, "grid_umap_2d_y": 13.0, "grid_umap_3d_x": 1.0, "grid_umap_3d_y": 2.0, "grid_umap_3d_z": 3.0, "grid_tsne_1d_x": 462.0, "grid_tsne_2d_x": 3.0, "grid_tsne_2d_y": 27.0, "grid_tsne_3d_x": 9.0, "grid_tsne_3d_y": 5.0, "grid_tsne_3d_z": 4.0, "patch_file": "patch_0462.png" }, "geometry": { "type": "Point", "coordinates": [ 46.339164068945422, 44.842619442991236 ] } },
{ "type": "Feature", "properties": { "index": 463, "lon": 101.07278616919137, "lat": 15.879873357273794, "classification": 40, "subregion_name": "South-eastern Asia", "umap_1d_x": 5.5338664, "umap_2d_x": -12.217159, "umap_2d_y": 23.247948, "umap_3d_x": -9.2300606, "umap_3d_y": 2.5646095, "umap_3d_z": -28.581877, "tsne_1d_x": -12.753988, "tsne_2d_x": 11.385113, "tsne_2d_y": -5.0189285, "tsne_3d_x": 4.4734344, "tsne_3d_y": 38.508324, "tsne_3d_z": -5.3490486, "grid_umap_1d_x": 463.0, "grid_umap_2d_x": 1.0, "grid_umap_2d_y": 24.0, "grid_umap_3d_x": 3.0, "grid_umap_3d_y": 5.0, "grid_umap_3d_z": 0.0, "grid_tsne_1d_x": 463.0, "grid_tsne_2d_x": 15.0, "grid_tsne_2d_y": 2.0, "grid_tsne_3d_x": 4.0, "grid_tsne_3d_y": 7.0, "grid_tsne_3d_z": 6.0, "patch_file": "patch_0463.png" }, "geometry": { "type": "Point", "coordinates": [ 101.072786169191374, 15.879873357273794 ] } },
{ "type": "Feature", "properties": { "index": 464, "lon": 17.722809139506182, "lat": -12.439592705683552, "classification": 114, "subregion_name": "Sub-Saharan Africa", "umap_1d_x": -8.9573145, "umap_2d_x": 39.84359, "umap_2d_y": 29.802673, "umap_3d_x": 40.961823, "umap_3d_y": 36.960205, "umap_3d_z": -3.6886406, "tsne_1d_x": -46.496719, "tsne_2d_x": 47.186867, "tsne_2d_y": 15.240044, "tsne_3d_x": -16.719242, "tsne_3d_y": 17.137375, "tsne_3d_z": -41.189331, "grid_umap_1d_x": 464.0, "grid_umap_2d_x": 27.0, "grid_umap_2d_y": 26.0, "grid_umap_3d_x": 8.0, "grid_umap_3d_y": 9.0, "grid_umap_3d_z": 6.0, "grid_tsne_1d_x": 464.0, "grid_tsne_2d_x": 27.0, "grid_tsne_2d_y": 16.0, "grid_tsne_3d_x": 3.0, "grid_tsne_3d_y": 6.0, "grid_tsne_3d_z": 3.0, "patch_file": "patch_0464.png" }, "geometry": { "type": "Point", "coordinates": [ 17.722809139506182, -12.439592705683552 ] } },
{ "type": "Feature", "properties": { "index": 465, "lon": -122.31856800837954, "lat": 44.461236946430787, "classification": 111, "subregion_name": "Unknown", "umap_1d_x": 13.278602, "umap_2d_x": -26.31242, "umap_2d_y": 3.5315094, "umap_3d_x": -26.047031, "umap_3d_y": -19.046848, "umap_3d_z": -8.1816978, "tsne_1d_x": 2.8475468, "tsne_2d_x": -4.0794296, "tsne_2d_y": 25.612022, "tsne_3d_x": 19.339005, "tsne_3d_y": -7.8055229, "tsne_3d_z": -14.607246, "grid_umap_1d_x": 465.0, "grid_umap_2d_x": 16.0, "grid_umap_2d_y": 24.0, "grid_umap_3d_x": 4.0, "grid_umap_3d_y": 3.0, "grid_umap_3d_z": 2.0, "grid_tsne_1d_x": 465.0, "grid_tsne_2d_x": 7.0, "grid_tsne_2d_y": 28.0, "grid_tsne_3d_x": 8.0, "grid_tsne_3d_y": 1.0, "grid_tsne_3d_z": 0.0, "patch_file": "patch_0465.png" }, "geometry": { "type": "Point", "coordinates": [ -122.318568008379543, 44.461236946430787 ] } },
{ "type": "Feature", "properties": { "index": 466, "lon": 97.3730407181327, "lat": 58.385808962768863, "classification": 113, "subregion_name": "Eastern Europe", "umap_1d_x": 21.983261, "umap_2d_x": -39.254208, "umap_2d_y": -36.977631, "umap_3d_x": -40.450893, "umap_3d_y": -34.442211, "umap_3d_z": 33.686241, "tsne_1d_x": 38.332378, "tsne_2d_x": -31.828087, "tsne_2d_y": -3.9303856, "tsne_3d_x": 19.298569, "tsne_3d_y": -21.164122, "tsne_3d_z": 20.233826, "grid_umap_1d_x": 466.0, "grid_umap_2d_x": 14.0, "grid_umap_2d_y": 7.0, "grid_umap_3d_x": 1.0, "grid_umap_3d_y": 1.0, "grid_umap_3d_z": 8.0, "grid_tsne_1d_x": 466.0, "grid_tsne_2d_x": 19.0, "grid_tsne_2d_y": 21.0, "grid_tsne_3d_x": 7.0, "grid_tsne_3d_y": 1.0, "grid_tsne_3d_z": 7.0, "patch_file": "patch_0466.png" }, "geometry": { "type": "Point", "coordinates": [ 97.3730407181327, 58.385808962768863 ] } },
{ "type": "Feature", "properties": { "index": 467, "lon": -71.088527638542786, "lat": 51.716787724884838, "classification": 111, "subregion_name": "Northern America", "umap_1d_x": 22.385798, "umap_2d_x": -38.742813, "umap_2d_y": -32.197052, "umap_3d_x": -41.92675, "umap_3d_y": -38.020897, "umap_3d_z": 29.463867, "tsne_1d_x": 35.555164, "tsne_2d_x": -39.781765, "tsne_2d_y": 11.133545, "tsne_3d_x": 27.379913, "tsne_3d_y": -40.777683, "tsne_3d_z": 29.017967, "grid_umap_1d_x": 467.0, "grid_umap_2d_x": 22.0, "grid_umap_2d_y": 16.0, "grid_umap_3d_x": 2.0, "grid_umap_3d_y": 2.0, "grid_umap_3d_z": 6.0, "grid_tsne_1d_x": 467.0, "grid_tsne_2d_x": 7.0, "grid_tsne_2d_y": 26.0, "grid_tsne_3d_x": 7.0, "grid_tsne_3d_y": 0.0, "grid_tsne_3d_z": 7.0, "patch_file": "patch_0467.png" }, "geometry": { "type": "Point", "coordinates": [ -71.088527638542786, 51.716787724884838 ] } },
{ "type": "Feature", "properties": { "index": 468, "lon": -4.0412363638586726, "lat": 40.503004608423339, "classification": 20, "subregion_name": "Southern Europe", "umap_1d_x": 13.50433, "umap_2d_x": -28.025452, "umap_2d_y": 5.3163643, "umap_3d_x": -26.256395, "umap_3d_y": -24.066559, "umap_3d_z": -9.9987488, "tsne_1d_x": 3.5724695, "tsne_2d_x": -3.5013962, "tsne_2d_y": 30.008408, "tsne_3d_x": 25.447693, "tsne_3d_y": -10.302124, "tsne_3d_z": -10.264038, "grid_umap_1d_x": 468.0, "grid_umap_2d_x": 1.0, "grid_umap_2d_y": 19.0, "grid_umap_3d_x": 4.0, "grid_umap_3d_y": 0.0, "grid_umap_3d_z": 0.0, "grid_tsne_1d_x": 468.0, "grid_tsne_2d_x": 0.0, "grid_tsne_2d_y": 30.0, "grid_tsne_3d_x": 9.0, "grid_tsne_3d_y": 2.0, "grid_tsne_3d_z": 1.0, "patch_file": "patch_0468.png" }, "geometry": { "type": "Point", "coordinates": [ -4.041236363858673, 40.503004608423339 ] } },
{ "type": "Feature", "properties": { "index": 469, "lon": 101.01529033405654, "lat": 48.897729544163113, "classification": 30, "subregion_name": "Eastern Asia", "umap_1d_x": 19.716942, "umap_2d_x": -35.893864, "umap_2d_y": -48.961742, "umap_3d_x": -33.782471, "umap_3d_y": -31.677797, "umap_3d_z": 44.092522, "tsne_1d_x": 31.793375, "tsne_2d_x": -21.029844, "tsne_2d_y": -16.75515, "tsne_3d_x": 0.12029266, "tsne_3d_y": -2.8082466, "tsne_3d_z": 28.953018, "grid_umap_1d_x": 469.0, "grid_umap_2d_x": 28.0, "grid_umap_2d_y": 0.0, "grid_umap_3d_x": 8.0, "grid_umap_3d_y": 4.0, "grid_umap_3d_z": 9.0, "grid_tsne_1d_x": 469.0, "grid_tsne_2d_x": 6.0, "grid_tsne_2d_y": 3.0, "grid_tsne_3d_x": 2.0, "grid_tsne_3d_y": 7.0, "grid_tsne_3d_z": 9.0, "patch_file": "patch_0469.png" }, "geometry": { "type": "Point", "coordinates": [ 101.015290334056544, 48.897729544163113 ] } },
{ "type": "Feature", "properties": { "index": 470, "lon": 92.922685415915453, "lat": 53.71068824372054, "classification": 124, "subregion_name": "Eastern Europe", "umap_1d_x": 18.975105, "umap_2d_x": -38.335705, "umap_2d_y": -32.391685, "umap_3d_x": -36.671516, "umap_3d_y": -26.011181, "umap_3d_z": 30.445488, "tsne_1d_x": 45.776958, "tsne_2d_x": -24.289164, "tsne_2d_y": -21.772179, "tsne_3d_x": 17.223236, "tsne_3d_y": -3.9644623, "tsne_3d_z": 26.103935, "grid_umap_1d_x": 470.0, "grid_umap_2d_x": 6.0, "grid_umap_2d_y": 3.0, "grid_umap_3d_x": 2.0, "grid_umap_3d_y": 4.0, "grid_umap_3d_z": 7.0, "grid_tsne_1d_x": 470.0, "grid_tsne_2d_x": 4.0, "grid_tsne_2d_y": 1.0, "grid_tsne_3d_x": 6.0, "grid_tsne_3d_y": 7.0, "grid_tsne_3d_z": 9.0, "patch_file": "patch_0470.png" }, "geometry": { "type": "Point", "coordinates": [ 92.922685415915453, 53.71068824372054 ] } },
{ "type": "Feature", "properties": { "index": 471, "lon": -110.18076201757651, "lat": 33.183390098532968, "classification": 126, "subregion_name": "Unknown", "umap_1d_x": 12.383731, "umap_2d_x": -22.635576, "umap_2d_y": 1.6377525, "umap_3d_x": -22.493887, "umap_3d_y": -18.355576, "umap_3d_z": -6.5295677, "tsne_1d_x": -0.47254229, "tsne_2d_x": -1.6049309, "tsne_2d_y": 12.83511, "tsne_3d_x": 22.645576, "tsne_3d_y": 7.2108803, "tsne_3d_z": -0.0057716370000022721, "grid_umap_1d_x": 471.0, "grid_umap_2d_x": 0.0, "grid_umap_2d_y": 14.0, "grid_umap_3d_x": 3.0, "grid_umap_3d_y": 1.0, "grid_umap_3d_z": 1.0, "grid_tsne_1d_x": 471.0, "grid_tsne_2d_x": 14.0, "grid_tsne_2d_y": 20.0, "grid_tsne_3d_x": 9.0, "grid_tsne_3d_y": 6.0, "grid_tsne_3d_z": 3.0, "patch_file": "patch_0471.png" }, "geometry": { "type": "Point", "coordinates": [ -110.180762017576512, 33.183390098532968 ] } },
{ "type": "Feature", "properties": { "index": 472, "lon": 97.454484954981922, "lat": 31.525391083668495, "classification": 116, "subregion_name": "Unknown", "umap_1d_x": 7.6060061, "umap_2d_x": -14.778, "umap_2d_y": 7.1108704, "umap_3d_x": -14.351585, "umap_3d_y": -3.4524498, "umap_3d_z": -9.4667931, "tsne_1d_x": -6.5853009, "tsne_2d_x": 2.8409348, "tsne_2d_y": -16.526955, "tsne_3d_x": -10.316525, "tsne_3d_y": 16.010796, "tsne_3d_z": 0.8771019, "grid_umap_1d_x": 472.0, "grid_umap_2d_x": 6.0, "grid_umap_2d_y": 18.0, "grid_umap_3d_x": 1.0, "grid_umap_3d_y": 5.0, "grid_umap_3d_z": 2.0, "grid_tsne_1d_x": 472.0, "grid_tsne_2d_x": 15.0, "grid_tsne_2d_y": 5.0, "grid_tsne_3d_x": 1.0, "grid_tsne_3d_y": 7.0, "grid_tsne_3d_z": 6.0, "patch_file": "patch_0472.png" }, "geometry": { "type": "Point", "coordinates": [ 97.454484954981922, 31.525391083668495 ] } },
{ "type": "Feature", "properties": { "index": 473, "lon": 84.153698181834727, "lat": 49.495321816766193, "classification": 30, "subregion_name": "Unknown", "umap_1d_x": 13.743933, "umap_2d_x": -49.292782, "umap_2d_y": -28.44099, "umap_3d_x": -49.367474, "umap_3d_y": -17.074577, "umap_3d_z": 25.629669, "tsne_1d_x": 56.175591, "tsne_2d_x": -50.0, "tsne_2d_y": -16.592239, "tsne_3d_x": 50.0, "tsne_3d_y": -12.762257, "tsne_3d_z": 35.353699, "grid_umap_1d_x": 473.0, "grid_umap_2d_x": 18.0, "grid_umap_2d_y": 20.0, "grid_umap_3d_x": 0.0, "grid_umap_3d_y": 9.0, "grid_umap_3d_z": 5.0, "grid_tsne_1d_x": 473.0, "grid_tsne_2d_x": 2.0, "grid_tsne_2d_y": 11.0, "grid_tsne_3d_x": 9.0, "grid_tsne_3d_y": 7.0, "grid_tsne_3d_z": 7.0, "patch_file": "patch_0473.png" }, "geometry": { "type": "Point", "coordinates": [ 84.153698181834727, 49.495321816766193 ] } },
{ "type": "Feature", "properties": { "index": 474, "lon": -45.429718892107843, "lat": -1.9101225795992529, "classification": 112, "subregion_name": "Latin America and the Caribbean", "umap_1d_x": -8.1939869, "umap_2d_x": 33.427376, "umap_2d_y": 26.801117, "umap_3d_x": 33.111031, "umap_3d_y": 30.093918, "umap_3d_z": -12.90337, "tsne_1d_x": -42.323692, "tsne_2d_x": 42.147598, "tsne_2d_y": 6.2136536, "tsne_3d_x": -20.748219, "tsne_3d_y": 22.813553, "tsne_3d_z": -28.494102, "grid_umap_1d_x": 474.0, "grid_umap_2d_x": 27.0, "grid_umap_2d_y": 25.0, "grid_umap_3d_x": 9.0, "grid_umap_3d_y": 7.0, "grid_umap_3d_z": 1.0, "grid_tsne_1d_x": 474.0, "grid_tsne_2d_x": 30.0, "grid_tsne_2d_y": 10.0, "grid_tsne_3d_x": 2.0, "grid_tsne_3d_y": 7.0, "grid_tsne_3d_z": 2.0, "patch_file": "patch_0474.png" }, "geometry": { "type": "Point", "coordinates": [ -45.429718892107843, -1.910122579599253 ] } },
{ "type": "Feature", "properties": { "index": 475, "lon": 81.927366924419857, "lat": 25.553240977401586, "classification": 40, "subregion_name": "Southern Asia", "umap_1d_x": 5.2663097, "umap_2d_x": -14.357899, "umap_2d_y": 24.290039, "umap_3d_x": -11.905632, "umap_3d_y": 2.5428123, "umap_3d_z": -30.641068, "tsne_1d_x": -11.964628, "tsne_2d_x": 8.541626, "tsne_2d_y": 0.8923111, "tsne_3d_x": 12.724876, "tsne_3d_y": 39.149628, "tsne_3d_z": 0.32580566, "grid_umap_1d_x": 475.0, "grid_umap_2d_x": 3.0, "grid_umap_2d_y": 25.0, "grid_umap_3d_x": 0.0, "grid_umap_3d_y": 8.0, "grid_umap_3d_z": 1.0, "grid_tsne_1d_x": 475.0, "grid_tsne_2d_x": 18.0, "grid_tsne_2d_y": 12.0, "grid_tsne_3d_x": 6.0, "grid_tsne_3d_y": 8.0, "grid_tsne_3d_z": 7.0, "patch_file": "patch_0475.png" }, "geometry": { "type": "Point", "coordinates": [ 81.927366924419857, 25.553240977401586 ] } },
{ "type": "Feature", "properties": { "index": 476, "lon": 129.09383585298957, "lat": 36.864437275490531, "classification": 114, "subregion_name": "Eastern Asia", "umap_1d_x": 10.115889, "umap_2d_x": -19.649529, "umap_2d_y": -3.5198936, "umap_3d_x": -19.337406, "umap_3d_y": -14.402966, "umap_3d_z": 7.3241348, "tsne_1d_x": -3.0088093, "tsne_2d_x": -8.0694656, "tsne_2d_y": -7.7414856, "tsne_3d_x": 4.9341927, "tsne_3d_y": 5.956562, "tsne_3d_z": 6.9002495, "grid_umap_1d_x": 476.0, "grid_umap_2d_x": 6.0, "grid_umap_2d_y": 14.0, "grid_umap_3d_x": 1.0, "grid_umap_3d_y": 2.0, "grid_umap_3d_z": 5.0, "grid_tsne_1d_x": 476.0, "grid_tsne_2d_x": 2.0, "grid_tsne_2d_y": 0.0, "grid_tsne_3d_x": 5.0, "grid_tsne_3d_y": 6.0, "grid_tsne_3d_z": 7.0, "patch_file": "patch_0476.png" }, "geometry": { "type": "Point", "coordinates": [ 129.093835852989571, 36.864437275490531 ] } },
{ "type": "Feature", "properties": { "index": 477, "lon": 30.333249284695682, "lat": 54.037654303784606, "classification": 40, "subregion_name": "Eastern Europe", "umap_1d_x": 15.551648, "umap_2d_x": -34.916542, "umap_2d_y": -12.604927, "umap_3d_x": -34.02935, "umap_3d_y": -28.799007, "umap_3d_z": 2.0107994, "tsne_1d_x": 14.428321, "tsne_2d_x": -14.117558, "tsne_2d_y": 27.985199, "tsne_3d_x": 29.316483, "tsne_3d_y": -15.630234, "tsne_3d_z": 6.48349, "grid_umap_1d_x": 477.0, "grid_umap_2d_x": 12.0, "grid_umap_2d_y": 19.0, "grid_umap_3d_x": 0.0, "grid_umap_3d_y": 1.0, "grid_umap_3d_z": 4.0, "grid_tsne_1d_x": 477.0, "grid_tsne_2d_x": 1.0, "grid_tsne_2d_y": 29.0, "grid_tsne_3d_x": 7.0, "grid_tsne_3d_y": 4.0, "grid_tsne_3d_z": 4.0, "patch_file": "patch_0477.png" }, "geometry": { "type": "Point", "coordinates": [ 30.333249284695682, 54.037654303784606 ] } },
{ "type": "Feature", "properties": { "index": 478, "lon": 117.80935142529194, "lat": -24.205278618659243, "classification": 20, "subregion_name": "Unknown", "umap_1d_x": -13.863837, "umap_2d_x": 48.591141, "umap_2d_y": 1.5832901, "umap_3d_x": 48.715851, "umap_3d_y": -4.9488907, "umap_3d_z": 2.200161, "tsne_1d_x": -63.741501, "tsne_2d_x": 42.164429, "tsne_2d_y": 44.090584, "tsne_3d_x": 4.1192589, "tsne_3d_y": -16.171631, "tsne_3d_z": -49.749275, "grid_umap_1d_x": 478.0, "grid_umap_2d_x": 29.0, "grid_umap_2d_y": 2.0, "grid_umap_3d_x": 9.0, "grid_umap_3d_y": 1.0, "grid_umap_3d_z": 7.0, "grid_tsne_1d_x": 478.0, "grid_tsne_2d_x": 26.0, "grid_tsne_2d_y": 30.0, "grid_tsne_3d_x": 4.0, "grid_tsne_3d_y": 2.0, "grid_tsne_3d_z": 1.0, "patch_file": "patch_0478.png" }, "geometry": { "type": "Point", "coordinates": [ 117.809351425291936, -24.205278618659243 ] } },
{ "type": "Feature", "properties": { "index": 479, "lon": 57.32702808454647, "lat": 38.070391355452344, "classification": 30, "subregion_name": "Central Asia", "umap_1d_x": 12.803945, "umap_2d_x": -23.953646, "umap_2d_y": 2.8751717, "umap_3d_x": -23.894054, "umap_3d_y": -17.746166, "umap_3d_z": -6.7300186, "tsne_1d_x": 0.87469459, "tsne_2d_x": -0.2506485, "tsne_2d_y": 21.752403, "tsne_3d_x": 21.285637, "tsne_3d_y": 3.1278381, "tsne_3d_z": -5.831562, "grid_umap_1d_x": 479.0, "grid_umap_2d_x": 13.0, "grid_umap_2d_y": 22.0, "grid_umap_3d_x": 2.0, "grid_umap_3d_y": 2.0, "grid_umap_3d_z": 2.0, "grid_tsne_1d_x": 479.0, "grid_tsne_2d_x": 17.0, "grid_tsne_2d_y": 28.0, "grid_tsne_3d_x": 9.0, "grid_tsne_3d_y": 5.0, "grid_tsne_3d_z": 2.0, "patch_file": "patch_0479.png" }, "geometry": { "type": "Point", "coordinates": [ 57.32702808454647, 38.070391355452344 ] } },
{ "type": "Feature", "properties": { "index": 480, "lon": -83.475381114024316, "lat": 43.025604312400233, "classification": 126, "subregion_name": "Unknown", "umap_1d_x": 15.751816, "umap_2d_x": -37.03701, "umap_2d_y": -15.716442, "umap_3d_x": -35.885834, "umap_3d_y": -23.98193, "umap_3d_z": 8.930851, "tsne_1d_x": 16.736156, "tsne_2d_x": -15.629261, "tsne_2d_y": 20.628151, "tsne_3d_x": 35.78022, "tsne_3d_y": -2.9756088, "tsne_3d_z": 12.508003, "grid_umap_1d_x": 480.0, "grid_umap_2d_x": 18.0, "grid_umap_2d_y": 22.0, "grid_umap_3d_x": 2.0, "grid_umap_3d_y": 4.0, "grid_umap_3d_z": 4.0, "grid_tsne_1d_x": 480.0, "grid_tsne_2d_x": 3.0, "grid_tsne_2d_y": 26.0, "grid_tsne_3d_x": 9.0, "grid_tsne_3d_y": 6.0, "grid_tsne_3d_z": 5.0, "patch_file": "patch_0480.png" }, "geometry": { "type": "Point", "coordinates": [ -83.475381114024316, 43.025604312400233 ] } },
{ "type": "Feature", "properties": { "index": 481, "lon": 111.26231465600119, "lat": 70.010776710341872, "classification": 30, "subregion_name": "Eastern Europe", "umap_1d_x": 24.010355, "umap_2d_x": -47.029964, "umap_2d_y": -43.017632, "umap_3d_x": -46.879963, "umap_3d_y": -21.280628, "umap_3d_z": 45.097786, "tsne_1d_x": 50.201614, "tsne_2d_x": -39.345688, "tsne_2d_y": -22.470993, "tsne_3d_x": 24.197441, "tsne_3d_y": -11.725395, "tsne_3d_z": 45.354141, "grid_umap_1d_x": 481.0, "grid_umap_2d_x": 11.0, "grid_umap_2d_y": 5.0, "grid_umap_3d_x": 2.0, "grid_umap_3d_y": 9.0, "grid_umap_3d_z": 9.0, "grid_tsne_1d_x": 481.0, "grid_tsne_2d_x": 8.0, "grid_tsne_2d_y": 7.0, "grid_tsne_3d_x": 5.0, "grid_tsne_3d_y": 7.0, "grid_tsne_3d_z": 9.0, "patch_file": "patch_0481.png" }, "geometry": { "type": "Point", "coordinates": [ 111.262314656001195, 70.010776710341872 ] } },
{ "type": "Feature", "properties": { "index": 482, "lon": 14.224015595146426, "lat": 56.310967221463699, "classification": 111, "subregion_name": "Northern Europe", "umap_1d_x": 17.284901, "umap_2d_x": -27.112434, "umap_2d_y": -29.421518, "umap_3d_x": -29.712906, "umap_3d_y": -48.569862, "umap_3d_z": 17.647346, "tsne_1d_x": 23.815723, "tsne_2d_x": -23.253086, "tsne_2d_y": 19.357094, "tsne_3d_x": 12.41901, "tsne_3d_y": -42.318359, "tsne_3d_z": 8.0365601, "grid_umap_1d_x": 482.0, "grid_umap_2d_x": 24.0, "grid_umap_2d_y": 13.0, "grid_umap_3d_x": 6.0, "grid_umap_3d_y": 0.0, "grid_umap_3d_z": 4.0, "grid_tsne_1d_x": 482.0, "grid_tsne_2d_x": 5.0, "grid_tsne_2d_y": 27.0, "grid_tsne_3d_x": 4.0, "grid_tsne_3d_y": 0.0, "grid_tsne_3d_z": 3.0, "patch_file": "patch_0482.png" }, "geometry": { "type": "Point", "coordinates": [ 14.224015595146426, 56.310967221463699 ] } },
{ "type": "Feature", "properties": { "index": 483, "lon": 104.08908908671822, "lat": 62.207725170640828, "classification": 113, "subregion_name": "Eastern Europe", "umap_1d_x": 21.193628, "umap_2d_x": -41.386135, "umap_2d_y": -49.207069, "umap_3d_x": -39.588768, "umap_3d_y": -30.844402, "umap_3d_z": 49.652451, "tsne_1d_x": 40.494637, "tsne_2d_x": -30.974773, "tsne_2d_y": -18.795532, "tsne_3d_x": 6.5895157, "tsne_3d_y": -19.200197, "tsne_3d_z": 39.43396, "grid_umap_1d_x": 483.0, "grid_umap_2d_x": 22.0, "grid_umap_2d_y": 3.0, "grid_umap_3d_x": 7.0, "grid_umap_3d_y": 6.0, "grid_umap_3d_z": 9.0, "grid_tsne_1d_x": 483.0, "grid_tsne_2d_x": 8.0, "grid_tsne_2d_y": 6.0, "grid_tsne_3d_x": 2.0, "grid_tsne_3d_y": 5.0, "grid_tsne_3d_z": 8.0, "patch_file": "patch_0483.png" }, "geometry": { "type": "Point", "coordinates": [ 104.089089086718218, 62.207725170640828 ] } },
{ "type": "Feature", "properties": { "index": 484, "lon": -107.47422521896216, "lat": 27.426805242562338, "classification": 30, "subregion_name": "Latin America and the Caribbean", "umap_1d_x": 7.2812243, "umap_2d_x": -17.272842, "umap_2d_y": 10.720177, "umap_3d_x": -15.743874, "umap_3d_y": -5.3793221, "umap_3d_z": -15.137573, "tsne_1d_x": -7.4508376, "tsne_2d_x": 4.2937202, "tsne_2d_y": -8.2924767, "tsne_3d_x": 8.083744, "tsne_3d_y": 19.173309, "tsne_3d_z": -13.725426, "grid_umap_1d_x": 484.0, "grid_umap_2d_x": 9.0, "grid_umap_2d_y": 23.0, "grid_umap_3d_x": 1.0, "grid_umap_3d_y": 3.0, "grid_umap_3d_z": 0.0, "grid_tsne_1d_x": 484.0, "grid_tsne_2d_x": 11.0, "grid_tsne_2d_y": 1.0, "grid_tsne_3d_x": 6.0, "grid_tsne_3d_y": 7.0, "grid_tsne_3d_z": 1.0, "patch_file": "patch_0484.png" }, "geometry": { "type": "Point", "coordinates": [ -107.474225218962161, 27.426805242562338 ] } },
{ "type": "Feature", "properties": { "index": 485, "lon": -50.28282542737773, "lat": -3.09428076436987, "classification": 112, "subregion_name": "Latin America and the Caribbean", "umap_1d_x": -8.5152521, "umap_2d_x": 35.076103, "umap_2d_y": 24.222023, "umap_3d_x": 35.480118, "umap_3d_y": 28.180763, "umap_3d_z": -11.042175, "tsne_1d_x": -43.505394, "tsne_2d_x": 41.319565, "tsne_2d_y": 9.2496796, "tsne_3d_x": -16.587685, "tsne_3d_y": 18.019684, "tsne_3d_z": -29.038164, "grid_umap_1d_x": 485.0, "grid_umap_2d_x": 25.0, "grid_umap_2d_y": 22.0, "grid_umap_3d_x": 7.0, "grid_umap_3d_y": 6.0, "grid_umap_3d_z": 3.0, "grid_tsne_1d_x": 485.0, "grid_tsne_2d_x": 27.0, "grid_tsne_2d_y": 12.0, "grid_tsne_3d_x": 2.0, "grid_tsne_3d_y": 6.0, "grid_tsne_3d_z": 3.0, "patch_file": "patch_0485.png" }, "geometry": { "type": "Point", "coordinates": [ -50.28282542737773, -3.09428076436987 ] } },
{ "type": "Feature", "properties": { "index": 486, "lon": -102.13886631485032, "lat": 18.798966192399376, "classification": 114, "subregion_name": "Latin America and the Caribbean", "umap_1d_x": 6.4557195, "umap_2d_x": -13.076599, "umap_2d_y": 18.018951, "umap_3d_x": -10.658688, "umap_3d_y": 0.34952163999999186, "umap_3d_z": -21.100685, "tsne_1d_x": -10.073043, "tsne_2d_x": 9.9835281, "tsne_2d_y": -9.1443405, "tsne_3d_x": 8.2716942, "tsne_3d_y": 28.609451, "tsne_3d_z": -8.45084, "grid_umap_1d_x": 486.0, "grid_umap_2d_x": 9.0, "grid_umap_2d_y": 24.0, "grid_umap_3d_x": 3.0, "grid_umap_3d_y": 4.0, "grid_umap_3d_z": 1.0, "grid_tsne_1d_x": 486.0, "grid_tsne_2d_x": 16.0, "grid_tsne_2d_y": 3.0, "grid_tsne_3d_x": 5.0, "grid_tsne_3d_y": 6.0, "grid_tsne_3d_z": 4.0, "patch_file": "patch_0486.png" }, "geometry": { "type": "Point", "coordinates": [ -102.138866314850318, 18.798966192399376 ] } },
{ "type": "Feature", "properties": { "index": 487, "lon": -115.20604990069208, "lat": 58.942521263363318, "classification": 121, "subregion_name": "Northern America", "umap_1d_x": 21.771564, "umap_2d_x": -41.722153, "umap_2d_y": -39.118279, "umap_3d_x": -44.123322, "umap_3d_y": -38.662235, "umap_3d_z": 38.244209, "tsne_1d_x": 38.767433, "tsne_2d_x": -35.116867, "tsne_2d_y": -2.0193787, "tsne_3d_x": 11.570473, "tsne_3d_y": -39.896725, "tsne_3d_z": 42.23838, "grid_umap_1d_x": 487.0, "grid_umap_2d_x": 12.0, "grid_umap_2d_y": 5.0, "grid_umap_3d_x": 0.0, "grid_umap_3d_y": 0.0, "grid_umap_3d_z": 9.0, "grid_tsne_1d_x": 487.0, "grid_tsne_2d_x": 20.0, "grid_tsne_2d_y": 23.0, "grid_tsne_3d_x": 4.0, "grid_tsne_3d_y": 1.0, "grid_tsne_3d_z": 9.0, "patch_file": "patch_0487.png" }, "geometry": { "type": "Point", "coordinates": [ -115.206049900692079, 58.942521263363318 ] } },
{ "type": "Feature", "properties": { "index": 488, "lon": 138.56061774074175, "lat": -3.1175352899967241, "classification": 112, "subregion_name": "South-eastern Asia", "umap_1d_x": -3.5862427, "umap_2d_x": 24.411911, "umap_2d_y": 42.63855, "umap_3d_x": 20.974991, "umap_3d_y": 39.360931, "umap_3d_z": -24.569086, "tsne_1d_x": -34.470009, "tsne_2d_x": 24.31337, "tsne_2d_y": -37.896732, "tsne_3d_x": -29.389881, "tsne_3d_y": 36.09613, "tsne_3d_z": -10.988312, "grid_umap_1d_x": 488.0, "grid_umap_2d_x": 20.0, "grid_umap_2d_y": 28.0, "grid_umap_3d_x": 4.0, "grid_umap_3d_y": 7.0, "grid_umap_3d_z": 4.0, "grid_tsne_1d_x": 488.0, "grid_tsne_2d_x": 26.0, "grid_tsne_2d_y": 1.0, "grid_tsne_3d_x": 1.0, "grid_tsne_3d_y": 8.0, "grid_tsne_3d_z": 4.0, "patch_file": "patch_0488.png" }, "geometry": { "type": "Point", "coordinates": [ 138.560617740741748, -3.117535289996724 ] } },
{ "type": "Feature", "properties": { "index": 489, "lon": 79.844591177598261, "lat": 25.044517110375651, "classification": 40, "subregion_name": "Southern Asia", "umap_1d_x": 5.3332367, "umap_2d_x": -14.372517, "umap_2d_y": 23.78701, "umap_3d_x": -11.479141, "umap_3d_y": 2.4646454, "umap_3d_z": -29.835819, "tsne_1d_x": -11.864736, "tsne_2d_x": 8.4341354, "tsne_2d_y": -0.84302139, "tsne_3d_x": 13.059052, "tsne_3d_y": 36.311272, "tsne_3d_z": -0.93040466, "grid_umap_1d_x": 489.0, "grid_umap_2d_x": 9.0, "grid_umap_2d_y": 25.0, "grid_umap_3d_x": 1.0, "grid_umap_3d_y": 7.0, "grid_umap_3d_z": 0.0, "grid_tsne_1d_x": 489.0, "grid_tsne_2d_x": 10.0, "grid_tsne_2d_y": 1.0, "grid_tsne_3d_x": 7.0, "grid_tsne_3d_y": 8.0, "grid_tsne_3d_z": 6.0, "patch_file": "patch_0489.png" }, "geometry": { "type": "Point", "coordinates": [ 79.844591177598261, 25.044517110375651 ] } },
{ "type": "Feature", "properties": { "index": 490, "lon": 37.385565711293509, "lat": 1.768958420060045, "classification": 20, "subregion_name": "Sub-Saharan Africa", "umap_1d_x": 2.8408914, "umap_2d_x": -11.98827, "umap_2d_y": 42.807304, "umap_3d_x": -10.515221, "umap_3d_y": 17.270599, "umap_3d_z": -48.925114, "tsne_1d_x": -21.646639, "tsne_2d_x": 21.143066, "tsne_2d_y": 10.965775, "tsne_3d_x": 23.362503, "tsne_3d_y": 33.269295, "tsne_3d_z": -23.83567, "grid_umap_1d_x": 490.0, "grid_umap_2d_x": 13.0, "grid_umap_2d_y": 30.0, "grid_umap_3d_x": 0.0, "grid_umap_3d_y": 9.0, "grid_umap_3d_z": 2.0, "grid_tsne_1d_x": 490.0, "grid_tsne_2d_x": 22.0, "grid_tsne_2d_y": 13.0, "grid_tsne_3d_x": 8.0, "grid_tsne_3d_y": 8.0, "grid_tsne_3d_z": 1.0, "patch_file": "patch_0490.png" }, "geometry": { "type": "Point", "coordinates": [ 37.385565711293509, 1.768958420060045 ] } },
{ "type": "Feature", "properties": { "index": 491, "lon": 83.154724754098368, "lat": 65.126547483716124, "classification": 111, "subregion_name": "Eastern Europe", "umap_1d_x": 22.777702, "umap_2d_x": -42.758495, "umap_2d_y": -35.509129, "umap_3d_x": -42.599987, "umap_3d_y": -26.9874, "umap_3d_z": 36.390549, "tsne_1d_x": 43.935547, "tsne_2d_x": -39.056698, "tsne_2d_y": -7.2264633, "tsne_3d_x": 23.015106, "tsne_3d_y": -22.36096, "tsne_3d_z": 32.844124, "grid_umap_1d_x": 491.0, "grid_umap_2d_x": 12.0, "grid_umap_2d_y": 8.0, "grid_umap_3d_x": 1.0, "grid_umap_3d_y": 4.0, "grid_umap_3d_z": 9.0, "grid_tsne_1d_x": 491.0, "grid_tsne_2d_x": 2.0, "grid_tsne_2d_y": 13.0, "grid_tsne_3d_x": 6.0, "grid_tsne_3d_y": 3.0, "grid_tsne_3d_z": 7.0, "patch_file": "patch_0491.png" }, "geometry": { "type": "Point", "coordinates": [ 83.154724754098368, 65.126547483716124 ] } },
{ "type": "Feature", "properties": { "index": 492, "lon": -56.763731418961996, "lat": -0.36723999576565802, "classification": 112, "subregion_name": "Latin America and the Caribbean", "umap_1d_x": -2.6682999, "umap_2d_x": 21.853256, "umap_2d_y": 50.0, "umap_3d_x": 19.531479, "umap_3d_y": 40.233093, "umap_3d_z": -32.335667, "tsne_1d_x": -37.018665, "tsne_2d_x": 26.311508, "tsne_2d_y": -49.026604, "tsne_3d_x": -34.230141, "tsne_3d_y": 50.0, "tsne_3d_z": -5.3397789, "grid_umap_1d_x": 492.0, "grid_umap_2d_x": 16.0, "grid_umap_2d_y": 31.0, "grid_umap_3d_x": 5.0, "grid_umap_3d_y": 7.0, "grid_umap_3d_z": 1.0, "grid_tsne_1d_x": 492.0, "grid_tsne_2d_x": 28.0, "grid_tsne_2d_y": 1.0, "grid_tsne_3d_x": 2.0, "grid_tsne_3d_y": 9.0, "grid_tsne_3d_z": 9.0, "patch_file": "patch_0492.png" }, "geometry": { "type": "Point", "coordinates": [ -56.763731418961996, -0.367239995765658 ] } },
{ "type": "Feature", "properties": { "index": 493, "lon": 107.74569211934244, "lat": 61.031272536746698, "classification": 113, "subregion_name": "Eastern Europe", "umap_1d_x": 21.086983, "umap_2d_x": -41.465797, "umap_2d_y": -49.065853, "umap_3d_x": -39.907333, "umap_3d_y": -32.132988, "umap_3d_z": 48.730293, "tsne_1d_x": 40.249992, "tsne_2d_x": -31.085192, "tsne_2d_y": -15.193661, "tsne_3d_x": 8.0659676, "tsne_3d_y": -23.846384, "tsne_3d_z": 37.475365, "grid_umap_1d_x": 493.0, "grid_umap_2d_x": 18.0, "grid_umap_2d_y": 0.0, "grid_umap_3d_x": 6.0, "grid_umap_3d_y": 6.0, "grid_umap_3d_z": 7.0, "grid_tsne_1d_x": 493.0, "grid_tsne_2d_x": 13.0, "grid_tsne_2d_y": 11.0, "grid_tsne_3d_x": 3.0, "grid_tsne_3d_y": 3.0, "grid_tsne_3d_z": 9.0, "patch_file": "patch_0493.png" }, "geometry": { "type": "Point", "coordinates": [ 107.745692119342436, 61.031272536746698 ] } },
{ "type": "Feature", "properties": { "index": 494, "lon": 123.96226016087314, "lat": 54.71558650058266, "classification": 113, "subregion_name": "Eastern Europe", "umap_1d_x": 20.947237, "umap_2d_x": -40.78952, "umap_2d_y": -47.584724, "umap_3d_x": -39.714985, "umap_3d_y": -33.836929, "umap_3d_z": 48.89444, "tsne_1d_x": 39.904057, "tsne_2d_x": -29.166817, "tsne_2d_y": -18.123573, "tsne_3d_x": 1.334507, "tsne_3d_y": -22.304169, "tsne_3d_z": 39.093979, "grid_umap_1d_x": 494.0, "grid_umap_2d_x": 16.0, "grid_umap_2d_y": 0.0, "grid_umap_3d_x": 6.0, "grid_umap_3d_y": 5.0, "grid_umap_3d_z": 8.0, "grid_tsne_1d_x": 494.0, "grid_tsne_2d_x": 2.0, "grid_tsne_2d_y": 2.0, "grid_tsne_3d_x": 1.0, "grid_tsne_3d_y": 4.0, "grid_tsne_3d_z": 8.0, "patch_file": "patch_0494.png" }, "geometry": { "type": "Point", "coordinates": [ 123.962260160873143, 54.71558650058266 ] } },
{ "type": "Feature", "properties": { "index": 495, "lon": -98.11804593878233, "lat": 33.26259951414815, "classification": 30, "subregion_name": "Unknown", "umap_1d_x": 11.90308, "umap_2d_x": -22.509983, "umap_2d_y": -2.4651299, "umap_3d_x": -21.470367, "umap_3d_y": -22.73477, "umap_3d_z": -2.4676857, "tsne_1d_x": 4.8622799, "tsne_2d_x": -1.7095146, "tsne_2d_y": 7.555687, "tsne_3d_x": -3.6491852, "tsne_3d_y": -8.6091652, "tsne_3d_z": -7.5668068, "grid_umap_1d_x": 495.0, "grid_umap_2d_x": 16.0, "grid_umap_2d_y": 23.0, "grid_umap_3d_x": 5.0, "grid_umap_3d_y": 0.0, "grid_umap_3d_z": 1.0, "grid_tsne_1d_x": 495.0, "grid_tsne_2d_x": 1.0, "grid_tsne_2d_y": 9.0, "grid_tsne_3d_x": 0.0, "grid_tsne_3d_y": 0.0, "grid_tsne_3d_z": 1.0, "patch_file": "patch_0495.png" }, "geometry": { "type": "Point", "coordinates": [ -98.11804593878233, 33.26259951414815 ] } },
{ "type": "Feature", "properties": { "index": 496, "lon": -73.993422532928932, "lat": -43.317656513166128, "classification": 112, "subregion_name": "Unknown", "umap_1d_x": -12.30679, "umap_2d_x": 41.522102, "umap_2d_y": 6.7655563, "umap_3d_x": 41.483681, "umap_3d_y": 8.6229095, "umap_3d_z": 2.59095, "tsne_1d_x": -57.595108, "tsne_2d_x": 32.001663, "tsne_2d_y": 32.23465, "tsne_3d_x": -8.6142387, "tsne_3d_y": -21.872118, "tsne_3d_z": -34.94894, "grid_umap_1d_x": 496.0, "grid_umap_2d_x": 29.0, "grid_umap_2d_y": 9.0, "grid_umap_3d_x": 9.0, "grid_umap_3d_y": 5.0, "grid_umap_3d_z": 8.0, "grid_tsne_1d_x": 496.0, "grid_tsne_2d_x": 26.0, "grid_tsne_2d_y": 28.0, "grid_tsne_3d_x": 2.0, "grid_tsne_3d_y": 0.0, "grid_tsne_3d_z": 0.0, "patch_file": "patch_0496.png" }, "geometry": { "type": "Point", "coordinates": [ -73.993422532928932, -43.317656513166128 ] } },
{ "type": "Feature", "properties": { "index": 497, "lon": 120.16556294312113, "lat": 37.172596557323615, "classification": 40, "subregion_name": "Unknown", "umap_1d_x": 9.3848066, "umap_2d_x": -15.45401, "umap_2d_y": -7.5912361, "umap_3d_x": -22.669897, "umap_3d_y": -6.6306458, "umap_3d_z": 9.7504196, "tsne_1d_x": 18.472412, "tsne_2d_x": -8.6467476, "tsne_2d_y": -18.077099, "tsne_3d_x": 13.206566, "tsne_3d_y": 17.305916, "tsne_3d_z": 15.2313, "grid_umap_1d_x": 497.0, "grid_umap_2d_x": 10.0, "grid_umap_2d_y": 11.0, "grid_umap_3d_x": 2.0, "grid_umap_3d_y": 8.0, "grid_umap_3d_z": 4.0, "grid_tsne_1d_x": 497.0, "grid_tsne_2d_x": 9.0, "grid_tsne_2d_y": 2.0, "grid_tsne_3d_x": 7.0, "grid_tsne_3d_y": 9.0, "grid_tsne_3d_z": 8.0, "patch_file": "patch_0497.png" }, "geometry": { "type": "Point", "coordinates": [ 120.165562943121131, 37.172596557323615 ] } },
{ "type": "Feature", "properties": { "index": 498, "lon": -114.21223921277513, "lat": 51.020280271403678, "classification": 30, "subregion_name": "Northern America", "umap_1d_x": 9.8104134, "umap_2d_x": -16.80233, "umap_2d_y": -10.493267, "umap_3d_x": -25.863823, "umap_3d_y": -9.2201042, "umap_3d_z": 9.6803856, "tsne_1d_x": 17.708124, "tsne_2d_x": -12.602695, "tsne_2d_y": -14.833096, "tsne_3d_x": 20.231888, "tsne_3d_y": 5.3433342, "tsne_3d_z": 15.855965, "grid_umap_1d_x": 498.0, "grid_umap_2d_x": 13.0, "grid_umap_2d_y": 12.0, "grid_umap_3d_x": 2.0, "grid_umap_3d_y": 7.0, "grid_umap_3d_z": 4.0, "grid_tsne_1d_x": 498.0, "grid_tsne_2d_x": 8.0, "grid_tsne_2d_y": 4.0, "grid_tsne_3d_x": 9.0, "grid_tsne_3d_y": 8.0, "grid_tsne_3d_z": 7.0, "patch_file": "patch_0498.png" }, "geometry": { "type": "Point", "coordinates": [ -114.212239212775131, 51.020280271403678 ] } },
{ "type": "Feature", "properties": { "index": 499, "lon": 146.8295760488167, "lat": -42.839176781428989, "classification": 112, "subregion_name": "Unknown", "umap_1d_x": -12.287137, "umap_2d_x": 41.665421, "umap_2d_y": 6.8339844, "umap_3d_x": 41.602745, "umap_3d_y": 8.7586632, "umap_3d_z": 2.070385, "tsne_1d_x": -57.648525, "tsne_2d_x": 32.401871, "tsne_2d_y": 32.300659, "tsne_3d_x": -8.11129, "tsne_3d_y": -20.987453, "tsne_3d_z": -34.762581, "grid_umap_1d_x": 499.0, "grid_umap_2d_x": 26.0, "grid_umap_2d_y": 10.0, "grid_umap_3d_x": 9.0, "grid_umap_3d_y": 5.0, "grid_umap_3d_z": 7.0, "grid_tsne_1d_x": 499.0, "grid_tsne_2d_x": 25.0, "grid_tsne_2d_y": 27.0, "grid_tsne_3d_x": 2.0, "grid_tsne_3d_y": 1.0, "grid_tsne_3d_z": 1.0, "patch_file": "patch_0499.png" }, "geometry": { "type": "Point", "coordinates": [ 146.829576048816705, -42.839176781428989 ] } },
{ "type": "Feature", "properties": { "index": 500, "lon": 138.62429035937214, "lat": -3.9815145244996302, "classification": 112, "subregion_name": "South-eastern Asia", "umap_1d_x": -3.9655206, "umap_2d_x": 23.9375, "umap_2d_y": 35.890457, "umap_3d_x": 19.289093, "umap_3d_y": 30.122047, "umap_3d_z": -17.518909, "tsne_1d_x": -28.018938, "tsne_2d_x": 15.715546, "tsne_2d_y": -34.581837, "tsne_3d_x": -23.808777, "tsne_3d_y": 16.351898, "tsne_3d_z": -2.9622078, "grid_umap_1d_x": 500.0, "grid_umap_2d_x": 21.0, "grid_umap_2d_y": 28.0, "grid_umap_3d_x": 8.0, "grid_umap_3d_y": 9.0, "grid_umap_3d_z": 0.0, "grid_tsne_1d_x": 500.0, "grid_tsne_2d_x": 22.0, "grid_tsne_2d_y": 3.0, "grid_tsne_3d_x": 0.0, "grid_tsne_3d_y": 5.0, "grid_tsne_3d_z": 6.0, "patch_file": "patch_0500.png" }, "geometry": { "type": "Point", "coordinates": [ 138.624290359372139, -3.98151452449963 ] } },
{ "type": "Feature", "properties": { "index": 501, "lon": 134.07041316846784, "lat": 70.550190310815509, "classification": 100, "subregion_name": "Eastern Europe", "umap_1d_x": 24.839743, "umap_2d_x": -49.852959, "umap_2d_y": -35.473064, "umap_3d_x": -49.310482, "umap_3d_y": -17.876564, "umap_3d_z": 35.279488, "tsne_1d_x": 51.590927, "tsne_2d_x": -45.380268, "tsne_2d_y": -17.441589, "tsne_3d_x": 37.316559, "tsne_3d_y": -10.517601, "tsne_3d_z": 38.808746, "grid_umap_1d_x": 501.0, "grid_umap_2d_x": 8.0, "grid_umap_2d_y": 8.0, "grid_umap_3d_x": 2.0, "grid_umap_3d_y": 9.0, "grid_umap_3d_z": 6.0, "grid_tsne_1d_x": 501.0, "grid_tsne_2d_x": 5.0, "grid_tsne_2d_y": 10.0, "grid_tsne_3d_x": 9.0, "grid_tsne_3d_y": 6.0, "grid_tsne_3d_z": 9.0, "patch_file": "patch_0501.png" }, "geometry": { "type": "Point", "coordinates": [ 134.070413168467837, 70.550190310815509 ] } },
{ "type": "Feature", "properties": { "index": 502, "lon": 89.455771664087422, "lat": 52.968548331776148, "classification": 111, "subregion_name": "Eastern Europe", "umap_1d_x": 20.188686, "umap_2d_x": -31.982805, "umap_2d_y": -44.440533, "umap_3d_x": -34.917751, "umap_3d_y": -47.124729, "umap_3d_z": 41.346313, "tsne_1d_x": 29.224289, "tsne_2d_x": -26.441946, "tsne_2d_y": 2.539505, "tsne_3d_x": -5.3852692, "tsne_3d_y": -38.458557, "tsne_3d_z": 25.073196, "grid_umap_1d_x": 502.0, "grid_umap_2d_x": 27.0, "grid_umap_2d_y": 2.0, "grid_umap_3d_x": 9.0, "grid_umap_3d_y": 0.0, "grid_umap_3d_z": 9.0, "grid_tsne_1d_x": 502.0, "grid_tsne_2d_x": 4.0, "grid_tsne_2d_y": 16.0, "grid_tsne_3d_x": 0.0, "grid_tsne_3d_y": 0.0, "grid_tsne_3d_z": 7.0, "patch_file": "patch_0502.png" }, "geometry": { "type": "Point", "coordinates": [ 89.455771664087422, 52.968548331776148 ] } },
{ "type": "Feature", "properties": { "index": 503, "lon": 22.492992805913019, "lat": 61.669933713635388, "classification": 111, "subregion_name": "Unknown", "umap_1d_x": 17.484207, "umap_2d_x": -27.661263, "umap_2d_y": -31.074709, "umap_3d_x": -30.615658, "umap_3d_y": -50.0, "umap_3d_z": 20.960518, "tsne_1d_x": 24.405298, "tsne_2d_x": -24.531075, "tsne_2d_y": 16.521278, "tsne_3d_x": 10.750156, "tsne_3d_y": -43.743332, "tsne_3d_z": 12.635059, "grid_umap_1d_x": 503.0, "grid_umap_2d_x": 18.0, "grid_umap_2d_y": 7.0, "grid_umap_3d_x": 8.0, "grid_umap_3d_y": 1.0, "grid_umap_3d_z": 5.0, "grid_tsne_1d_x": 503.0, "grid_tsne_2d_x": 3.0, "grid_tsne_2d_y": 25.0, "grid_tsne_3d_x": 4.0, "grid_tsne_3d_y": 0.0, "grid_tsne_3d_z": 4.0, "patch_file": "patch_0503.png" }, "geometry": { "type": "Point", "coordinates": [ 22.492992805913019, 61.669933713635388 ] } },
{ "type": "Feature", "properties": { "index": 504, "lon": 134.96268705654546, "lat": -22.391484294403547, "classification": 20, "subregion_name": "Unknown", "umap_1d_x": -13.822926, "umap_2d_x": 48.110077, "umap_2d_y": 1.7024994, "umap_3d_x": 48.58905, "umap_3d_y": -4.3421478, "umap_3d_z": 1.2246361, "tsne_1d_x": -62.668549, "tsne_2d_x": 39.776924, "tsne_2d_y": 44.847664, "tsne_3d_x": 8.5465088, "tsne_3d_y": -12.133461, "tsne_3d_z": -47.850719, "grid_umap_1d_x": 504.0, "grid_umap_2d_x": 30.0, "grid_umap_2d_y": 2.0, "grid_umap_3d_x": 9.0, "grid_umap_3d_y": 1.0, "grid_umap_3d_z": 5.0, "grid_tsne_1d_x": 504.0, "grid_tsne_2d_x": 22.0, "grid_tsne_2d_y": 28.0, "grid_tsne_3d_x": 5.0, "grid_tsne_3d_y": 3.0, "grid_tsne_3d_z": 0.0, "patch_file": "patch_0504.png" }, "geometry": { "type": "Point", "coordinates": [ 134.962687056545462, -22.391484294403547 ] } },
{ "type": "Feature", "properties": { "index": 505, "lon": -123.06828868026646, "lat": 38.920591100432759, "classification": 126, "subregion_name": "Unknown", "umap_1d_x": 13.231336, "umap_2d_x": -26.410587, "umap_2d_y": 5.2940712, "umap_3d_x": -25.683504, "umap_3d_y": -20.613146, "umap_3d_z": -9.2520523, "tsne_1d_x": 3.0028129, "tsne_2d_x": -3.5193443, "tsne_2d_y": 26.483383, "tsne_3d_x": 21.446594, "tsne_3d_y": -7.2560081, "tsne_3d_z": -13.768719, "grid_umap_1d_x": 505.0, "grid_umap_2d_x": 7.0, "grid_umap_2d_y": 21.0, "grid_umap_3d_x": 2.0, "grid_umap_3d_y": 0.0, "grid_umap_3d_z": 0.0, "grid_tsne_1d_x": 505.0, "grid_tsne_2d_x": 0.0, "grid_tsne_2d_y": 27.0, "grid_tsne_3d_x": 9.0, "grid_tsne_3d_y": 2.0, "grid_tsne_3d_z": 0.0, "patch_file": "patch_0505.png" }, "geometry": { "type": "Point", "coordinates": [ -123.068288680266463, 38.920591100432759 ] } },
{ "type": "Feature", "properties": { "index": 506, "lon": 27.121143166653553, "lat": 4.6871504692385031, "classification": 114, "subregion_name": "Sub-Saharan Africa", "umap_1d_x": 4.5165806, "umap_2d_x": -7.717247, "umap_2d_y": 32.358971, "umap_3d_x": -4.3936119, "umap_3d_y": 9.4799995, "umap_3d_z": -40.837891, "tsne_1d_x": -18.894938, "tsne_2d_x": 17.821907, "tsne_2d_y": -3.7009048, "tsne_3d_x": 6.3680038, "tsne_3d_y": 39.837029, "tsne_3d_z": -18.18594, "grid_umap_1d_x": 506.0, "grid_umap_2d_x": 5.0, "grid_umap_2d_y": 29.0, "grid_umap_3d_x": 6.0, "grid_umap_3d_y": 6.0, "grid_umap_3d_z": 1.0, "grid_tsne_1d_x": 506.0, "grid_tsne_2d_x": 19.0, "grid_tsne_2d_y": 0.0, "grid_tsne_3d_x": 5.0, "grid_tsne_3d_y": 7.0, "grid_tsne_3d_z": 3.0, "patch_file": "patch_0506.png" }, "geometry": { "type": "Point", "coordinates": [ 27.121143166653553, 4.687150469238503 ] } },
{ "type": "Feature", "properties": { "index": 507, "lon": 138.73643381977985, "lat": -2.1325311210161999, "classification": 112, "subregion_name": "South-eastern Asia", "umap_1d_x": -4.2843065, "umap_2d_x": 26.086136, "umap_2d_y": 40.309822, "umap_3d_x": 21.582611, "umap_3d_y": 38.986496, "umap_3d_z": -21.37439, "tsne_1d_x": -32.205475, "tsne_2d_x": 23.412666, "tsne_2d_y": -34.99342, "tsne_3d_x": -30.849861, "tsne_3d_y": 30.070229, "tsne_3d_z": -12.759457, "grid_umap_1d_x": 507.0, "grid_umap_2d_x": 23.0, "grid_umap_2d_y": 31.0, "grid_umap_3d_x": 5.0, "grid_umap_3d_y": 8.0, "grid_umap_3d_z": 3.0, "grid_tsne_1d_x": 507.0, "grid_tsne_2d_x": 25.0, "grid_tsne_2d_y": 3.0, "grid_tsne_3d_x": 0.0, "grid_tsne_3d_y": 8.0, "grid_tsne_3d_z": 3.0, "patch_file": "patch_0507.png" }, "geometry": { "type": "Point", "coordinates": [ 138.736433819779847, -2.1325311210162 ] } },
{ "type": "Feature", "properties": { "index": 508, "lon": 13.913008697393622, "lat": 57.693953366089858, "classification": 40, "subregion_name": "Northern Europe", "umap_1d_x": 16.549814, "umap_2d_x": -31.151505, "umap_2d_y": -18.110312, "umap_3d_x": -31.488468, "umap_3d_y": -39.499493, "umap_3d_z": 8.8562202, "tsne_1d_x": 20.189323, "tsne_2d_x": -17.322575, "tsne_2d_y": 32.925209, "tsne_3d_x": 21.88987, "tsne_3d_y": -32.95182, "tsne_3d_z": 5.7522278, "grid_umap_1d_x": 508.0, "grid_umap_2d_x": 7.0, "grid_umap_2d_y": 10.0, "grid_umap_3d_x": 7.0, "grid_umap_3d_y": 1.0, "grid_umap_3d_z": 3.0, "grid_tsne_1d_x": 508.0, "grid_tsne_2d_x": 3.0, "grid_tsne_2d_y": 31.0, "grid_tsne_3d_x": 7.0, "grid_tsne_3d_y": 0.0, "grid_tsne_3d_z": 4.0, "patch_file": "patch_0508.png" }, "geometry": { "type": "Point", "coordinates": [ 13.913008697393622, 57.693953366089858 ] } },
{ "type": "Feature", "properties": { "index": 509, "lon": 26.897487637238726, "lat": 0.460223341624939, "classification": 112, "subregion_name": "Sub-Saharan Africa", "umap_1d_x": -5.3166289, "umap_2d_x": 29.070801, "umap_2d_y": 43.365761, "umap_3d_x": 21.179329, "umap_3d_y": 48.468521, "umap_3d_z": -18.663511, "tsne_1d_x": -33.333801, "tsne_2d_x": 27.974548, "tsne_2d_y": -34.167629, "tsne_3d_x": -40.133255, "tsne_3d_y": 35.040977, "tsne_3d_z": -16.645042, "grid_umap_1d_x": 509.0, "grid_umap_2d_x": 25.0, "grid_umap_2d_y": 30.0, "grid_umap_3d_x": 4.0, "grid_umap_3d_y": 9.0, "grid_umap_3d_z": 5.0, "grid_tsne_1d_x": 509.0, "grid_tsne_2d_x": 30.0, "grid_tsne_2d_y": 7.0, "grid_tsne_3d_x": 1.0, "grid_tsne_3d_y": 7.0, "grid_tsne_3d_z": 4.0, "patch_file": "patch_0509.png" }, "geometry": { "type": "Point", "coordinates": [ 26.897487637238726, 0.460223341624939 ] } },
{ "type": "Feature", "properties": { "index": 510, "lon": -91.226827749366848, "lat": 53.511898707521226, "classification": 111, "subregion_name": "Northern America", "umap_1d_x": 20.66367, "umap_2d_x": -35.896896, "umap_2d_y": -37.845154, "umap_3d_x": -38.708157, "umap_3d_y": -42.474113, "umap_3d_z": 35.89415, "tsne_1d_x": 36.645275, "tsne_2d_x": -32.613403, "tsne_2d_y": 5.4379387, "tsne_3d_x": 12.627041, "tsne_3d_y": -38.187325, "tsne_3d_z": 30.882538, "grid_umap_1d_x": 510.0, "grid_umap_2d_x": 19.0, "grid_umap_2d_y": 8.0, "grid_umap_3d_x": 7.0, "grid_umap_3d_y": 4.0, "grid_umap_3d_z": 6.0, "grid_tsne_1d_x": 510.0, "grid_tsne_2d_x": 2.0, "grid_tsne_2d_y": 19.0, "grid_tsne_3d_x": 4.0, "grid_tsne_3d_y": 3.0, "grid_tsne_3d_z": 6.0, "patch_file": "patch_0510.png" }, "geometry": { "type": "Point", "coordinates": [ -91.226827749366848, 53.511898707521226 ] } },
{ "type": "Feature", "properties": { "index": 511, "lon": 151.97079165632954, "lat": -29.062041859782713, "classification": 30, "subregion_name": "Unknown", "umap_1d_x": -12.701925, "umap_2d_x": 44.22628, "umap_2d_y": 9.4190903, "umap_3d_x": 44.801361, "umap_3d_y": 8.5952339, "umap_3d_z": -2.5651436, "tsne_1d_x": -59.362301, "tsne_2d_x": 38.069298, "tsne_2d_y": 33.708748, "tsne_3d_x": 2.0197945, "tsne_3d_y": -7.2187691, "tsne_3d_z": -35.445518, "grid_umap_1d_x": 511.0, "grid_umap_2d_x": 25.0, "grid_umap_2d_y": 12.0, "grid_umap_3d_x": 9.0, "grid_umap_3d_y": 3.0, "grid_umap_3d_z": 2.0, "grid_tsne_1d_x": 511.0, "grid_tsne_2d_x": 27.0, "grid_tsne_2d_y": 28.0, "grid_tsne_3d_x": 4.0, "grid_tsne_3d_y": 3.0, "grid_tsne_3d_z": 1.0, "patch_file": "patch_0511.png" }, "geometry": { "type": "Point", "coordinates": [ 151.970791656329538, -29.062041859782713 ] } },
{ "type": "Feature", "properties": { "index": 512, "lon": -87.120279332431338, "lat": 55.310520607742831, "classification": 20, "subregion_name": "Northern America", "umap_1d_x": 23.298922, "umap_2d_x": -42.355774, "umap_2d_y": -26.749905, "umap_3d_x": -42.525986, "umap_3d_y": -24.83679, "umap_3d_z": 24.786247, "tsne_1d_x": 47.834072, "tsne_2d_x": -42.777069, "tsne_2d_y": -3.8103867, "tsne_3d_x": 30.441032, "tsne_3d_y": -14.328773, "tsne_3d_z": 26.378426, "grid_umap_1d_x": 512.0, "grid_umap_2d_x": 12.0, "grid_umap_2d_y": 13.0, "grid_umap_3d_x": 2.0, "grid_umap_3d_y": 5.0, "grid_umap_3d_z": 6.0, "grid_tsne_1d_x": 512.0, "grid_tsne_2d_x": 19.0, "grid_tsne_2d_y": 23.0, "grid_tsne_3d_x": 7.0, "grid_tsne_3d_y": 5.0, "grid_tsne_3d_z": 6.0, "patch_file": "patch_0512.png" }, "geometry": { "type": "Point", "coordinates": [ -87.120279332431338, 55.310520607742831 ] } },
{ "type": "Feature", "properties": { "index": 513, "lon": -123.65898281872987, "lat": 63.697989350719425, "classification": 111, "subregion_name": "Northern America", "umap_1d_x": 20.391598, "umap_2d_x": -33.427269, "umap_2d_y": -42.98053, "umap_3d_x": -37.321575, "umap_3d_y": -47.760597, "umap_3d_z": 41.220657, "tsne_1d_x": 29.037197, "tsne_2d_x": -29.76075, "tsne_2d_y": 2.3654938, "tsne_3d_x": 2.0052261, "tsne_3d_y": -41.962727, "tsne_3d_z": 30.719284, "grid_umap_1d_x": 513.0, "grid_umap_2d_x": 19.0, "grid_umap_2d_y": 0.0, "grid_umap_3d_x": 7.0, "grid_umap_3d_y": 0.0, "grid_umap_3d_z": 9.0, "grid_tsne_1d_x": 513.0, "grid_tsne_2d_x": 14.0, "grid_tsne_2d_y": 21.0, "grid_tsne_3d_x": 1.0, "grid_tsne_3d_y": 0.0, "grid_tsne_3d_z": 8.0, "patch_file": "patch_0513.png" }, "geometry": { "type": "Point", "coordinates": [ -123.658982818729868, 63.697989350719425 ] } },
{ "type": "Feature", "properties": { "index": 514, "lon": -50.526443559347484, "lat": -28.810911560034164, "classification": 112, "subregion_name": "Latin America and the Caribbean", "umap_1d_x": -10.180988, "umap_2d_x": 40.534225, "umap_2d_y": 14.858887, "umap_3d_x": 40.992004, "umap_3d_y": 20.216652, "umap_3d_z": -0.67131805, "tsne_1d_x": -56.226665, "tsne_2d_x": 34.133835, "tsne_2d_y": 25.810471, "tsne_3d_x": -16.007572, "tsne_3d_y": -8.8845062, "tsne_3d_z": -36.414192, "grid_umap_1d_x": 514.0, "grid_umap_2d_x": 28.0, "grid_umap_2d_y": 13.0, "grid_umap_3d_x": 9.0, "grid_umap_3d_y": 6.0, "grid_umap_3d_z": 7.0, "grid_tsne_1d_x": 514.0, "grid_tsne_2d_x": 24.0, "grid_tsne_2d_y": 24.0, "grid_tsne_3d_x": 1.0, "grid_tsne_3d_y": 2.0, "grid_tsne_3d_z": 2.0, "patch_file": "patch_0514.png" }, "geometry": { "type": "Point", "coordinates": [ -50.526443559347484, -28.810911560034164 ] } },
{ "type": "Feature", "properties": { "index": 515, "lon": -75.68321799005534, "lat": -1.2331870681949579, "classification": 112, "subregion_name": "Latin America and the Caribbean", "umap_1d_x": -3.4358051, "umap_2d_x": 23.361427, "umap_2d_y": 44.288971, "umap_3d_x": 20.358719, "umap_3d_y": 39.243004, "umap_3d_z": -25.479252, "tsne_1d_x": -35.461384, "tsne_2d_x": 24.704788, "tsne_2d_y": -40.388714, "tsne_3d_x": -34.723331, "tsne_3d_y": 35.949257, "tsne_3d_z": -10.219486, "grid_umap_1d_x": 515.0, "grid_umap_2d_x": 18.0, "grid_umap_2d_y": 25.0, "grid_umap_3d_x": 5.0, "grid_umap_3d_y": 7.0, "grid_umap_3d_z": 3.0, "grid_tsne_1d_x": 515.0, "grid_tsne_2d_x": 27.0, "grid_tsne_2d_y": 8.0, "grid_tsne_3d_x": 0.0, "grid_tsne_3d_y": 8.0, "grid_tsne_3d_z": 5.0, "patch_file": "patch_0515.png" }, "geometry": { "type": "Point", "coordinates": [ -75.68321799005534, -1.233187068194958 ] } },
{ "type": "Feature", "properties": { "index": 516, "lon": 15.872625346375116, "lat": 40.122336699309471, "classification": 114, "subregion_name": "Southern Europe", "umap_1d_x": 14.324035, "umap_2d_x": -26.705818, "umap_2d_y": -10.411446, "umap_3d_x": -25.717657, "umap_3d_y": -27.76404, "umap_3d_z": 6.1657715, "tsne_1d_x": 10.183115, "tsne_2d_x": -10.924088, "tsne_2d_y": 13.028591, "tsne_3d_x": 11.891365, "tsne_3d_y": -12.510742, "tsne_3d_z": 2.4954605, "grid_umap_1d_x": 516.0, "grid_umap_2d_x": 18.0, "grid_umap_2d_y": 21.0, "grid_umap_3d_x": 2.0, "grid_umap_3d_y": 1.0, "grid_umap_3d_z": 4.0, "grid_tsne_1d_x": 516.0, "grid_tsne_2d_x": 4.0, "grid_tsne_2d_y": 19.0, "grid_tsne_3d_x": 6.0, "grid_tsne_3d_y": 1.0, "grid_tsne_3d_z": 2.0, "patch_file": "patch_0516.png" }, "geometry": { "type": "Point", "coordinates": [ 15.872625346375116, 40.122336699309471 ] } },
{ "type": "Feature", "properties": { "index": 517, "lon": -67.057807878163189, "lat": 54.521519730107357, "classification": 30, "subregion_name": "Northern America", "umap_1d_x": 24.367529, "umap_2d_x": -46.814739, "umap_2d_y": -28.63871, "umap_3d_x": -47.795712, "umap_3d_y": -23.896202, "umap_3d_z": 27.131287, "tsne_1d_x": 54.416718, "tsne_2d_x": -47.698483, "tsne_2d_y": -10.165169, "tsne_3d_x": 42.381927, "tsne_3d_y": -24.096838, "tsne_3d_z": 32.530777, "grid_umap_1d_x": 517.0, "grid_umap_2d_x": 20.0, "grid_umap_2d_y": 20.0, "grid_umap_3d_x": 0.0, "grid_umap_3d_y": 6.0, "grid_umap_3d_z": 6.0, "grid_tsne_1d_x": 517.0, "grid_tsne_2d_x": 1.0, "grid_tsne_2d_y": 13.0, "grid_tsne_3d_x": 8.0, "grid_tsne_3d_y": 4.0, "grid_tsne_3d_z": 6.0, "patch_file": "patch_0517.png" }, "geometry": { "type": "Point", "coordinates": [ -67.057807878163189, 54.521519730107357 ] } },
{ "type": "Feature", "properties": { "index": 518, "lon": -140.74177213487087, "lat": 66.525386440834154, "classification": 20, "subregion_name": "Northern America", "umap_1d_x": 22.895086, "umap_2d_x": -43.347607, "umap_2d_y": -38.239285, "umap_3d_x": -43.841541, "umap_3d_y": -30.777435, "umap_3d_z": 38.163261, "tsne_1d_x": 44.639706, "tsne_2d_x": -39.006756, "tsne_2d_y": -10.513096, "tsne_3d_x": 25.018723, "tsne_3d_y": -31.65851, "tsne_3d_z": 36.24157, "grid_umap_1d_x": 518.0, "grid_umap_2d_x": 6.0, "grid_umap_2d_y": 2.0, "grid_umap_3d_x": 2.0, "grid_umap_3d_y": 4.0, "grid_umap_3d_z": 8.0, "grid_tsne_1d_x": 518.0, "grid_tsne_2d_x": 13.0, "grid_tsne_2d_y": 17.0, "grid_tsne_3d_x": 5.0, "grid_tsne_3d_y": 4.0, "grid_tsne_3d_z": 6.0, "patch_file": "patch_0518.png" }, "geometry": { "type": "Point", "coordinates": [ -140.741772134870871, 66.525386440834154 ] } },
{ "type": "Feature", "properties": { "index": 519, "lon": 30.825809508645023, "lat": 39.147480630153467, "classification": 126, "subregion_name": "Western Asia", "umap_1d_x": 12.996451, "umap_2d_x": -24.787544, "umap_2d_y": 4.7732124, "umap_3d_x": -25.037935, "umap_3d_y": -17.78521, "umap_3d_z": -8.6988525, "tsne_1d_x": 1.6878697, "tsne_2d_x": -1.9371948, "tsne_2d_y": 23.743881, "tsne_3d_x": 19.331902, "tsne_3d_y": -1.4601593, "tsne_3d_z": -9.8917122, "grid_umap_1d_x": 519.0, "grid_umap_2d_x": 9.0, "grid_umap_2d_y": 21.0, "grid_umap_3d_x": 0.0, "grid_umap_3d_y": 0.0, "grid_umap_3d_z": 0.0, "grid_tsne_1d_x": 519.0, "grid_tsne_2d_x": 9.0, "grid_tsne_2d_y": 27.0, "grid_tsne_3d_x": 9.0, "grid_tsne_3d_y": 3.0, "grid_tsne_3d_z": 0.0, "patch_file": "patch_0519.png" }, "geometry": { "type": "Point", "coordinates": [ 30.825809508645023, 39.147480630153467 ] } },
{ "type": "Feature", "properties": { "index": 520, "lon": 28.034721609577161, "lat": -9.1506422538566383, "classification": 114, "subregion_name": "Sub-Saharan Africa", "umap_1d_x": -9.0793638, "umap_2d_x": 40.436127, "umap_2d_y": 29.170967, "umap_3d_x": 41.187065, "umap_3d_y": 38.090172, "umap_3d_z": -2.0571556, "tsne_1d_x": -46.674732, "tsne_2d_x": 48.531761, "tsne_2d_y": 17.610931, "tsne_3d_x": -18.139788, "tsne_3d_y": 14.333954, "tsne_3d_z": -45.555168, "grid_umap_1d_x": 520.0, "grid_umap_2d_x": 29.0, "grid_umap_2d_y": 26.0, "grid_umap_3d_x": 8.0, "grid_umap_3d_y": 9.0, "grid_umap_3d_z": 9.0, "grid_tsne_1d_x": 520.0, "grid_tsne_2d_x": 28.0, "grid_tsne_2d_y": 18.0, "grid_tsne_3d_x": 3.0, "grid_tsne_3d_y": 5.0, "grid_tsne_3d_z": 3.0, "patch_file": "patch_0520.png" }, "geometry": { "type": "Point", "coordinates": [ 28.034721609577161, -9.150642253856638 ] } },
{ "type": "Feature", "properties": { "index": 521, "lon": -48.455787736277728, "lat": -8.2487533007927638, "classification": 30, "subregion_name": "Latin America and the Caribbean", "umap_1d_x": -9.2815771, "umap_2d_x": 36.889771, "umap_2d_y": 22.616234, "umap_3d_x": 37.610031, "umap_3d_y": 27.684555, "umap_3d_z": -9.476284, "tsne_1d_x": -44.726925, "tsne_2d_x": 41.674332, "tsne_2d_y": 13.816566, "tsne_3d_x": -13.397087, "tsne_3d_y": 12.476955, "tsne_3d_z": -32.964458, "grid_umap_1d_x": 521.0, "grid_umap_2d_x": 23.0, "grid_umap_2d_y": 19.0, "grid_umap_3d_x": 7.0, "grid_umap_3d_y": 6.0, "grid_umap_3d_z": 4.0, "grid_tsne_1d_x": 521.0, "grid_tsne_2d_x": 27.0, "grid_tsne_2d_y": 15.0, "grid_tsne_3d_x": 1.0, "grid_tsne_3d_y": 6.0, "grid_tsne_3d_z": 0.0, "patch_file": "patch_0521.png" }, "geometry": { "type": "Point", "coordinates": [ -48.455787736277728, -8.248753300792764 ] } },
{ "type": "Feature", "properties": { "index": 522, "lon": 71.305724279388585, "lat": 31.567559317232238, "classification": 40, "subregion_name": "Southern Asia", "umap_1d_x": 5.3578181, "umap_2d_x": -14.990608, "umap_2d_y": 23.689041, "umap_3d_x": -12.343945, "umap_3d_y": 1.8064308, "umap_3d_z": -30.128242, "tsne_1d_x": -11.677514, "tsne_2d_x": 6.7068024, "tsne_2d_y": 2.2022896, "tsne_3d_x": 16.571442, "tsne_3d_y": 35.902199, "tsne_3d_z": 3.4594879, "grid_umap_1d_x": 522.0, "grid_umap_2d_x": 10.0, "grid_umap_2d_y": 25.0, "grid_umap_3d_x": 1.0, "grid_umap_3d_y": 8.0, "grid_umap_3d_z": 3.0, "grid_tsne_1d_x": 522.0, "grid_tsne_2d_x": 14.0, "grid_tsne_2d_y": 9.0, "grid_tsne_3d_x": 9.0, "grid_tsne_3d_y": 9.0, "grid_tsne_3d_z": 6.0, "patch_file": "patch_0522.png" }, "geometry": { "type": "Point", "coordinates": [ 71.305724279388585, 31.567559317232238 ] } },
{ "type": "Feature", "properties": { "index": 523, "lon": 142.30762543823954, "lat": -3.5348969280493918, "classification": 112, "subregion_name": "Melanesia", "umap_1d_x": -4.4776092, "umap_2d_x": 26.930878, "umap_2d_y": 35.919502, "umap_3d_x": 22.941177, "umap_3d_y": 35.745422, "umap_3d_z": -17.391312, "tsne_1d_x": -29.802954, "tsne_2d_x": 21.460571, "tsne_2d_y": -29.608782, "tsne_3d_x": -24.924982, "tsne_3d_y": 25.282196, "tsne_3d_z": -14.92886, "grid_umap_1d_x": 523.0, "grid_umap_2d_x": 24.0, "grid_umap_2d_y": 26.0, "grid_umap_3d_x": 6.0, "grid_umap_3d_y": 7.0, "grid_umap_3d_z": 5.0, "grid_tsne_1d_x": 523.0, "grid_tsne_2d_x": 24.0, "grid_tsne_2d_y": 1.0, "grid_tsne_3d_x": 0.0, "grid_tsne_3d_y": 8.0, "grid_tsne_3d_z": 2.0, "patch_file": "patch_0523.png" }, "geometry": { "type": "Point", "coordinates": [ 142.30762543823954, -3.534896928049392 ] } },
{ "type": "Feature", "properties": { "index": 524, "lon": 28.856993041161985, "lat": 54.977512209427005, "classification": 125, "subregion_name": "Eastern Europe", "umap_1d_x": 16.776793, "umap_2d_x": -29.099016, "umap_2d_y": -20.918358, "umap_3d_x": -29.604431, "umap_3d_y": -37.584671, "umap_3d_z": 14.562935, "tsne_1d_x": 20.703197, "tsne_2d_x": -17.30735, "tsne_2d_y": 11.916222, "tsne_3d_x": 15.316566, "tsne_3d_y": -25.680056, "tsne_3d_z": 8.9859848, "grid_umap_1d_x": 524.0, "grid_umap_2d_x": 14.0, "grid_umap_2d_y": 12.0, "grid_umap_3d_x": 5.0, "grid_umap_3d_y": 1.0, "grid_umap_3d_z": 5.0, "grid_tsne_1d_x": 524.0, "grid_tsne_2d_x": 1.0, "grid_tsne_2d_y": 19.0, "grid_tsne_3d_x": 6.0, "grid_tsne_3d_y": 2.0, "grid_tsne_3d_z": 4.0, "patch_file": "patch_0524.png" }, "geometry": { "type": "Point", "coordinates": [ 28.856993041161985, 54.977512209427005 ] } },
{ "type": "Feature", "properties": { "index": 525, "lon": 145.8380484983619, "lat": -18.064051668770972, "classification": 124, "subregion_name": "Unknown", "umap_1d_x": -9.9328766, "umap_2d_x": 38.557068, "umap_2d_y": 19.106636, "umap_3d_x": 40.196869, "umap_3d_y": 21.056129, "umap_3d_z": -8.8643646, "tsne_1d_x": -50.319916, "tsne_2d_x": 38.81971, "tsne_2d_y": 17.578522, "tsne_3d_x": -4.973896, "tsne_3d_y": 9.6033859, "tsne_3d_z": -28.700731, "grid_umap_1d_x": 525.0, "grid_umap_2d_x": 25.0, "grid_umap_2d_y": 16.0, "grid_umap_3d_x": 8.0, "grid_umap_3d_y": 5.0, "grid_umap_3d_z": 2.0, "grid_tsne_1d_x": 525.0, "grid_tsne_2d_x": 25.0, "grid_tsne_2d_y": 18.0, "grid_tsne_3d_x": 4.0, "grid_tsne_3d_y": 6.0, "grid_tsne_3d_z": 2.0, "patch_file": "patch_0525.png" }, "geometry": { "type": "Point", "coordinates": [ 145.8380484983619, -18.064051668770972 ] } },
{ "type": "Feature", "properties": { "index": 526, "lon": 25.321415301013758, "lat": 59.011355600870999, "classification": 111, "subregion_name": "Northern Europe", "umap_1d_x": 17.49202, "umap_2d_x": -27.725367, "umap_2d_y": -31.331144, "umap_3d_x": -30.444387, "umap_3d_y": -49.861645, "umap_3d_z": 20.314461, "tsne_1d_x": 24.378784, "tsne_2d_x": -23.976725, "tsne_2d_y": 16.064255, "tsne_3d_x": 10.350845, "tsne_3d_y": -41.63755, "tsne_3d_z": 12.212509, "grid_umap_1d_x": 526.0, "grid_umap_2d_x": 17.0, "grid_umap_2d_y": 6.0, "grid_umap_3d_x": 7.0, "grid_umap_3d_y": 0.0, "grid_umap_3d_z": 5.0, "grid_tsne_1d_x": 526.0, "grid_tsne_2d_x": 1.0, "grid_tsne_2d_y": 24.0, "grid_tsne_3d_x": 3.0, "grid_tsne_3d_y": 1.0, "grid_tsne_3d_z": 4.0, "patch_file": "patch_0526.png" }, "geometry": { "type": "Point", "coordinates": [ 25.321415301013758, 59.011355600870999 ] } },
{ "type": "Feature", "properties": { "index": 527, "lon": -65.162931889265181, "lat": -27.068867405571105, "classification": 126, "subregion_name": "Latin America and the Caribbean", "umap_1d_x": -10.449106, "umap_2d_x": 39.896027, "umap_2d_y": 15.250671, "umap_3d_x": 41.265282, "umap_3d_y": 16.405701, "umap_3d_z": -4.6157761, "tsne_1d_x": -51.141605, "tsne_2d_x": 37.586349, "tsne_2d_y": 25.570251, "tsne_3d_x": -6.3347893, "tsne_3d_y": -4.0088844, "tsne_3d_z": -32.477001, "grid_umap_1d_x": 527.0, "grid_umap_2d_x": 26.0, "grid_umap_2d_y": 13.0, "grid_umap_3d_x": 8.0, "grid_umap_3d_y": 4.0, "grid_umap_3d_z": 4.0, "grid_tsne_1d_x": 527.0, "grid_tsne_2d_x": 28.0, "grid_tsne_2d_y": 24.0, "grid_tsne_3d_x": 2.0, "grid_tsne_3d_y": 2.0, "grid_tsne_3d_z": 0.0, "patch_file": "patch_0527.png" }, "geometry": { "type": "Point", "coordinates": [ -65.162931889265181, -27.068867405571105 ] } },
{ "type": "Feature", "properties": { "index": 528, "lon": -100.84898798885609, "lat": 58.76216339129185, "classification": 121, "subregion_name": "Northern America", "umap_1d_x": 21.995306, "umap_2d_x": -40.183956, "umap_2d_y": -37.028652, "umap_3d_x": -41.991249, "umap_3d_y": -35.518345, "umap_3d_z": 35.067848, "tsne_1d_x": 38.302734, "tsne_2d_x": -35.555458, "tsne_2d_y": 0.54827881, "tsne_3d_x": 15.11441, "tsne_3d_y": -34.428497, "tsne_3d_z": 36.995361, "grid_umap_1d_x": 528.0, "grid_umap_2d_x": 18.0, "grid_umap_2d_y": 11.0, "grid_umap_3d_x": 4.0, "grid_umap_3d_y": 4.0, "grid_umap_3d_z": 6.0, "grid_tsne_1d_x": 528.0, "grid_tsne_2d_x": 20.0, "grid_tsne_2d_y": 24.0, "grid_tsne_3d_x": 5.0, "grid_tsne_3d_y": 0.0, "grid_tsne_3d_z": 9.0, "patch_file": "patch_0528.png" }, "geometry": { "type": "Point", "coordinates": [ -100.848987988856095, 58.76216339129185 ] } },
{ "type": "Feature", "properties": { "index": 529, "lon": 139.98189630639234, "lat": 61.880923500705961, "classification": 116, "subregion_name": "Eastern Europe", "umap_1d_x": 21.632193, "umap_2d_x": -43.294781, "umap_2d_y": -46.580746, "umap_3d_x": -42.059025, "umap_3d_y": -29.571867, "umap_3d_z": 47.874222, "tsne_1d_x": 40.828827, "tsne_2d_x": -32.167831, "tsne_2d_y": -22.680065, "tsne_3d_x": 7.8626862, "tsne_3d_y": -17.30555, "tsne_3d_z": 44.158371, "grid_umap_1d_x": 529.0, "grid_umap_2d_x": 15.0, "grid_umap_2d_y": 2.0, "grid_umap_3d_x": 3.0, "grid_umap_3d_y": 5.0, "grid_umap_3d_z": 9.0, "grid_tsne_1d_x": 529.0, "grid_tsne_2d_x": 5.0, "grid_tsne_2d_y": 3.0, "grid_tsne_3d_x": 2.0, "grid_tsne_3d_y": 6.0, "grid_tsne_3d_z": 9.0, "patch_file": "patch_0529.png" }, "geometry": { "type": "Point", "coordinates": [ 139.981896306392343, 61.880923500705961 ] } },
{ "type": "Feature", "properties": { "index": 530, "lon": 30.042773353211317, "lat": 4.5055395383507033, "classification": 114, "subregion_name": "Unknown", "umap_1d_x": 4.4970751, "umap_2d_x": -7.5282097, "umap_2d_y": 32.884438, "umap_3d_x": -4.407074, "umap_3d_y": 10.210155, "umap_3d_z": -41.383785, "tsne_1d_x": -18.916901, "tsne_2d_x": 18.243721, "tsne_2d_y": -2.7514763, "tsne_3d_x": 8.0708313, "tsne_3d_y": 38.60025, "tsne_3d_z": -18.883991, "grid_umap_1d_x": 530.0, "grid_umap_2d_x": 0.0, "grid_umap_2d_y": 31.0, "grid_umap_3d_x": 4.0, "grid_umap_3d_y": 7.0, "grid_umap_3d_z": 0.0, "grid_tsne_1d_x": 530.0, "grid_tsne_2d_x": 22.0, "grid_tsne_2d_y": 9.0, "grid_tsne_3d_x": 5.0, "grid_tsne_3d_y": 7.0, "grid_tsne_3d_z": 2.0, "patch_file": "patch_0530.png" }, "geometry": { "type": "Point", "coordinates": [ 30.042773353211317, 4.505539538350703 ] } },
{ "type": "Feature", "properties": { "index": 531, "lon": 32.484518240622464, "lat": 7.0413704058711062, "classification": 30, "subregion_name": "Unknown", "umap_1d_x": 4.1591673, "umap_2d_x": -11.412193, "umap_2d_y": 30.233154, "umap_3d_x": -6.3769226, "umap_3d_y": 6.2421684, "umap_3d_z": -39.392876, "tsne_1d_x": -17.595068, "tsne_2d_x": 17.632477, "tsne_2d_y": 4.8224945, "tsne_3d_x": 12.158691, "tsne_3d_y": 47.919762, "tsne_3d_z": -10.350651, "grid_umap_1d_x": 531.0, "grid_umap_2d_x": 5.0, "grid_umap_2d_y": 26.0, "grid_umap_3d_x": 5.0, "grid_umap_3d_y": 6.0, "grid_umap_3d_z": 3.0, "grid_tsne_1d_x": 531.0, "grid_tsne_2d_x": 21.0, "grid_tsne_2d_y": 12.0, "grid_tsne_3d_x": 6.0, "grid_tsne_3d_y": 7.0, "grid_tsne_3d_z": 5.0, "patch_file": "patch_0531.png" }, "geometry": { "type": "Point", "coordinates": [ 32.484518240622464, 7.041370405871106 ] } },
{ "type": "Feature", "properties": { "index": 532, "lon": -113.16087599875462, "lat": 35.189985576047519, "classification": 20, "subregion_name": "Unknown", "umap_1d_x": 12.662511, "umap_2d_x": -22.362972, "umap_2d_y": 5.7516403, "umap_3d_x": -22.739744, "umap_3d_y": -13.889107, "umap_3d_z": -9.9498787, "tsne_1d_x": 0.24518067, "tsne_2d_x": 0.83504867999999277, "tsne_2d_y": 18.829445, "tsne_3d_x": 14.26976, "tsne_3d_y": 5.9061279, "tsne_3d_z": -10.725327, "grid_umap_1d_x": 532.0, "grid_umap_2d_x": 3.0, "grid_umap_2d_y": 18.0, "grid_umap_3d_x": 2.0, "grid_umap_3d_y": 3.0, "grid_umap_3d_z": 1.0, "grid_tsne_1d_x": 532.0, "grid_tsne_2d_x": 9.0, "grid_tsne_2d_y": 22.0, "grid_tsne_3d_x": 8.0, "grid_tsne_3d_y": 6.0, "grid_tsne_3d_z": 0.0, "patch_file": "patch_0532.png" }, "geometry": { "type": "Point", "coordinates": [ -113.160875998754619, 35.189985576047519 ] } },
{ "type": "Feature", "properties": { "index": 533, "lon": 25.300145615316922, "lat": 2.551140008806577, "classification": 112, "subregion_name": "Sub-Saharan Africa", "umap_1d_x": -5.3909764, "umap_2d_x": 29.158714, "umap_2d_y": 43.75206, "umap_3d_x": 21.343254, "umap_3d_y": 49.260933, "umap_3d_z": -18.08124, "tsne_1d_x": -33.389622, "tsne_2d_x": 28.069595, "tsne_2d_y": -33.749382, "tsne_3d_x": -40.823387, "tsne_3d_y": 34.203697, "tsne_3d_z": -16.979969, "grid_umap_1d_x": 533.0, "grid_umap_2d_x": 24.0, "grid_umap_2d_y": 27.0, "grid_umap_3d_x": 3.0, "grid_umap_3d_y": 9.0, "grid_umap_3d_z": 6.0, "grid_tsne_1d_x": 533.0, "grid_tsne_2d_x": 30.0, "grid_tsne_2d_y": 6.0, "grid_tsne_3d_x": 2.0, "grid_tsne_3d_y": 6.0, "grid_tsne_3d_z": 4.0, "patch_file": "patch_0533.png" }, "geometry": { "type": "Point", "coordinates": [ 25.300145615316922, 2.551140008806577 ] } },
{ "type": "Feature", "properties": { "index": 534, "lon": -47.043823840836154, "lat": -14.663313211899812, "classification": 30, "subregion_name": "Latin America and the Caribbean", "umap_1d_x": -9.889451, "umap_2d_x": 39.820084, "umap_2d_y": 21.692291, "umap_3d_x": 41.08802, "umap_3d_y": 26.252205, "umap_3d_z": -6.0101204, "tsne_1d_x": -49.32428, "tsne_2d_x": 43.274971, "tsne_2d_y": 22.899544, "tsne_3d_x": -10.814037, "tsne_3d_y": 2.6596718, "tsne_3d_z": -39.087944, "grid_umap_1d_x": 534.0, "grid_umap_2d_x": 27.0, "grid_umap_2d_y": 18.0, "grid_umap_3d_x": 9.0, "grid_umap_3d_y": 7.0, "grid_umap_3d_z": 4.0, "grid_tsne_1d_x": 534.0, "grid_tsne_2d_x": 27.0, "grid_tsne_2d_y": 22.0, "grid_tsne_3d_x": 2.0, "grid_tsne_3d_y": 3.0, "grid_tsne_3d_z": 0.0, "patch_file": "patch_0534.png" }, "geometry": { "type": "Point", "coordinates": [ -47.043823840836154, -14.663313211899812 ] } },
{ "type": "Feature", "properties": { "index": 535, "lon": 32.972430978011971, "lat": 51.265328281517299, "classification": 40, "subregion_name": "Eastern Europe", "umap_1d_x": 15.545272, "umap_2d_x": -35.31654, "umap_2d_y": -12.401417, "umap_3d_x": -33.740318, "umap_3d_y": -28.551733, "umap_3d_z": 1.8488693, "tsne_1d_x": 14.599241, "tsne_2d_x": -13.063274, "tsne_2d_y": 26.491081, "tsne_3d_x": 33.461609, "tsne_3d_y": -14.678627, "tsne_3d_z": 6.5109901, "grid_umap_1d_x": 535.0, "grid_umap_2d_x": 13.0, "grid_umap_2d_y": 20.0, "grid_umap_3d_x": 4.0, "grid_umap_3d_y": 4.0, "grid_umap_3d_z": 4.0, "grid_tsne_1d_x": 535.0, "grid_tsne_2d_x": 6.0, "grid_tsne_2d_y": 29.0, "grid_tsne_3d_x": 8.0, "grid_tsne_3d_y": 4.0, "grid_tsne_3d_z": 4.0, "patch_file": "patch_0535.png" }, "geometry": { "type": "Point", "coordinates": [ 32.972430978011971, 51.265328281517299 ] } },
{ "type": "Feature", "properties": { "index": 536, "lon": 76.141072759493625, "lat": 12.11262928714487, "classification": 112, "subregion_name": "Southern Asia", "umap_1d_x": 4.5435214, "umap_2d_x": -7.9027367, "umap_2d_y": 31.772591, "umap_3d_x": -3.8971786, "umap_3d_y": 10.285496, "umap_3d_z": -40.165108, "tsne_1d_x": -19.060436, "tsne_2d_x": 16.495956, "tsne_2d_y": -5.3429527, "tsne_3d_x": 3.8918152, "tsne_3d_y": 37.330681, "tsne_3d_z": -20.032301, "grid_umap_1d_x": 536.0, "grid_umap_2d_x": 10.0, "grid_umap_2d_y": 27.0, "grid_umap_3d_x": 5.0, "grid_umap_3d_y": 7.0, "grid_umap_3d_z": 0.0, "grid_tsne_1d_x": 536.0, "grid_tsne_2d_x": 20.0, "grid_tsne_2d_y": 5.0, "grid_tsne_3d_x": 4.0, "grid_tsne_3d_y": 9.0, "grid_tsne_3d_z": 1.0, "patch_file": "patch_0536.png" }, "geometry": { "type": "Point", "coordinates": [ 76.141072759493625, 12.11262928714487 ] } },
{ "type": "Feature", "properties": { "index": 537, "lon": 10.988067469703907, "lat": 51.132399024479867, "classification": 40, "subregion_name": "Western Europe", "umap_1d_x": 15.159389, "umap_2d_x": -32.584007, "umap_2d_y": -10.136658, "umap_3d_x": -32.19117, "umap_3d_y": -32.204041, "umap_3d_z": -1.6685486, "tsne_1d_x": 13.295379, "tsne_2d_x": -11.842369, "tsne_2d_y": 33.426231, "tsne_3d_x": 29.264, "tsne_3d_y": -22.24468, "tsne_3d_z": -0.66374969, "grid_umap_1d_x": 537.0, "grid_umap_2d_x": 2.0, "grid_umap_2d_y": 13.0, "grid_umap_3d_x": 5.0, "grid_umap_3d_y": 1.0, "grid_umap_3d_z": 2.0, "grid_tsne_1d_x": 537.0, "grid_tsne_2d_x": 6.0, "grid_tsne_2d_y": 31.0, "grid_tsne_3d_x": 9.0, "grid_tsne_3d_y": 0.0, "grid_tsne_3d_z": 2.0, "patch_file": "patch_0537.png" }, "geometry": { "type": "Point", "coordinates": [ 10.988067469703907, 51.132399024479867 ] } },
{ "type": "Feature", "properties": { "index": 538, "lon": 122.78609600024623, "lat": -17.950702167981007, "classification": 30, "subregion_name": "Unknown", "umap_1d_x": -10.719077, "umap_2d_x": 42.817764, "umap_2d_y": 17.277237, "umap_3d_x": 44.135292, "umap_3d_y": 20.634827, "umap_3d_z": -9.9377136, "tsne_1d_x": -51.988617, "tsne_2d_x": 41.646408, "tsne_2d_y": 29.039337, "tsne_3d_x": 1.3970261, "tsne_3d_y": 6.463028, "tsne_3d_z": -38.093452, "grid_umap_1d_x": 538.0, "grid_umap_2d_x": 28.0, "grid_umap_2d_y": 15.0, "grid_umap_3d_x": 8.0, "grid_umap_3d_y": 4.0, "grid_umap_3d_z": 1.0, "grid_tsne_1d_x": 538.0, "grid_tsne_2d_x": 29.0, "grid_tsne_2d_y": 26.0, "grid_tsne_3d_x": 6.0, "grid_tsne_3d_y": 6.0, "grid_tsne_3d_z": 2.0, "patch_file": "patch_0538.png" }, "geometry": { "type": "Point", "coordinates": [ 122.786096000246232, -17.950702167981007 ] } },
{ "type": "Feature", "properties": { "index": 539, "lon": -91.577531155630496, "lat": 41.58073572837155, "classification": 40, "subregion_name": "Unknown", "umap_1d_x": 10.955037, "umap_2d_x": -19.204128, "umap_2d_y": -10.062748, "umap_3d_x": -23.694044, "umap_3d_y": -16.040028, "umap_3d_z": 10.153866, "tsne_1d_x": 19.588057, "tsne_2d_x": -15.045338, "tsne_2d_y": -22.683563, "tsne_3d_x": 15.590706, "tsne_3d_y": 13.386513, "tsne_3d_z": 27.697624, "grid_umap_1d_x": 539.0, "grid_umap_2d_x": 15.0, "grid_umap_2d_y": 15.0, "grid_umap_3d_x": 2.0, "grid_umap_3d_y": 3.0, "grid_umap_3d_z": 5.0, "grid_tsne_1d_x": 539.0, "grid_tsne_2d_x": 6.0, "grid_tsne_2d_y": 0.0, "grid_tsne_3d_x": 4.0, "grid_tsne_3d_y": 8.0, "grid_tsne_3d_z": 9.0, "patch_file": "patch_0539.png" }, "geometry": { "type": "Point", "coordinates": [ -91.577531155630496, 41.58073572837155 ] } },
{ "type": "Feature", "properties": { "index": 540, "lon": -65.758637284678287, "lat": 53.587855237607727, "classification": 111, "subregion_name": "Northern America", "umap_1d_x": 23.365507, "umap_2d_x": -43.727463, "umap_2d_y": -31.160208, "umap_3d_x": -44.708099, "umap_3d_y": -31.594259, "umap_3d_z": 29.228172, "tsne_1d_x": 45.462402, "tsne_2d_x": -42.975056, "tsne_2d_y": 8.7339859, "tsne_3d_x": 33.824631, "tsne_3d_y": -39.29591, "tsne_3d_z": 32.285194, "grid_umap_1d_x": 540.0, "grid_umap_2d_x": 16.0, "grid_umap_2d_y": 14.0, "grid_umap_3d_x": 5.0, "grid_umap_3d_y": 6.0, "grid_umap_3d_z": 5.0, "grid_tsne_1d_x": 540.0, "grid_tsne_2d_x": 0.0, "grid_tsne_2d_y": 23.0, "grid_tsne_3d_x": 8.0, "grid_tsne_3d_y": 1.0, "grid_tsne_3d_z": 6.0, "patch_file": "patch_0540.png" }, "geometry": { "type": "Point", "coordinates": [ -65.758637284678287, 53.587855237607727 ] } },
{ "type": "Feature", "properties": { "index": 541, "lon": -155.9919327409639, "lat": 66.485265690476112, "classification": 126, "subregion_name": "Unknown", "umap_1d_x": 22.432077, "umap_2d_x": -40.7701, "umap_2d_y": -33.783638, "umap_3d_x": -41.10862, "umap_3d_y": -30.907583, "umap_3d_z": 31.552818, "tsne_1d_x": 44.495766, "tsne_2d_x": -38.828201, "tsne_2d_y": 6.4662094, "tsne_3d_x": 27.30407, "tsne_3d_y": -30.848257, "tsne_3d_z": 28.858078, "grid_umap_1d_x": 541.0, "grid_umap_2d_x": 3.0, "grid_umap_2d_y": 1.0, "grid_umap_3d_x": 2.0, "grid_umap_3d_y": 3.0, "grid_umap_3d_z": 7.0, "grid_tsne_1d_x": 541.0, "grid_tsne_2d_x": 18.0, "grid_tsne_2d_y": 28.0, "grid_tsne_3d_x": 7.0, "grid_tsne_3d_y": 2.0, "grid_tsne_3d_z": 7.0, "patch_file": "patch_0541.png" }, "geometry": { "type": "Point", "coordinates": [ -155.991932740963904, 66.485265690476112 ] } },
{ "type": "Feature", "properties": { "index": 542, "lon": 107.86559417445227, "lat": 49.427143572618462, "classification": 111, "subregion_name": "Eastern Asia", "umap_1d_x": 20.121782, "umap_2d_x": -32.67411, "umap_2d_y": -45.337749, "umap_3d_x": -35.387596, "umap_3d_y": -44.70182, "umap_3d_z": 40.858025, "tsne_1d_x": 29.652212, "tsne_2d_x": -26.188059, "tsne_2d_y": 0.61766051999999405, "tsne_3d_x": -6.6062622, "tsne_3d_y": -35.184105, "tsne_3d_z": 25.77919, "grid_umap_1d_x": 542.0, "grid_umap_2d_x": 27.0, "grid_umap_2d_y": 1.0, "grid_umap_3d_x": 8.0, "grid_umap_3d_y": 2.0, "grid_umap_3d_z": 8.0, "grid_tsne_1d_x": 542.0, "grid_tsne_2d_x": 11.0, "grid_tsne_2d_y": 18.0, "grid_tsne_3d_x": 0.0, "grid_tsne_3d_y": 2.0, "grid_tsne_3d_z": 7.0, "patch_file": "patch_0542.png" }, "geometry": { "type": "Point", "coordinates": [ 107.865594174452269, 49.427143572618462 ] } },
{ "type": "Feature", "properties": { "index": 543, "lon": 149.71663360310538, "lat": -26.554115554264598, "classification": 30, "subregion_name": "Unknown", "umap_1d_x": -13.204968, "umap_2d_x": 47.034935, "umap_2d_y": 5.288578, "umap_3d_x": 46.765373, "umap_3d_y": 1.6396637, "umap_3d_z": -0.6076355, "tsne_1d_x": -60.718079, "tsne_2d_x": 37.313042, "tsne_2d_y": 41.680267, "tsne_3d_x": 7.5637398, "tsne_3d_y": -10.939293, "tsne_3d_z": -40.015701, "grid_umap_1d_x": 543.0, "grid_umap_2d_x": 27.0, "grid_umap_2d_y": 8.0, "grid_umap_3d_x": 8.0, "grid_umap_3d_y": 3.0, "grid_umap_3d_z": 3.0, "grid_tsne_1d_x": 543.0, "grid_tsne_2d_x": 25.0, "grid_tsne_2d_y": 30.0, "grid_tsne_3d_x": 5.0, "grid_tsne_3d_y": 2.0, "grid_tsne_3d_z": 0.0, "patch_file": "patch_0543.png" }, "geometry": { "type": "Point", "coordinates": [ 149.716633603105379, -26.554115554264598 ] } },
{ "type": "Feature", "properties": { "index": 544, "lon": 79.735674851416547, "lat": 60.177456979779777, "classification": 90, "subregion_name": "Eastern Europe", "umap_1d_x": 23.263186, "umap_2d_x": -42.017147, "umap_2d_y": -25.187304, "umap_3d_x": -41.795807, "umap_3d_y": -25.212921, "umap_3d_z": 22.962807, "tsne_1d_x": 47.586758, "tsne_2d_x": -43.146027, "tsne_2d_y": -0.17894363, "tsne_3d_x": 33.437935, "tsne_3d_y": -17.704758, "tsne_3d_z": 22.479218, "grid_umap_1d_x": 544.0, "grid_umap_2d_x": 5.0, "grid_umap_2d_y": 9.0, "grid_umap_3d_x": 1.0, "grid_umap_3d_y": 4.0, "grid_umap_3d_z": 6.0, "grid_tsne_1d_x": 544.0, "grid_tsne_2d_x": 9.0, "grid_tsne_2d_y": 21.0, "grid_tsne_3d_x": 8.0, "grid_tsne_3d_y": 3.0, "grid_tsne_3d_z": 5.0, "patch_file": "patch_0544.png" }, "geometry": { "type": "Point", "coordinates": [ 79.735674851416547, 60.177456979779777 ] } },
{ "type": "Feature", "properties": { "index": 545, "lon": 166.94558475997235, "lat": 66.143161792515869, "classification": 30, "subregion_name": "Eastern Europe", "umap_1d_x": 24.553625, "umap_2d_x": -48.240791, "umap_2d_y": -35.612442, "umap_3d_x": -48.919212, "umap_3d_y": -20.823822, "umap_3d_z": 36.922844, "tsne_1d_x": 51.909771, "tsne_2d_x": -44.666374, "tsne_2d_y": -19.774628, "tsne_3d_x": 37.47905, "tsne_3d_y": -17.698181, "tsne_3d_z": 40.225021, "grid_umap_1d_x": 545.0, "grid_umap_2d_x": 18.0, "grid_umap_2d_y": 15.0, "grid_umap_3d_x": 1.0, "grid_umap_3d_y": 7.0, "grid_umap_3d_z": 8.0, "grid_tsne_1d_x": 545.0, "grid_tsne_2d_x": 9.0, "grid_tsne_2d_y": 11.0, "grid_tsne_3d_x": 9.0, "grid_tsne_3d_y": 4.0, "grid_tsne_3d_z": 9.0, "patch_file": "patch_0545.png" }, "geometry": { "type": "Point", "coordinates": [ 166.945584759972348, 66.143161792515869 ] } },
{ "type": "Feature", "properties": { "index": 546, "lon": 109.26852902452021, "lat": 18.987788387229628, "classification": 112, "subregion_name": "Unknown", "umap_1d_x": 6.8486567, "umap_2d_x": -12.911926, "umap_2d_y": 11.498623, "umap_3d_x": -11.002167, "umap_3d_y": -0.50169754, "umap_3d_z": -14.435211, "tsne_1d_x": -8.4955921, "tsne_2d_x": 7.4588852, "tsne_2d_y": -14.710602, "tsne_3d_x": -0.99775696, "tsne_3d_y": 23.76091, "tsne_3d_z": -5.1525612, "grid_umap_1d_x": 546.0, "grid_umap_2d_x": 3.0, "grid_umap_2d_y": 19.0, "grid_umap_3d_x": 0.0, "grid_umap_3d_y": 5.0, "grid_umap_3d_z": 0.0, "grid_tsne_1d_x": 546.0, "grid_tsne_2d_x": 19.0, "grid_tsne_2d_y": 9.0, "grid_tsne_3d_x": 4.0, "grid_tsne_3d_y": 6.0, "grid_tsne_3d_z": 4.0, "patch_file": "patch_0546.png" }, "geometry": { "type": "Point", "coordinates": [ 109.268529024520205, 18.987788387229628 ] } },
{ "type": "Feature", "properties": { "index": 547, "lon": 36.21459551234571, "lat": 54.098157435599191, "classification": 114, "subregion_name": "Eastern Europe", "umap_1d_x": 16.931673, "umap_2d_x": -28.961746, "umap_2d_y": -22.111679, "umap_3d_x": -29.433586, "umap_3d_y": -37.864368, "umap_3d_z": 16.240097, "tsne_1d_x": 21.148594, "tsne_2d_x": -18.326832, "tsne_2d_y": 11.50322, "tsne_3d_x": 11.138447, "tsne_3d_y": -25.718906, "tsne_3d_z": 9.6460457, "grid_umap_1d_x": 547.0, "grid_umap_2d_x": 5.0, "grid_umap_2d_y": 4.0, "grid_umap_3d_x": 6.0, "grid_umap_3d_y": 2.0, "grid_umap_3d_z": 5.0, "grid_tsne_1d_x": 547.0, "grid_tsne_2d_x": 14.0, "grid_tsne_2d_y": 24.0, "grid_tsne_3d_x": 5.0, "grid_tsne_3d_y": 3.0, "grid_tsne_3d_z": 4.0, "patch_file": "patch_0547.png" }, "geometry": { "type": "Point", "coordinates": [ 36.21459551234571, 54.098157435599191 ] } },
{ "type": "Feature", "properties": { "index": 548, "lon": 104.71829201505756, "lat": 66.771189064944664, "classification": 113, "subregion_name": "Eastern Europe", "umap_1d_x": 23.425886, "umap_2d_x": -46.212585, "umap_2d_y": -44.095108, "umap_3d_x": -45.462185, "umap_3d_y": -22.977093, "umap_3d_z": 44.284546, "tsne_1d_x": 42.753597, "tsne_2d_x": -37.953392, "tsne_2d_y": -17.526806, "tsne_3d_x": 22.118172, "tsne_3d_y": -14.573002, "tsne_3d_z": 38.55764, "grid_umap_1d_x": 548.0, "grid_umap_2d_x": 19.0, "grid_umap_2d_y": 10.0, "grid_umap_3d_x": 2.0, "grid_umap_3d_y": 7.0, "grid_umap_3d_z": 9.0, "grid_tsne_1d_x": 548.0, "grid_tsne_2d_x": 11.0, "grid_tsne_2d_y": 11.0, "grid_tsne_3d_x": 6.0, "grid_tsne_3d_y": 4.0, "grid_tsne_3d_z": 9.0, "patch_file": "patch_0548.png" }, "geometry": { "type": "Point", "coordinates": [ 104.718292015057557, 66.771189064944664 ] } },
{ "type": "Feature", "properties": { "index": 549, "lon": -67.739707836549059, "lat": -9.3917825555075893, "classification": 126, "subregion_name": "Latin America and the Caribbean", "umap_1d_x": -8.8464413, "umap_2d_x": 35.272507, "umap_2d_y": 23.956558, "umap_3d_x": 35.884514, "umap_3d_y": 27.552269, "umap_3d_z": -10.508801, "tsne_1d_x": -43.836349, "tsne_2d_x": 40.361526, "tsne_2d_y": 10.251976, "tsne_3d_x": -15.747826, "tsne_3d_y": 14.380203, "tsne_3d_z": -27.742172, "grid_umap_1d_x": 549.0, "grid_umap_2d_x": 22.0, "grid_umap_2d_y": 21.0, "grid_umap_3d_x": 8.0, "grid_umap_3d_y": 7.0, "grid_umap_3d_z": 3.0, "grid_tsne_1d_x": 549.0, "grid_tsne_2d_x": 29.0, "grid_tsne_2d_y": 12.0, "grid_tsne_3d_x": 0.0, "grid_tsne_3d_y": 6.0, "grid_tsne_3d_z": 1.0, "patch_file": "patch_0549.png" }, "geometry": { "type": "Point", "coordinates": [ -67.739707836549059, -9.391782555507589 ] } },
{ "type": "Feature", "properties": { "index": 550, "lon": 130.69723155946593, "lat": 44.830895531362955, "classification": 40, "subregion_name": "Unknown", "umap_1d_x": 9.6458359, "umap_2d_x": -15.872295, "umap_2d_y": -9.8167572, "umap_3d_x": -24.655426, "umap_3d_y": -7.7740517, "umap_3d_z": 12.134666, "tsne_1d_x": 18.888372, "tsne_2d_x": -11.689899, "tsne_2d_y": -20.32449, "tsne_3d_x": 16.577759, "tsne_3d_y": 14.29306, "tsne_3d_z": 20.370621, "grid_umap_1d_x": 550.0, "grid_umap_2d_x": 17.0, "grid_umap_2d_y": 15.0, "grid_umap_3d_x": 2.0, "grid_umap_3d_y": 7.0, "grid_umap_3d_z": 5.0, "grid_tsne_1d_x": 550.0, "grid_tsne_2d_x": 9.0, "grid_tsne_2d_y": 3.0, "grid_tsne_3d_x": 7.0, "grid_tsne_3d_y": 8.0, "grid_tsne_3d_z": 9.0, "patch_file": "patch_0550.png" }, "geometry": { "type": "Point", "coordinates": [ 130.697231559465934, 44.830895531362955 ] } },
{ "type": "Feature", "properties": { "index": 551, "lon": -73.954373308966609, "lat": -48.287526664831724, "classification": 114, "subregion_name": "Latin America and the Caribbean", "umap_1d_x": -12.249947, "umap_2d_x": 41.149597, "umap_2d_y": 6.3921509, "umap_3d_x": 41.040054, "umap_3d_y": 7.8223839, "umap_3d_z": 2.8869324, "tsne_1d_x": -40.80814, "tsne_2d_x": 30.123611, "tsne_2d_y": 32.65461, "tsne_3d_x": -10.201984, "tsne_3d_y": -26.360958, "tsne_3d_z": -31.701139, "grid_umap_1d_x": 551.0, "grid_umap_2d_x": 29.0, "grid_umap_2d_y": 8.0, "grid_umap_3d_x": 9.0, "grid_umap_3d_y": 4.0, "grid_umap_3d_z": 9.0, "grid_tsne_1d_x": 551.0, "grid_tsne_2d_x": 28.0, "grid_tsne_2d_y": 31.0, "grid_tsne_3d_x": 2.0, "grid_tsne_3d_y": 0.0, "grid_tsne_3d_z": 1.0, "patch_file": "patch_0551.png" }, "geometry": { "type": "Point", "coordinates": [ -73.954373308966609, -48.287526664831724 ] } },
{ "type": "Feature", "properties": { "index": 552, "lon": 56.19242887700409, "lat": 19.495957646583619, "classification": 60, "subregion_name": "Western Asia", "umap_1d_x": 2.1941462, "umap_2d_x": -16.667393, "umap_2d_y": 38.19857, "umap_3d_x": -13.068092, "umap_3d_y": 3.2580376, "umap_3d_z": -49.238491, "tsne_1d_x": -14.180775, "tsne_2d_x": 13.154316, "tsne_2d_y": 15.982613, "tsne_3d_x": 32.53344, "tsne_3d_y": 29.804817, "tsne_3d_z": -11.589611, "grid_umap_1d_x": 552.0, "grid_umap_2d_x": 9.0, "grid_umap_2d_y": 29.0, "grid_umap_3d_x": 5.0, "grid_umap_3d_y": 4.0, "grid_umap_3d_z": 2.0, "grid_tsne_1d_x": 552.0, "grid_tsne_2d_x": 17.0, "grid_tsne_2d_y": 18.0, "grid_tsne_3d_x": 9.0, "grid_tsne_3d_y": 8.0, "grid_tsne_3d_z": 2.0, "patch_file": "patch_0552.png" }, "geometry": { "type": "Point", "coordinates": [ 56.19242887700409, 19.495957646583619 ] } },
{ "type": "Feature", "properties": { "index": 553, "lon": 34.011601552606066, "lat": 55.483774084755112, "classification": 114, "subregion_name": "Eastern Europe", "umap_1d_x": 17.656525, "umap_2d_x": -29.422022, "umap_2d_y": -28.888134, "umap_3d_x": -30.686129, "umap_3d_y": -42.751099, "umap_3d_z": 22.748116, "tsne_1d_x": 25.068365, "tsne_2d_x": -20.785219, "tsne_2d_y": 11.099529, "tsne_3d_x": 5.1584244, "tsne_3d_y": -29.685827, "tsne_3d_z": 11.347591, "grid_umap_1d_x": 553.0, "grid_umap_2d_x": 19.0, "grid_umap_2d_y": 11.0, "grid_umap_3d_x": 7.0, "grid_umap_3d_y": 3.0, "grid_umap_3d_z": 5.0, "grid_tsne_1d_x": 553.0, "grid_tsne_2d_x": 10.0, "grid_tsne_2d_y": 23.0, "grid_tsne_3d_x": 2.0, "grid_tsne_3d_y": 2.0, "grid_tsne_3d_z": 4.0, "patch_file": "patch_0553.png" }, "geometry": { "type": "Point", "coordinates": [ 34.011601552606066, 55.483774084755112 ] } },
{ "type": "Feature", "properties": { "index": 554, "lon": 139.88388199439783, "lat": 37.913278335406957, "classification": 114, "subregion_name": "Eastern Asia", "umap_1d_x": 14.192442, "umap_2d_x": -38.731934, "umap_2d_y": -18.425167, "umap_3d_x": -34.631977, "umap_3d_y": -22.649395, "umap_3d_z": 11.22979, "tsne_1d_x": 9.6578531, "tsne_2d_x": -13.299347, "tsne_2d_y": 9.4373589, "tsne_3d_x": 17.587852, "tsne_3d_y": -8.2371178, "tsne_3d_z": 9.5021439, "grid_umap_1d_x": 554.0, "grid_umap_2d_x": 6.0, "grid_umap_2d_y": 13.0, "grid_umap_3d_x": 0.0, "grid_umap_3d_y": 2.0, "grid_umap_3d_z": 5.0, "grid_tsne_1d_x": 554.0, "grid_tsne_2d_x": 9.0, "grid_tsne_2d_y": 19.0, "grid_tsne_3d_x": 9.0, "grid_tsne_3d_y": 1.0, "grid_tsne_3d_z": 5.0, "patch_file": "patch_0554.png" }, "geometry": { "type": "Point", "coordinates": [ 139.883881994397825, 37.913278335406957 ] } },
{ "type": "Feature", "properties": { "index": 555, "lon": 105.80206731258329, "lat": 10.332101307894618, "classification": 112, "subregion_name": "South-eastern Asia", "umap_1d_x": 5.6351428, "umap_2d_x": -9.386097, "umap_2d_y": 21.816933, "umap_3d_x": -6.490612, "umap_3d_y": 4.2429428, "umap_3d_z": -27.783632, "tsne_1d_x": -23.470301, "tsne_2d_x": 15.423416, "tsne_2d_y": -12.572075, "tsne_3d_x": -2.9737625, "tsne_3d_y": 40.692558, "tsne_3d_z": -9.4371986, "grid_umap_1d_x": 555.0, "grid_umap_2d_x": 0.0, "grid_umap_2d_y": 23.0, "grid_umap_3d_x": 4.0, "grid_umap_3d_y": 6.0, "grid_umap_3d_z": 2.0, "grid_tsne_1d_x": 555.0, "grid_tsne_2d_x": 20.0, "grid_tsne_2d_y": 2.0, "grid_tsne_3d_x": 4.0, "grid_tsne_3d_y": 6.0, "grid_tsne_3d_z": 5.0, "patch_file": "patch_0555.png" }, "geometry": { "type": "Point", "coordinates": [ 105.80206731258329, 10.332101307894618 ] } },
{ "type": "Feature", "properties": { "index": 556, "lon": -72.269282870967757, "lat": 7.8381625699192057, "classification": 122, "subregion_name": "Latin America and the Caribbean", "umap_1d_x": 6.1833429, "umap_2d_x": -11.120331, "umap_2d_y": 18.1259, "umap_3d_x": -7.9126015, "umap_3d_y": 2.8947411, "umap_3d_z": -23.014133, "tsne_1d_x": -9.8742628, "tsne_2d_x": 12.697929, "tsne_2d_y": -10.974648, "tsne_3d_x": -1.7194138, "tsne_3d_y": 31.383965, "tsne_3d_z": -10.428272, "grid_umap_1d_x": 556.0, "grid_umap_2d_x": 2.0, "grid_umap_2d_y": 22.0, "grid_umap_3d_x": 3.0, "grid_umap_3d_y": 6.0, "grid_umap_3d_z": 2.0, "grid_tsne_1d_x": 556.0, "grid_tsne_2d_x": 17.0, "grid_tsne_2d_y": 0.0, "grid_tsne_3d_x": 3.0, "grid_tsne_3d_y": 9.0, "grid_tsne_3d_z": 2.0, "patch_file": "patch_0556.png" }, "geometry": { "type": "Point", "coordinates": [ -72.269282870967757, 7.838162569919206 ] } },
{ "type": "Feature", "properties": { "index": 557, "lon": 74.2546289734222, "lat": 15.314483745744099, "classification": 112, "subregion_name": "Southern Asia", "umap_1d_x": 6.0336685, "umap_2d_x": -12.794624, "umap_2d_y": 19.226761, "umap_3d_x": -10.019188, "umap_3d_y": 1.5875702, "umap_3d_z": -23.982679, "tsne_1d_x": -10.606137, "tsne_2d_x": 9.221405, "tsne_2d_y": -6.6340141, "tsne_3d_x": 6.7420235, "tsne_3d_y": 30.853912, "tsne_3d_z": -4.2671814, "grid_umap_1d_x": 557.0, "grid_umap_2d_x": 0.0, "grid_umap_2d_y": 22.0, "grid_umap_3d_x": 2.0, "grid_umap_3d_y": 6.0, "grid_umap_3d_z": 2.0, "grid_tsne_1d_x": 557.0, "grid_tsne_2d_x": 17.0, "grid_tsne_2d_y": 8.0, "grid_tsne_3d_x": 5.0, "grid_tsne_3d_y": 9.0, "grid_tsne_3d_z": 4.0, "patch_file": "patch_0557.png" }, "geometry": { "type": "Point", "coordinates": [ 74.2546289734222, 15.314483745744099 ] } },
{ "type": "Feature", "properties": { "index": 558, "lon": -152.74402488592872, "lat": 66.324330514825888, "classification": 115, "subregion_name": "Unknown", "umap_1d_x": 19.344385, "umap_2d_x": -38.423538, "umap_2d_y": -43.706955, "umap_3d_x": -37.316391, "umap_3d_y": -34.520222, "umap_3d_z": 40.653793, "tsne_1d_x": 31.364862, "tsne_2d_x": -25.624102, "tsne_2d_y": -6.1718712, "tsne_3d_x": 2.0081291, "tsne_3d_y": -25.477415, "tsne_3d_z": 26.445709, "grid_umap_1d_x": 558.0, "grid_umap_2d_x": 15.0, "grid_umap_2d_y": 1.0, "grid_umap_3d_x": 6.0, "grid_umap_3d_y": 5.0, "grid_umap_3d_z": 7.0, "grid_tsne_1d_x": 558.0, "grid_tsne_2d_x": 12.0, "grid_tsne_2d_y": 14.0, "grid_tsne_3d_x": 1.0, "grid_tsne_3d_y": 0.0, "grid_tsne_3d_z": 9.0, "patch_file": "patch_0558.png" }, "geometry": { "type": "Point", "coordinates": [ -152.744024885928724, 66.324330514825888 ] } },
{ "type": "Feature", "properties": { "index": 559, "lon": -71.477036572173247, "lat": -12.164493447712054, "classification": 112, "subregion_name": "Latin America and the Caribbean", "umap_1d_x": -3.3571944, "umap_2d_x": 24.129227, "umap_2d_y": 45.021248, "umap_3d_x": 20.279198, "umap_3d_y": 34.495132, "umap_3d_z": -27.810358, "tsne_1d_x": -34.76268, "tsne_2d_x": 22.641579, "tsne_2d_y": -40.399227, "tsne_3d_x": -35.527962, "tsne_3d_y": 31.950912, "tsne_3d_z": -3.7199135, "grid_umap_1d_x": 559.0, "grid_umap_2d_x": 19.0, "grid_umap_2d_y": 26.0, "grid_umap_3d_x": 7.0, "grid_umap_3d_y": 7.0, "grid_umap_3d_z": 1.0, "grid_tsne_1d_x": 559.0, "grid_tsne_2d_x": 25.0, "grid_tsne_2d_y": 8.0, "grid_tsne_3d_x": 0.0, "grid_tsne_3d_y": 7.0, "grid_tsne_3d_z": 8.0, "patch_file": "patch_0559.png" }, "geometry": { "type": "Point", "coordinates": [ -71.477036572173247, -12.164493447712054 ] } },
{ "type": "Feature", "properties": { "index": 560, "lon": 92.902213168934111, "lat": 62.451631517236862, "classification": 113, "subregion_name": "Eastern Europe", "umap_1d_x": 22.53907, "umap_2d_x": -41.815048, "umap_2d_y": -37.248493, "umap_3d_x": -41.66124, "umap_3d_y": -28.672615, "umap_3d_z": 37.507027, "tsne_1d_x": 43.676861, "tsne_2d_x": -38.093021, "tsne_2d_y": -7.458828, "tsne_3d_x": 19.43734, "tsne_3d_y": -24.378416, "tsne_3d_z": 32.108398, "grid_umap_1d_x": 560.0, "grid_umap_2d_x": 16.0, "grid_umap_2d_y": 10.0, "grid_umap_3d_x": 4.0, "grid_umap_3d_y": 6.0, "grid_umap_3d_z": 7.0, "grid_tsne_1d_x": 560.0, "grid_tsne_2d_x": 1.0, "grid_tsne_2d_y": 12.0, "grid_tsne_3d_x": 6.0, "grid_tsne_3d_y": 2.0, "grid_tsne_3d_z": 9.0, "patch_file": "patch_0560.png" }, "geometry": { "type": "Point", "coordinates": [ 92.902213168934111, 62.451631517236862 ] } },
{ "type": "Feature", "properties": { "index": 561, "lon": 18.611189464409421, "lat": -16.93663191837431, "classification": 124, "subregion_name": "Sub-Saharan Africa", "umap_1d_x": -11.106894, "umap_2d_x": 43.925308, "umap_2d_y": 27.138573, "umap_3d_x": 45.915047, "umap_3d_y": 33.100517, "umap_3d_z": -2.939209, "tsne_1d_x": -53.098709, "tsne_2d_x": 47.236725, "tsne_2d_y": 25.447571, "tsne_3d_x": -8.238678, "tsne_3d_y": 10.219444, "tsne_3d_z": -46.396603, "grid_umap_1d_x": 561.0, "grid_umap_2d_x": 22.0, "grid_umap_2d_y": 22.0, "grid_umap_3d_x": 8.0, "grid_umap_3d_y": 8.0, "grid_umap_3d_z": 7.0, "grid_tsne_1d_x": 561.0, "grid_tsne_2d_x": 26.0, "grid_tsne_2d_y": 23.0, "grid_tsne_3d_x": 4.0, "grid_tsne_3d_y": 5.0, "grid_tsne_3d_z": 3.0, "patch_file": "patch_0561.png" }, "geometry": { "type": "Point", "coordinates": [ 18.611189464409421, -16.93663191837431 ] } },
{ "type": "Feature", "properties": { "index": 562, "lon": 46.611373143719533, "lat": 10.597710555887161, "classification": 60, "subregion_name": "Unknown", "umap_1d_x": 2.4371583, "umap_2d_x": -15.180321, "umap_2d_y": 39.833237, "umap_3d_x": -12.735394, "umap_3d_y": 8.2482681, "umap_3d_z": -48.247902, "tsne_1d_x": -13.909431, "tsne_2d_x": 16.210228, "tsne_2d_y": 16.924812, "tsne_3d_x": 30.516937, "tsne_3d_y": 28.426117, "tsne_3d_z": -17.148174, "grid_umap_1d_x": 562.0, "grid_umap_2d_x": 7.0, "grid_umap_2d_y": 31.0, "grid_umap_3d_x": 2.0, "grid_umap_3d_y": 8.0, "grid_umap_3d_z": 3.0, "grid_tsne_1d_x": 562.0, "grid_tsne_2d_x": 20.0, "grid_tsne_2d_y": 19.0, "grid_tsne_3d_x": 9.0, "grid_tsne_3d_y": 8.0, "grid_tsne_3d_z": 1.0, "patch_file": "patch_0562.png" }, "geometry": { "type": "Point", "coordinates": [ 46.611373143719533, 10.597710555887161 ] } },
{ "type": "Feature", "properties": { "index": 563, "lon": -0.239194391494578, "lat": 9.9484995830846543, "classification": 20, "subregion_name": "Sub-Saharan Africa", "umap_1d_x": 3.8189046, "umap_2d_x": -12.248859, "umap_2d_y": 31.046837, "umap_3d_x": -8.3946037, "umap_3d_y": 4.0360641, "umap_3d_z": -41.541077, "tsne_1d_x": -16.414749, "tsne_2d_x": 15.479538, "tsne_2d_y": 4.9971161, "tsne_3d_x": 18.526161, "tsne_3d_y": 44.849365, "tsne_3d_z": -11.218117, "grid_umap_1d_x": 563.0, "grid_umap_2d_x": 4.0, "grid_umap_2d_y": 27.0, "grid_umap_3d_x": 6.0, "grid_umap_3d_y": 4.0, "grid_umap_3d_z": 3.0, "grid_tsne_1d_x": 563.0, "grid_tsne_2d_x": 16.0, "grid_tsne_2d_y": 6.0, "grid_tsne_3d_x": 7.0, "grid_tsne_3d_y": 9.0, "grid_tsne_3d_z": 4.0, "patch_file": "patch_0563.png" }, "geometry": { "type": "Point", "coordinates": [ -0.239194391494578, 9.948499583084654 ] } },
{ "type": "Feature", "properties": { "index": 564, "lon": 83.331162282983257, "lat": 21.779206516328358, "classification": 40, "subregion_name": "Southern Asia", "umap_1d_x": 5.2300229, "umap_2d_x": -13.828243, "umap_2d_y": 23.68634, "umap_3d_x": -11.444073, "umap_3d_y": 2.580677, "umap_3d_z": -30.209784, "tsne_1d_x": -11.968075, "tsne_2d_x": 8.8640823, "tsne_2d_y": -0.78786087, "tsne_3d_x": 12.869423, "tsne_3d_y": 36.913986, "tsne_3d_z": -1.5002174, "grid_umap_1d_x": 564.0, "grid_umap_2d_x": 0.0, "grid_umap_2d_y": 24.0, "grid_umap_3d_x": 1.0, "grid_umap_3d_y": 8.0, "grid_umap_3d_z": 1.0, "grid_tsne_1d_x": 564.0, "grid_tsne_2d_x": 12.0, "grid_tsne_2d_y": 3.0, "grid_tsne_3d_x": 6.0, "grid_tsne_3d_y": 7.0, "grid_tsne_3d_z": 6.0, "patch_file": "patch_0564.png" }, "geometry": { "type": "Point", "coordinates": [ 83.331162282983257, 21.779206516328358 ] } },
{ "type": "Feature", "properties": { "index": 565, "lon": 100.76872271495182, "lat": 23.187682236898254, "classification": 112, "subregion_name": "Unknown", "umap_1d_x": 6.9694848, "umap_2d_x": -14.126202, "umap_2d_y": 10.139137, "umap_3d_x": -12.164421, "umap_3d_y": -1.5711632, "umap_3d_z": -12.634209, "tsne_1d_x": -8.2622843, "tsne_2d_x": 6.1224823, "tsne_2d_y": -14.903759, "tsne_3d_x": -2.3669701, "tsne_3d_y": 21.077316, "tsne_3d_z": -1.9032097, "grid_umap_1d_x": 565.0, "grid_umap_2d_x": 0.0, "grid_umap_2d_y": 17.0, "grid_umap_3d_x": 0.0, "grid_umap_3d_y": 4.0, "grid_umap_3d_z": 0.0, "grid_tsne_1d_x": 565.0, "grid_tsne_2d_x": 20.0, "grid_tsne_2d_y": 12.0, "grid_tsne_3d_x": 3.0, "grid_tsne_3d_y": 8.0, "grid_tsne_3d_z": 4.0, "patch_file": "patch_0565.png" }, "geometry": { "type": "Point", "coordinates": [ 100.768722714951821, 23.187682236898254 ] } },
{ "type": "Feature", "properties": { "index": 566, "lon": -161.02514638231935, "lat": 62.801548629499464, "classification": 111, "subregion_name": "Unknown", "umap_1d_x": 22.353886, "umap_2d_x": -38.45377, "umap_2d_y": -32.742996, "umap_3d_x": -40.83358, "umap_3d_y": -36.309185, "umap_3d_z": 29.811874, "tsne_1d_x": 35.81498, "tsne_2d_x": -38.675751, "tsne_2d_y": 8.1269684, "tsne_3d_x": 26.901932, "tsne_3d_y": -34.614536, "tsne_3d_z": 26.536491, "grid_umap_1d_x": 566.0, "grid_umap_2d_x": 10.0, "grid_umap_2d_y": 6.0, "grid_umap_3d_x": 1.0, "grid_umap_3d_y": 1.0, "grid_umap_3d_z": 7.0, "grid_tsne_1d_x": 566.0, "grid_tsne_2d_x": 3.0, "grid_tsne_2d_y": 23.0, "grid_tsne_3d_x": 7.0, "grid_tsne_3d_y": 1.0, "grid_tsne_3d_z": 6.0, "patch_file": "patch_0566.png" }, "geometry": { "type": "Point", "coordinates": [ -161.025146382319349, 62.801548629499464 ] } },
{ "type": "Feature", "properties": { "index": 567, "lon": 140.98566428553022, "lat": -29.591470135828633, "classification": 30, "subregion_name": "Unknown", "umap_1d_x": -13.771598, "umap_2d_x": 50.0, "umap_2d_y": 3.9264755, "umap_3d_x": 49.719467, "umap_3d_y": -2.95467, "umap_3d_z": -1.709877, "tsne_1d_x": -62.017834, "tsne_2d_x": 37.87571, "tsne_2d_y": 49.406204, "tsne_3d_x": 16.535736, "tsne_3d_y": -8.9517517, "tsne_3d_z": -45.250938, "grid_umap_1d_x": 567.0, "grid_umap_2d_x": 27.0, "grid_umap_2d_y": 6.0, "grid_umap_3d_x": 9.0, "grid_umap_3d_y": 1.0, "grid_umap_3d_z": 1.0, "grid_tsne_1d_x": 567.0, "grid_tsne_2d_x": 20.0, "grid_tsne_2d_y": 31.0, "grid_tsne_3d_x": 7.0, "grid_tsne_3d_y": 5.0, "grid_tsne_3d_z": 2.0, "patch_file": "patch_0567.png" }, "geometry": { "type": "Point", "coordinates": [ 140.98566428553022, -29.591470135828633 ] } },
{ "type": "Feature", "properties": { "index": 568, "lon": 136.62824842869094, "lat": -25.624511778815005, "classification": 30, "subregion_name": "Unknown", "umap_1d_x": -13.758166, "umap_2d_x": 49.763611, "umap_2d_y": 3.8152885, "umap_3d_x": 49.950409, "umap_3d_y": -3.5659027, "umap_3d_z": -2.1913872, "tsne_1d_x": -62.113544, "tsne_2d_x": 38.299408, "tsne_2d_y": 50.0, "tsne_3d_x": 17.234703, "tsne_3d_y": -9.2771072, "tsne_3d_z": -46.158703, "grid_umap_1d_x": 568.0, "grid_umap_2d_x": 31.0, "grid_umap_2d_y": 5.0, "grid_umap_3d_x": 9.0, "grid_umap_3d_y": 0.0, "grid_umap_3d_z": 0.0, "grid_tsne_1d_x": 568.0, "grid_tsne_2d_x": 18.0, "grid_tsne_2d_y": 30.0, "grid_tsne_3d_x": 7.0, "grid_tsne_3d_y": 4.0, "grid_tsne_3d_z": 2.0, "patch_file": "patch_0568.png" }, "geometry": { "type": "Point", "coordinates": [ 136.628248428690938, -25.624511778815005 ] } },
{ "type": "Feature", "properties": { "index": 569, "lon": 75.340758710232762, "lat": 31.026696253009533, "classification": 40, "subregion_name": "Southern Asia", "umap_1d_x": 5.2910547, "umap_2d_x": -14.916714, "umap_2d_y": 23.955917, "umap_3d_x": -12.299953, "umap_3d_y": 1.7229729, "umap_3d_z": -29.879715, "tsne_1d_x": -11.679987, "tsne_2d_x": 6.4256973, "tsne_2d_y": 1.6665955, "tsne_3d_x": 16.547241, "tsne_3d_y": 35.923454, "tsne_3d_z": 3.9264336, "grid_umap_1d_x": 569.0, "grid_umap_2d_x": 6.0, "grid_umap_2d_y": 25.0, "grid_umap_3d_x": 2.0, "grid_umap_3d_y": 7.0, "grid_umap_3d_z": 3.0, "grid_tsne_1d_x": 569.0, "grid_tsne_2d_x": 10.0, "grid_tsne_2d_y": 5.0, "grid_tsne_3d_x": 8.0, "grid_tsne_3d_y": 9.0, "grid_tsne_3d_z": 7.0, "patch_file": "patch_0569.png" }, "geometry": { "type": "Point", "coordinates": [ 75.340758710232762, 31.026696253009533 ] } },
{ "type": "Feature", "properties": { "index": 570, "lon": -100.43298559426772, "lat": 55.202069095351263, "classification": 111, "subregion_name": "Northern America", "umap_1d_x": 20.736097, "umap_2d_x": -34.368023, "umap_2d_y": -42.895504, "umap_3d_x": -38.061897, "umap_3d_y": -46.933907, "umap_3d_z": 40.809158, "tsne_1d_x": 28.947643, "tsne_2d_x": -30.720015, "tsne_2d_y": 2.8431587, "tsne_3d_x": 5.2558174, "tsne_3d_y": -41.152901, "tsne_3d_z": 31.560837, "grid_umap_1d_x": 570.0, "grid_umap_2d_x": 26.0, "grid_umap_2d_y": 7.0, "grid_umap_3d_x": 7.0, "grid_umap_3d_y": 2.0, "grid_umap_3d_z": 8.0, "grid_tsne_1d_x": 570.0, "grid_tsne_2d_x": 3.0, "grid_tsne_2d_y": 17.0, "grid_tsne_3d_x": 2.0, "grid_tsne_3d_y": 0.0, "grid_tsne_3d_z": 8.0, "patch_file": "patch_0570.png" }, "geometry": { "type": "Point", "coordinates": [ -100.43298559426772, 55.202069095351263 ] } },
{ "type": "Feature", "properties": { "index": 571, "lon": 71.953228344530572, "lat": 26.823386527639869, "classification": 20, "subregion_name": "Southern Asia", "umap_1d_x": 2.2546823, "umap_2d_x": -16.603485, "umap_2d_y": 37.327698, "umap_3d_x": -13.527809, "umap_3d_y": 2.5962753, "umap_3d_z": -47.672691, "tsne_1d_x": -13.985052, "tsne_2d_x": 12.021297, "tsne_2d_y": 14.844833, "tsne_3d_x": 31.620735, "tsne_3d_y": 29.110847, "tsne_3d_z": -8.8147087, "grid_umap_1d_x": 571.0, "grid_umap_2d_x": 6.0, "grid_umap_2d_y": 30.0, "grid_umap_3d_x": 5.0, "grid_umap_3d_y": 3.0, "grid_umap_3d_z": 2.0, "grid_tsne_1d_x": 571.0, "grid_tsne_2d_x": 18.0, "grid_tsne_2d_y": 18.0, "grid_tsne_3d_x": 9.0, "grid_tsne_3d_y": 7.0, "grid_tsne_3d_z": 4.0, "patch_file": "patch_0571.png" }, "geometry": { "type": "Point", "coordinates": [ 71.953228344530572, 26.823386527639869 ] } },
{ "type": "Feature", "properties": { "index": 572, "lon": 59.921296042540661, "lat": 55.894558405074932, "classification": 114, "subregion_name": "Eastern Europe", "umap_1d_x": 18.981823, "umap_2d_x": -34.382713, "umap_2d_y": -35.393314, "umap_3d_x": -33.369659, "umap_3d_y": -33.692436, "umap_3d_z": 33.894363, "tsne_1d_x": 31.741926, "tsne_2d_x": -21.990664, "tsne_2d_y": -3.5547714, "tsne_3d_x": 8.7474403, "tsne_3d_y": -20.326618, "tsne_3d_z": 21.229591, "grid_umap_1d_x": 572.0, "grid_umap_2d_x": 19.0, "grid_umap_2d_y": 9.0, "grid_umap_3d_x": 4.0, "grid_umap_3d_y": 2.0, "grid_umap_3d_z": 8.0, "grid_tsne_1d_x": 572.0, "grid_tsne_2d_x": 13.0, "grid_tsne_2d_y": 15.0, "grid_tsne_3d_x": 4.0, "grid_tsne_3d_y": 2.0, "grid_tsne_3d_z": 7.0, "patch_file": "patch_0572.png" }, "geometry": { "type": "Point", "coordinates": [ 59.921296042540661, 55.894558405074932 ] } },
{ "type": "Feature", "properties": { "index": 573, "lon": -69.726725170727747, "lat": -13.417619296038147, "classification": 112, "subregion_name": "Latin America and the Caribbean", "umap_1d_x": -3.4734185, "umap_2d_x": 24.005486, "umap_2d_y": 42.656342, "umap_3d_x": 19.940132, "umap_3d_y": 33.387543, "umap_3d_z": -25.935373, "tsne_1d_x": -31.086466, "tsne_2d_x": 21.397499, "tsne_2d_y": -40.142883, "tsne_3d_x": -34.867889, "tsne_3d_y": 28.241539, "tsne_3d_z": -3.2047348, "grid_umap_1d_x": 573.0, "grid_umap_2d_x": 19.0, "grid_umap_2d_y": 25.0, "grid_umap_3d_x": 7.0, "grid_umap_3d_y": 6.0, "grid_umap_3d_z": 2.0, "grid_tsne_1d_x": 573.0, "grid_tsne_2d_x": 25.0, "grid_tsne_2d_y": 10.0, "grid_tsne_3d_x": 1.0, "grid_tsne_3d_y": 6.0, "grid_tsne_3d_z": 8.0, "patch_file": "patch_0573.png" }, "geometry": { "type": "Point", "coordinates": [ -69.726725170727747, -13.417619296038147 ] } },
{ "type": "Feature", "properties": { "index": 574, "lon": -72.462917172356157, "lat": -9.3526572380609281, "classification": 112, "subregion_name": "Latin America and the Caribbean", "umap_1d_x": -3.2263684, "umap_2d_x": 24.551102, "umap_2d_y": 47.032501, "umap_3d_x": 20.477959, "umap_3d_y": 35.18705, "umap_3d_z": -29.172527, "tsne_1d_x": -35.130009, "tsne_2d_x": 26.903687, "tsne_2d_y": -41.383362, "tsne_3d_x": -38.122334, "tsne_3d_y": 35.512062, "tsne_3d_z": -4.8111687, "grid_umap_1d_x": 574.0, "grid_umap_2d_x": 18.0, "grid_umap_2d_y": 23.0, "grid_umap_3d_x": 8.0, "grid_umap_3d_y": 7.0, "grid_umap_3d_z": 0.0, "grid_tsne_1d_x": 574.0, "grid_tsne_2d_x": 29.0, "grid_tsne_2d_y": 8.0, "grid_tsne_3d_x": 1.0, "grid_tsne_3d_y": 7.0, "grid_tsne_3d_z": 8.0, "patch_file": "patch_0574.png" }, "geometry": { "type": "Point", "coordinates": [ -72.462917172356157, -9.352657238060928 ] } },
{ "type": "Feature", "properties": { "index": 575, "lon": 131.52910777324195, "lat": 59.632713056790251, "classification": 113, "subregion_name": "Eastern Europe", "umap_1d_x": 21.319103, "umap_2d_x": -42.807869, "umap_2d_y": -47.690243, "umap_3d_x": -40.682846, "umap_3d_y": -29.32163, "umap_3d_z": 49.632874, "tsne_1d_x": 40.759056, "tsne_2d_x": -31.587305, "tsne_2d_y": -20.250998, "tsne_3d_x": 7.8776016, "tsne_3d_y": -18.543879, "tsne_3d_z": 41.128464, "grid_umap_1d_x": 575.0, "grid_umap_2d_x": 19.0, "grid_umap_2d_y": 4.0, "grid_umap_3d_x": 5.0, "grid_umap_3d_y": 6.0, "grid_umap_3d_z": 9.0, "grid_tsne_1d_x": 575.0, "grid_tsne_2d_x": 7.0, "grid_tsne_2d_y": 5.0, "grid_tsne_3d_x": 2.0, "grid_tsne_3d_y": 6.0, "grid_tsne_3d_z": 8.0, "patch_file": "patch_0575.png" }, "geometry": { "type": "Point", "coordinates": [ 131.529107773241947, 59.632713056790251 ] } },
{ "type": "Feature", "properties": { "index": 576, "lon": 53.944003483189618, "lat": 57.022036068788694, "classification": 116, "subregion_name": "Eastern Europe", "umap_1d_x": 22.113108, "umap_2d_x": -39.075409, "umap_2d_y": -31.473757, "umap_3d_x": -39.820282, "umap_3d_y": -32.149067, "umap_3d_z": 28.53788, "tsne_1d_x": 38.319324, "tsne_2d_x": -31.611912, "tsne_2d_y": -3.8937531, "tsne_3d_x": 19.876701, "tsne_3d_y": -21.594568, "tsne_3d_z": 19.369675, "grid_umap_1d_x": 576.0, "grid_umap_2d_x": 21.0, "grid_umap_2d_y": 16.0, "grid_umap_3d_x": 5.0, "grid_umap_3d_y": 5.0, "grid_umap_3d_z": 5.0, "grid_tsne_1d_x": 576.0, "grid_tsne_2d_x": 13.0, "grid_tsne_2d_y": 18.0, "grid_tsne_3d_x": 6.0, "grid_tsne_3d_y": 3.0, "grid_tsne_3d_z": 5.0, "patch_file": "patch_0576.png" }, "geometry": { "type": "Point", "coordinates": [ 53.944003483189618, 57.022036068788694 ] } },
{ "type": "Feature", "properties": { "index": 577, "lon": 28.213551785239275, "lat": -21.361352962741279, "classification": 20, "subregion_name": "Sub-Saharan Africa", "umap_1d_x": -11.448879, "umap_2d_x": 45.781174, "umap_2d_y": 25.274925, "umap_3d_x": 47.875336, "umap_3d_y": 29.773758, "umap_3d_z": -2.887188, "tsne_1d_x": -53.739262, "tsne_2d_x": 46.017838, "tsne_2d_y": 29.944954, "tsne_3d_x": -1.4269485, "tsne_3d_y": 5.6254616, "tsne_3d_z": -45.946415, "grid_umap_1d_x": 577.0, "grid_umap_2d_x": 26.0, "grid_umap_2d_y": 21.0, "grid_umap_3d_x": 9.0, "grid_umap_3d_y": 7.0, "grid_umap_3d_z": 7.0, "grid_tsne_1d_x": 577.0, "grid_tsne_2d_x": 25.0, "grid_tsne_2d_y": 25.0, "grid_tsne_3d_x": 5.0, "grid_tsne_3d_y": 5.0, "grid_tsne_3d_z": 3.0, "patch_file": "patch_0577.png" }, "geometry": { "type": "Point", "coordinates": [ 28.213551785239275, -21.361352962741279 ] } },
{ "type": "Feature", "properties": { "index": 578, "lon": -88.034367909974236, "lat": 32.181616591535558, "classification": 116, "subregion_name": "Unknown", "umap_1d_x": 11.019987, "umap_2d_x": -21.380409, "umap_2d_y": -11.866352, "umap_3d_x": -20.03265, "umap_3d_y": -25.67193, "umap_3d_z": 8.33255, "tsne_1d_x": 6.9428167, "tsne_2d_x": -7.7426071, "tsne_2d_y": 1.8451271, "tsne_3d_x": -5.4173241, "tsne_3d_y": -8.0173759, "tsne_3d_z": 3.6473618, "grid_umap_1d_x": 578.0, "grid_umap_2d_x": 3.0, "grid_umap_2d_y": 6.0, "grid_umap_3d_x": 6.0, "grid_umap_3d_y": 2.0, "grid_umap_3d_z": 4.0, "grid_tsne_1d_x": 578.0, "grid_tsne_2d_x": 3.0, "grid_tsne_2d_y": 8.0, "grid_tsne_3d_x": 0.0, "grid_tsne_3d_y": 0.0, "grid_tsne_3d_z": 4.0, "patch_file": "patch_0578.png" }, "geometry": { "type": "Point", "coordinates": [ -88.034367909974236, 32.181616591535558 ] } },
{ "type": "Feature", "properties": { "index": 579, "lon": 23.342209087758334, "lat": -2.577744497993955, "classification": 112, "subregion_name": "Sub-Saharan Africa", "umap_1d_x": -5.442554, "umap_2d_x": 29.23748, "umap_2d_y": 43.607346, "umap_3d_x": 21.844757, "umap_3d_y": 50.0, "umap_3d_z": -17.183472, "tsne_1d_x": -33.54385, "tsne_2d_x": 29.126976, "tsne_2d_y": -34.322578, "tsne_3d_x": -44.695892, "tsne_3d_y": 34.772163, "tsne_3d_z": -15.758263, "grid_umap_1d_x": 579.0, "grid_umap_2d_x": 25.0, "grid_umap_2d_y": 29.0, "grid_umap_3d_x": 4.0, "grid_umap_3d_y": 9.0, "grid_umap_3d_z": 7.0, "grid_tsne_1d_x": 579.0, "grid_tsne_2d_x": 31.0, "grid_tsne_2d_y": 5.0, "grid_tsne_3d_x": 0.0, "grid_tsne_3d_y": 7.0, "grid_tsne_3d_z": 4.0, "patch_file": "patch_0579.png" }, "geometry": { "type": "Point", "coordinates": [ 23.342209087758334, -2.577744497993955 ] } },
{ "type": "Feature", "properties": { "index": 580, "lon": 25.440105158343158, "lat": -9.0814881083141614, "classification": 124, "subregion_name": "Sub-Saharan Africa", "umap_1d_x": -8.8740444, "umap_2d_x": 39.865746, "umap_2d_y": 30.085411, "umap_3d_x": 40.781975, "umap_3d_y": 38.940514, "umap_3d_z": -2.7342873, "tsne_1d_x": -46.348862, "tsne_2d_x": 48.23967, "tsne_2d_y": 15.550995, "tsne_3d_x": -17.22411, "tsne_3d_y": 18.012833, "tsne_3d_z": -43.383423, "grid_umap_1d_x": 580.0, "grid_umap_2d_x": 26.0, "grid_umap_2d_y": 26.0, "grid_umap_3d_x": 6.0, "grid_umap_3d_y": 9.0, "grid_umap_3d_z": 8.0, "grid_tsne_1d_x": 580.0, "grid_tsne_2d_x": 24.0, "grid_tsne_2d_y": 17.0, "grid_tsne_3d_x": 2.0, "grid_tsne_3d_y": 7.0, "grid_tsne_3d_z": 0.0, "patch_file": "patch_0580.png" }, "geometry": { "type": "Point", "coordinates": [ 25.440105158343158, -9.081488108314161 ] } },
{ "type": "Feature", "properties": { "index": 581, "lon": 89.297112591760367, "lat": 67.609883456695684, "classification": 123, "subregion_name": "Eastern Europe", "umap_1d_x": 24.981539, "umap_2d_x": -48.745731, "umap_2d_y": -30.034578, "umap_3d_x": -48.526188, "umap_3d_y": -19.15074, "umap_3d_z": 28.520927, "tsne_1d_x": 54.965649, "tsne_2d_x": -46.905685, "tsne_2d_y": -14.219837, "tsne_3d_x": 40.80426, "tsne_3d_y": -16.816761, "tsne_3d_z": 34.655579, "grid_umap_1d_x": 581.0, "grid_umap_2d_x": 9.0, "grid_umap_2d_y": 12.0, "grid_umap_3d_x": 1.0, "grid_umap_3d_y": 8.0, "grid_umap_3d_z": 6.0, "grid_tsne_1d_x": 581.0, "grid_tsne_2d_x": 1.0, "grid_tsne_2d_y": 11.0, "grid_tsne_3d_x": 8.0, "grid_tsne_3d_y": 5.0, "grid_tsne_3d_z": 7.0, "patch_file": "patch_0581.png" }, "geometry": { "type": "Point", "coordinates": [ 89.297112591760367, 67.609883456695684 ] } },
{ "type": "Feature", "properties": { "index": 582, "lon": -71.453952423303747, "lat": -5.984412193291071, "classification": 112, "subregion_name": "Latin America and the Caribbean", "umap_1d_x": -3.2568672, "umap_2d_x": 23.687752, "umap_2d_y": 46.093246, "umap_3d_x": 20.461212, "umap_3d_y": 38.571388, "umap_3d_z": -28.595594, "tsne_1d_x": -35.345257, "tsne_2d_x": 25.918297, "tsne_2d_y": -40.748863, "tsne_3d_x": -37.632004, "tsne_3d_y": 35.620262, "tsne_3d_z": -7.6855736, "grid_umap_1d_x": 582.0, "grid_umap_2d_x": 19.0, "grid_umap_2d_y": 30.0, "grid_umap_3d_x": 7.0, "grid_umap_3d_y": 9.0, "grid_umap_3d_z": 0.0, "grid_tsne_1d_x": 582.0, "grid_tsne_2d_x": 28.0, "grid_tsne_2d_y": 8.0, "grid_tsne_3d_x": 1.0, "grid_tsne_3d_y": 7.0, "grid_tsne_3d_z": 7.0, "patch_file": "patch_0582.png" }, "geometry": { "type": "Point", "coordinates": [ -71.453952423303747, -5.984412193291071 ] } },
{ "type": "Feature", "properties": { "index": 583, "lon": -6.5779073895185718, "lat": 43.101452428613754, "classification": 114, "subregion_name": "Southern Europe", "umap_1d_x": 10.318891, "umap_2d_x": -21.158728, "umap_2d_y": -3.7983208, "umap_3d_x": -20.487324, "umap_3d_y": -16.437572, "umap_3d_z": 7.5364838, "tsne_1d_x": 9.072443, "tsne_2d_x": -9.2711182, "tsne_2d_y": -6.0767555, "tsne_3d_x": 6.0981522, "tsne_3d_y": 1.6698761, "tsne_3d_z": 5.3314438, "grid_umap_1d_x": 583.0, "grid_umap_2d_x": 7.0, "grid_umap_2d_y": 15.0, "grid_umap_3d_x": 5.0, "grid_umap_3d_y": 5.0, "grid_umap_3d_z": 4.0, "grid_tsne_1d_x": 583.0, "grid_tsne_2d_x": 9.0, "grid_tsne_2d_y": 6.0, "grid_tsne_3d_x": 5.0, "grid_tsne_3d_y": 4.0, "grid_tsne_3d_z": 4.0, "patch_file": "patch_0583.png" }, "geometry": { "type": "Point", "coordinates": [ -6.577907389518572, 43.101452428613754 ] } },
{ "type": "Feature", "properties": { "index": 584, "lon": -63.077879690142254, "lat": -17.191157749634264, "classification": 30, "subregion_name": "Latin America and the Caribbean", "umap_1d_x": -9.6538668, "umap_2d_x": 37.781876, "umap_2d_y": 19.41655, "umap_3d_x": 38.991776, "umap_3d_y": 23.297287, "umap_3d_z": -8.4884987, "tsne_1d_x": -44.76685, "tsne_2d_x": 39.463387, "tsne_2d_y": 15.86705, "tsne_3d_x": -10.540092, "tsne_3d_y": 7.116745, "tsne_3d_z": -29.451517, "grid_umap_1d_x": 584.0, "grid_umap_2d_x": 28.0, "grid_umap_2d_y": 17.0, "grid_umap_3d_x": 9.0, "grid_umap_3d_y": 6.0, "grid_umap_3d_z": 3.0, "grid_tsne_1d_x": 584.0, "grid_tsne_2d_x": 30.0, "grid_tsne_2d_y": 16.0, "grid_tsne_3d_x": 2.0, "grid_tsne_3d_y": 4.0, "grid_tsne_3d_z": 2.0, "patch_file": "patch_0584.png" }, "geometry": { "type": "Point", "coordinates": [ -63.077879690142254, -17.191157749634264 ] } },
{ "type": "Feature", "properties": { "index": 585, "lon": 25.056254950700918, "lat": -25.83317873514595, "classification": 20, "subregion_name": "Sub-Saharan Africa", "umap_1d_x": -11.449449, "umap_2d_x": 46.167389, "umap_2d_y": 25.142815, "umap_3d_x": 48.587868, "umap_3d_y": 30.594917, "umap_3d_z": -2.6402779, "tsne_1d_x": -53.943897, "tsne_2d_x": 46.812996, "tsne_2d_y": 30.724449, "tsne_3d_x": -1.1907921, "tsne_3d_y": 5.7799988, "tsne_3d_z": -48.056881, "grid_umap_1d_x": 585.0, "grid_umap_2d_x": 26.0, "grid_umap_2d_y": 20.0, "grid_umap_3d_x": 8.0, "grid_umap_3d_y": 7.0, "grid_umap_3d_z": 9.0, "grid_tsne_1d_x": 585.0, "grid_tsne_2d_x": 22.0, "grid_tsne_2d_y": 25.0, "grid_tsne_3d_x": 5.0, "grid_tsne_3d_y": 5.0, "grid_tsne_3d_z": 1.0, "patch_file": "patch_0585.png" }, "geometry": { "type": "Point", "coordinates": [ 25.056254950700918, -25.83317873514595 ] } },
{ "type": "Feature", "properties": { "index": 586, "lon": -93.953653664370876, "lat": 31.634267970179309, "classification": 111, "subregion_name": "Unknown", "umap_1d_x": 10.918708, "umap_2d_x": -20.859495, "umap_2d_y": -11.532627, "umap_3d_x": -19.252151, "umap_3d_y": -24.918911, "umap_3d_z": 8.0489502, "tsne_1d_x": 6.7917781, "tsne_2d_x": -7.406517, "tsne_2d_y": 0.78622055, "tsne_3d_x": -6.2054634, "tsne_3d_y": -6.0487251, "tsne_3d_z": 3.8830147, "grid_umap_1d_x": 586.0, "grid_umap_2d_x": 14.0, "grid_umap_2d_y": 14.0, "grid_umap_3d_x": 5.0, "grid_umap_3d_y": 0.0, "grid_umap_3d_z": 4.0, "grid_tsne_1d_x": 586.0, "grid_tsne_2d_x": 5.0, "grid_tsne_2d_y": 8.0, "grid_tsne_3d_x": 0.0, "grid_tsne_3d_y": 1.0, "grid_tsne_3d_z": 4.0, "patch_file": "patch_0586.png" }, "geometry": { "type": "Point", "coordinates": [ -93.953653664370876, 31.634267970179309 ] } },
{ "type": "Feature", "properties": { "index": 587, "lon": -72.845433352600523, "lat": 1.9202308595175239, "classification": 112, "subregion_name": "Latin America and the Caribbean", "umap_1d_x": -2.8010929, "umap_2d_x": 21.112526, "umap_2d_y": 47.031914, "umap_3d_x": 18.424316, "umap_3d_y": 42.901794, "umap_3d_z": -30.220036, "tsne_1d_x": -36.745972, "tsne_2d_x": 23.726639, "tsne_2d_y": -45.244041, "tsne_3d_x": -34.403252, "tsne_3d_y": 42.591873, "tsne_3d_z": -12.627754, "grid_umap_1d_x": 587.0, "grid_umap_2d_x": 16.0, "grid_umap_2d_y": 29.0, "grid_umap_3d_x": 4.0, "grid_umap_3d_y": 9.0, "grid_umap_3d_z": 3.0, "grid_tsne_1d_x": 587.0, "grid_tsne_2d_x": 26.0, "grid_tsne_2d_y": 5.0, "grid_tsne_3d_x": 0.0, "grid_tsne_3d_y": 9.0, "grid_tsne_3d_z": 4.0, "patch_file": "patch_0587.png" }, "geometry": { "type": "Point", "coordinates": [ -72.845433352600523, 1.920230859517524 ] } },
{ "type": "Feature", "properties": { "index": 588, "lon": 121.64778246709591, "lat": -27.052073639150827, "classification": 30, "subregion_name": "Unknown", "umap_1d_x": -13.949508, "umap_2d_x": 49.570869, "umap_2d_y": 2.6186104, "umap_3d_x": 49.524818, "umap_3d_y": -3.8888588, "umap_3d_z": -0.28287506, "tsne_1d_x": -62.594894, "tsne_2d_x": 39.666023, "tsne_2d_y": 48.729355, "tsne_3d_x": 15.206047, "tsne_3d_y": -13.88792, "tsne_3d_z": -47.560017, "grid_umap_1d_x": 588.0, "grid_umap_2d_x": 31.0, "grid_umap_2d_y": 3.0, "grid_umap_3d_x": 9.0, "grid_umap_3d_y": 1.0, "grid_umap_3d_z": 3.0, "grid_tsne_1d_x": 588.0, "grid_tsne_2d_x": 22.0, "grid_tsne_2d_y": 31.0, "grid_tsne_3d_x": 7.0, "grid_tsne_3d_y": 3.0, "grid_tsne_3d_z": 1.0, "patch_file": "patch_0588.png" }, "geometry": { "type": "Point", "coordinates": [ 121.647782467095908, -27.052073639150827 ] } },
{ "type": "Feature", "properties": { "index": 589, "lon": 19.961745217216929, "lat": -4.5925052301919536, "classification": 112, "subregion_name": "Sub-Saharan Africa", "umap_1d_x": -5.5220356, "umap_2d_x": 29.557686, "umap_2d_y": 42.627304, "umap_3d_x": 22.096176, "umap_3d_y": 49.738022, "umap_3d_z": -17.134277, "tsne_1d_x": -33.695515, "tsne_2d_x": 29.932999, "tsne_2d_y": -35.772533, "tsne_3d_x": -47.194191, "tsne_3d_y": 33.632782, "tsne_3d_z": -14.032364, "grid_umap_1d_x": 589.0, "grid_umap_2d_x": 27.0, "grid_umap_2d_y": 29.0, "grid_umap_3d_x": 5.0, "grid_umap_3d_y": 8.0, "grid_umap_3d_z": 7.0, "grid_tsne_1d_x": 589.0, "grid_tsne_2d_x": 31.0, "grid_tsne_2d_y": 1.0, "grid_tsne_3d_x": 1.0, "grid_tsne_3d_y": 6.0, "grid_tsne_3d_z": 6.0, "patch_file": "patch_0589.png" }, "geometry": { "type": "Point", "coordinates": [ 19.961745217216929, -4.592505230191954 ] } },
{ "type": "Feature", "properties": { "index": 590, "lon": -50.924937793584178, "lat": -29.62189981983331, "classification": 126, "subregion_name": "Latin America and the Caribbean", "umap_1d_x": -10.465542, "umap_2d_x": 40.408951, "umap_2d_y": 13.815575, "umap_3d_x": 41.209457, "umap_3d_y": 16.678665, "umap_3d_z": -2.2439194, "tsne_1d_x": -56.251648, "tsne_2d_x": 35.512947, "tsne_2d_y": 26.485458, "tsne_3d_x": -11.180218, "tsne_3d_y": -9.8828964, "tsne_3d_z": -32.575424, "grid_umap_1d_x": 590.0, "grid_umap_2d_x": 27.0, "grid_umap_2d_y": 12.0, "grid_umap_3d_x": 7.0, "grid_umap_3d_y": 4.0, "grid_umap_3d_z": 5.0, "grid_tsne_1d_x": 590.0, "grid_tsne_2d_x": 22.0, "grid_tsne_2d_y": 24.0, "grid_tsne_3d_x": 1.0, "grid_tsne_3d_y": 1.0, "grid_tsne_3d_z": 0.0, "patch_file": "patch_0590.png" }, "geometry": { "type": "Point", "coordinates": [ -50.924937793584178, -29.62189981983331 ] } },
{ "type": "Feature", "properties": { "index": 591, "lon": -69.067867202464868, "lat": 45.6892919558708, "classification": 115, "subregion_name": "Unknown", "umap_1d_x": 18.619642, "umap_2d_x": -33.864639, "umap_2d_y": -29.91543, "umap_3d_x": -31.782253, "umap_3d_y": -30.451744, "umap_3d_z": 26.141075, "tsne_1d_x": 22.153568, "tsne_2d_x": -15.980675, "tsne_2d_y": -0.39293289, "tsne_3d_x": 3.0810966, "tsne_3d_y": -13.444763, "tsne_3d_z": 12.971485, "grid_umap_1d_x": 591.0, "grid_umap_2d_x": 8.0, "grid_umap_2d_y": 4.0, "grid_umap_3d_x": 4.0, "grid_umap_3d_y": 3.0, "grid_umap_3d_z": 6.0, "grid_tsne_1d_x": 591.0, "grid_tsne_2d_x": 15.0, "grid_tsne_2d_y": 16.0, "grid_tsne_3d_x": 2.0, "grid_tsne_3d_y": 0.0, "grid_tsne_3d_z": 7.0, "patch_file": "patch_0591.png" }, "geometry": { "type": "Point", "coordinates": [ -69.067867202464868, 45.6892919558708 ] } },
{ "type": "Feature", "properties": { "index": 592, "lon": 125.59750482614163, "lat": 9.2188136340224389, "classification": 112, "subregion_name": "South-eastern Asia", "umap_1d_x": -4.3287802, "umap_2d_x": 24.750343, "umap_2d_y": 34.736023, "umap_3d_x": 20.924202, "umap_3d_y": 31.684715, "umap_3d_z": -14.75658, "tsne_1d_x": -28.663111, "tsne_2d_x": 17.845467, "tsne_2d_y": -28.934824, "tsne_3d_x": -21.32135, "tsne_3d_y": 17.373947, "tsne_3d_z": -10.443104, "grid_umap_1d_x": 592.0, "grid_umap_2d_x": 22.0, "grid_umap_2d_y": 26.0, "grid_umap_3d_x": 8.0, "grid_umap_3d_y": 9.0, "grid_umap_3d_z": 2.0, "grid_tsne_1d_x": 592.0, "grid_tsne_2d_x": 23.0, "grid_tsne_2d_y": 6.0, "grid_tsne_3d_x": 0.0, "grid_tsne_3d_y": 6.0, "grid_tsne_3d_z": 2.0, "patch_file": "patch_0592.png" }, "geometry": { "type": "Point", "coordinates": [ 125.59750482614163, 9.218813634022439 ] } },
{ "type": "Feature", "properties": { "index": 593, "lon": -87.75758115504091, "lat": 13.38942171576511, "classification": 90, "subregion_name": "Latin America and the Caribbean", "umap_1d_x": 5.6931491, "umap_2d_x": -9.6505356, "umap_2d_y": 20.863792, "umap_3d_x": -6.4942322, "umap_3d_y": 3.9895248, "umap_3d_z": -26.076155, "tsne_1d_x": -23.467457, "tsne_2d_x": 14.925461, "tsne_2d_y": -15.429203, "tsne_3d_x": -8.3505211, "tsne_3d_y": 42.384949, "tsne_3d_z": -7.1315308, "grid_umap_1d_x": 593.0, "grid_umap_2d_x": 8.0, "grid_umap_2d_y": 24.0, "grid_umap_3d_x": 4.0, "grid_umap_3d_y": 6.0, "grid_umap_3d_z": 3.0, "grid_tsne_1d_x": 593.0, "grid_tsne_2d_x": 21.0, "grid_tsne_2d_y": 3.0, "grid_tsne_3d_x": 3.0, "grid_tsne_3d_y": 9.0, "grid_tsne_3d_z": 7.0, "patch_file": "patch_0593.png" }, "geometry": { "type": "Point", "coordinates": [ -87.75758115504091, 13.38942171576511 ] } },
{ "type": "Feature", "properties": { "index": 594, "lon": 22.20742535597563, "lat": 46.790492387683059, "classification": 114, "subregion_name": "Eastern Europe", "umap_1d_x": 14.578891, "umap_2d_x": -27.786436, "umap_2d_y": -10.871582, "umap_3d_x": -27.190418, "umap_3d_y": -28.563993, "umap_3d_z": 4.5156784, "tsne_1d_x": 10.856688, "tsne_2d_x": -11.29047, "tsne_2d_y": 16.22406, "tsne_3d_x": 16.030037, "tsne_3d_y": -14.696575, "tsne_3d_z": 0.92761993, "grid_umap_1d_x": 594.0, "grid_umap_2d_x": 2.0, "grid_umap_2d_y": 10.0, "grid_umap_3d_x": 1.0, "grid_umap_3d_y": 0.0, "grid_umap_3d_z": 4.0, "grid_tsne_1d_x": 594.0, "grid_tsne_2d_x": 4.0, "grid_tsne_2d_y": 22.0, "grid_tsne_3d_x": 7.0, "grid_tsne_3d_y": 1.0, "grid_tsne_3d_z": 2.0, "patch_file": "patch_0594.png" }, "geometry": { "type": "Point", "coordinates": [ 22.20742535597563, 46.790492387683059 ] } },
{ "type": "Feature", "properties": { "index": 595, "lon": 135.80139713145866, "lat": 57.96846936032901, "classification": 113, "subregion_name": "Eastern Europe", "umap_1d_x": 21.14065, "umap_2d_x": -40.823261, "umap_2d_y": -48.011421, "umap_3d_x": -39.274162, "umap_3d_y": -32.629002, "umap_3d_z": 49.365395, "tsne_1d_x": 40.206909, "tsne_2d_x": -30.098734, "tsne_2d_y": -17.588253, "tsne_3d_x": 4.3859367, "tsne_3d_y": -20.912653, "tsne_3d_z": 38.360138, "grid_umap_1d_x": 595.0, "grid_umap_2d_x": 18.0, "grid_umap_2d_y": 1.0, "grid_umap_3d_x": 7.0, "grid_umap_3d_y": 6.0, "grid_umap_3d_z": 8.0, "grid_tsne_1d_x": 595.0, "grid_tsne_2d_x": 9.0, "grid_tsne_2d_y": 7.0, "grid_tsne_3d_x": 2.0, "grid_tsne_3d_y": 4.0, "grid_tsne_3d_z": 8.0, "patch_file": "patch_0595.png" }, "geometry": { "type": "Point", "coordinates": [ 135.801397131458657, 57.96846936032901 ] } },
{ "type": "Feature", "properties": { "index": 596, "lon": -45.26873086455052, "lat": -13.716994397280892, "classification": 20, "subregion_name": "Latin America and the Caribbean", "umap_1d_x": -9.7913818, "umap_2d_x": 40.181473, "umap_2d_y": 22.247139, "umap_3d_x": 41.130669, "umap_3d_y": 27.077629, "umap_3d_z": -4.542469, "tsne_1d_x": -49.141289, "tsne_2d_x": 43.197411, "tsne_2d_y": 22.423286, "tsne_3d_x": -12.0849, "tsne_3d_y": 1.7239761, "tsne_3d_z": -39.375687, "grid_umap_1d_x": 596.0, "grid_umap_2d_x": 23.0, "grid_umap_2d_y": 17.0, "grid_umap_3d_x": 8.0, "grid_umap_3d_y": 7.0, "grid_umap_3d_z": 5.0, "grid_tsne_1d_x": 596.0, "grid_tsne_2d_x": 29.0, "grid_tsne_2d_y": 22.0, "grid_tsne_3d_x": 2.0, "grid_tsne_3d_y": 3.0, "grid_tsne_3d_z": 2.0, "patch_file": "patch_0596.png" }, "geometry": { "type": "Point", "coordinates": [ -45.26873086455052, -13.716994397280892 ] } },
{ "type": "Feature", "properties": { "index": 597, "lon": 108.45971065921378, "lat": 68.584182243062514, "classification": 113, "subregion_name": "Eastern Europe", "umap_1d_x": 22.634678, "umap_2d_x": -45.013386, "umap_2d_y": -47.316788, "umap_3d_x": -43.444294, "umap_3d_y": -24.159885, "umap_3d_z": 48.52697, "tsne_1d_x": 41.997707, "tsne_2d_x": -35.712059, "tsne_2d_y": -18.950811, "tsne_3d_x": 15.705215, "tsne_3d_y": -15.06813, "tsne_3d_z": 39.531654, "grid_umap_1d_x": 597.0, "grid_umap_2d_x": 13.0, "grid_umap_2d_y": 1.0, "grid_umap_3d_x": 5.0, "grid_umap_3d_y": 8.0, "grid_umap_3d_z": 8.0, "grid_tsne_1d_x": 597.0, "grid_tsne_2d_x": 2.0, "grid_tsne_2d_y": 4.0, "grid_tsne_3d_x": 4.0, "grid_tsne_3d_y": 6.0, "grid_tsne_3d_z": 9.0, "patch_file": "patch_0597.png" }, "geometry": { "type": "Point", "coordinates": [ 108.459710659213783, 68.584182243062514 ] } },
{ "type": "Feature", "properties": { "index": 598, "lon": 11.029521410883575, "lat": 52.340639375244677, "classification": 40, "subregion_name": "Western Europe", "umap_1d_x": 15.440793, "umap_2d_x": -32.261902, "umap_2d_y": -12.343502, "umap_3d_x": -31.965931, "umap_3d_y": -33.878471, "umap_3d_z": 0.11812973000001, "tsne_1d_x": 13.458238, "tsne_2d_x": -13.60458, "tsne_2d_y": 34.581924, "tsne_3d_x": 25.618095, "tsne_3d_y": -25.580856, "tsne_3d_z": -0.056571959999999422, "grid_umap_1d_x": 598.0, "grid_umap_2d_x": 9.0, "grid_umap_2d_y": 16.0, "grid_umap_3d_x": 5.0, "grid_umap_3d_y": 0.0, "grid_umap_3d_z": 2.0, "grid_tsne_1d_x": 598.0, "grid_tsne_2d_x": 11.0, "grid_tsne_2d_y": 31.0, "grid_tsne_3d_x": 8.0, "grid_tsne_3d_y": 0.0, "grid_tsne_3d_z": 2.0, "patch_file": "patch_0598.png" }, "geometry": { "type": "Point", "coordinates": [ 11.029521410883575, 52.340639375244677 ] } },
{ "type": "Feature", "properties": { "index": 599, "lon": -93.592919049567399, "lat": 54.306253374336919, "classification": 111, "subregion_name": "Northern America", "umap_1d_x": 21.566824, "umap_2d_x": -37.941334, "umap_2d_y": -37.85886, "umap_3d_x": -40.968567, "umap_3d_y": -42.08989, "umap_3d_z": 36.260605, "tsne_1d_x": 37.30497, "tsne_2d_x": -33.601421, "tsne_2d_y": 3.357666, "tsne_3d_x": 13.068695, "tsne_3d_y": -40.196106, "tsne_3d_z": 33.996162, "grid_umap_1d_x": 599.0, "grid_umap_2d_x": 22.0, "grid_umap_2d_y": 12.0, "grid_umap_3d_x": 3.0, "grid_umap_3d_y": 1.0, "grid_umap_3d_z": 8.0, "grid_tsne_1d_x": 599.0, "grid_tsne_2d_x": 3.0, "grid_tsne_2d_y": 18.0, "grid_tsne_3d_x": 4.0, "grid_tsne_3d_y": 1.0, "grid_tsne_3d_z": 8.0, "patch_file": "patch_0599.png" }, "geometry": { "type": "Point", "coordinates": [ -93.592919049567399, 54.306253374336919 ] } },
{ "type": "Feature", "properties": { "index": 600, "lon": 103.77638322264198, "lat": 18.167836891148511, "classification": 40, "subregion_name": "South-eastern Asia", "umap_1d_x": 5.6790657, "umap_2d_x": -11.983192, "umap_2d_y": 22.046341, "umap_3d_x": -9.1479187, "umap_3d_y": 2.1749954, "umap_3d_z": -26.910494, "tsne_1d_x": -12.702641, "tsne_2d_x": 11.325027, "tsne_2d_y": -6.0354652, "tsne_3d_x": 3.7188416, "tsne_3d_y": 36.684113, "tsne_3d_z": -5.824131, "grid_umap_1d_x": 600.0, "grid_umap_2d_x": 4.0, "grid_umap_2d_y": 24.0, "grid_umap_3d_x": 4.0, "grid_umap_3d_y": 3.0, "grid_umap_3d_z": 1.0, "grid_tsne_1d_x": 600.0, "grid_tsne_2d_x": 17.0, "grid_tsne_2d_y": 5.0, "grid_tsne_3d_x": 4.0, "grid_tsne_3d_y": 9.0, "grid_tsne_3d_z": 5.0, "patch_file": "patch_0600.png" }, "geometry": { "type": "Point", "coordinates": [ 103.776383222641982, 18.167836891148511 ] } },
{ "type": "Feature", "properties": { "index": 601, "lon": -43.288286462532511, "lat": -14.255916374844283, "classification": 20, "subregion_name": "Latin America and the Caribbean", "umap_1d_x": -9.7544203, "umap_2d_x": 39.971008, "umap_2d_y": 21.277267, "umap_3d_x": 41.543427, "umap_3d_y": 26.219101, "umap_3d_z": -4.9705582, "tsne_1d_x": -49.321465, "tsne_2d_x": 43.022331, "tsne_2d_y": 23.23037, "tsne_3d_x": -11.435146, "tsne_3d_y": 0.59689331, "tsne_3d_z": -39.883869, "grid_umap_1d_x": 601.0, "grid_umap_2d_x": 28.0, "grid_umap_2d_y": 18.0, "grid_umap_3d_x": 8.0, "grid_umap_3d_y": 6.0, "grid_umap_3d_z": 5.0, "grid_tsne_1d_x": 601.0, "grid_tsne_2d_x": 26.0, "grid_tsne_2d_y": 22.0, "grid_tsne_3d_x": 2.0, "grid_tsne_3d_y": 3.0, "grid_tsne_3d_z": 1.0, "patch_file": "patch_0601.png" }, "geometry": { "type": "Point", "coordinates": [ -43.288286462532511, -14.255916374844283 ] } },
{ "type": "Feature", "properties": { "index": 602, "lon": 119.71779616057535, "lat": 66.079835466223585, "classification": 113, "subregion_name": "Eastern Europe", "umap_1d_x": 22.624575, "umap_2d_x": -45.03772, "umap_2d_y": -46.991352, "umap_3d_x": -43.347565, "umap_3d_y": -24.060303, "umap_3d_z": 48.70475, "tsne_1d_x": 41.967804, "tsne_2d_x": -35.428543, "tsne_2d_y": -18.062666, "tsne_3d_x": 15.510803, "tsne_3d_y": -15.225777, "tsne_3d_z": 38.470207, "grid_umap_1d_x": 602.0, "grid_umap_2d_x": 21.0, "grid_umap_2d_y": 8.0, "grid_umap_3d_x": 5.0, "grid_umap_3d_y": 9.0, "grid_umap_3d_z": 9.0, "grid_tsne_1d_x": 602.0, "grid_tsne_2d_x": 3.0, "grid_tsne_2d_y": 5.0, "grid_tsne_3d_x": 4.0, "grid_tsne_3d_y": 5.0, "grid_tsne_3d_z": 9.0, "patch_file": "patch_0602.png" }, "geometry": { "type": "Point", "coordinates": [ 119.717796160575347, 66.079835466223585 ] } },
{ "type": "Feature", "properties": { "index": 603, "lon": 36.972868384087974, "lat": -2.1949541903990588, "classification": 20, "subregion_name": "Sub-Saharan Africa", "umap_1d_x": 2.89483, "umap_2d_x": -11.702354, "umap_2d_y": 42.697952, "umap_3d_x": -10.251011, "umap_3d_y": 17.72924, "umap_3d_z": -48.486881, "tsne_1d_x": -21.62257, "tsne_2d_x": 22.165398, "tsne_2d_y": 11.521973, "tsne_3d_x": 22.174164, "tsne_3d_y": 29.51709, "tsne_3d_z": -24.02276, "grid_umap_1d_x": 603.0, "grid_umap_2d_x": 12.0, "grid_umap_2d_y": 31.0, "grid_umap_3d_x": 2.0, "grid_umap_3d_y": 9.0, "grid_umap_3d_z": 2.0, "grid_tsne_1d_x": 603.0, "grid_tsne_2d_x": 23.0, "grid_tsne_2d_y": 15.0, "grid_tsne_3d_x": 7.0, "grid_tsne_3d_y": 6.0, "grid_tsne_3d_z": 2.0, "patch_file": "patch_0603.png" }, "geometry": { "type": "Point", "coordinates": [ 36.972868384087974, -2.194954190399059 ] } },
{ "type": "Feature", "properties": { "index": 604, "lon": 101.23075948917898, "lat": 28.809848045906435, "classification": 111, "subregion_name": "Unknown", "umap_1d_x": 7.6071229, "umap_2d_x": -14.771652, "umap_2d_y": 6.816925, "umap_3d_x": -13.686886, "umap_3d_y": -2.3345299, "umap_3d_z": -9.1537552, "tsne_1d_x": -6.5313745, "tsne_2d_x": 2.2463493, "tsne_2d_y": -17.350288, "tsne_3d_x": -12.348709, "tsne_3d_y": 15.791008, "tsne_3d_z": 1.7628365, "grid_umap_1d_x": 604.0, "grid_umap_2d_x": 10.0, "grid_umap_2d_y": 20.0, "grid_umap_3d_x": 0.0, "grid_umap_3d_y": 6.0, "grid_umap_3d_z": 2.0, "grid_tsne_1d_x": 604.0, "grid_tsne_2d_x": 16.0, "grid_tsne_2d_y": 7.0, "grid_tsne_3d_x": 2.0, "grid_tsne_3d_y": 6.0, "grid_tsne_3d_z": 7.0, "patch_file": "patch_0604.png" }, "geometry": { "type": "Point", "coordinates": [ 101.230759489178979, 28.809848045906435 ] } },
{ "type": "Feature", "properties": { "index": 605, "lon": 46.055495514965742, "lat": 35.882409438941721, "classification": 30, "subregion_name": "Southern Asia", "umap_1d_x": 12.953065, "umap_2d_x": -24.742889, "umap_2d_y": 4.2847328, "umap_3d_x": -25.068684, "umap_3d_y": -16.670628, "umap_3d_z": -8.5887032, "tsne_1d_x": 1.6116329, "tsne_2d_x": -1.7135582, "tsne_2d_y": 23.92495, "tsne_3d_x": 19.954231, "tsne_3d_y": -0.92566681, "tsne_3d_z": -9.8202133, "grid_umap_1d_x": 605.0, "grid_umap_2d_x": 14.0, "grid_umap_2d_y": 23.0, "grid_umap_3d_x": 1.0, "grid_umap_3d_y": 2.0, "grid_umap_3d_z": 1.0, "grid_tsne_1d_x": 605.0, "grid_tsne_2d_x": 15.0, "grid_tsne_2d_y": 29.0, "grid_tsne_3d_x": 8.0, "grid_tsne_3d_y": 4.0, "grid_tsne_3d_z": 1.0, "patch_file": "patch_0605.png" }, "geometry": { "type": "Point", "coordinates": [ 46.055495514965742, 35.882409438941721 ] } },
{ "type": "Feature", "properties": { "index": 606, "lon": 14.745608981318441, "lat": 52.292558066280293, "classification": 111, "subregion_name": "Eastern Europe", "umap_1d_x": 17.026609, "umap_2d_x": -27.300526, "umap_2d_y": -27.123632, "umap_3d_x": -29.984381, "umap_3d_y": -47.133469, "umap_3d_z": 15.431717, "tsne_1d_x": 23.247202, "tsne_2d_x": -21.874233, "tsne_2d_y": 20.946915, "tsne_3d_x": 14.028984, "tsne_3d_y": -38.723892, "tsne_3d_z": 4.8843575, "grid_umap_1d_x": 606.0, "grid_umap_2d_x": 8.0, "grid_umap_2d_y": 2.0, "grid_umap_3d_x": 8.0, "grid_umap_3d_y": 0.0, "grid_umap_3d_z": 2.0, "grid_tsne_1d_x": 606.0, "grid_tsne_2d_x": 0.0, "grid_tsne_2d_y": 26.0, "grid_tsne_3d_x": 5.0, "grid_tsne_3d_y": 1.0, "grid_tsne_3d_z": 3.0, "patch_file": "patch_0606.png" }, "geometry": { "type": "Point", "coordinates": [ 14.745608981318441, 52.292558066280293 ] } },
{ "type": "Feature", "properties": { "index": 607, "lon": -47.732993487189276, "lat": -10.836277840674086, "classification": 20, "subregion_name": "Latin America and the Caribbean", "umap_1d_x": -9.5305395, "umap_2d_x": 39.553474, "umap_2d_y": 23.854103, "umap_3d_x": 39.914978, "umap_3d_y": 29.174179, "umap_3d_z": -4.030426, "tsne_1d_x": -48.322041, "tsne_2d_x": 43.334785, "tsne_2d_y": 17.812271, "tsne_3d_x": -19.008055, "tsne_3d_y": 4.9469948, "tsne_3d_z": -36.252663, "grid_umap_1d_x": 607.0, "grid_umap_2d_x": 23.0, "grid_umap_2d_y": 20.0, "grid_umap_3d_x": 9.0, "grid_umap_3d_y": 8.0, "grid_umap_3d_z": 5.0, "grid_tsne_1d_x": 607.0, "grid_tsne_2d_x": 29.0, "grid_tsne_2d_y": 18.0, "grid_tsne_3d_x": 0.0, "grid_tsne_3d_y": 3.0, "grid_tsne_3d_z": 1.0, "patch_file": "patch_0607.png" }, "geometry": { "type": "Point", "coordinates": [ -47.732993487189276, -10.836277840674086 ] } },
{ "type": "Feature", "properties": { "index": 608, "lon": 26.571510156271756, "lat": 55.473208024587819, "classification": 40, "subregion_name": "Eastern Europe", "umap_1d_x": 16.78355, "umap_2d_x": -28.88641, "umap_2d_y": -20.52195, "umap_3d_x": -29.242151, "umap_3d_y": -37.472996, "umap_3d_z": 13.809551, "tsne_1d_x": 20.798473, "tsne_2d_x": -17.321259, "tsne_2d_y": 13.386108, "tsne_3d_x": 12.833023, "tsne_3d_y": -24.815542, "tsne_3d_z": 7.0802612, "grid_umap_1d_x": 608.0, "grid_umap_2d_x": 2.0, "grid_umap_2d_y": 3.0, "grid_umap_3d_x": 7.0, "grid_umap_3d_y": 2.0, "grid_umap_3d_z": 4.0, "grid_tsne_1d_x": 608.0, "grid_tsne_2d_x": 8.0, "grid_tsne_2d_y": 23.0, "grid_tsne_3d_x": 6.0, "grid_tsne_3d_y": 1.0, "grid_tsne_3d_z": 4.0, "patch_file": "patch_0608.png" }, "geometry": { "type": "Point", "coordinates": [ 26.571510156271756, 55.473208024587819 ] } },
{ "type": "Feature", "properties": { "index": 609, "lon": 21.454607630041636, "lat": -9.7236270573224459, "classification": 30, "subregion_name": "Sub-Saharan Africa", "umap_1d_x": -8.8282309, "umap_2d_x": 39.782921, "umap_2d_y": 30.583076, "umap_3d_x": 40.473557, "umap_3d_y": 38.970291, "umap_3d_z": -3.6845818, "tsne_1d_x": -46.18573, "tsne_2d_x": 47.405609, "tsne_2d_y": 14.39196, "tsne_3d_x": -16.744228, "tsne_3d_y": 18.920609, "tsne_3d_z": -41.041889, "grid_umap_1d_x": 609.0, "grid_umap_2d_x": 28.0, "grid_umap_2d_y": 27.0, "grid_umap_3d_x": 6.0, "grid_umap_3d_y": 8.0, "grid_umap_3d_z": 7.0, "grid_tsne_1d_x": 609.0, "grid_tsne_2d_x": 30.0, "grid_tsne_2d_y": 15.0, "grid_tsne_3d_x": 3.0, "grid_tsne_3d_y": 7.0, "grid_tsne_3d_z": 1.0, "patch_file": "patch_0609.png" }, "geometry": { "type": "Point", "coordinates": [ 21.454607630041636, -9.723627057322446 ] } },
{ "type": "Feature", "properties": { "index": 610, "lon": -62.688701143096111, "lat": -10.323704218218261, "classification": 126, "subregion_name": "Latin America and the Caribbean", "umap_1d_x": -8.9234982, "umap_2d_x": 35.599121, "umap_2d_y": 23.43132, "umap_3d_x": 36.404037, "umap_3d_y": 27.115036, "umap_3d_z": -10.118454, "tsne_1d_x": -44.057228, "tsne_2d_x": 40.593384, "tsne_2d_y": 11.124374, "tsne_3d_x": -15.372768, "tsne_3d_y": 13.538544, "tsne_3d_z": -28.786625, "grid_umap_1d_x": 610.0, "grid_umap_2d_x": 25.0, "grid_umap_2d_y": 21.0, "grid_umap_3d_x": 9.0, "grid_umap_3d_y": 7.0, "grid_umap_3d_z": 2.0, "grid_tsne_1d_x": 610.0, "grid_tsne_2d_x": 30.0, "grid_tsne_2d_y": 12.0, "grid_tsne_3d_x": 0.0, "grid_tsne_3d_y": 6.0, "grid_tsne_3d_z": 0.0, "patch_file": "patch_0610.png" }, "geometry": { "type": "Point", "coordinates": [ -62.688701143096111, -10.323704218218261 ] } },
{ "type": "Feature", "properties": { "index": 611, "lon": -114.80259157126223, "lat": 49.298145723897164, "classification": 111, "subregion_name": "Northern America", "umap_1d_x": 20.177746, "umap_2d_x": -32.316635, "umap_2d_y": -44.924656, "umap_3d_x": -34.813065, "umap_3d_y": -47.1483, "umap_3d_z": 43.106819, "tsne_1d_x": 29.553682, "tsne_2d_x": -24.991596, "tsne_2d_y": 2.0690804, "tsne_3d_x": -9.3482819, "tsne_3d_y": -41.548435, "tsne_3d_z": 26.922531, "grid_umap_1d_x": 611.0, "grid_umap_2d_x": 26.0, "grid_umap_2d_y": 1.0, "grid_umap_3d_x": 9.0, "grid_umap_3d_y": 1.0, "grid_umap_3d_z": 9.0, "grid_tsne_1d_x": 611.0, "grid_tsne_2d_x": 1.0, "grid_tsne_2d_y": 14.0, "grid_tsne_3d_x": 0.0, "grid_tsne_3d_y": 2.0, "grid_tsne_3d_z": 6.0, "patch_file": "patch_0611.png" }, "geometry": { "type": "Point", "coordinates": [ -114.802591571262226, 49.298145723897164 ] } },
{ "type": "Feature", "properties": { "index": 612, "lon": 122.95111341958722, "lat": -25.93293671125253, "classification": 20, "subregion_name": "Unknown", "umap_1d_x": -13.846343, "umap_2d_x": 49.143806, "umap_2d_y": 2.1378708, "umap_3d_x": 48.631081, "umap_3d_y": -4.7550964, "umap_3d_z": 0.88030624, "tsne_1d_x": -62.635612, "tsne_2d_x": 39.557571, "tsne_2d_y": 46.949219, "tsne_3d_x": 12.106277, "tsne_3d_y": -12.760509, "tsne_3d_z": -48.095348, "grid_umap_1d_x": 612.0, "grid_umap_2d_x": 28.0, "grid_umap_2d_y": 3.0, "grid_umap_3d_x": 9.0, "grid_umap_3d_y": 0.0, "grid_umap_3d_z": 4.0, "grid_tsne_1d_x": 612.0, "grid_tsne_2d_x": 21.0, "grid_tsne_2d_y": 29.0, "grid_tsne_3d_x": 6.0, "grid_tsne_3d_y": 3.0, "grid_tsne_3d_z": 0.0, "patch_file": "patch_0612.png" }, "geometry": { "type": "Point", "coordinates": [ 122.951113419587216, -25.93293671125253 ] } },
{ "type": "Feature", "properties": { "index": 613, "lon": 29.865108096114881, "lat": 51.393460268070001, "classification": 125, "subregion_name": "Eastern Europe", "umap_1d_x": 16.807825, "umap_2d_x": -28.626265, "umap_2d_y": -21.311497, "umap_3d_x": -29.103504, "umap_3d_y": -37.269089, "umap_3d_z": 13.779037, "tsne_1d_x": 20.916679, "tsne_2d_x": -17.708344, "tsne_2d_y": 13.403576, "tsne_3d_x": 11.798817, "tsne_3d_y": -24.997843, "tsne_3d_z": 7.1018219, "grid_umap_1d_x": 613.0, "grid_umap_2d_x": 20.0, "grid_umap_2d_y": 16.0, "grid_umap_3d_x": 4.0, "grid_umap_3d_y": 0.0, "grid_umap_3d_z": 5.0, "grid_tsne_1d_x": 613.0, "grid_tsne_2d_x": 5.0, "grid_tsne_2d_y": 22.0, "grid_tsne_3d_x": 6.0, "grid_tsne_3d_y": 0.0, "grid_tsne_3d_z": 4.0, "patch_file": "patch_0613.png" }, "geometry": { "type": "Point", "coordinates": [ 29.865108096114881, 51.393460268070001 ] } },
{ "type": "Feature", "properties": { "index": 614, "lon": 128.28894313835156, "lat": 63.248193232356485, "classification": 113, "subregion_name": "Eastern Europe", "umap_1d_x": 21.056087, "umap_2d_x": -41.873062, "umap_2d_y": -49.252468, "umap_3d_x": -39.152603, "umap_3d_y": -28.503502, "umap_3d_z": 48.567703, "tsne_1d_x": 40.908813, "tsne_2d_x": -32.173897, "tsne_2d_y": -18.118393, "tsne_3d_x": 8.4074364, "tsne_3d_y": -15.61861, "tsne_3d_z": 35.24115, "grid_umap_1d_x": 614.0, "grid_umap_2d_x": 25.0, "grid_umap_2d_y": 6.0, "grid_umap_3d_x": 6.0, "grid_umap_3d_y": 6.0, "grid_umap_3d_z": 9.0, "grid_tsne_1d_x": 614.0, "grid_tsne_2d_x": 0.0, "grid_tsne_2d_y": 2.0, "grid_tsne_3d_x": 3.0, "grid_tsne_3d_y": 4.0, "grid_tsne_3d_z": 9.0, "patch_file": "patch_0614.png" }, "geometry": { "type": "Point", "coordinates": [ 128.288943138351556, 63.248193232356485 ] } },
{ "type": "Feature", "properties": { "index": 615, "lon": 176.58486779294412, "lat": -39.982430094490027, "classification": 30, "subregion_name": "Unknown", "umap_1d_x": -12.366182, "umap_2d_x": 41.922966, "umap_2d_y": 7.1569901, "umap_3d_x": 42.329178, "umap_3d_y": 7.9243889, "umap_3d_z": 1.1289902, "tsne_1d_x": -57.891663, "tsne_2d_x": 33.607353, "tsne_2d_y": 33.614723, "tsne_3d_x": -5.8154831, "tsne_3d_y": -17.069023, "tsne_3d_z": -33.709991, "grid_umap_1d_x": 615.0, "grid_umap_2d_x": 25.0, "grid_umap_2d_y": 11.0, "grid_umap_3d_x": 8.0, "grid_umap_3d_y": 4.0, "grid_umap_3d_z": 6.0, "grid_tsne_1d_x": 615.0, "grid_tsne_2d_x": 30.0, "grid_tsne_2d_y": 31.0, "grid_tsne_3d_x": 3.0, "grid_tsne_3d_y": 2.0, "grid_tsne_3d_z": 2.0, "patch_file": "patch_0615.png" }, "geometry": { "type": "Point", "coordinates": [ 176.584867792944124, -39.982430094490027 ] } },
{ "type": "Feature", "properties": { "index": 616, "lon": -54.552997594937167, "lat": -22.737590651779101, "classification": 30, "subregion_name": "Latin America and the Caribbean", "umap_1d_x": -10.404709, "umap_2d_x": 39.541412, "umap_2d_y": 16.271156, "umap_3d_x": 40.845856, "umap_3d_y": 19.393227, "umap_3d_z": -5.6518097, "tsne_1d_x": -50.816029, "tsne_2d_x": 38.104042, "tsne_2d_y": 23.29847, "tsne_3d_x": -8.2166901, "tsne_3d_y": -0.14860153, "tsne_3d_z": -32.016579, "grid_umap_1d_x": 616.0, "grid_umap_2d_x": 28.0, "grid_umap_2d_y": 14.0, "grid_umap_3d_x": 9.0, "grid_umap_3d_y": 5.0, "grid_umap_3d_z": 4.0, "grid_tsne_1d_x": 616.0, "grid_tsne_2d_x": 23.0, "grid_tsne_2d_y": 22.0, "grid_tsne_3d_x": 3.0, "grid_tsne_3d_y": 3.0, "grid_tsne_3d_z": 3.0, "patch_file": "patch_0616.png" }, "geometry": { "type": "Point", "coordinates": [ -54.552997594937167, -22.737590651779101 ] } },
{ "type": "Feature", "properties": { "index": 617, "lon": 51.408241564379523, "lat": 62.362220587907885, "classification": 115, "subregion_name": "Eastern Europe", "umap_1d_x": 18.909725, "umap_2d_x": -34.300026, "umap_2d_y": -35.682808, "umap_3d_x": -33.573967, "umap_3d_y": -35.767395, "umap_3d_z": 33.433609, "tsne_1d_x": 31.398796, "tsne_2d_x": -23.131021, "tsne_2d_y": -1.5706406, "tsne_3d_x": 6.9116898, "tsne_3d_y": -25.337322, "tsne_3d_z": 22.60125, "grid_umap_1d_x": 617.0, "grid_umap_2d_x": 16.0, "grid_umap_2d_y": 6.0, "grid_umap_3d_x": 6.0, "grid_umap_3d_y": 3.0, "grid_umap_3d_z": 7.0, "grid_tsne_1d_x": 617.0, "grid_tsne_2d_x": 18.0, "grid_tsne_2d_y": 20.0, "grid_tsne_3d_x": 3.0, "grid_tsne_3d_y": 0.0, "grid_tsne_3d_z": 8.0, "patch_file": "patch_0617.png" }, "geometry": { "type": "Point", "coordinates": [ 51.408241564379523, 62.362220587907885 ] } },
{ "type": "Feature", "properties": { "index": 618, "lon": 31.713016673922766, "lat": -26.192493329164563, "classification": 126, "subregion_name": "Sub-Saharan Africa", "umap_1d_x": -10.067097, "umap_2d_x": 40.961189, "umap_2d_y": 21.14875, "umap_3d_x": 41.372177, "umap_3d_y": 23.828049, "umap_3d_z": -1.3793831, "tsne_1d_x": -49.084824, "tsne_2d_x": 41.706017, "tsne_2d_y": 21.084305, "tsne_3d_x": -19.033707, "tsne_3d_y": -2.3531303, "tsne_3d_z": -36.247982, "grid_umap_1d_x": 618.0, "grid_umap_2d_x": 29.0, "grid_umap_2d_y": 18.0, "grid_umap_3d_x": 8.0, "grid_umap_3d_y": 6.0, "grid_umap_3d_z": 7.0, "grid_tsne_1d_x": 618.0, "grid_tsne_2d_x": 27.0, "grid_tsne_2d_y": 21.0, "grid_tsne_3d_x": 1.0, "grid_tsne_3d_y": 3.0, "grid_tsne_3d_z": 3.0, "patch_file": "patch_0618.png" }, "geometry": { "type": "Point", "coordinates": [ 31.713016673922766, -26.192493329164563 ] } },
{ "type": "Feature", "properties": { "index": 619, "lon": 84.659306772363266, "lat": 59.459695559752021, "classification": 20, "subregion_name": "Eastern Europe", "umap_1d_x": 23.106071, "umap_2d_x": -41.515724, "umap_2d_y": -27.741081, "umap_3d_x": -41.894161, "umap_3d_y": -27.26701, "umap_3d_z": 25.404778, "tsne_1d_x": 47.278507, "tsne_2d_x": -41.355202, "tsne_2d_y": -1.7420502, "tsne_3d_x": 28.228172, "tsne_3d_y": -19.86235, "tsne_3d_z": 24.786064, "grid_umap_1d_x": 619.0, "grid_umap_2d_x": 11.0, "grid_umap_2d_y": 11.0, "grid_umap_3d_x": 3.0, "grid_umap_3d_y": 5.0, "grid_umap_3d_z": 6.0, "grid_tsne_1d_x": 619.0, "grid_tsne_2d_x": 15.0, "grid_tsne_2d_y": 22.0, "grid_tsne_3d_x": 7.0, "grid_tsne_3d_y": 3.0, "grid_tsne_3d_z": 6.0, "patch_file": "patch_0619.png" }, "geometry": { "type": "Point", "coordinates": [ 84.659306772363266, 59.459695559752021 ] } },
{ "type": "Feature", "properties": { "index": 620, "lon": 114.90284958442766, "lat": 35.983349040672067, "classification": 40, "subregion_name": "Unknown", "umap_1d_x": 9.0740795, "umap_2d_x": -15.30162, "umap_2d_y": -4.9627647, "umap_3d_x": -20.64831, "umap_3d_y": -6.1519814, "umap_3d_z": 6.7717476, "tsne_1d_x": -4.058084, "tsne_2d_x": -7.2021141, "tsne_2d_y": -18.116114, "tsne_3d_x": 12.485947, "tsne_3d_y": 20.936081, "tsne_3d_z": 13.569824, "grid_umap_1d_x": 620.0, "grid_umap_2d_x": 8.0, "grid_umap_2d_y": 12.0, "grid_umap_3d_x": 0.0, "grid_umap_3d_y": 8.0, "grid_umap_3d_z": 3.0, "grid_tsne_1d_x": 620.0, "grid_tsne_2d_x": 9.0, "grid_tsne_2d_y": 1.0, "grid_tsne_3d_x": 7.0, "grid_tsne_3d_y": 8.0, "grid_tsne_3d_z": 7.0, "patch_file": "patch_0620.png" }, "geometry": { "type": "Point", "coordinates": [ 114.902849584427656, 35.983349040672067 ] } },
{ "type": "Feature", "properties": { "index": 621, "lon": 118.5564988268215, "lat": -26.397474280282189, "classification": 20, "subregion_name": "Unknown", "umap_1d_x": -13.844809, "umap_2d_x": 49.261162, "umap_2d_y": 3.235466, "umap_3d_x": 49.599777, "umap_3d_y": -4.1256943, "umap_3d_z": -1.2123947, "tsne_1d_x": -62.441399, "tsne_2d_x": 38.889877, "tsne_2d_y": 47.733345, "tsne_3d_x": 12.579964, "tsne_3d_y": -9.9898758, "tsne_3d_z": -47.818119, "grid_umap_1d_x": 621.0, "grid_umap_2d_x": 31.0, "grid_umap_2d_y": 4.0, "grid_umap_3d_x": 9.0, "grid_umap_3d_y": 0.0, "grid_umap_3d_z": 1.0, "grid_tsne_1d_x": 621.0, "grid_tsne_2d_x": 21.0, "grid_tsne_2d_y": 30.0, "grid_tsne_3d_x": 6.0, "grid_tsne_3d_y": 4.0, "grid_tsne_3d_z": 2.0, "patch_file": "patch_0621.png" }, "geometry": { "type": "Point", "coordinates": [ 118.556498826821496, -26.397474280282189 ] } },
{ "type": "Feature", "properties": { "index": 622, "lon": -15.15103863627067, "lat": 13.499647975755323, "classification": 40, "subregion_name": "Sub-Saharan Africa", "umap_1d_x": 3.53356, "umap_2d_x": -12.56617, "umap_2d_y": 32.390984, "umap_3d_x": -8.7516861, "umap_3d_y": 4.4275627, "umap_3d_z": -41.991188, "tsne_1d_x": -15.943551, "tsne_2d_x": 13.901402, "tsne_2d_y": 6.3647919, "tsne_3d_x": 23.210701, "tsne_3d_y": 43.88102, "tsne_3d_z": -12.282822, "grid_umap_1d_x": 622.0, "grid_umap_2d_x": 4.0, "grid_umap_2d_y": 28.0, "grid_umap_3d_x": 5.0, "grid_umap_3d_y": 5.0, "grid_umap_3d_z": 1.0, "grid_tsne_1d_x": 622.0, "grid_tsne_2d_x": 17.0, "grid_tsne_2d_y": 10.0, "grid_tsne_3d_x": 8.0, "grid_tsne_3d_y": 8.0, "grid_tsne_3d_z": 4.0, "patch_file": "patch_0622.png" }, "geometry": { "type": "Point", "coordinates": [ -15.15103863627067, 13.499647975755323 ] } },
{ "type": "Feature", "properties": { "index": 623, "lon": 133.18306139100673, "lat": -12.810964150112746, "classification": 124, "subregion_name": "Unknown", "umap_1d_x": -10.80607, "umap_2d_x": 42.774551, "umap_2d_y": 17.193314, "umap_3d_x": 44.123512, "umap_3d_y": 20.539513, "umap_3d_z": -10.205708, "tsne_1d_x": -51.883732, "tsne_2d_x": 42.02282, "tsne_2d_y": 27.815109, "tsne_3d_x": -0.80377579, "tsne_3d_y": 6.760685, "tsne_3d_z": -37.882118, "grid_umap_1d_x": 623.0, "grid_umap_2d_x": 30.0, "grid_umap_2d_y": 15.0, "grid_umap_3d_x": 9.0, "grid_umap_3d_y": 3.0, "grid_umap_3d_z": 0.0, "grid_tsne_1d_x": 623.0, "grid_tsne_2d_x": 21.0, "grid_tsne_2d_y": 24.0, "grid_tsne_3d_x": 5.0, "grid_tsne_3d_y": 6.0, "grid_tsne_3d_z": 0.0, "patch_file": "patch_0623.png" }, "geometry": { "type": "Point", "coordinates": [ 133.183061391006731, -12.810964150112746 ] } },
{ "type": "Feature", "properties": { "index": 624, "lon": 99.554682769902399, "lat": 49.808053317222999, "classification": 30, "subregion_name": "Eastern Asia", "umap_1d_x": 9.595458, "umap_2d_x": -16.345291, "umap_2d_y": -9.9312668, "umap_3d_x": -24.777477, "umap_3d_y": -7.6105194, "umap_3d_z": 9.1520767, "tsne_1d_x": 17.911934, "tsne_2d_x": -11.900158, "tsne_2d_y": -15.732784, "tsne_3d_x": 18.498436, "tsne_3d_y": 7.6709938, "tsne_3d_z": 15.949615, "grid_umap_1d_x": 624.0, "grid_umap_2d_x": 5.0, "grid_umap_2d_y": 6.0, "grid_umap_3d_x": 0.0, "grid_umap_3d_y": 8.0, "grid_umap_3d_z": 4.0, "grid_tsne_1d_x": 624.0, "grid_tsne_2d_x": 4.0, "grid_tsne_2d_y": 0.0, "grid_tsne_3d_x": 9.0, "grid_tsne_3d_y": 8.0, "grid_tsne_3d_z": 8.0, "patch_file": "patch_0624.png" }, "geometry": { "type": "Point", "coordinates": [ 99.554682769902399, 49.808053317222999 ] } },
{ "type": "Feature", "properties": { "index": 625, "lon": 26.571402391331617, "lat": -5.229523843515608, "classification": 20, "subregion_name": "Sub-Saharan Africa", "umap_1d_x": -8.7279062, "umap_2d_x": 39.23954, "umap_2d_y": 31.29174, "umap_3d_x": 39.675148, "umap_3d_y": 38.780609, "umap_3d_z": -4.7190361, "tsne_1d_x": -45.78072, "tsne_2d_x": 48.098717, "tsne_2d_y": 13.135838, "tsne_3d_x": -17.863075, "tsne_3d_y": 21.949715, "tsne_3d_z": -41.501671, "grid_umap_1d_x": 625.0, "grid_umap_2d_x": 29.0, "grid_umap_2d_y": 28.0, "grid_umap_3d_x": 7.0, "grid_umap_3d_y": 9.0, "grid_umap_3d_z": 5.0, "grid_tsne_1d_x": 625.0, "grid_tsne_2d_x": 25.0, "grid_tsne_2d_y": 15.0, "grid_tsne_3d_x": 3.0, "grid_tsne_3d_y": 8.0, "grid_tsne_3d_z": 0.0, "patch_file": "patch_0625.png" }, "geometry": { "type": "Point", "coordinates": [ 26.571402391331617, -5.229523843515608 ] } },
{ "type": "Feature", "properties": { "index": 626, "lon": -0.22240630051985, "lat": 35.067583148396324, "classification": 40, "subregion_name": "Northern Africa", "umap_1d_x": 13.105518, "umap_2d_x": -26.262556, "umap_2d_y": 6.0691757, "umap_3d_x": -25.019873, "umap_3d_y": -20.549074, "umap_3d_z": -11.007732, "tsne_1d_x": 2.8806434, "tsne_2d_x": -2.0057335, "tsne_2d_y": 27.439659, "tsne_3d_x": 24.443382, "tsne_3d_y": -3.9662285, "tsne_3d_z": -11.664825, "grid_umap_1d_x": 626.0, "grid_umap_2d_x": 10.0, "grid_umap_2d_y": 23.0, "grid_umap_3d_x": 4.0, "grid_umap_3d_y": 1.0, "grid_umap_3d_z": 0.0, "grid_tsne_1d_x": 626.0, "grid_tsne_2d_x": 2.0, "grid_tsne_2d_y": 28.0, "grid_tsne_3d_x": 9.0, "grid_tsne_3d_y": 3.0, "grid_tsne_3d_z": 1.0, "patch_file": "patch_0626.png" }, "geometry": { "type": "Point", "coordinates": [ -0.22240630051985, 35.067583148396324 ] } },
{ "type": "Feature", "properties": { "index": 627, "lon": -94.803737359394546, "lat": 39.578119554649021, "classification": 40, "subregion_name": "Unknown", "umap_1d_x": 11.348712, "umap_2d_x": -21.43952, "umap_2d_y": -9.5613785, "umap_3d_x": -21.249718, "umap_3d_y": -24.485725, "umap_3d_z": 5.6729126, "tsne_1d_x": 6.1256423, "tsne_2d_x": -6.7259941, "tsne_2d_y": 7.0769005, "tsne_3d_x": -5.5590744, "tsne_3d_y": -19.701061, "tsne_3d_z": 0.75992966, "grid_umap_1d_x": 627.0, "grid_umap_2d_x": 11.0, "grid_umap_2d_y": 14.0, "grid_umap_3d_x": 2.0, "grid_umap_3d_y": 0.0, "grid_umap_3d_z": 4.0, "grid_tsne_1d_x": 627.0, "grid_tsne_2d_x": 16.0, "grid_tsne_2d_y": 19.0, "grid_tsne_3d_x": 1.0, "grid_tsne_3d_y": 1.0, "grid_tsne_3d_z": 3.0, "patch_file": "patch_0627.png" }, "geometry": { "type": "Point", "coordinates": [ -94.803737359394546, 39.578119554649021 ] } },
{ "type": "Feature", "properties": { "index": 628, "lon": 99.668983900235503, "lat": 18.542153874949733, "classification": 112, "subregion_name": "South-eastern Asia", "umap_1d_x": 6.4766469, "umap_2d_x": -12.940296, "umap_2d_y": 17.398491, "umap_3d_x": -10.839729, "umap_3d_y": 0.20417023, "umap_3d_z": -19.492579, "tsne_1d_x": -9.8131971, "tsne_2d_x": 9.1559639, "tsne_2d_y": -9.1061668, "tsne_3d_x": 5.0164337, "tsne_3d_y": 29.483505, "tsne_3d_z": -5.7471619, "grid_umap_1d_x": 628.0, "grid_umap_2d_x": 3.0, "grid_umap_2d_y": 22.0, "grid_umap_3d_x": 1.0, "grid_umap_3d_y": 5.0, "grid_umap_3d_z": 0.0, "grid_tsne_1d_x": 628.0, "grid_tsne_2d_x": 17.0, "grid_tsne_2d_y": 6.0, "grid_tsne_3d_x": 5.0, "grid_tsne_3d_y": 8.0, "grid_tsne_3d_z": 4.0, "patch_file": "patch_0628.png" }, "geometry": { "type": "Point", "coordinates": [ 99.668983900235503, 18.542153874949733 ] } },
{ "type": "Feature", "properties": { "index": 629, "lon": 90.066773118501033, "lat": 52.343871159618729, "classification": 111, "subregion_name": "Eastern Europe", "umap_1d_x": 20.150173, "umap_2d_x": -33.812565, "umap_2d_y": -44.959846, "umap_3d_x": -36.275806, "umap_3d_y": -44.421867, "umap_3d_z": 43.335388, "tsne_1d_x": 30.066214, "tsne_2d_x": -27.849136, "tsne_2d_y": -1.8118095, "tsne_3d_x": -3.3471107, "tsne_3d_y": -34.319798, "tsne_3d_z": 31.189697, "grid_umap_1d_x": 629.0, "grid_umap_2d_x": 26.0, "grid_umap_2d_y": 3.0, "grid_umap_3d_x": 8.0, "grid_umap_3d_y": 2.0, "grid_umap_3d_z": 9.0, "grid_tsne_1d_x": 629.0, "grid_tsne_2d_x": 0.0, "grid_tsne_2d_y": 12.0, "grid_tsne_3d_x": 0.0, "grid_tsne_3d_y": 1.0, "grid_tsne_3d_z": 8.0, "patch_file": "patch_0629.png" }, "geometry": { "type": "Point", "coordinates": [ 90.066773118501033, 52.343871159618729 ] } },
{ "type": "Feature", "properties": { "index": 630, "lon": -102.33758610253783, "lat": 27.074980397359028, "classification": 20, "subregion_name": "Latin America and the Caribbean", "umap_1d_x": 6.7443275, "umap_2d_x": -20.008871, "umap_2d_y": 7.0462952, "umap_3d_x": -18.971479, "umap_3d_y": -10.100086, "umap_3d_z": -11.374477, "tsne_1d_x": -1.4127542, "tsne_2d_x": 1.9000778, "tsne_2d_y": 13.171364, "tsne_3d_x": 6.72509, "tsne_3d_y": 10.764511, "tsne_3d_z": -6.0739288, "grid_umap_1d_x": 630.0, "grid_umap_2d_x": 7.0, "grid_umap_2d_y": 20.0, "grid_umap_3d_x": 0.0, "grid_umap_3d_y": 2.0, "grid_umap_3d_z": 0.0, "grid_tsne_1d_x": 630.0, "grid_tsne_2d_x": 14.0, "grid_tsne_2d_y": 19.0, "grid_tsne_3d_x": 6.0, "grid_tsne_3d_y": 7.0, "grid_tsne_3d_z": 0.0, "patch_file": "patch_0630.png" }, "geometry": { "type": "Point", "coordinates": [ -102.337586102537827, 27.074980397359028 ] } },
{ "type": "Feature", "properties": { "index": 631, "lon": 124.30116368190022, "lat": 52.255866711952379, "classification": 113, "subregion_name": "Unknown", "umap_1d_x": 19.45577, "umap_2d_x": -37.077076, "umap_2d_y": -46.894157, "umap_3d_x": -34.357201, "umap_3d_y": -32.855125, "umap_3d_z": 42.989525, "tsne_1d_x": 32.77557, "tsne_2d_x": -23.80003, "tsne_2d_y": -11.869602, "tsne_3d_x": 1.3374023, "tsne_3d_y": -14.136585, "tsne_3d_z": 27.399155, "grid_umap_1d_x": 631.0, "grid_umap_2d_x": 26.0, "grid_umap_2d_y": 4.0, "grid_umap_3d_x": 7.0, "grid_umap_3d_y": 3.0, "grid_umap_3d_z": 9.0, "grid_tsne_1d_x": 631.0, "grid_tsne_2d_x": 4.0, "grid_tsne_2d_y": 5.0, "grid_tsne_3d_x": 1.0, "grid_tsne_3d_y": 3.0, "grid_tsne_3d_z": 8.0, "patch_file": "patch_0631.png" }, "geometry": { "type": "Point", "coordinates": [ 124.301163681900221, 52.255866711952379 ] } },
{ "type": "Feature", "properties": { "index": 632, "lon": -108.7342214068956, "lat": 53.065755767119597, "classification": 126, "subregion_name": "Northern America", "umap_1d_x": 19.00758, "umap_2d_x": -36.708988, "umap_2d_y": -38.432201, "umap_3d_x": -34.529293, "umap_3d_y": -29.231503, "umap_3d_z": 33.799355, "tsne_1d_x": 33.365959, "tsne_2d_x": -20.134983, "tsne_2d_y": -7.2463455, "tsne_3d_x": 9.7856941, "tsne_3d_y": -9.5812645, "tsne_3d_z": 22.033043, "grid_umap_1d_x": 632.0, "grid_umap_2d_x": 14.0, "grid_umap_2d_y": 4.0, "grid_umap_3d_x": 3.0, "grid_umap_3d_y": 3.0, "grid_umap_3d_z": 8.0, "grid_tsne_1d_x": 632.0, "grid_tsne_2d_x": 1.0, "grid_tsne_2d_y": 5.0, "grid_tsne_3d_x": 5.0, "grid_tsne_3d_y": 2.0, "grid_tsne_3d_z": 9.0, "patch_file": "patch_0632.png" }, "geometry": { "type": "Point", "coordinates": [ -108.7342214068956, 53.065755767119597 ] } },
{ "type": "Feature", "properties": { "index": 633, "lon": 97.49115701921346, "lat": 56.881844181126723, "classification": 114, "subregion_name": "Eastern Europe", "umap_1d_x": 19.268696, "umap_2d_x": -36.344898, "umap_2d_y": -43.01384, "umap_3d_x": -33.956329, "umap_3d_y": -32.22094, "umap_3d_z": 38.440926, "tsne_1d_x": 32.486343, "tsne_2d_x": -23.255074, "tsne_2d_y": -7.7451096, "tsne_3d_x": 4.8673286, "tsne_3d_y": -17.664589, "tsne_3d_z": 24.924866, "grid_umap_1d_x": 633.0, "grid_umap_2d_x": 21.0, "grid_umap_2d_y": 5.0, "grid_umap_3d_x": 5.0, "grid_umap_3d_y": 3.0, "grid_umap_3d_z": 8.0, "grid_tsne_1d_x": 633.0, "grid_tsne_2d_x": 13.0, "grid_tsne_2d_y": 13.0, "grid_tsne_3d_x": 2.0, "grid_tsne_3d_y": 2.0, "grid_tsne_3d_z": 8.0, "patch_file": "patch_0633.png" }, "geometry": { "type": "Point", "coordinates": [ 97.49115701921346, 56.881844181126723 ] } },
{ "type": "Feature", "properties": { "index": 634, "lon": -123.89113370855958, "lat": 47.154684810200706, "classification": 111, "subregion_name": "Unknown", "umap_1d_x": 13.791713, "umap_2d_x": -24.677654, "umap_2d_y": -20.823101, "umap_3d_x": -25.519796, "umap_3d_y": -31.633205, "umap_3d_z": 16.725502, "tsne_1d_x": 22.951981, "tsne_2d_x": -26.43046, "tsne_2d_y": 24.005333, "tsne_3d_x": 5.1233635, "tsne_3d_y": -41.934547, "tsne_3d_z": 0.80413055, "grid_umap_1d_x": 634.0, "grid_umap_2d_x": 4.0, "grid_umap_2d_y": 2.0, "grid_umap_3d_x": 3.0, "grid_umap_3d_y": 0.0, "grid_umap_3d_z": 6.0, "grid_tsne_1d_x": 634.0, "grid_tsne_2d_x": 1.0, "grid_tsne_2d_y": 28.0, "grid_tsne_3d_x": 4.0, "grid_tsne_3d_y": 1.0, "grid_tsne_3d_z": 2.0, "patch_file": "patch_0634.png" }, "geometry": { "type": "Point", "coordinates": [ -123.891133708559579, 47.154684810200706 ] } },
{ "type": "Feature", "properties": { "index": 635, "lon": -115.14967468705628, "lat": 47.014538111983043, "classification": 111, "subregion_name": "Unknown", "umap_1d_x": 20.243864, "umap_2d_x": -33.116127, "umap_2d_y": -43.773914, "umap_3d_x": -35.987473, "umap_3d_y": -42.358219, "umap_3d_z": 40.534065, "tsne_1d_x": 26.66283, "tsne_2d_x": -29.06138, "tsne_2d_y": 20.632545, "tsne_3d_x": 7.3601532, "tsne_3d_y": -9.2584686, "tsne_3d_z": -15.98634, "grid_umap_1d_x": 635.0, "grid_umap_2d_x": 25.0, "grid_umap_2d_y": 3.0, "grid_umap_3d_x": 5.0, "grid_umap_3d_y": 1.0, "grid_umap_3d_z": 9.0, "grid_tsne_1d_x": 635.0, "grid_tsne_2d_x": 2.0, "grid_tsne_2d_y": 27.0, "grid_tsne_3d_x": 5.0, "grid_tsne_3d_y": 0.0, "grid_tsne_3d_z": 1.0, "patch_file": "patch_0635.png" }, "geometry": { "type": "Point", "coordinates": [ -115.149674687056276, 47.014538111983043 ] } },
{ "type": "Feature", "properties": { "index": 636, "lon": -68.632105106533501, "lat": 57.163030487776027, "classification": 111, "subregion_name": "Northern America", "umap_1d_x": 21.943624, "umap_2d_x": -39.973419, "umap_2d_y": -38.922493, "umap_3d_x": -42.393036, "umap_3d_y": -36.877674, "umap_3d_z": 37.773552, "tsne_1d_x": 37.636639, "tsne_2d_x": -35.600113, "tsne_2d_y": 3.4708366, "tsne_3d_x": 19.608864, "tsne_3d_y": -39.487411, "tsne_3d_z": 38.725609, "grid_umap_1d_x": 636.0, "grid_umap_2d_x": 13.0, "grid_umap_2d_y": 5.0, "grid_umap_3d_x": 2.0, "grid_umap_3d_y": 2.0, "grid_umap_3d_z": 8.0, "grid_tsne_1d_x": 636.0, "grid_tsne_2d_x": 11.0, "grid_tsne_2d_y": 22.0, "grid_tsne_3d_x": 4.0, "grid_tsne_3d_y": 5.0, "grid_tsne_3d_z": 5.0, "patch_file": "patch_0636.png" }, "geometry": { "type": "Point", "coordinates": [ -68.632105106533501, 57.163030487776027 ] } },
{ "type": "Feature", "properties": { "index": 637, "lon": -95.527526936162147, "lat": 16.342132980442059, "classification": 126, "subregion_name": "Latin America and the Caribbean", "umap_1d_x": 6.7102051, "umap_2d_x": -14.166122, "umap_2d_y": 13.254559, "umap_3d_x": -11.625179, "umap_3d_y": -1.8955917, "umap_3d_z": -16.844631, "tsne_1d_x": -9.0889587, "tsne_2d_x": 9.3395424, "tsne_2d_y": -13.553524, "tsne_3d_x": 1.3880005, "tsne_3d_y": 17.014259, "tsne_3d_z": -6.0546417, "grid_umap_1d_x": 637.0, "grid_umap_2d_x": 3.0, "grid_umap_2d_y": 21.0, "grid_umap_3d_x": 3.0, "grid_umap_3d_y": 2.0, "grid_umap_3d_z": 0.0, "grid_tsne_1d_x": 637.0, "grid_tsne_2d_x": 21.0, "grid_tsne_2d_y": 11.0, "grid_tsne_3d_x": 3.0, "grid_tsne_3d_y": 9.0, "grid_tsne_3d_z": 0.0, "patch_file": "patch_0637.png" }, "geometry": { "type": "Point", "coordinates": [ -95.527526936162147, 16.342132980442059 ] } },
{ "type": "Feature", "properties": { "index": 638, "lon": -122.2697939389643, "lat": 61.082504362521078, "classification": 111, "subregion_name": "Northern America", "umap_1d_x": 20.805677, "umap_2d_x": -35.017677, "umap_2d_y": -41.496864, "umap_3d_x": -38.278492, "umap_3d_y": -46.033882, "umap_3d_z": 39.775429, "tsne_1d_x": 29.049128, "tsne_2d_x": -31.383547, "tsne_2d_y": 1.6923141, "tsne_3d_x": 5.8862572, "tsne_3d_y": -40.738003, "tsne_3d_z": 33.847534, "grid_umap_1d_x": 638.0, "grid_umap_2d_x": 23.0, "grid_umap_2d_y": 7.0, "grid_umap_3d_x": 5.0, "grid_umap_3d_y": 0.0, "grid_umap_3d_z": 9.0, "grid_tsne_1d_x": 638.0, "grid_tsne_2d_x": 2.0, "grid_tsne_2d_y": 16.0, "grid_tsne_3d_x": 2.0, "grid_tsne_3d_y": 2.0, "grid_tsne_3d_z": 7.0, "patch_file": "patch_0638.png" }, "geometry": { "type": "Point", "coordinates": [ -122.269793938964298, 61.082504362521078 ] } },
{ "type": "Feature", "properties": { "index": 639, "lon": -105.40630569881858, "lat": 54.528658081560664, "classification": 111, "subregion_name": "Northern America", "umap_1d_x": 21.289793, "umap_2d_x": -37.760643, "umap_2d_y": -37.617683, "umap_3d_x": -40.145634, "umap_3d_y": -41.042732, "umap_3d_z": 35.666023, "tsne_1d_x": 37.529541, "tsne_2d_x": -32.997696, "tsne_2d_y": 1.0724487, "tsne_3d_x": 9.2267532, "tsne_3d_y": -42.903393, "tsne_3d_z": 35.696686, "grid_umap_1d_x": 639.0, "grid_umap_2d_x": 17.0, "grid_umap_2d_y": 8.0, "grid_umap_3d_x": 6.0, "grid_umap_3d_y": 4.0, "grid_umap_3d_z": 6.0, "grid_tsne_1d_x": 639.0, "grid_tsne_2d_x": 16.0, "grid_tsne_2d_y": 22.0, "grid_tsne_3d_x": 2.0, "grid_tsne_3d_y": 4.0, "grid_tsne_3d_z": 6.0, "patch_file": "patch_0639.png" }, "geometry": { "type": "Point", "coordinates": [ -105.406305698818585, 54.528658081560664 ] } },
{ "type": "Feature", "properties": { "index": 640, "lon": 16.366634656279643, "lat": -22.143546844879658, "classification": 20, "subregion_name": "Sub-Saharan Africa", "umap_1d_x": -11.563211, "umap_2d_x": 46.214211, "umap_2d_y": 25.208084, "umap_3d_x": 48.599487, "umap_3d_y": 30.264191, "umap_3d_z": -2.7544823, "tsne_1d_x": -54.232044, "tsne_2d_x": 48.074142, "tsne_2d_y": 31.782066, "tsne_3d_x": 1.3446617, "tsne_3d_y": 8.0844269, "tsne_3d_z": -49.993557, "grid_umap_1d_x": 640.0, "grid_umap_2d_x": 22.0, "grid_umap_2d_y": 19.0, "grid_umap_3d_x": 9.0, "grid_umap_3d_y": 7.0, "grid_umap_3d_z": 9.0, "grid_tsne_1d_x": 640.0, "grid_tsne_2d_x": 29.0, "grid_tsne_2d_y": 27.0, "grid_tsne_3d_x": 6.0, "grid_tsne_3d_y": 6.0, "grid_tsne_3d_z": 0.0, "patch_file": "patch_0640.png" }, "geometry": { "type": "Point", "coordinates": [ 16.366634656279643, -22.143546844879658 ] } },
{ "type": "Feature", "properties": { "index": 641, "lon": -110.19059132600322, "lat": 32.466669009402679, "classification": 20, "subregion_name": "Unknown", "umap_1d_x": 12.609341, "umap_2d_x": -22.248905, "umap_2d_y": 6.1288071, "umap_3d_x": -22.46277, "umap_3d_y": -14.248917, "umap_3d_z": -9.7645683, "tsne_1d_x": 0.25491455, "tsne_2d_x": 0.66734695, "tsne_2d_y": 19.21817, "tsne_3d_x": 14.897736, "tsne_3d_y": 5.5254936, "tsne_3d_z": -10.965111, "grid_umap_1d_x": 641.0, "grid_umap_2d_x": 13.0, "grid_umap_2d_y": 23.0, "grid_umap_3d_x": 0.0, "grid_umap_3d_y": 1.0, "grid_umap_3d_z": 0.0, "grid_tsne_1d_x": 641.0, "grid_tsne_2d_x": 13.0, "grid_tsne_2d_y": 24.0, "grid_tsne_3d_x": 8.0, "grid_tsne_3d_y": 5.0, "grid_tsne_3d_z": 1.0, "patch_file": "patch_0641.png" }, "geometry": { "type": "Point", "coordinates": [ -110.190591326003215, 32.466669009402679 ] } },
{ "type": "Feature", "properties": { "index": 642, "lon": 105.5435255729123, "lat": 25.744952367258463, "classification": 30, "subregion_name": "Unknown", "umap_1d_x": 8.5719013, "umap_2d_x": -15.232269, "umap_2d_y": -0.13007355, "umap_3d_x": -17.481503, "umap_3d_y": -7.3087692, "umap_3d_z": 2.6386871, "tsne_1d_x": -4.9253054, "tsne_2d_x": -2.2648468, "tsne_2d_y": -14.30563, "tsne_3d_x": 3.7788277, "tsne_3d_y": 22.174522, "tsne_3d_z": 8.236557, "grid_umap_1d_x": 642.0, "grid_umap_2d_x": 10.0, "grid_umap_2d_y": 17.0, "grid_umap_3d_x": 0.0, "grid_umap_3d_y": 5.0, "grid_umap_3d_z": 3.0, "grid_tsne_1d_x": 642.0, "grid_tsne_2d_x": 11.0, "grid_tsne_2d_y": 2.0, "grid_tsne_3d_x": 3.0, "grid_tsne_3d_y": 9.0, "grid_tsne_3d_z": 9.0, "patch_file": "patch_0642.png" }, "geometry": { "type": "Point", "coordinates": [ 105.543525572912301, 25.744952367258463 ] } },
{ "type": "Feature", "properties": { "index": 643, "lon": 113.00969985623004, "lat": 40.213843810790422, "classification": 20, "subregion_name": "Unknown", "umap_1d_x": 9.4090328, "umap_2d_x": -15.442242, "umap_2d_y": -7.9778442, "umap_3d_x": -22.703081, "umap_3d_y": -6.5218849, "umap_3d_z": 9.3668633, "tsne_1d_x": 18.203632, "tsne_2d_x": -9.5853043, "tsne_2d_y": -16.92728, "tsne_3d_x": 13.718338, "tsne_3d_y": 12.972717, "tsne_3d_z": 14.991402, "grid_umap_1d_x": 643.0, "grid_umap_2d_x": 16.0, "grid_umap_2d_y": 15.0, "grid_umap_3d_x": 1.0, "grid_umap_3d_y": 8.0, "grid_umap_3d_z": 4.0, "grid_tsne_1d_x": 643.0, "grid_tsne_2d_x": 8.0, "grid_tsne_2d_y": 2.0, "grid_tsne_3d_x": 9.0, "grid_tsne_3d_y": 9.0, "grid_tsne_3d_z": 8.0, "patch_file": "patch_0643.png" }, "geometry": { "type": "Point", "coordinates": [ 113.009699856230043, 40.213843810790422 ] } },
{ "type": "Feature", "properties": { "index": 644, "lon": 90.310863910122976, "lat": 65.856065965415553, "classification": 116, "subregion_name": "Eastern Europe", "umap_1d_x": 23.989586, "umap_2d_x": -45.419914, "umap_2d_y": -33.002617, "umap_3d_x": -45.475742, "umap_3d_y": -23.301729, "umap_3d_z": 32.952187, "tsne_1d_x": 48.72039, "tsne_2d_x": -43.650188, "tsne_2d_y": -10.171898, "tsne_3d_x": 31.081917, "tsne_3d_y": -19.608032, "tsne_3d_z": 33.783653, "grid_umap_1d_x": 644.0, "grid_umap_2d_x": 7.0, "grid_umap_2d_y": 7.0, "grid_umap_3d_x": 0.0, "grid_umap_3d_y": 5.0, "grid_umap_3d_z": 8.0, "grid_tsne_1d_x": 644.0, "grid_tsne_2d_x": 3.0, "grid_tsne_2d_y": 13.0, "grid_tsne_3d_x": 8.0, "grid_tsne_3d_y": 3.0, "grid_tsne_3d_z": 8.0, "patch_file": "patch_0644.png" }, "geometry": { "type": "Point", "coordinates": [ 90.310863910122976, 65.856065965415553 ] } },
{ "type": "Feature", "properties": { "index": 645, "lon": 93.004584109701341, "lat": 59.689494317611391, "classification": 111, "subregion_name": "Eastern Europe", "umap_1d_x": 20.72645, "umap_2d_x": -36.984543, "umap_2d_y": -43.194374, "umap_3d_x": -38.269272, "umap_3d_y": -38.852448, "umap_3d_z": 39.210602, "tsne_1d_x": 34.658844, "tsne_2d_x": -28.754519, "tsne_2d_y": -6.1442146, "tsne_3d_x": 8.2861252, "tsne_3d_y": -29.828293, "tsne_3d_z": 30.660095, "grid_umap_1d_x": 645.0, "grid_umap_2d_x": 16.0, "grid_umap_2d_y": 1.0, "grid_umap_3d_x": 4.0, "grid_umap_3d_y": 1.0, "grid_umap_3d_z": 9.0, "grid_tsne_1d_x": 645.0, "grid_tsne_2d_x": 20.0, "grid_tsne_2d_y": 20.0, "grid_tsne_3d_x": 3.0, "grid_tsne_3d_y": 0.0, "grid_tsne_3d_z": 9.0, "patch_file": "patch_0645.png" }, "geometry": { "type": "Point", "coordinates": [ 93.004584109701341, 59.689494317611391 ] } },
{ "type": "Feature", "properties": { "index": 646, "lon": 95.301980872596573, "lat": 56.411159558668686, "classification": 115, "subregion_name": "Eastern Europe", "umap_1d_x": 19.38574, "umap_2d_x": -36.621452, "umap_2d_y": -44.756618, "umap_3d_x": -33.797085, "umap_3d_y": -32.049946, "umap_3d_z": 38.868355, "tsne_1d_x": 32.42408, "tsne_2d_x": -23.743557, "tsne_2d_y": -8.4804993, "tsne_3d_x": 4.2947845, "tsne_3d_y": -17.646751, "tsne_3d_z": 26.041245, "grid_umap_1d_x": 646.0, "grid_umap_2d_x": 21.0, "grid_umap_2d_y": 3.0, "grid_umap_3d_x": 4.0, "grid_umap_3d_y": 2.0, "grid_umap_3d_z": 9.0, "grid_tsne_1d_x": 646.0, "grid_tsne_2d_x": 3.0, "grid_tsne_2d_y": 7.0, "grid_tsne_3d_x": 2.0, "grid_tsne_3d_y": 2.0, "grid_tsne_3d_z": 9.0, "patch_file": "patch_0646.png" }, "geometry": { "type": "Point", "coordinates": [ 95.301980872596573, 56.411159558668686 ] } },
{ "type": "Feature", "properties": { "index": 647, "lon": -128.97719144626566, "lat": 54.778315757454507, "classification": 111, "subregion_name": "Northern America", "umap_1d_x": 13.673379, "umap_2d_x": -24.619665, "umap_2d_y": -20.875328, "umap_3d_x": -25.61264, "umap_3d_y": -31.270014, "umap_3d_z": 17.494003, "tsne_1d_x": 22.971113, "tsne_2d_x": -26.866837, "tsne_2d_y": 23.832901, "tsne_3d_x": 4.7199974, "tsne_3d_y": -42.195774, "tsne_3d_z": 0.63866806, "grid_umap_1d_x": 647.0, "grid_umap_2d_x": 13.0, "grid_umap_2d_y": 9.0, "grid_umap_3d_x": 2.0, "grid_umap_3d_y": 0.0, "grid_umap_3d_z": 6.0, "grid_tsne_1d_x": 647.0, "grid_tsne_2d_x": 8.0, "grid_tsne_2d_y": 29.0, "grid_tsne_3d_x": 4.0, "grid_tsne_3d_y": 0.0, "grid_tsne_3d_z": 2.0, "patch_file": "patch_0647.png" }, "geometry": { "type": "Point", "coordinates": [ -128.977191446265664, 54.778315757454507 ] } },
{ "type": "Feature", "properties": { "index": 648, "lon": -64.628575269957722, "lat": 54.069124241290112, "classification": 111, "subregion_name": "Northern America", "umap_1d_x": 22.549944, "umap_2d_x": -41.485336, "umap_2d_y": -31.750484, "umap_3d_x": -43.246014, "umap_3d_y": -34.513386, "umap_3d_z": 29.877342, "tsne_1d_x": 45.164978, "tsne_2d_x": -41.267876, "tsne_2d_y": 9.1347351, "tsne_3d_x": 29.749161, "tsne_3d_y": -38.8937, "tsne_3d_z": 30.386589, "grid_umap_1d_x": 648.0, "grid_umap_2d_x": 14.0, "grid_umap_2d_y": 11.0, "grid_umap_3d_x": 4.0, "grid_umap_3d_y": 4.0, "grid_umap_3d_z": 5.0, "grid_tsne_1d_x": 648.0, "grid_tsne_2d_x": 3.0, "grid_tsne_2d_y": 24.0, "grid_tsne_3d_x": 8.0, "grid_tsne_3d_y": 0.0, "grid_tsne_3d_z": 7.0, "patch_file": "patch_0648.png" }, "geometry": { "type": "Point", "coordinates": [ -64.628575269957722, 54.069124241290112 ] } },
{ "type": "Feature", "properties": { "index": 649, "lon": 119.49004945191325, "lat": 58.048677324506372, "classification": 126, "subregion_name": "Eastern Europe", "umap_1d_x": 23.665602, "umap_2d_x": -45.765194, "umap_2d_y": -40.674751, "umap_3d_x": -45.726982, "umap_3d_y": -24.069088, "umap_3d_z": 41.107407, "tsne_1d_x": 43.612049, "tsne_2d_x": -39.13789, "tsne_2d_y": -15.273048, "tsne_3d_x": 25.766151, "tsne_3d_y": -13.099689, "tsne_3d_z": 34.914932, "grid_umap_1d_x": 649.0, "grid_umap_2d_x": 20.0, "grid_umap_2d_y": 13.0, "grid_umap_3d_x": 2.0, "grid_umap_3d_y": 6.0, "grid_umap_3d_z": 8.0, "grid_tsne_1d_x": 649.0, "grid_tsne_2d_x": 13.0, "grid_tsne_2d_y": 14.0, "grid_tsne_3d_x": 6.0, "grid_tsne_3d_y": 5.0, "grid_tsne_3d_z": 7.0, "patch_file": "patch_0649.png" }, "geometry": { "type": "Point", "coordinates": [ 119.490049451913251, 58.048677324506372 ] } },
{ "type": "Feature", "properties": { "index": 650, "lon": -138.05302469766934, "lat": 63.152291781952314, "classification": 116, "subregion_name": "Northern America", "umap_1d_x": 20.429703, "umap_2d_x": -34.082333, "umap_2d_y": -43.925926, "umap_3d_x": -37.217583, "umap_3d_y": -45.604935, "umap_3d_z": 42.370041, "tsne_1d_x": 29.666134, "tsne_2d_x": -29.033213, "tsne_2d_y": 0.20080185, "tsne_3d_x": -1.7986259, "tsne_3d_y": -41.189743, "tsne_3d_z": 32.502922, "grid_umap_1d_x": 650.0, "grid_umap_2d_x": 25.0, "grid_umap_2d_y": 4.0, "grid_umap_3d_x": 6.0, "grid_umap_3d_y": 1.0, "grid_umap_3d_z": 9.0, "grid_tsne_1d_x": 650.0, "grid_tsne_2d_x": 12.0, "grid_tsne_2d_y": 19.0, "grid_tsne_3d_x": 1.0, "grid_tsne_3d_y": 3.0, "grid_tsne_3d_z": 7.0, "patch_file": "patch_0650.png" }, "geometry": { "type": "Point", "coordinates": [ -138.053024697669343, 63.152291781952314 ] } },
{ "type": "Feature", "properties": { "index": 651, "lon": -60.522332662375177, "lat": 7.3124144807337643, "classification": 112, "subregion_name": "Latin America and the Caribbean", "umap_1d_x": -2.4641602, "umap_2d_x": 20.430519, "umap_2d_y": 48.679367, "umap_3d_x": 17.198372, "umap_3d_y": 45.201401, "umap_3d_z": -32.34079, "tsne_1d_x": -37.718033, "tsne_2d_x": 22.996941, "tsne_2d_y": -49.553864, "tsne_3d_x": -33.003536, "tsne_3d_y": 48.347054, "tsne_3d_z": -15.959595, "grid_umap_1d_x": 651.0, "grid_umap_2d_x": 14.0, "grid_umap_2d_y": 30.0, "grid_umap_3d_x": 2.0, "grid_umap_3d_y": 9.0, "grid_umap_3d_z": 4.0, "grid_tsne_1d_x": 651.0, "grid_tsne_2d_x": 26.0, "grid_tsne_2d_y": 11.0, "grid_tsne_3d_x": 1.0, "grid_tsne_3d_y": 9.0, "grid_tsne_3d_z": 4.0, "patch_file": "patch_0651.png" }, "geometry": { "type": "Point", "coordinates": [ -60.522332662375177, 7.312414480733764 ] } },
{ "type": "Feature", "properties": { "index": 652, "lon": 81.097622022523012, "lat": 64.601625356932374, "classification": 126, "subregion_name": "Eastern Europe", "umap_1d_x": 23.274332, "umap_2d_x": -42.604649, "umap_2d_y": -27.209433, "umap_3d_x": -42.514679, "umap_3d_y": -25.284473, "umap_3d_z": 25.088737, "tsne_1d_x": 47.779644, "tsne_2d_x": -42.303257, "tsne_2d_y": -3.3705788, "tsne_3d_x": 30.768272, "tsne_3d_y": -17.979851, "tsne_3d_z": 26.753624, "grid_umap_1d_x": 652.0, "grid_umap_2d_x": 0.0, "grid_umap_2d_y": 4.0, "grid_umap_3d_x": 1.0, "grid_umap_3d_y": 4.0, "grid_umap_3d_z": 7.0, "grid_tsne_1d_x": 652.0, "grid_tsne_2d_x": 12.0, "grid_tsne_2d_y": 20.0, "grid_tsne_3d_x": 9.0, "grid_tsne_3d_y": 2.0, "grid_tsne_3d_z": 8.0, "patch_file": "patch_0652.png" }, "geometry": { "type": "Point", "coordinates": [ 81.097622022523012, 64.601625356932374 ] } },
{ "type": "Feature", "properties": { "index": 653, "lon": 44.509160131310949, "lat": 60.328888350544815, "classification": 115, "subregion_name": "Eastern Europe", "umap_1d_x": 18.30917, "umap_2d_x": -32.893555, "umap_2d_y": -32.711208, "umap_3d_x": -33.645561, "umap_3d_y": -39.719524, "umap_3d_z": 27.278038, "tsne_1d_x": 25.965649, "tsne_2d_x": -22.456345, "tsne_2d_y": 7.2710648, "tsne_3d_x": 13.109779, "tsne_3d_y": -29.402411, "tsne_3d_z": 18.002007, "grid_umap_1d_x": 653.0, "grid_umap_2d_x": 21.0, "grid_umap_2d_y": 12.0, "grid_umap_3d_x": 3.0, "grid_umap_3d_y": 0.0, "grid_umap_3d_z": 7.0, "grid_tsne_1d_x": 653.0, "grid_tsne_2d_x": 11.0, "grid_tsne_2d_y": 21.0, "grid_tsne_3d_x": 5.0, "grid_tsne_3d_y": 2.0, "grid_tsne_3d_z": 5.0, "patch_file": "patch_0653.png" }, "geometry": { "type": "Point", "coordinates": [ 44.509160131310949, 60.328888350544815 ] } },
{ "type": "Feature", "properties": { "index": 654, "lon": 97.751794437807234, "lat": 66.140149869533275, "classification": 116, "subregion_name": "Eastern Europe", "umap_1d_x": 23.744148, "umap_2d_x": -46.380749, "umap_2d_y": -42.271965, "umap_3d_x": -46.090714, "umap_3d_y": -22.632757, "umap_3d_z": 42.868645, "tsne_1d_x": 43.055874, "tsne_2d_x": -38.588314, "tsne_2d_y": -17.332127, "tsne_3d_x": 23.440498, "tsne_3d_y": -14.852669, "tsne_3d_z": 38.574173, "grid_umap_1d_x": 654.0, "grid_umap_2d_x": 6.0, "grid_umap_2d_y": 1.0, "grid_umap_3d_x": 4.0, "grid_umap_3d_y": 8.0, "grid_umap_3d_z": 7.0, "grid_tsne_1d_x": 654.0, "grid_tsne_2d_x": 17.0, "grid_tsne_2d_y": 15.0, "grid_tsne_3d_x": 5.0, "grid_tsne_3d_y": 6.0, "grid_tsne_3d_z": 6.0, "patch_file": "patch_0654.png" }, "geometry": { "type": "Point", "coordinates": [ 97.751794437807234, 66.140149869533275 ] } },
{ "type": "Feature", "properties": { "index": 655, "lon": 113.99509898594465, "lat": 23.576945005194162, "classification": 112, "subregion_name": "Unknown", "umap_1d_x": 8.5893269, "umap_2d_x": -15.920231, "umap_2d_y": 0.83708954, "umap_3d_x": -16.686077, "umap_3d_y": -9.4017639, "umap_3d_z": 1.9279556, "tsne_1d_x": -5.2600174, "tsne_2d_x": -1.9702034, "tsne_2d_y": -10.32716, "tsne_3d_x": 3.7050133, "tsne_3d_y": 19.328552, "tsne_3d_z": 3.3203239, "grid_umap_1d_x": 655.0, "grid_umap_2d_x": 17.0, "grid_umap_2d_y": 23.0, "grid_umap_3d_x": 0.0, "grid_umap_3d_y": 3.0, "grid_umap_3d_z": 3.0, "grid_tsne_1d_x": 655.0, "grid_tsne_2d_x": 8.0, "grid_tsne_2d_y": 1.0, "grid_tsne_3d_x": 4.0, "grid_tsne_3d_y": 9.0, "grid_tsne_3d_z": 6.0, "patch_file": "patch_0655.png" }, "geometry": { "type": "Point", "coordinates": [ 113.995098985944651, 23.576945005194162 ] } },
{ "type": "Feature", "properties": { "index": 656, "lon": 33.356198934023865, "lat": -23.916379042805069, "classification": 126, "subregion_name": "Sub-Saharan Africa", "umap_1d_x": -10.290855, "umap_2d_x": 40.710014, "umap_2d_y": 18.756561, "umap_3d_x": 41.78183, "umap_3d_y": 23.070168, "umap_3d_z": -7.3184929, "tsne_1d_x": -50.531261, "tsne_2d_x": 40.746483, "tsne_2d_y": 23.646286, "tsne_3d_x": -2.7370377, "tsne_3d_y": 5.1954079, "tsne_3d_z": -33.458122, "grid_umap_1d_x": 656.0, "grid_umap_2d_x": 24.0, "grid_umap_2d_y": 15.0, "grid_umap_3d_x": 7.0, "grid_umap_3d_y": 5.0, "grid_umap_3d_z": 4.0, "grid_tsne_1d_x": 656.0, "grid_tsne_2d_x": 22.0, "grid_tsne_2d_y": 22.0, "grid_tsne_3d_x": 4.0, "grid_tsne_3d_y": 4.0, "grid_tsne_3d_z": 2.0, "patch_file": "patch_0656.png" }, "geometry": { "type": "Point", "coordinates": [ 33.356198934023865, -23.916379042805069 ] } },
{ "type": "Feature", "properties": { "index": 657, "lon": 80.335674765497913, "lat": 25.421261607777055, "classification": 40, "subregion_name": "Southern Asia", "umap_1d_x": 5.2696571, "umap_2d_x": -14.589653, "umap_2d_y": 23.923782, "umap_3d_x": -11.92942, "umap_3d_y": 2.2823639, "umap_3d_z": -30.452959, "tsne_1d_x": -11.936118, "tsne_2d_x": 8.4285126, "tsne_2d_y": -0.25901794, "tsne_3d_x": 13.523029, "tsne_3d_y": 36.943886, "tsne_3d_z": -0.62824631, "grid_umap_1d_x": 657.0, "grid_umap_2d_x": 7.0, "grid_umap_2d_y": 25.0, "grid_umap_3d_x": 1.0, "grid_umap_3d_y": 8.0, "grid_umap_3d_z": 2.0, "grid_tsne_1d_x": 657.0, "grid_tsne_2d_x": 12.0, "grid_tsne_2d_y": 4.0, "grid_tsne_3d_x": 7.0, "grid_tsne_3d_y": 9.0, "grid_tsne_3d_z": 6.0, "patch_file": "patch_0657.png" }, "geometry": { "type": "Point", "coordinates": [ 80.335674765497913, 25.421261607777055 ] } },
{ "type": "Feature", "properties": { "index": 658, "lon": 10.17407716194603, "lat": 8.2370734960092875, "classification": 126, "subregion_name": "Sub-Saharan Africa", "umap_1d_x": 3.9594157, "umap_2d_x": -10.449989, "umap_2d_y": 31.67424, "umap_3d_x": -7.065197, "umap_3d_y": 2.9111137, "umap_3d_z": -41.210693, "tsne_1d_x": -17.017864, "tsne_2d_x": 16.374359, "tsne_2d_y": 2.7381363, "tsne_3d_x": 15.526367, "tsne_3d_y": 44.991615, "tsne_3d_z": -13.187141, "grid_umap_1d_x": 658.0, "grid_umap_2d_x": 7.0, "grid_umap_2d_y": 27.0, "grid_umap_3d_x": 7.0, "grid_umap_3d_y": 0.0, "grid_umap_3d_z": 0.0, "grid_tsne_1d_x": 658.0, "grid_tsne_2d_x": 17.0, "grid_tsne_2d_y": 4.0, "grid_tsne_3d_x": 7.0, "grid_tsne_3d_y": 9.0, "grid_tsne_3d_z": 3.0, "patch_file": "patch_0658.png" }, "geometry": { "type": "Point", "coordinates": [ 10.17407716194603, 8.237073496009288 ] } },
{ "type": "Feature", "properties": { "index": 659, "lon": -71.551751465003022, "lat": -43.214510604021797, "classification": 116, "subregion_name": "Latin America and the Caribbean", "umap_1d_x": -12.313681, "umap_2d_x": 41.746414, "umap_2d_y": 6.9103699, "umap_3d_x": 41.988579, "umap_3d_y": 8.48843, "umap_3d_z": 1.6519241, "tsne_1d_x": -57.683212, "tsne_2d_x": 32.603195, "tsne_2d_y": 33.087128, "tsne_3d_x": -7.3373642, "tsne_3d_y": -20.215229, "tsne_3d_z": -34.215702, "grid_umap_1d_x": 659.0, "grid_umap_2d_x": 27.0, "grid_umap_2d_y": 10.0, "grid_umap_3d_x": 9.0, "grid_umap_3d_y": 5.0, "grid_umap_3d_z": 6.0, "grid_tsne_1d_x": 659.0, "grid_tsne_2d_x": 21.0, "grid_tsne_2d_y": 25.0, "grid_tsne_3d_x": 3.0, "grid_tsne_3d_y": 1.0, "grid_tsne_3d_z": 2.0, "patch_file": "patch_0659.png" }, "geometry": { "type": "Point", "coordinates": [ -71.551751465003022, -43.214510604021797 ] } },
{ "type": "Feature", "properties": { "index": 660, "lon": 81.691639593496404, "lat": 25.539426535088566, "classification": 40, "subregion_name": "Southern Asia", "umap_1d_x": 5.3153276, "umap_2d_x": -14.56213, "umap_2d_y": 23.699776, "umap_3d_x": -12.029961, "umap_3d_y": 2.0364418, "umap_3d_z": -30.133667, "tsne_1d_x": -11.866966, "tsne_2d_x": 7.6557999, "tsne_2d_y": 0.55406189, "tsne_3d_x": 14.277847, "tsne_3d_y": 37.033257, "tsne_3d_z": 1.2949409, "grid_umap_1d_x": 660.0, "grid_umap_2d_x": 11.0, "grid_umap_2d_y": 25.0, "grid_umap_3d_x": 1.0, "grid_umap_3d_y": 7.0, "grid_umap_3d_z": 1.0, "grid_tsne_1d_x": 660.0, "grid_tsne_2d_x": 16.0, "grid_tsne_2d_y": 10.0, "grid_tsne_3d_x": 8.0, "grid_tsne_3d_y": 9.0, "grid_tsne_3d_z": 6.0, "patch_file": "patch_0660.png" }, "geometry": { "type": "Point", "coordinates": [ 81.691639593496404, 25.539426535088566 ] } },
{ "type": "Feature", "properties": { "index": 661, "lon": 20.223511391594315, "lat": 43.19530449439003, "classification": 114, "subregion_name": "Southern Europe", "umap_1d_x": 14.100449, "umap_2d_x": -26.695181, "umap_2d_y": -8.2488365, "umap_3d_x": -26.220297, "umap_3d_y": -24.99563, "umap_3d_z": 3.6841507, "tsne_1d_x": 10.083447, "tsne_2d_x": -9.8364906, "tsne_2d_y": 13.831512, "tsne_3d_x": 13.99173, "tsne_3d_y": -8.6434021, "tsne_3d_z": 2.4941635, "grid_umap_1d_x": 661.0, "grid_umap_2d_x": 0.0, "grid_umap_2d_y": 10.0, "grid_umap_3d_x": 1.0, "grid_umap_3d_y": 1.0, "grid_umap_3d_z": 4.0, "grid_tsne_1d_x": 661.0, "grid_tsne_2d_x": 16.0, "grid_tsne_2d_y": 24.0, "grid_tsne_3d_x": 8.0, "grid_tsne_3d_y": 1.0, "grid_tsne_3d_z": 3.0, "patch_file": "patch_0661.png" }, "geometry": { "type": "Point", "coordinates": [ 20.223511391594315, 43.19530449439003 ] } },
{ "type": "Feature", "properties": { "index": 662, "lon": 44.627078633371582, "lat": 40.769814166179259, "classification": 30, "subregion_name": "Western Asia", "umap_1d_x": 13.041636, "umap_2d_x": -25.013746, "umap_2d_y": 5.100502, "umap_3d_x": -25.519394, "umap_3d_y": -16.712044, "umap_3d_z": -7.902813, "tsne_1d_x": 1.2994426, "tsne_2d_x": 0.44795227000001, "tsne_2d_y": 24.504425, "tsne_3d_x": 25.396591, "tsne_3d_y": 4.8407249, "tsne_3d_z": -8.0742416, "grid_umap_1d_x": 662.0, "grid_umap_2d_x": 6.0, "grid_umap_2d_y": 20.0, "grid_umap_3d_x": 2.0, "grid_umap_3d_y": 3.0, "grid_umap_3d_z": 2.0, "grid_tsne_1d_x": 662.0, "grid_tsne_2d_x": 12.0, "grid_tsne_2d_y": 28.0, "grid_tsne_3d_x": 8.0, "grid_tsne_3d_y": 6.0, "grid_tsne_3d_z": 3.0, "patch_file": "patch_0662.png" }, "geometry": { "type": "Point", "coordinates": [ 44.627078633371582, 40.769814166179259 ] } },
{ "type": "Feature", "properties": { "index": 663, "lon": 116.0935441682779, "lat": 69.272825612996797, "classification": 116, "subregion_name": "Eastern Europe", "umap_1d_x": 23.914438, "umap_2d_x": -47.61161, "umap_2d_y": -42.028973, "umap_3d_x": -47.207741, "umap_3d_y": -20.668304, "umap_3d_z": 42.507896, "tsne_1d_x": 50.126343, "tsne_2d_x": -39.425659, "tsne_2d_y": -19.985077, "tsne_3d_x": 24.611092, "tsne_3d_y": -16.614555, "tsne_3d_z": 42.505463, "grid_umap_1d_x": 663.0, "grid_umap_2d_x": 21.0, "grid_umap_2d_y": 14.0, "grid_umap_3d_x": 3.0, "grid_umap_3d_y": 9.0, "grid_umap_3d_z": 8.0, "grid_tsne_1d_x": 663.0, "grid_tsne_2d_x": 6.0, "grid_tsne_2d_y": 7.0, "grid_tsne_3d_x": 6.0, "grid_tsne_3d_y": 5.0, "grid_tsne_3d_z": 9.0, "patch_file": "patch_0663.png" }, "geometry": { "type": "Point", "coordinates": [ 116.093544168277901, 69.272825612996797 ] } },
{ "type": "Feature", "properties": { "index": 664, "lon": 35.297112553383954, "lat": 60.82035583909952, "classification": 111, "subregion_name": "Eastern Europe", "umap_1d_x": 17.763054, "umap_2d_x": -28.680836, "umap_2d_y": -33.068237, "umap_3d_x": -31.137926, "umap_3d_y": -49.046616, "umap_3d_z": 22.934235, "tsne_1d_x": 25.065002, "tsne_2d_x": -25.356722, "tsne_2d_y": 13.758118, "tsne_3d_x": 9.650547, "tsne_3d_y": -41.102707, "tsne_3d_z": 16.103729, "grid_umap_1d_x": 664.0, "grid_umap_2d_x": 11.0, "grid_umap_2d_y": 0.0, "grid_umap_3d_x": 8.0, "grid_umap_3d_y": 1.0, "grid_umap_3d_z": 6.0, "grid_tsne_1d_x": 664.0, "grid_tsne_2d_x": 13.0, "grid_tsne_2d_y": 27.0, "grid_tsne_3d_x": 3.0, "grid_tsne_3d_y": 0.0, "grid_tsne_3d_z": 5.0, "patch_file": "patch_0664.png" }, "geometry": { "type": "Point", "coordinates": [ 35.297112553383954, 60.82035583909952 ] } },
{ "type": "Feature", "properties": { "index": 665, "lon": 35.693303460325893, "lat": 34.201020793970983, "classification": 20, "subregion_name": "Western Asia", "umap_1d_x": 12.919379, "umap_2d_x": -25.092657, "umap_2d_y": 6.3446808, "umap_3d_x": -24.720455, "umap_3d_y": -18.553856, "umap_3d_z": -9.9888649, "tsne_1d_x": 2.1387639, "tsne_2d_x": -0.48983765, "tsne_2d_y": 27.240456, "tsne_3d_x": 25.078842, "tsne_3d_y": 1.2504997, "tsne_3d_z": -12.794163, "grid_umap_1d_x": 665.0, "grid_umap_2d_x": 0.0, "grid_umap_2d_y": 18.0, "grid_umap_3d_x": 4.0, "grid_umap_3d_y": 2.0, "grid_umap_3d_z": 1.0, "grid_tsne_1d_x": 665.0, "grid_tsne_2d_x": 4.0, "grid_tsne_2d_y": 28.0, "grid_tsne_3d_x": 9.0, "grid_tsne_3d_y": 5.0, "grid_tsne_3d_z": 1.0, "patch_file": "patch_0665.png" }, "geometry": { "type": "Point", "coordinates": [ 35.693303460325893, 34.201020793970983 ] } },
{ "type": "Feature", "properties": { "index": 666, "lon": -97.860410448627377, "lat": 55.686192744907785, "classification": 111, "subregion_name": "Northern America", "umap_1d_x": 22.019478, "umap_2d_x": -39.417709, "umap_2d_y": -34.709377, "umap_3d_x": -40.76828, "umap_3d_y": -36.464622, "umap_3d_z": 32.667458, "tsne_1d_x": 37.74884, "tsne_2d_x": -37.53265, "tsne_2d_y": 1.8741531, "tsne_3d_x": 22.643105, "tsne_3d_y": -26.12241, "tsne_3d_z": 23.003021, "grid_umap_1d_x": 666.0, "grid_umap_2d_x": 7.0, "grid_umap_2d_y": 3.0, "grid_umap_3d_x": 2.0, "grid_umap_3d_y": 2.0, "grid_umap_3d_z": 7.0, "grid_tsne_1d_x": 666.0, "grid_tsne_2d_x": 5.0, "grid_tsne_2d_y": 19.0, "grid_tsne_3d_x": 6.0, "grid_tsne_3d_y": 3.0, "grid_tsne_3d_z": 6.0, "patch_file": "patch_0666.png" }, "geometry": { "type": "Point", "coordinates": [ -97.860410448627377, 55.686192744907785 ] } },
{ "type": "Feature", "properties": { "index": 667, "lon": 89.702715655436293, "lat": 26.225733501110057, "classification": 40, "subregion_name": "Southern Asia", "umap_1d_x": 5.4431257, "umap_2d_x": -13.27623, "umap_2d_y": 21.593506, "umap_3d_x": -10.788605, "umap_3d_y": 1.1253967, "umap_3d_z": -26.812632, "tsne_1d_x": -11.197495, "tsne_2d_x": 7.1359634, "tsne_2d_y": -3.590477, "tsne_3d_x": 6.580204, "tsne_3d_y": 35.228958, "tsne_3d_z": 1.7422447, "grid_umap_1d_x": 667.0, "grid_umap_2d_x": 5.0, "grid_umap_2d_y": 24.0, "grid_umap_3d_x": 3.0, "grid_umap_3d_y": 3.0, "grid_umap_3d_z": 0.0, "grid_tsne_1d_x": 667.0, "grid_tsne_2d_x": 10.0, "grid_tsne_2d_y": 0.0, "grid_tsne_3d_x": 5.0, "grid_tsne_3d_y": 9.0, "grid_tsne_3d_z": 6.0, "patch_file": "patch_0667.png" }, "geometry": { "type": "Point", "coordinates": [ 89.702715655436293, 26.225733501110057 ] } },
{ "type": "Feature", "properties": { "index": 668, "lon": -78.105194247503292, "lat": 0.946849571372539, "classification": 112, "subregion_name": "Latin America and the Caribbean", "umap_1d_x": -4.0415692, "umap_2d_x": 24.274529, "umap_2d_y": 35.220116, "umap_3d_x": 20.049576, "umap_3d_y": 29.859856, "umap_3d_z": -16.107784, "tsne_1d_x": -28.118675, "tsne_2d_x": 15.713966, "tsne_2d_y": -32.699478, "tsne_3d_x": -25.389261, "tsne_3d_y": 13.793034, "tsne_3d_z": -4.6194649, "grid_umap_1d_x": 668.0, "grid_umap_2d_x": 20.0, "grid_umap_2d_y": 23.0, "grid_umap_3d_x": 8.0, "grid_umap_3d_y": 8.0, "grid_umap_3d_z": 1.0, "grid_tsne_1d_x": 668.0, "grid_tsne_2d_x": 22.0, "grid_tsne_2d_y": 4.0, "grid_tsne_3d_x": 0.0, "grid_tsne_3d_y": 4.0, "grid_tsne_3d_z": 5.0, "patch_file": "patch_0668.png" }, "geometry": { "type": "Point", "coordinates": [ -78.105194247503292, 0.946849571372539 ] } },
{ "type": "Feature", "properties": { "index": 669, "lon": 131.17639139949711, "lat": 62.133424470832168, "classification": 113, "subregion_name": "Eastern Europe", "umap_1d_x": 21.197367, "umap_2d_x": -42.621155, "umap_2d_y": -50.0, "umap_3d_x": -39.728249, "umap_3d_y": -27.760839, "umap_3d_z": 50.0, "tsne_1d_x": 41.008995, "tsne_2d_x": -32.63002, "tsne_2d_y": -19.089758, "tsne_3d_x": 8.7437439, "tsne_3d_y": -13.124962, "tsne_3d_z": 36.816925, "grid_umap_1d_x": 669.0, "grid_umap_2d_x": 24.0, "grid_umap_2d_y": 5.0, "grid_umap_3d_x": 6.0, "grid_umap_3d_y": 8.0, "grid_umap_3d_z": 9.0, "grid_tsne_1d_x": 669.0, "grid_tsne_2d_x": 12.0, "grid_tsne_2d_y": 9.0, "grid_tsne_3d_x": 3.0, "grid_tsne_3d_y": 6.0, "grid_tsne_3d_z": 9.0, "patch_file": "patch_0669.png" }, "geometry": { "type": "Point", "coordinates": [ 131.176391399497106, 62.133424470832168 ] } },
{ "type": "Feature", "properties": { "index": 670, "lon": -81.097574383504025, "lat": 25.260914844630562, "classification": 116, "subregion_name": "Unknown", "umap_1d_x": 5.833786, "umap_2d_x": -9.5090523, "umap_2d_y": 19.412422, "umap_3d_x": -6.4255829, "umap_3d_y": 3.5644417, "umap_3d_z": -23.974264, "tsne_1d_x": -23.684513, "tsne_2d_x": 14.760498, "tsne_2d_y": -15.601345, "tsne_3d_x": -8.5702591, "tsne_3d_y": 41.33828, "tsne_3d_z": -7.4438667, "grid_umap_1d_x": 670.0, "grid_umap_2d_x": 1.0, "grid_umap_2d_y": 22.0, "grid_umap_3d_x": 3.0, "grid_umap_3d_y": 6.0, "grid_umap_3d_z": 1.0, "grid_tsne_1d_x": 670.0, "grid_tsne_2d_x": 23.0, "grid_tsne_2d_y": 11.0, "grid_tsne_3d_x": 3.0, "grid_tsne_3d_y": 9.0, "grid_tsne_3d_z": 6.0, "patch_file": "patch_0670.png" }, "geometry": { "type": "Point", "coordinates": [ -81.097574383504025, 25.260914844630562 ] } },
{ "type": "Feature", "properties": { "index": 671, "lon": 46.768069128645323, "lat": 39.479934556940407, "classification": 126, "subregion_name": "Western Asia", "umap_1d_x": 14.128142, "umap_2d_x": -26.897652, "umap_2d_y": -7.3524284, "umap_3d_x": -26.019407, "umap_3d_y": -24.41873, "umap_3d_z": 1.6637688, "tsne_1d_x": 10.796119, "tsne_2d_x": -8.6633835, "tsne_2d_y": 16.386444, "tsne_3d_x": 16.233269, "tsne_3d_y": -7.526165, "tsne_3d_z": -1.4764175, "grid_umap_1d_x": 671.0, "grid_umap_2d_x": 11.0, "grid_umap_2d_y": 18.0, "grid_umap_3d_x": 3.0, "grid_umap_3d_y": 3.0, "grid_umap_3d_z": 4.0, "grid_tsne_1d_x": 671.0, "grid_tsne_2d_x": 1.0, "grid_tsne_2d_y": 20.0, "grid_tsne_3d_x": 9.0, "grid_tsne_3d_y": 0.0, "grid_tsne_3d_z": 1.0, "patch_file": "patch_0671.png" }, "geometry": { "type": "Point", "coordinates": [ 46.768069128645323, 39.479934556940407 ] } },
{ "type": "Feature", "properties": { "index": 672, "lon": 96.501854600469585, "lat": 64.642730759773727, "classification": 113, "subregion_name": "Eastern Europe", "umap_1d_x": 21.60463, "umap_2d_x": -42.18457, "umap_2d_y": -44.860199, "umap_3d_x": -41.158333, "umap_3d_y": -28.180542, "umap_3d_z": 45.083199, "tsne_1d_x": 41.645374, "tsne_2d_x": -34.283127, "tsne_2d_y": -15.018864, "tsne_3d_x": 14.682945, "tsne_3d_y": -20.342556, "tsne_3d_z": 34.272514, "grid_umap_1d_x": 672.0, "grid_umap_2d_x": 19.0, "grid_umap_2d_y": 6.0, "grid_umap_3d_x": 5.0, "grid_umap_3d_y": 6.0, "grid_umap_3d_z": 7.0, "grid_tsne_1d_x": 672.0, "grid_tsne_2d_x": 0.0, "grid_tsne_2d_y": 5.0, "grid_tsne_3d_x": 5.0, "grid_tsne_3d_y": 3.0, "grid_tsne_3d_z": 8.0, "patch_file": "patch_0672.png" }, "geometry": { "type": "Point", "coordinates": [ 96.501854600469585, 64.642730759773727 ] } },
{ "type": "Feature", "properties": { "index": 673, "lon": -110.16662918382677, "lat": 57.166103333791, "classification": 111, "subregion_name": "Northern America", "umap_1d_x": 21.714928, "umap_2d_x": -41.340988, "umap_2d_y": -39.066837, "umap_3d_x": -44.60088, "umap_3d_y": -39.067924, "umap_3d_z": 39.40612, "tsne_1d_x": 38.80957, "tsne_2d_x": -34.666031, "tsne_2d_y": -2.4490051, "tsne_3d_x": 10.141773, "tsne_3d_y": -38.630768, "tsne_3d_z": 42.248413, "grid_umap_1d_x": 673.0, "grid_umap_2d_x": 17.0, "grid_umap_2d_y": 9.0, "grid_umap_3d_x": 1.0, "grid_umap_3d_y": 1.0, "grid_umap_3d_z": 9.0, "grid_tsne_1d_x": 673.0, "grid_tsne_2d_x": 17.0, "grid_tsne_2d_y": 21.0, "grid_tsne_3d_x": 3.0, "grid_tsne_3d_y": 1.0, "grid_tsne_3d_z": 9.0, "patch_file": "patch_0673.png" }, "geometry": { "type": "Point", "coordinates": [ -110.166629183826771, 57.166103333791 ] } },
{ "type": "Feature", "properties": { "index": 674, "lon": 108.15946094619062, "lat": 32.59937783232472, "classification": 112, "subregion_name": "Unknown", "umap_1d_x": 8.8379068, "umap_2d_x": -15.674381, "umap_2d_y": -1.5907631, "umap_3d_x": -18.394352, "umap_3d_y": -7.7153587, "umap_3d_z": 4.3371277, "tsne_1d_x": -4.52109, "tsne_2d_x": -4.3798409, "tsne_2d_y": -12.777336, "tsne_3d_x": 5.9447098, "tsne_3d_y": 18.612511, "tsne_3d_z": 8.9177132, "grid_umap_1d_x": 674.0, "grid_umap_2d_x": 4.0, "grid_umap_2d_y": 12.0, "grid_umap_3d_x": 0.0, "grid_umap_3d_y": 5.0, "grid_umap_3d_z": 4.0, "grid_tsne_1d_x": 674.0, "grid_tsne_2d_x": 7.0, "grid_tsne_2d_y": 0.0, "grid_tsne_3d_x": 4.0, "grid_tsne_3d_y": 9.0, "grid_tsne_3d_z": 9.0, "patch_file": "patch_0674.png" }, "geometry": { "type": "Point", "coordinates": [ 108.15946094619062, 32.59937783232472 ] } },
{ "type": "Feature", "properties": { "index": 675, "lon": 110.24714762774295, "lat": 65.173991960549429, "classification": 113, "subregion_name": "Eastern Europe", "umap_1d_x": 24.266134, "umap_2d_x": -48.491539, "umap_2d_y": -39.628052, "umap_3d_x": -47.411667, "umap_3d_y": -20.267666, "umap_3d_z": 40.587891, "tsne_1d_x": 50.694271, "tsne_2d_x": -40.302052, "tsne_2d_y": -17.019428, "tsne_3d_x": 28.110619, "tsne_3d_y": -14.008667, "tsne_3d_z": 38.227402, "grid_umap_1d_x": 675.0, "grid_umap_2d_x": 5.0, "grid_umap_2d_y": 3.0, "grid_umap_3d_x": 2.0, "grid_umap_3d_y": 8.0, "grid_umap_3d_z": 8.0, "grid_tsne_1d_x": 675.0, "grid_tsne_2d_x": 16.0, "grid_tsne_2d_y": 15.0, "grid_tsne_3d_x": 7.0, "grid_tsne_3d_y": 5.0, "grid_tsne_3d_z": 8.0, "patch_file": "patch_0675.png" }, "geometry": { "type": "Point", "coordinates": [ 110.247147627742947, 65.173991960549429 ] } },
{ "type": "Feature", "properties": { "index": 676, "lon": 120.8687847171613, "lat": 57.284811490063305, "classification": 116, "subregion_name": "Eastern Europe", "umap_1d_x": 24.211023, "umap_2d_x": -46.750862, "umap_2d_y": -40.703003, "umap_3d_x": -47.947624, "umap_3d_y": -25.115677, "umap_3d_z": 42.448662, "tsne_1d_x": 52.946815, "tsne_2d_x": -41.014477, "tsne_2d_y": -26.639172, "tsne_3d_x": 27.901993, "tsne_3d_y": -18.886692, "tsne_3d_z": 50.0, "grid_umap_1d_x": 676.0, "grid_umap_2d_x": 12.0, "grid_umap_2d_y": 7.0, "grid_umap_3d_x": 1.0, "grid_umap_3d_y": 6.0, "grid_umap_3d_z": 9.0, "grid_tsne_1d_x": 676.0, "grid_tsne_2d_x": 12.0, "grid_tsne_2d_y": 8.0, "grid_tsne_3d_x": 4.0, "grid_tsne_3d_y": 7.0, "grid_tsne_3d_z": 7.0, "patch_file": "patch_0676.png" }, "geometry": { "type": "Point", "coordinates": [ 120.868784717161304, 57.284811490063305 ] } },
{ "type": "Feature", "properties": { "index": 677, "lon": 69.917501748909302, "lat": 33.741856177211019, "classification": 126, "subregion_name": "Southern Asia", "umap_1d_x": 12.407898, "umap_2d_x": -22.079336, "umap_2d_y": 3.6179123, "umap_3d_x": -23.066225, "umap_3d_y": -14.122597, "umap_3d_z": -5.2595901, "tsne_1d_x": -1.087026, "tsne_2d_x": 1.0385704, "tsne_2d_y": 14.167297, "tsne_3d_x": 8.8059502, "tsne_3d_y": 7.2716217, "tsne_3d_z": -4.8202858, "grid_umap_1d_x": 677.0, "grid_umap_2d_x": 15.0, "grid_umap_2d_y": 23.0, "grid_umap_3d_x": 1.0, "grid_umap_3d_y": 3.0, "grid_umap_3d_z": 2.0, "grid_tsne_1d_x": 677.0, "grid_tsne_2d_x": 5.0, "grid_tsne_2d_y": 16.0, "grid_tsne_3d_x": 7.0, "grid_tsne_3d_y": 6.0, "grid_tsne_3d_z": 1.0, "patch_file": "patch_0677.png" }, "geometry": { "type": "Point", "coordinates": [ 69.917501748909302, 33.741856177211019 ] } },
{ "type": "Feature", "properties": { "index": 678, "lon": 138.36493567599621, "lat": 58.140287632709303, "classification": 20, "subregion_name": "Eastern Europe", "umap_1d_x": 24.911339, "umap_2d_x": -49.976856, "umap_2d_y": -34.102055, "umap_3d_x": -49.728573, "umap_3d_y": -17.612843, "umap_3d_z": 32.902687, "tsne_1d_x": 52.250153, "tsne_2d_x": -46.80328, "tsne_2d_y": -18.324709, "tsne_3d_x": 41.706245, "tsne_3d_y": -11.229107, "tsne_3d_z": 39.625992, "grid_umap_1d_x": 678.0, "grid_umap_2d_x": 3.0, "grid_umap_2d_y": 5.0, "grid_umap_3d_x": 0.0, "grid_umap_3d_y": 9.0, "grid_umap_3d_z": 7.0, "grid_tsne_1d_x": 678.0, "grid_tsne_2d_x": 7.0, "grid_tsne_2d_y": 11.0, "grid_tsne_3d_x": 8.0, "grid_tsne_3d_y": 7.0, "grid_tsne_3d_z": 8.0, "patch_file": "patch_0678.png" }, "geometry": { "type": "Point", "coordinates": [ 138.364935675996207, 58.140287632709303 ] } },
{ "type": "Feature", "properties": { "index": 679, "lon": -79.043676986712612, "lat": -2.11312287656984, "classification": 112, "subregion_name": "Latin America and the Caribbean", "umap_1d_x": -3.9564612, "umap_2d_x": 24.098938, "umap_2d_y": 35.196457, "umap_3d_x": 19.651833, "umap_3d_y": 29.082054, "umap_3d_z": -16.908394, "tsne_1d_x": -27.976904, "tsne_2d_x": 15.177101, "tsne_2d_y": -32.783203, "tsne_3d_x": -26.144327, "tsne_3d_y": 13.026093, "tsne_3d_z": -3.7132339, "grid_umap_1d_x": 679.0, "grid_umap_2d_x": 20.0, "grid_umap_2d_y": 24.0, "grid_umap_3d_x": 9.0, "grid_umap_3d_y": 8.0, "grid_umap_3d_z": 0.0, "grid_tsne_1d_x": 679.0, "grid_tsne_2d_x": 22.0, "grid_tsne_2d_y": 6.0, "grid_tsne_3d_x": 0.0, "grid_tsne_3d_y": 4.0, "grid_tsne_3d_z": 6.0, "patch_file": "patch_0679.png" }, "geometry": { "type": "Point", "coordinates": [ -79.043676986712612, -2.11312287656984 ] } },
{ "type": "Feature", "properties": { "index": 680, "lon": 25.817475136733293, "lat": 3.449185169333596, "classification": 112, "subregion_name": "Sub-Saharan Africa", "umap_1d_x": -5.3580189, "umap_2d_x": 29.035255, "umap_2d_y": 42.81234, "umap_3d_x": 20.956573, "umap_3d_y": 48.149284, "umap_3d_z": -18.349621, "tsne_1d_x": -33.068649, "tsne_2d_x": 27.743774, "tsne_2d_y": -31.922131, "tsne_3d_x": -41.410549, "tsne_3d_y": 30.321625, "tsne_3d_z": -18.464413, "grid_umap_1d_x": 680.0, "grid_umap_2d_x": 25.0, "grid_umap_2d_y": 28.0, "grid_umap_3d_x": 3.0, "grid_umap_3d_y": 9.0, "grid_umap_3d_z": 5.0, "grid_tsne_1d_x": 680.0, "grid_tsne_2d_x": 29.0, "grid_tsne_2d_y": 2.0, "grid_tsne_3d_x": 0.0, "grid_tsne_3d_y": 7.0, "grid_tsne_3d_z": 3.0, "patch_file": "patch_0680.png" }, "geometry": { "type": "Point", "coordinates": [ 25.817475136733293, 3.449185169333596 ] } },
{ "type": "Feature", "properties": { "index": 681, "lon": -158.1457219901728, "lat": 21.571184595645818, "classification": 40, "subregion_name": "Unknown", "umap_1d_x": 6.0111294, "umap_2d_x": -10.041462, "umap_2d_y": 17.959648, "umap_3d_x": -6.7196655, "umap_3d_y": 2.5821915, "umap_3d_z": -21.57534, "tsne_1d_x": -24.300543, "tsne_2d_x": 13.399361, "tsne_2d_y": -17.11467, "tsne_3d_x": -10.093643, "tsne_3d_y": 35.576759, "tsne_3d_z": -7.670723, "grid_umap_1d_x": 681.0, "grid_umap_2d_x": 0.0, "grid_umap_2d_y": 21.0, "grid_umap_3d_x": 4.0, "grid_umap_3d_y": 4.0, "grid_umap_3d_z": 2.0, "grid_tsne_1d_x": 681.0, "grid_tsne_2d_x": 21.0, "grid_tsne_2d_y": 7.0, "grid_tsne_3d_x": 3.0, "grid_tsne_3d_y": 7.0, "grid_tsne_3d_z": 4.0, "patch_file": "patch_0681.png" }, "geometry": { "type": "Point", "coordinates": [ -158.145721990172802, 21.571184595645818 ] } },
{ "type": "Feature", "properties": { "index": 682, "lon": 18.398608432858765, "lat": -2.5423042271283478, "classification": 112, "subregion_name": "Sub-Saharan Africa", "umap_1d_x": -5.4171824, "umap_2d_x": 29.182663, "umap_2d_y": 43.160858, "umap_3d_x": 21.973488, "umap_3d_y": 49.712097, "umap_3d_z": -17.078423, "tsne_1d_x": -33.493416, "tsne_2d_x": 28.730591, "tsne_2d_y": -36.405106, "tsne_3d_x": -44.077431, "tsne_3d_y": 31.762924, "tsne_3d_z": -13.692387, "grid_umap_1d_x": 682.0, "grid_umap_2d_x": 26.0, "grid_umap_2d_y": 31.0, "grid_umap_3d_x": 5.0, "grid_umap_3d_y": 9.0, "grid_umap_3d_z": 7.0, "grid_tsne_1d_x": 682.0, "grid_tsne_2d_x": 30.0, "grid_tsne_2d_y": 0.0, "grid_tsne_3d_x": 2.0, "grid_tsne_3d_y": 5.0, "grid_tsne_3d_z": 6.0, "patch_file": "patch_0682.png" }, "geometry": { "type": "Point", "coordinates": [ 18.398608432858765, -2.542304227128348 ] } },
{ "type": "Feature", "properties": { "index": 683, "lon": -88.727024134753648, "lat": 36.976134332981232, "classification": 126, "subregion_name": "Unknown", "umap_1d_x": 11.237556, "umap_2d_x": -21.150858, "umap_2d_y": -9.4902039, "umap_3d_x": -21.152702, "umap_3d_y": -24.531713, "umap_3d_z": 5.4896431, "tsne_1d_x": 6.1507115, "tsne_2d_x": -6.7583542, "tsne_2d_y": 7.1092529, "tsne_3d_x": -5.6034813, "tsne_3d_y": -19.866428, "tsne_3d_z": 0.74211502, "grid_umap_1d_x": 683.0, "grid_umap_2d_x": 14.0, "grid_umap_2d_y": 16.0, "grid_umap_3d_x": 7.0, "grid_umap_3d_y": 3.0, "grid_umap_3d_z": 3.0, "grid_tsne_1d_x": 683.0, "grid_tsne_2d_x": 12.0, "grid_tsne_2d_y": 17.0, "grid_tsne_3d_x": 1.0, "grid_tsne_3d_y": 0.0, "grid_tsne_3d_z": 3.0, "patch_file": "patch_0683.png" }, "geometry": { "type": "Point", "coordinates": [ -88.727024134753648, 36.976134332981232 ] } },
{ "type": "Feature", "properties": { "index": 684, "lon": 117.17634936943278, "lat": -34.800810747455401, "classification": 112, "subregion_name": "Unknown", "umap_1d_x": -12.352674, "umap_2d_x": 42.214554, "umap_2d_y": 6.5760002, "umap_3d_x": 42.428017, "umap_3d_y": 7.4660606, "umap_3d_z": 0.9272689799999938, "tsne_1d_x": -57.780632, "tsne_2d_x": 33.2855, "tsne_2d_y": 32.054604, "tsne_3d_x": -6.8193626, "tsne_3d_y": -19.052488, "tsne_3d_z": -36.029198, "grid_umap_1d_x": 684.0, "grid_umap_2d_x": 28.0, "grid_umap_2d_y": 9.0, "grid_umap_3d_x": 9.0, "grid_umap_3d_y": 4.0, "grid_umap_3d_z": 6.0, "grid_tsne_1d_x": 684.0, "grid_tsne_2d_x": 30.0, "grid_tsne_2d_y": 30.0, "grid_tsne_3d_x": 2.0, "grid_tsne_3d_y": 1.0, "grid_tsne_3d_z": 0.0, "patch_file": "patch_0684.png" }, "geometry": { "type": "Point", "coordinates": [ 117.176349369432785, -34.800810747455401 ] } },
{ "type": "Feature", "properties": { "index": 685, "lon": -106.21115679737369, "lat": 58.63631518654762, "classification": 20, "subregion_name": "Northern America", "umap_1d_x": 21.899828, "umap_2d_x": -42.975803, "umap_2d_y": -39.044464, "umap_3d_x": -45.124462, "umap_3d_y": -37.415363, "umap_3d_z": 38.815842, "tsne_1d_x": 39.030186, "tsne_2d_x": -35.324497, "tsne_2d_y": -3.9426613, "tsne_3d_x": 10.349464, "tsne_3d_y": -36.633415, "tsne_3d_z": 44.467667, "grid_umap_1d_x": 685.0, "grid_umap_2d_x": 13.0, "grid_umap_2d_y": 7.0, "grid_umap_3d_x": 0.0, "grid_umap_3d_y": 1.0, "grid_umap_3d_z": 9.0, "grid_tsne_1d_x": 685.0, "grid_tsne_2d_x": 3.0, "grid_tsne_2d_y": 14.0, "grid_tsne_3d_x": 3.0, "grid_tsne_3d_y": 2.0, "grid_tsne_3d_z": 9.0, "patch_file": "patch_0685.png" }, "geometry": { "type": "Point", "coordinates": [ -106.21115679737369, 58.63631518654762 ] } },
{ "type": "Feature", "properties": { "index": 686, "lon": -61.193729168808261, "lat": -1.479230275113139, "classification": 112, "subregion_name": "Latin America and the Caribbean", "umap_1d_x": -3.0121043, "umap_2d_x": 23.192848, "umap_2d_y": 47.603119, "umap_3d_x": 19.826279, "umap_3d_y": 38.235023, "umap_3d_z": -30.778257, "tsne_1d_x": -36.065437, "tsne_2d_x": 27.932556, "tsne_2d_y": -46.338848, "tsne_3d_x": -30.861204, "tsne_3d_y": 42.169518, "tsne_3d_z": -3.7863235, "grid_umap_1d_x": 686.0, "grid_umap_2d_x": 17.0, "grid_umap_2d_y": 27.0, "grid_umap_3d_x": 6.0, "grid_umap_3d_y": 8.0, "grid_umap_3d_z": 0.0, "grid_tsne_1d_x": 686.0, "grid_tsne_2d_x": 30.0, "grid_tsne_2d_y": 2.0, "grid_tsne_3d_x": 2.0, "grid_tsne_3d_y": 8.0, "grid_tsne_3d_z": 9.0, "patch_file": "patch_0686.png" }, "geometry": { "type": "Point", "coordinates": [ -61.193729168808261, -1.479230275113139 ] } },
{ "type": "Feature", "properties": { "index": 687, "lon": 130.70257899925571, "lat": -31.376559118920479, "classification": 30, "subregion_name": "Unknown", "umap_1d_x": -13.294238, "umap_2d_x": 47.608345, "umap_2d_y": 4.7945213, "umap_3d_x": 47.455666, "umap_3d_y": 0.44354629999999418, "umap_3d_z": -0.76005554, "tsne_1d_x": -61.158173, "tsne_2d_x": 37.452911, "tsne_2d_y": 43.114929, "tsne_3d_x": 9.2431831, "tsne_3d_y": -11.899544, "tsne_3d_z": -41.112106, "grid_umap_1d_x": 687.0, "grid_umap_2d_x": 31.0, "grid_umap_2d_y": 7.0, "grid_umap_3d_x": 9.0, "grid_umap_3d_y": 2.0, "grid_umap_3d_z": 2.0, "grid_tsne_1d_x": 687.0, "grid_tsne_2d_x": 23.0, "grid_tsne_2d_y": 29.0, "grid_tsne_3d_x": 5.0, "grid_tsne_3d_y": 3.0, "grid_tsne_3d_z": 2.0, "patch_file": "patch_0687.png" }, "geometry": { "type": "Point", "coordinates": [ 130.702578999255707, -31.376559118920479 ] } },
{ "type": "Feature", "properties": { "index": 688, "lon": -52.108191553016255, "lat": -9.7876751659108834, "classification": 116, "subregion_name": "Latin America and the Caribbean", "umap_1d_x": -8.926652, "umap_2d_x": 37.114075, "umap_2d_y": 24.143936, "umap_3d_x": 37.551361, "umap_3d_y": 29.493866, "umap_3d_z": -8.0109749, "tsne_1d_x": -44.951565, "tsne_2d_x": 42.898376, "tsne_2d_y": 13.0345, "tsne_3d_x": -17.753456, "tsne_3d_y": 10.894279, "tsne_3d_z": -33.264885, "grid_umap_1d_x": 688.0, "grid_umap_2d_x": 28.0, "grid_umap_2d_y": 22.0, "grid_umap_3d_x": 9.0, "grid_umap_3d_y": 9.0, "grid_umap_3d_z": 4.0, "grid_tsne_1d_x": 688.0, "grid_tsne_2d_x": 29.0, "grid_tsne_2d_y": 14.0, "grid_tsne_3d_x": 0.0, "grid_tsne_3d_y": 5.0, "grid_tsne_3d_z": 1.0, "patch_file": "patch_0688.png" }, "geometry": { "type": "Point", "coordinates": [ -52.108191553016255, -9.787675165910883 ] } },
{ "type": "Feature", "properties": { "index": 689, "lon": 30.675998423982492, "lat": -12.8567100624022, "classification": 126, "subregion_name": "Sub-Saharan Africa", "umap_1d_x": -9.2229271, "umap_2d_x": 40.006798, "umap_2d_y": 27.259361, "umap_3d_x": 41.16011, "umap_3d_y": 34.2827, "umap_3d_z": -3.1124763, "tsne_1d_x": -47.259506, "tsne_2d_x": 46.453217, "tsne_2d_y": 17.708527, "tsne_3d_x": -17.530727, "tsne_3d_y": 11.334728, "tsne_3d_z": -41.850693, "grid_umap_1d_x": 689.0, "grid_umap_2d_x": 27.0, "grid_umap_2d_y": 24.0, "grid_umap_3d_x": 7.0, "grid_umap_3d_y": 8.0, "grid_umap_3d_z": 7.0, "grid_tsne_1d_x": 689.0, "grid_tsne_2d_x": 23.0, "grid_tsne_2d_y": 19.0, "grid_tsne_3d_x": 1.0, "grid_tsne_3d_y": 5.0, "grid_tsne_3d_z": 1.0, "patch_file": "patch_0689.png" }, "geometry": { "type": "Point", "coordinates": [ 30.675998423982492, -12.8567100624022 ] } },
{ "type": "Feature", "properties": { "index": 690, "lon": -122.74069527953256, "lat": 61.243036509514411, "classification": 115, "subregion_name": "Northern America", "umap_1d_x": 19.508207, "umap_2d_x": -36.61322, "umap_2d_y": -44.001205, "umap_3d_x": -34.576466, "umap_3d_y": -33.525028, "umap_3d_z": 39.679512, "tsne_1d_x": 32.233376, "tsne_2d_x": -24.079605, "tsne_2d_y": -7.6775665, "tsne_3d_x": 4.6597137, "tsne_3d_y": -19.213921, "tsne_3d_z": 26.320251, "grid_umap_1d_x": 690.0, "grid_umap_2d_x": 17.0, "grid_umap_2d_y": 1.0, "grid_umap_3d_x": 6.0, "grid_umap_3d_y": 3.0, "grid_umap_3d_z": 8.0, "grid_tsne_1d_x": 690.0, "grid_tsne_2d_x": 14.0, "grid_tsne_2d_y": 14.0, "grid_tsne_3d_x": 2.0, "grid_tsne_3d_y": 1.0, "grid_tsne_3d_z": 9.0, "patch_file": "patch_0690.png" }, "geometry": { "type": "Point", "coordinates": [ -122.740695279532559, 61.243036509514411 ] } },
{ "type": "Feature", "properties": { "index": 691, "lon": 34.131863791198271, "lat": -23.954946496729512, "classification": 20, "subregion_name": "Sub-Saharan Africa", "umap_1d_x": -10.381425, "umap_2d_x": 40.348526, "umap_2d_y": 18.005745, "umap_3d_x": 41.474083, "umap_3d_y": 21.579948, "umap_3d_z": -9.564537, "tsne_1d_x": -50.728352, "tsne_2d_x": 40.354553, "tsne_2d_y": 23.669647, "tsne_3d_x": -2.7377739, "tsne_3d_y": 5.5723114, "tsne_3d_z": -33.023155, "grid_umap_1d_x": 691.0, "grid_umap_2d_x": 30.0, "grid_umap_2d_y": 16.0, "grid_umap_3d_x": 9.0, "grid_umap_3d_y": 5.0, "grid_umap_3d_z": 1.0, "grid_tsne_1d_x": 691.0, "grid_tsne_2d_x": 30.0, "grid_tsne_2d_y": 23.0, "grid_tsne_3d_x": 4.0, "grid_tsne_3d_y": 4.0, "grid_tsne_3d_z": 3.0, "patch_file": "patch_0691.png" }, "geometry": { "type": "Point", "coordinates": [ 34.131863791198271, -23.954946496729512 ] } },
{ "type": "Feature", "properties": { "index": 692, "lon": 22.427577600982033, "lat": -23.955821863596206, "classification": 20, "subregion_name": "Sub-Saharan Africa", "umap_1d_x": -11.558513, "umap_2d_x": 46.508362, "umap_2d_y": 24.752541, "umap_3d_x": 48.579712, "umap_3d_y": 30.207794, "umap_3d_z": -2.8075218, "tsne_1d_x": -54.373226, "tsne_2d_x": 47.112022, "tsne_2d_y": 33.13739, "tsne_3d_x": 2.675396, "tsne_3d_y": 4.1872253, "tsne_3d_z": -48.809624, "grid_umap_1d_x": 692.0, "grid_umap_2d_x": 26.0, "grid_umap_2d_y": 19.0, "grid_umap_3d_x": 8.0, "grid_umap_3d_y": 6.0, "grid_umap_3d_z": 8.0, "grid_tsne_1d_x": 692.0, "grid_tsne_2d_x": 27.0, "grid_tsne_2d_y": 27.0, "grid_tsne_3d_x": 6.0, "grid_tsne_3d_y": 5.0, "grid_tsne_3d_z": 0.0, "patch_file": "patch_0692.png" }, "geometry": { "type": "Point", "coordinates": [ 22.427577600982033, -23.955821863596206 ] } },
{ "type": "Feature", "properties": { "index": 693, "lon": -75.751148089308231, "lat": 7.5293064301400108, "classification": 112, "subregion_name": "Latin America and the Caribbean", "umap_1d_x": -3.8165419, "umap_2d_x": -12.222672, "umap_2d_y": 13.77327, "umap_3d_x": -9.975235, "umap_3d_y": 1.2271423, "umap_3d_z": -15.424381, "tsne_1d_x": -27.005785, "tsne_2d_x": 8.880024, "tsne_2d_y": -19.645586, "tsne_3d_x": -5.2281837, "tsne_3d_y": 21.936951, "tsne_3d_z": -10.000729, "grid_umap_1d_x": 693.0, "grid_umap_2d_x": 6.0, "grid_umap_2d_y": 22.0, "grid_umap_3d_x": 0.0, "grid_umap_3d_y": 7.0, "grid_umap_3d_z": 1.0, "grid_tsne_1d_x": 693.0, "grid_tsne_2d_x": 19.0, "grid_tsne_2d_y": 5.0, "grid_tsne_3d_x": 2.0, "grid_tsne_3d_y": 9.0, "grid_tsne_3d_z": 0.0, "patch_file": "patch_0693.png" }, "geometry": { "type": "Point", "coordinates": [ -75.751148089308231, 7.529306430140011 ] } },
{ "type": "Feature", "properties": { "index": 694, "lon": 120.91377946907539, "lat": -23.80989822857223, "classification": 30, "subregion_name": "Unknown", "umap_1d_x": -13.941817, "umap_2d_x": 49.693542, "umap_2d_y": 3.1853256, "umap_3d_x": 50.0, "umap_3d_y": -3.9498024, "umap_3d_z": -0.68690109, "tsne_1d_x": -62.471001, "tsne_2d_x": 39.238014, "tsne_2d_y": 49.648079, "tsne_3d_x": 16.591591, "tsne_3d_y": -12.124645, "tsne_3d_z": -47.599377, "grid_umap_1d_x": 694.0, "grid_umap_2d_x": 30.0, "grid_umap_2d_y": 4.0, "grid_umap_3d_x": 9.0, "grid_umap_3d_y": 0.0, "grid_umap_3d_z": 2.0, "grid_tsne_1d_x": 694.0, "grid_tsne_2d_x": 19.0, "grid_tsne_2d_y": 30.0, "grid_tsne_3d_x": 7.0, "grid_tsne_3d_y": 3.0, "grid_tsne_3d_z": 0.0, "patch_file": "patch_0694.png" }, "geometry": { "type": "Point", "coordinates": [ 120.913779469075394, -23.80989822857223 ] } },
{ "type": "Feature", "properties": { "index": 695, "lon": 115.49634952273885, "lat": -0.46426337703459097, "classification": 112, "subregion_name": "South-eastern Asia", "umap_1d_x": -4.2292829, "umap_2d_x": 26.229858, "umap_2d_y": 40.339134, "umap_3d_x": 22.301147, "umap_3d_y": 40.357933, "umap_3d_z": -21.765148, "tsne_1d_x": -32.325497, "tsne_2d_x": 24.080742, "tsne_2d_y": -34.727097, "tsne_3d_x": -30.039057, "tsne_3d_y": 32.178207, "tsne_3d_z": -13.799049, "grid_umap_1d_x": 695.0, "grid_umap_2d_x": 20.0, "grid_umap_2d_y": 22.0, "grid_umap_3d_x": 5.0, "grid_umap_3d_y": 8.0, "grid_umap_3d_z": 4.0, "grid_tsne_1d_x": 695.0, "grid_tsne_2d_x": 26.0, "grid_tsne_2d_y": 8.0, "grid_tsne_3d_x": 3.0, "grid_tsne_3d_y": 6.0, "grid_tsne_3d_z": 4.0, "patch_file": "patch_0695.png" }, "geometry": { "type": "Point", "coordinates": [ 115.496349522738853, -0.464263377034591 ] } },
{ "type": "Feature", "properties": { "index": 696, "lon": 43.716543840029942, "lat": 1.8382438359485529, "classification": 20, "subregion_name": "Sub-Saharan Africa", "umap_1d_x": 2.8699787, "umap_2d_x": -11.953297, "umap_2d_y": 42.346352, "umap_3d_x": -10.338417, "umap_3d_y": 17.68589, "umap_3d_z": -48.27177, "tsne_1d_x": -21.789532, "tsne_2d_x": 20.101303, "tsne_2d_y": 11.93787, "tsne_3d_x": 26.71508, "tsne_3d_y": 33.711395, "tsne_3d_z": -23.402843, "grid_umap_1d_x": 696.0, "grid_umap_2d_x": 9.0, "grid_umap_2d_y": 31.0, "grid_umap_3d_x": 1.0, "grid_umap_3d_y": 9.0, "grid_umap_3d_z": 3.0, "grid_tsne_1d_x": 696.0, "grid_tsne_2d_x": 22.0, "grid_tsne_2d_y": 16.0, "grid_tsne_3d_x": 9.0, "grid_tsne_3d_y": 9.0, "grid_tsne_3d_z": 1.0, "patch_file": "patch_0696.png" }, "geometry": { "type": "Point", "coordinates": [ 43.716543840029942, 1.838243835948553 ] } },
{ "type": "Feature", "properties": { "index": 697, "lon": 134.05322968767479, "lat": 45.573510951713331, "classification": 114, "subregion_name": "Eastern Europe", "umap_1d_x": 19.455572, "umap_2d_x": -36.838795, "umap_2d_y": -46.694351, "umap_3d_x": -33.395576, "umap_3d_y": -33.111191, "umap_3d_z": 42.409195, "tsne_1d_x": 32.285587, "tsne_2d_x": -22.124554, "tsne_2d_y": -12.055199, "tsne_3d_x": -2.6761208, "tsne_3d_y": -15.472569, "tsne_3d_z": 25.630936, "grid_umap_1d_x": 697.0, "grid_umap_2d_x": 21.0, "grid_umap_2d_y": 0.0, "grid_umap_3d_x": 8.0, "grid_umap_3d_y": 3.0, "grid_umap_3d_z": 9.0, "grid_tsne_1d_x": 697.0, "grid_tsne_2d_x": 13.0, "grid_tsne_2d_y": 10.0, "grid_tsne_3d_x": 0.0, "grid_tsne_3d_y": 4.0, "grid_tsne_3d_z": 7.0, "patch_file": "patch_0697.png" }, "geometry": { "type": "Point", "coordinates": [ 134.053229687674786, 45.573510951713331 ] } },
{ "type": "Feature", "properties": { "index": 698, "lon": -112.51244198398845, "lat": 42.482822744129194, "classification": 121, "subregion_name": "Unknown", "umap_1d_x": 12.888222, "umap_2d_x": -24.329168, "umap_2d_y": 3.8395576, "umap_3d_x": -24.961319, "umap_3d_y": -15.066082, "umap_3d_z": -6.5849762, "tsne_1d_x": 1.0998313, "tsne_2d_x": -1.697773, "tsne_2d_y": 19.956696, "tsne_3d_x": 15.783768, "tsne_3d_y": 1.2445145, "tsne_3d_z": -5.9933586, "grid_umap_1d_x": 698.0, "grid_umap_2d_x": 0.0, "grid_umap_2d_y": 16.0, "grid_umap_3d_x": 2.0, "grid_umap_3d_y": 4.0, "grid_umap_3d_z": 2.0, "grid_tsne_1d_x": 698.0, "grid_tsne_2d_x": 17.0, "grid_tsne_2d_y": 27.0, "grid_tsne_3d_x": 9.0, "grid_tsne_3d_y": 4.0, "grid_tsne_3d_z": 0.0, "patch_file": "patch_0698.png" }, "geometry": { "type": "Point", "coordinates": [ -112.512441983988452, 42.482822744129194 ] } },
{ "type": "Feature", "properties": { "index": 699, "lon": 28.481990477157098, "lat": -22.572904760092442, "classification": 126, "subregion_name": "Sub-Saharan Africa", "umap_1d_x": -11.305828, "umap_2d_x": 44.675148, "umap_2d_y": 24.395676, "umap_3d_x": 46.331673, "umap_3d_y": 29.287155, "umap_3d_z": -3.95438, "tsne_1d_x": -52.866901, "tsne_2d_x": 44.70755, "tsne_2d_y": 28.241104, "tsne_3d_x": -3.9026566, "tsne_3d_y": 4.4976883, "tsne_3d_z": -42.936039, "grid_umap_1d_x": 699.0, "grid_umap_2d_x": 29.0, "grid_umap_2d_y": 20.0, "grid_umap_3d_x": 7.0, "grid_umap_3d_y": 6.0, "grid_umap_3d_z": 6.0, "grid_tsne_1d_x": 699.0, "grid_tsne_2d_x": 27.0, "grid_tsne_2d_y": 25.0, "grid_tsne_3d_x": 4.0, "grid_tsne_3d_y": 4.0, "grid_tsne_3d_z": 1.0, "patch_file": "patch_0699.png" }, "geometry": { "type": "Point", "coordinates": [ 28.481990477157098, -22.572904760092442 ] } },
{ "type": "Feature", "properties": { "index": 700, "lon": 21.341496140602487, "lat": 53.806603422699453, "classification": 40, "subregion_name": "Eastern Europe", "umap_1d_x": 15.330188, "umap_2d_x": -34.156029, "umap_2d_y": -11.989983, "umap_3d_x": -33.483879, "umap_3d_y": -29.799978, "umap_3d_z": 0.083988189999992358, "tsne_1d_x": 14.092924, "tsne_2d_x": -13.898758, "tsne_2d_y": 30.221603, "tsne_3d_x": 27.682289, "tsne_3d_y": -18.327379, "tsne_3d_z": 5.0970688, "grid_umap_1d_x": 700.0, "grid_umap_2d_x": 6.0, "grid_umap_2d_y": 15.0, "grid_umap_3d_x": 4.0, "grid_umap_3d_y": 4.0, "grid_umap_3d_z": 3.0, "grid_tsne_1d_x": 700.0, "grid_tsne_2d_x": 4.0, "grid_tsne_2d_y": 30.0, "grid_tsne_3d_x": 6.0, "grid_tsne_3d_y": 4.0, "grid_tsne_3d_z": 4.0, "patch_file": "patch_0700.png" }, "geometry": { "type": "Point", "coordinates": [ 21.341496140602487, 53.806603422699453 ] } },
{ "type": "Feature", "properties": { "index": 701, "lon": 15.148576187082199, "lat": 50.310450334162113, "classification": 126, "subregion_name": "Eastern Europe", "umap_1d_x": 14.906284, "umap_2d_x": -30.216448, "umap_2d_y": -12.67382, "umap_3d_x": -29.820526, "umap_3d_y": -32.806343, "umap_3d_z": 3.4991379, "tsne_1d_x": 12.54511, "tsne_2d_x": -12.328831, "tsne_2d_y": 35.220657, "tsne_3d_x": 19.87999, "tsne_3d_y": -21.11729, "tsne_3d_z": 2.0972137, "grid_umap_1d_x": 701.0, "grid_umap_2d_x": 5.0, "grid_umap_2d_y": 12.0, "grid_umap_3d_x": 4.0, "grid_umap_3d_y": 0.0, "grid_umap_3d_z": 3.0, "grid_tsne_1d_x": 701.0, "grid_tsne_2d_x": 16.0, "grid_tsne_2d_y": 31.0, "grid_tsne_3d_x": 8.0, "grid_tsne_3d_y": 0.0, "grid_tsne_3d_z": 3.0, "patch_file": "patch_0701.png" }, "geometry": { "type": "Point", "coordinates": [ 15.148576187082199, 50.310450334162113 ] } },
{ "type": "Feature", "properties": { "index": 702, "lon": 98.678209321476629, "lat": 61.853213509659213, "classification": 113, "subregion_name": "Eastern Europe", "umap_1d_x": 23.011278, "umap_2d_x": -45.471481, "umap_2d_y": -43.059128, "umap_3d_x": -44.731266, "umap_3d_y": -24.142508, "umap_3d_z": 43.382706, "tsne_1d_x": 42.951511, "tsne_2d_x": -37.563068, "tsne_2d_y": -15.885048, "tsne_3d_x": 21.446999, "tsne_3d_y": -12.560772, "tsne_3d_z": 36.061859, "grid_umap_1d_x": 702.0, "grid_umap_2d_x": 10.0, "grid_umap_2d_y": 3.0, "grid_umap_3d_x": 3.0, "grid_umap_3d_y": 7.0, "grid_umap_3d_z": 8.0, "grid_tsne_1d_x": 702.0, "grid_tsne_2d_x": 11.0, "grid_tsne_2d_y": 12.0, "grid_tsne_3d_x": 6.0, "grid_tsne_3d_y": 5.0, "grid_tsne_3d_z": 8.0, "patch_file": "patch_0702.png" }, "geometry": { "type": "Point", "coordinates": [ 98.678209321476629, 61.853213509659213 ] } },
{ "type": "Feature", "properties": { "index": 703, "lon": 50.614032137010867, "lat": 55.232921138475561, "classification": 40, "subregion_name": "Eastern Europe", "umap_1d_x": 16.007864, "umap_2d_x": -37.958054, "umap_2d_y": -17.300854, "umap_3d_x": -36.766464, "umap_3d_y": -24.277397, "umap_3d_z": 9.9887543, "tsne_1d_x": 16.204208, "tsne_2d_x": -16.116829, "tsne_2d_y": 25.561913, "tsne_3d_x": 30.769035, "tsne_3d_y": -10.75985, "tsne_3d_z": 12.23312, "grid_umap_1d_x": 703.0, "grid_umap_2d_x": 13.0, "grid_umap_2d_y": 18.0, "grid_umap_3d_x": 3.0, "grid_umap_3d_y": 5.0, "grid_umap_3d_z": 4.0, "grid_tsne_1d_x": 703.0, "grid_tsne_2d_x": 0.0, "grid_tsne_2d_y": 28.0, "grid_tsne_3d_x": 8.0, "grid_tsne_3d_y": 5.0, "grid_tsne_3d_z": 4.0, "patch_file": "patch_0703.png" }, "geometry": { "type": "Point", "coordinates": [ 50.614032137010867, 55.232921138475561 ] } },
{ "type": "Feature", "properties": { "index": 704, "lon": 115.04794015770153, "lat": 22.910977540850794, "classification": 40, "subregion_name": "Unknown", "umap_1d_x": 8.4275875, "umap_2d_x": -15.526657, "umap_2d_y": 0.78989792, "umap_3d_x": -16.111176, "umap_3d_y": -7.9212303, "umap_3d_z": 0.40972900000000578, "tsne_1d_x": -5.3471022, "tsne_2d_x": -1.1825752, "tsne_2d_y": -11.548344, "tsne_3d_x": 3.0677605, "tsne_3d_y": 23.142105, "tsne_3d_z": 3.9487, "grid_umap_1d_x": 704.0, "grid_umap_2d_x": 16.0, "grid_umap_2d_y": 22.0, "grid_umap_3d_x": 2.0, "grid_umap_3d_y": 5.0, "grid_umap_3d_z": 3.0, "grid_tsne_1d_x": 704.0, "grid_tsne_2d_x": 10.0, "grid_tsne_2d_y": 2.0, "grid_tsne_3d_x": 3.0, "grid_tsne_3d_y": 9.0, "grid_tsne_3d_z": 8.0, "patch_file": "patch_0704.png" }, "geometry": { "type": "Point", "coordinates": [ 115.047940157701532, 22.910977540850794 ] } },
{ "type": "Feature", "properties": { "index": 705, "lon": 115.62841895138683, "lat": 3.6131125223680338, "classification": 112, "subregion_name": "South-eastern Asia", "umap_1d_x": -4.0282969, "umap_2d_x": 25.080254, "umap_2d_y": 39.565308, "umap_3d_x": 20.070274, "umap_3d_y": 35.656654, "umap_3d_z": -20.422533, "tsne_1d_x": -30.348803, "tsne_2d_x": 19.770302, "tsne_2d_y": -36.655869, "tsne_3d_x": -34.781403, "tsne_3d_y": 21.367264, "tsne_3d_z": -7.547226, "grid_umap_1d_x": 705.0, "grid_umap_2d_x": 21.0, "grid_umap_2d_y": 29.0, "grid_umap_3d_x": 6.0, "grid_umap_3d_y": 9.0, "grid_umap_3d_z": 2.0, "grid_tsne_1d_x": 705.0, "grid_tsne_2d_x": 24.0, "grid_tsne_2d_y": 9.0, "grid_tsne_3d_x": 0.0, "grid_tsne_3d_y": 5.0, "grid_tsne_3d_z": 5.0, "patch_file": "patch_0705.png" }, "geometry": { "type": "Point", "coordinates": [ 115.628418951386834, 3.613112522368034 ] } },
{ "type": "Feature", "properties": { "index": 706, "lon": 133.05154055051429, "lat": -28.573749929374674, "classification": 20, "subregion_name": "Unknown", "umap_1d_x": -13.818803, "umap_2d_x": 48.43074, "umap_2d_y": 2.6160545, "umap_3d_x": 48.387909, "umap_3d_y": -3.3365746, "umap_3d_z": 1.1716423, "tsne_1d_x": -62.551285, "tsne_2d_x": 39.454865, "tsne_2d_y": 45.945908, "tsne_3d_x": 11.249268, "tsne_3d_y": -14.482342, "tsne_3d_z": -45.984047, "grid_umap_1d_x": 706.0, "grid_umap_2d_x": 30.0, "grid_umap_2d_y": 3.0, "grid_umap_3d_x": 9.0, "grid_umap_3d_y": 2.0, "grid_umap_3d_z": 6.0, "grid_tsne_1d_x": 706.0, "grid_tsne_2d_x": 22.0, "grid_tsne_2d_y": 29.0, "grid_tsne_3d_x": 6.0, "grid_tsne_3d_y": 2.0, "grid_tsne_3d_z": 1.0, "patch_file": "patch_0706.png" }, "geometry": { "type": "Point", "coordinates": [ 133.051540550514289, -28.573749929374674 ] } },
{ "type": "Feature", "properties": { "index": 707, "lon": 142.45812592368424, "lat": -5.5792306604520334, "classification": 112, "subregion_name": "Melanesia", "umap_1d_x": -4.0619845, "umap_2d_x": 24.141815, "umap_2d_y": 35.338058, "umap_3d_x": 19.720268, "umap_3d_y": 29.684494, "umap_3d_z": -16.481464, "tsne_1d_x": -28.136501, "tsne_2d_x": 15.903519, "tsne_2d_y": -33.917725, "tsne_3d_x": -24.458176, "tsne_3d_y": 15.791878, "tsne_3d_z": -3.829586, "grid_umap_1d_x": 707.0, "grid_umap_2d_x": 21.0, "grid_umap_2d_y": 27.0, "grid_umap_3d_x": 7.0, "grid_umap_3d_y": 7.0, "grid_umap_3d_z": 2.0, "grid_tsne_1d_x": 707.0, "grid_tsne_2d_x": 23.0, "grid_tsne_2d_y": 9.0, "grid_tsne_3d_x": 1.0, "grid_tsne_3d_y": 4.0, "grid_tsne_3d_z": 5.0, "patch_file": "patch_0707.png" }, "geometry": { "type": "Point", "coordinates": [ 142.458125923684236, -5.579230660452033 ] } },
{ "type": "Feature", "properties": { "index": 708, "lon": 124.19339370046322, "lat": -32.684708715652022, "classification": 114, "subregion_name": "Unknown", "umap_1d_x": -12.76078, "umap_2d_x": 44.377533, "umap_2d_y": 6.9624901, "umap_3d_x": 44.617767, "umap_3d_y": 5.3570404, "umap_3d_z": -0.12002945, "tsne_1d_x": -59.074577, "tsne_2d_x": 35.835907, "tsne_2d_y": 35.820679, "tsne_3d_x": -0.091876984000002437, "tsne_3d_y": -15.048523, "tsne_3d_z": -37.323639, "grid_umap_1d_x": 708.0, "grid_umap_2d_x": 27.0, "grid_umap_2d_y": 11.0, "grid_umap_3d_x": 9.0, "grid_umap_3d_y": 3.0, "grid_umap_3d_z": 4.0, "grid_tsne_1d_x": 708.0, "grid_tsne_2d_x": 28.0, "grid_tsne_2d_y": 30.0, "grid_tsne_3d_x": 3.0, "grid_tsne_3d_y": 1.0, "grid_tsne_3d_z": 0.0, "patch_file": "patch_0708.png" }, "geometry": { "type": "Point", "coordinates": [ 124.193393700463218, -32.684708715652022 ] } },
{ "type": "Feature", "properties": { "index": 709, "lon": -110.94627782712439, "lat": 33.527260666090569, "classification": 20, "subregion_name": "Unknown", "umap_1d_x": 12.62287, "umap_2d_x": -22.464445, "umap_2d_y": 6.023674, "umap_3d_x": -22.740641, "umap_3d_y": -15.323929, "umap_3d_z": -9.3266716, "tsne_1d_x": 0.0085751982, "tsne_2d_x": 1.0061989, "tsne_2d_y": 17.736877, "tsne_3d_x": 14.053574, "tsne_3d_y": 7.8055382, "tsne_3d_z": -9.8011436, "grid_umap_1d_x": 709.0, "grid_umap_2d_x": 11.0, "grid_umap_2d_y": 22.0, "grid_umap_3d_x": 1.0, "grid_umap_3d_y": 1.0, "grid_umap_3d_z": 0.0, "grid_tsne_1d_x": 709.0, "grid_tsne_2d_x": 14.0, "grid_tsne_2d_y": 23.0, "grid_tsne_3d_x": 8.0, "grid_tsne_3d_y": 6.0, "grid_tsne_3d_z": 1.0, "patch_file": "patch_0709.png" }, "geometry": { "type": "Point", "coordinates": [ -110.946277827124391, 33.527260666090569 ] } },
{ "type": "Feature", "properties": { "index": 710, "lon": 78.751323193813334, "lat": 26.609169732744604, "classification": 40, "subregion_name": "Southern Asia", "umap_1d_x": 5.2587094, "umap_2d_x": -14.568928, "umap_2d_y": 24.828285, "umap_3d_x": -12.024391, "umap_3d_y": 2.5586967, "umap_3d_z": -31.1133, "tsne_1d_x": -12.099994, "tsne_2d_x": 8.7531166, "tsne_2d_y": 1.4053154, "tsne_3d_x": 13.266327, "tsne_3d_y": 40.147812, "tsne_3d_z": 0.013488770000002148, "grid_umap_1d_x": 710.0, "grid_umap_2d_x": 1.0, "grid_umap_2d_y": 25.0, "grid_umap_3d_x": 0.0, "grid_umap_3d_y": 8.0, "grid_umap_3d_z": 0.0, "grid_tsne_1d_x": 710.0, "grid_tsne_2d_x": 11.0, "grid_tsne_2d_y": 4.0, "grid_tsne_3d_x": 6.0, "grid_tsne_3d_y": 8.0, "grid_tsne_3d_z": 6.0, "patch_file": "patch_0710.png" }, "geometry": { "type": "Point", "coordinates": [ 78.751323193813334, 26.609169732744604 ] } },
{ "type": "Feature", "properties": { "index": 711, "lon": 38.480581427709154, "lat": 15.452045905414309, "classification": 20, "subregion_name": "Sub-Saharan Africa", "umap_1d_x": 2.6263313, "umap_2d_x": -15.376015, "umap_2d_y": 35.809784, "umap_3d_x": -12.160046, "umap_3d_y": 5.0183487, "umap_3d_z": -45.08989, "tsne_1d_x": -10.314615, "tsne_2d_x": 5.7699661, "tsne_2d_y": 20.304146, "tsne_3d_x": 22.644615, "tsne_3d_y": 14.628204, "tsne_3d_z": -14.790813, "grid_umap_1d_x": 711.0, "grid_umap_2d_x": 5.0, "grid_umap_2d_y": 30.0, "grid_umap_3d_x": 3.0, "grid_umap_3d_y": 7.0, "grid_umap_3d_z": 1.0, "grid_tsne_1d_x": 711.0, "grid_tsne_2d_x": 10.0, "grid_tsne_2d_y": 22.0, "grid_tsne_3d_x": 8.0, "grid_tsne_3d_y": 6.0, "grid_tsne_3d_z": 2.0, "patch_file": "patch_0711.png" }, "geometry": { "type": "Point", "coordinates": [ 38.480581427709154, 15.452045905414309 ] } },
{ "type": "Feature", "properties": { "index": 712, "lon": 121.57476045575879, "lat": 43.452779302706475, "classification": 40, "subregion_name": "Unknown", "umap_1d_x": 9.5776997, "umap_2d_x": -15.595707, "umap_2d_y": -8.8698997, "umap_3d_x": -23.939318, "umap_3d_y": -7.3315582, "umap_3d_z": 11.381538, "tsne_1d_x": 18.85709, "tsne_2d_x": -11.175301, "tsne_2d_y": -20.285351, "tsne_3d_x": 15.607712, "tsne_3d_y": 14.975883, "tsne_3d_z": 19.904404, "grid_umap_1d_x": 712.0, "grid_umap_2d_x": 14.0, "grid_umap_2d_y": 13.0, "grid_umap_3d_x": 0.0, "grid_umap_3d_y": 7.0, "grid_umap_3d_z": 5.0, "grid_tsne_1d_x": 712.0, "grid_tsne_2d_x": 13.0, "grid_tsne_2d_y": 7.0, "grid_tsne_3d_x": 6.0, "grid_tsne_3d_y": 8.0, "grid_tsne_3d_z": 8.0, "patch_file": "patch_0712.png" }, "geometry": { "type": "Point", "coordinates": [ 121.574760455758792, 43.452779302706475 ] } },
{ "type": "Feature", "properties": { "index": 713, "lon": 111.62713490093296, "lat": 38.830440764288113, "classification": 30, "subregion_name": "Unknown", "umap_1d_x": 9.3686504, "umap_2d_x": -15.496902, "umap_2d_y": -7.8028984, "umap_3d_x": -22.546524, "umap_3d_y": -6.7501945, "umap_3d_z": 9.2438583, "tsne_1d_x": 18.163303, "tsne_2d_x": -9.5498352, "tsne_2d_y": -16.326717, "tsne_3d_x": 13.301086, "tsne_3d_y": 12.407337, "tsne_3d_z": 14.613014, "grid_umap_1d_x": 713.0, "grid_umap_2d_x": 2.0, "grid_umap_2d_y": 5.0, "grid_umap_3d_x": 1.0, "grid_umap_3d_y": 7.0, "grid_umap_3d_z": 4.0, "grid_tsne_1d_x": 713.0, "grid_tsne_2d_x": 13.0, "grid_tsne_2d_y": 8.0, "grid_tsne_3d_x": 9.0, "grid_tsne_3d_y": 9.0, "grid_tsne_3d_z": 9.0, "patch_file": "patch_0713.png" }, "geometry": { "type": "Point", "coordinates": [ 111.627134900932958, 38.830440764288113 ] } },
{ "type": "Feature", "properties": { "index": 714, "lon": 20.85560146087613, "lat": 11.914739384075645, "classification": 126, "subregion_name": "Sub-Saharan Africa", "umap_1d_x": 3.7309265, "umap_2d_x": -11.406372, "umap_2d_y": 32.987938, "umap_3d_x": -7.4056129, "umap_3d_y": 4.3937874, "umap_3d_z": -43.878284, "tsne_1d_x": -16.741669, "tsne_2d_x": 15.0075, "tsne_2d_y": 2.2888947, "tsne_3d_x": 18.980942, "tsne_3d_y": 41.220436, "tsne_3d_z": -16.006996, "grid_umap_1d_x": 714.0, "grid_umap_2d_x": 8.0, "grid_umap_2d_y": 28.0, "grid_umap_3d_x": 7.0, "grid_umap_3d_y": 3.0, "grid_umap_3d_z": 1.0, "grid_tsne_1d_x": 714.0, "grid_tsne_2d_x": 19.0, "grid_tsne_2d_y": 10.0, "grid_tsne_3d_x": 7.0, "grid_tsne_3d_y": 7.0, "grid_tsne_3d_z": 3.0, "patch_file": "patch_0714.png" }, "geometry": { "type": "Point", "coordinates": [ 20.85560146087613, 11.914739384075645 ] } },
{ "type": "Feature", "properties": { "index": 715, "lon": 142.94714677980443, "lat": 66.554171849073668, "classification": 113, "subregion_name": "Eastern Europe", "umap_1d_x": 21.768356, "umap_2d_x": -44.47253, "umap_2d_y": -47.37722, "umap_3d_x": -42.301258, "umap_3d_y": -25.845987, "umap_3d_z": 48.405357, "tsne_1d_x": 41.661118, "tsne_2d_x": -35.18998, "tsne_2d_y": -23.324368, "tsne_3d_x": 12.474442, "tsne_3d_y": -9.1307411, "tsne_3d_z": 41.996071, "grid_umap_1d_x": 715.0, "grid_umap_2d_x": 16.0, "grid_umap_2d_y": 3.0, "grid_umap_3d_x": 3.0, "grid_umap_3d_y": 6.0, "grid_umap_3d_z": 9.0, "grid_tsne_1d_x": 715.0, "grid_tsne_2d_x": 0.0, "grid_tsne_2d_y": 0.0, "grid_tsne_3d_x": 3.0, "grid_tsne_3d_y": 8.0, "grid_tsne_3d_z": 9.0, "patch_file": "patch_0715.png" }, "geometry": { "type": "Point", "coordinates": [ 142.947146779804427, 66.554171849073668 ] } },
{ "type": "Feature", "properties": { "index": 716, "lon": -79.337177670594173, "lat": 44.649187794342922, "classification": 116, "subregion_name": "Northern America", "umap_1d_x": 18.854612, "umap_2d_x": -33.322319, "umap_2d_y": -32.139645, "umap_3d_x": -32.243752, "umap_3d_y": -33.297211, "umap_3d_z": 29.513054, "tsne_1d_x": 22.343164, "tsne_2d_x": -18.126886, "tsne_2d_y": -0.81637955, "tsne_3d_x": 6.5970421, "tsne_3d_y": -14.855934, "tsne_3d_z": 15.906708, "grid_umap_1d_x": 716.0, "grid_umap_2d_x": 13.0, "grid_umap_2d_y": 6.0, "grid_umap_3d_x": 2.0, "grid_umap_3d_y": 0.0, "grid_umap_3d_z": 8.0, "grid_tsne_1d_x": 716.0, "grid_tsne_2d_x": 2.0, "grid_tsne_2d_y": 10.0, "grid_tsne_3d_x": 4.0, "grid_tsne_3d_y": 1.0, "grid_tsne_3d_z": 7.0, "patch_file": "patch_0716.png" }, "geometry": { "type": "Point", "coordinates": [ -79.337177670594173, 44.649187794342922 ] } },
{ "type": "Feature", "properties": { "index": 717, "lon": -63.783372060128215, "lat": 7.7912338520075082, "classification": 30, "subregion_name": "Latin America and the Caribbean", "umap_1d_x": 5.679872, "umap_2d_x": -10.516941, "umap_2d_y": 22.439957, "umap_3d_x": -7.0750732, "umap_3d_y": 4.0964432, "umap_3d_z": -28.986612, "tsne_1d_x": -13.254977, "tsne_2d_x": 12.990391, "tsne_2d_y": -10.42421, "tsne_3d_x": -1.2649651, "tsne_3d_y": 32.72258, "tsne_3d_z": -10.705063, "grid_umap_1d_x": 717.0, "grid_umap_2d_x": 3.0, "grid_umap_2d_y": 24.0, "grid_umap_3d_x": 3.0, "grid_umap_3d_y": 6.0, "grid_umap_3d_z": 0.0, "grid_tsne_1d_x": 717.0, "grid_tsne_2d_x": 18.0, "grid_tsne_2d_y": 2.0, "grid_tsne_3d_x": 4.0, "grid_tsne_3d_y": 7.0, "grid_tsne_3d_z": 3.0, "patch_file": "patch_0717.png" }, "geometry": { "type": "Point", "coordinates": [ -63.783372060128215, 7.791233852007508 ] } },
{ "type": "Feature", "properties": { "index": 718, "lon": 31.337101859661402, "lat": 7.3796834318190321, "classification": 30, "subregion_name": "Unknown", "umap_1d_x": 4.2597189, "umap_2d_x": -10.668926, "umap_2d_y": 30.503754, "umap_3d_x": -5.4392624, "umap_3d_y": 7.6634331, "umap_3d_z": -40.382416, "tsne_1d_x": -17.663778, "tsne_2d_x": 17.646637, "tsne_2d_y": 4.3465691, "tsne_3d_x": 11.819035, "tsne_3d_y": 47.633881, "tsne_3d_z": -11.027065, "grid_umap_1d_x": 718.0, "grid_umap_2d_x": 3.0, "grid_umap_2d_y": 27.0, "grid_umap_3d_x": 5.0, "grid_umap_3d_y": 6.0, "grid_umap_3d_z": 1.0, "grid_tsne_1d_x": 718.0, "grid_tsne_2d_x": 19.0, "grid_tsne_2d_y": 7.0, "grid_tsne_3d_x": 5.0, "grid_tsne_3d_y": 7.0, "grid_tsne_3d_z": 5.0, "patch_file": "patch_0718.png" }, "geometry": { "type": "Point", "coordinates": [ 31.337101859661402, 7.379683431819032 ] } },
{ "type": "Feature", "properties": { "index": 719, "lon": 10.702982858617986, "lat": 59.470142598017802, "classification": 111, "subregion_name": "Northern Europe", "umap_1d_x": 17.241508, "umap_2d_x": -26.998997, "umap_2d_y": -29.463345, "umap_3d_x": -30.107399, "umap_3d_y": -49.39307, "umap_3d_z": 18.385193, "tsne_1d_x": 23.93561, "tsne_2d_x": -24.23872, "tsne_2d_y": 19.072899, "tsne_3d_x": 14.374619, "tsne_3d_y": -42.364571, "tsne_3d_z": 9.8327026, "grid_umap_1d_x": 719.0, "grid_umap_2d_x": 17.0, "grid_umap_2d_y": 7.0, "grid_umap_3d_x": 7.0, "grid_umap_3d_y": 0.0, "grid_umap_3d_z": 4.0, "grid_tsne_1d_x": 719.0, "grid_tsne_2d_x": 13.0, "grid_tsne_2d_y": 29.0, "grid_tsne_3d_x": 5.0, "grid_tsne_3d_y": 0.0, "grid_tsne_3d_z": 4.0, "patch_file": "patch_0719.png" }, "geometry": { "type": "Point", "coordinates": [ 10.702982858617986, 59.470142598017802 ] } },
{ "type": "Feature", "properties": { "index": 720, "lon": 152.98536919182089, "lat": -4.6540404405995366, "classification": 112, "subregion_name": "Unknown", "umap_1d_x": -4.2589693, "umap_2d_x": 24.815712, "umap_2d_y": 35.474731, "umap_3d_x": 20.721016, "umap_3d_y": 32.06205, "umap_3d_z": -15.89397, "tsne_1d_x": -28.991728, "tsne_2d_x": 18.21051, "tsne_2d_y": -31.025251, "tsne_3d_x": -25.076134, "tsne_3d_y": 17.183754, "tsne_3d_z": -10.039146, "grid_umap_1d_x": 720.0, "grid_umap_2d_x": 21.0, "grid_umap_2d_y": 23.0, "grid_umap_3d_x": 6.0, "grid_umap_3d_y": 6.0, "grid_umap_3d_z": 4.0, "grid_tsne_1d_x": 720.0, "grid_tsne_2d_x": 23.0, "grid_tsne_2d_y": 4.0, "grid_tsne_3d_x": 0.0, "grid_tsne_3d_y": 5.0, "grid_tsne_3d_z": 3.0, "patch_file": "patch_0720.png" }, "geometry": { "type": "Point", "coordinates": [ 152.985369191820894, -4.654040440599537 ] } },
{ "type": "Feature", "properties": { "index": 721, "lon": -97.334460722787441, "lat": 35.98533332874581, "classification": 40, "subregion_name": "Unknown", "umap_1d_x": 11.710285, "umap_2d_x": -22.432035, "umap_2d_y": -4.1488342, "umap_3d_x": -21.430878, "umap_3d_y": -23.538944, "umap_3d_z": -0.83535385, "tsne_1d_x": 5.1772256, "tsne_2d_x": -2.5105896, "tsne_2d_y": 7.79496, "tsne_3d_x": -3.1695099, "tsne_3d_y": -10.77623, "tsne_3d_z": -6.448864, "grid_umap_1d_x": 721.0, "grid_umap_2d_x": 9.0, "grid_umap_2d_y": 17.0, "grid_umap_3d_x": 6.0, "grid_umap_3d_y": 1.0, "grid_umap_3d_z": 2.0, "grid_tsne_1d_x": 721.0, "grid_tsne_2d_x": 9.0, "grid_tsne_2d_y": 14.0, "grid_tsne_3d_x": 1.0, "grid_tsne_3d_y": 0.0, "grid_tsne_3d_z": 2.0, "patch_file": "patch_0721.png" }, "geometry": { "type": "Point", "coordinates": [ -97.334460722787441, 35.98533332874581 ] } },
{ "type": "Feature", "properties": { "index": 722, "lon": -96.539272189903485, "lat": 17.022352802681809, "classification": 20, "subregion_name": "Latin America and the Caribbean", "umap_1d_x": 4.9628501, "umap_2d_x": -9.9811096, "umap_2d_y": 26.464882, "umap_3d_x": -8.7816315, "umap_3d_y": 8.7854996, "umap_3d_z": -36.577301, "tsne_1d_x": -10.137774, "tsne_2d_x": 21.113937, "tsne_2d_y": -6.3531265, "tsne_3d_x": 8.718811, "tsne_3d_y": 22.663383, "tsne_3d_z": -15.852749, "grid_umap_1d_x": 722.0, "grid_umap_2d_x": 1.0, "grid_umap_2d_y": 26.0, "grid_umap_3d_x": 2.0, "grid_umap_3d_y": 8.0, "grid_umap_3d_z": 2.0, "grid_tsne_1d_x": 722.0, "grid_tsne_2d_x": 24.0, "grid_tsne_2d_y": 13.0, "grid_tsne_3d_x": 6.0, "grid_tsne_3d_y": 8.0, "grid_tsne_3d_z": 0.0, "patch_file": "patch_0722.png" }, "geometry": { "type": "Point", "coordinates": [ -96.539272189903485, 17.022352802681809 ] } },
{ "type": "Feature", "properties": { "index": 723, "lon": -118.87224176505376, "lat": 36.68347394130906, "classification": 111, "subregion_name": "Unknown", "umap_1d_x": 13.447248, "umap_2d_x": -26.218214, "umap_2d_y": 0.51038742, "umap_3d_x": -27.108284, "umap_3d_y": -16.143642, "umap_3d_z": -4.0232811, "tsne_1d_x": 2.4168882, "tsne_2d_x": -5.2151527, "tsne_2d_y": 21.670982, "tsne_3d_x": 11.490395, "tsne_3d_y": -7.5544243, "tsne_3d_z": -12.42334, "grid_umap_1d_x": 723.0, "grid_umap_2d_x": 5.0, "grid_umap_2d_y": 17.0, "grid_umap_3d_x": 3.0, "grid_umap_3d_y": 5.0, "grid_umap_3d_z": 3.0, "grid_tsne_1d_x": 723.0, "grid_tsne_2d_x": 5.0, "grid_tsne_2d_y": 25.0, "grid_tsne_3d_x": 7.0, "grid_tsne_3d_y": 0.0, "grid_tsne_3d_z": 0.0, "patch_file": "patch_0723.png" }, "geometry": { "type": "Point", "coordinates": [ -118.872241765053758, 36.68347394130906 ] } },
{ "type": "Feature", "properties": { "index": 724, "lon": -115.11300329469928, "lat": 62.924041592562475, "classification": 126, "subregion_name": "Northern America", "umap_1d_x": 23.989157, "umap_2d_x": -46.5877, "umap_2d_y": -37.513351, "umap_3d_x": -47.245491, "umap_3d_y": -25.227755, "umap_3d_z": 37.850967, "tsne_1d_x": 49.577091, "tsne_2d_x": -42.464451, "tsne_2d_y": -11.889706, "tsne_3d_x": 30.809334, "tsne_3d_y": -28.44853, "tsne_3d_z": 43.531937, "grid_umap_1d_x": 724.0, "grid_umap_2d_x": 16.0, "grid_umap_2d_y": 12.0, "grid_umap_3d_x": 4.0, "grid_umap_3d_y": 7.0, "grid_umap_3d_z": 6.0, "grid_tsne_1d_x": 724.0, "grid_tsne_2d_x": 20.0, "grid_tsne_2d_y": 21.0, "grid_tsne_3d_x": 7.0, "grid_tsne_3d_y": 3.0, "grid_tsne_3d_z": 8.0, "patch_file": "patch_0724.png" }, "geometry": { "type": "Point", "coordinates": [ -115.113003294699283, 62.924041592562475 ] } },
{ "type": "Feature", "properties": { "index": 725, "lon": 0.222114928143128, "lat": 48.3064935170989, "classification": 40, "subregion_name": "Unknown", "umap_1d_x": 15.276478, "umap_2d_x": -33.043995, "umap_2d_y": -10.780495, "umap_3d_x": -32.111118, "umap_3d_y": -32.168243, "umap_3d_z": -2.0045776, "tsne_1d_x": 13.315621, "tsne_2d_x": -12.774994, "tsne_2d_y": 33.17701, "tsne_3d_x": 26.449272, "tsne_3d_y": -21.071859, "tsne_3d_z": -0.40803528, "grid_umap_1d_x": 725.0, "grid_umap_2d_x": 4.0, "grid_umap_2d_y": 14.0, "grid_umap_3d_x": 6.0, "grid_umap_3d_y": 2.0, "grid_umap_3d_z": 2.0, "grid_tsne_1d_x": 725.0, "grid_tsne_2d_x": 5.0, "grid_tsne_2d_y": 31.0, "grid_tsne_3d_x": 8.0, "grid_tsne_3d_y": 1.0, "grid_tsne_3d_z": 2.0, "patch_file": "patch_0725.png" }, "geometry": { "type": "Point", "coordinates": [ 0.222114928143128, 48.3064935170989 ] } },
{ "type": "Feature", "properties": { "index": 726, "lon": -86.655116018303119, "lat": 39.371909934433702, "classification": 114, "subregion_name": "Unknown", "umap_1d_x": 11.101254, "umap_2d_x": -22.685438, "umap_2d_y": -11.760799, "umap_3d_x": -21.57737, "umap_3d_y": -25.8027, "umap_3d_z": 9.5797348, "tsne_1d_x": 7.9084487, "tsne_2d_x": -10.622295, "tsne_2d_y": 2.907711, "tsne_3d_x": 0.56061171999999004, "tsne_3d_y": -12.57206, "tsne_3d_z": 6.3510971, "grid_umap_1d_x": 726.0, "grid_umap_2d_x": 11.0, "grid_umap_2d_y": 13.0, "grid_umap_3d_x": 3.0, "grid_umap_3d_y": 1.0, "grid_umap_3d_z": 5.0, "grid_tsne_1d_x": 726.0, "grid_tsne_2d_x": 12.0, "grid_tsne_2d_y": 15.0, "grid_tsne_3d_x": 2.0, "grid_tsne_3d_y": 0.0, "grid_tsne_3d_z": 4.0, "patch_file": "patch_0726.png" }, "geometry": { "type": "Point", "coordinates": [ -86.655116018303119, 39.371909934433702 ] } },
{ "type": "Feature", "properties": { "index": 727, "lon": 63.991731491325709, "lat": 39.675079148106306, "classification": 30, "subregion_name": "Central Asia", "umap_1d_x": 12.34415, "umap_2d_x": -23.035532, "umap_2d_y": 1.4371986, "umap_3d_x": -22.730324, "umap_3d_y": -18.902319, "umap_3d_z": -5.756794, "tsne_1d_x": -0.44275695, "tsne_2d_x": -2.1848946, "tsne_2d_y": 13.694962, "tsne_3d_x": 23.738823, "tsne_3d_y": 6.0377121, "tsne_3d_z": -0.15028763, "grid_umap_1d_x": 727.0, "grid_umap_2d_x": 9.0, "grid_umap_2d_y": 19.0, "grid_umap_3d_x": 1.0, "grid_umap_3d_y": 0.0, "grid_umap_3d_z": 1.0, "grid_tsne_1d_x": 727.0, "grid_tsne_2d_x": 10.0, "grid_tsne_2d_y": 19.0, "grid_tsne_3d_x": 8.0, "grid_tsne_3d_y": 6.0, "grid_tsne_3d_z": 4.0, "patch_file": "patch_0727.png" }, "geometry": { "type": "Point", "coordinates": [ 63.991731491325709, 39.675079148106306 ] } },
{ "type": "Feature", "properties": { "index": 728, "lon": 11.79329661625323, "lat": -0.62677128937047399, "classification": 112, "subregion_name": "Sub-Saharan Africa", "umap_1d_x": -5.290586, "umap_2d_x": 28.696243, "umap_2d_y": 42.976067, "umap_3d_x": 21.36644, "umap_3d_y": 47.940964, "umap_3d_z": -18.964001, "tsne_1d_x": -33.490822, "tsne_2d_x": 27.18824, "tsne_2d_y": -35.875816, "tsne_3d_x": -39.760818, "tsne_3d_y": 32.65239, "tsne_3d_z": -13.920547, "grid_umap_1d_x": 728.0, "grid_umap_2d_x": 22.0, "grid_umap_2d_y": 24.0, "grid_umap_3d_x": 4.0, "grid_umap_3d_y": 8.0, "grid_umap_3d_z": 5.0, "grid_tsne_1d_x": 728.0, "grid_tsne_2d_x": 29.0, "grid_tsne_2d_y": 7.0, "grid_tsne_3d_x": 1.0, "grid_tsne_3d_y": 7.0, "grid_tsne_3d_z": 5.0, "patch_file": "patch_0728.png" }, "geometry": { "type": "Point", "coordinates": [ 11.79329661625323, -0.626771289370474 ] } },
{ "type": "Feature", "properties": { "index": 729, "lon": 102.63602465319235, "lat": 69.463432032374897, "classification": 116, "subregion_name": "Eastern Europe", "umap_1d_x": 24.495621, "umap_2d_x": -48.889732, "umap_2d_y": -38.534576, "umap_3d_x": -47.998512, "umap_3d_y": -19.557285, "umap_3d_z": 39.658577, "tsne_1d_x": 50.528545, "tsne_2d_x": -40.768131, "tsne_2d_y": -19.187237, "tsne_3d_x": 29.538658, "tsne_3d_y": -16.136501, "tsne_3d_z": 39.862564, "grid_umap_1d_x": 729.0, "grid_umap_2d_x": 17.0, "grid_umap_2d_y": 13.0, "grid_umap_3d_x": 0.0, "grid_umap_3d_y": 7.0, "grid_umap_3d_z": 9.0, "grid_tsne_1d_x": 729.0, "grid_tsne_2d_x": 18.0, "grid_tsne_2d_y": 15.0, "grid_tsne_3d_x": 8.0, "grid_tsne_3d_y": 4.0, "grid_tsne_3d_z": 9.0, "patch_file": "patch_0729.png" }, "geometry": { "type": "Point", "coordinates": [ 102.636024653192351, 69.463432032374897 ] } },
{ "type": "Feature", "properties": { "index": 730, "lon": 28.326250362467846, "lat": 54.022744678566383, "classification": 114, "subregion_name": "Eastern Europe", "umap_1d_x": 16.906704, "umap_2d_x": -29.035358, "umap_2d_y": -22.718513, "umap_3d_x": -29.539759, "umap_3d_y": -38.806126, "umap_3d_z": 16.494865, "tsne_1d_x": 21.149994, "tsne_2d_x": -18.479889, "tsne_2d_y": 12.204082, "tsne_3d_x": 10.689713, "tsne_3d_y": -26.283318, "tsne_3d_z": 9.0931244, "grid_umap_1d_x": 730.0, "grid_umap_2d_x": 8.0, "grid_umap_2d_y": 6.0, "grid_umap_3d_x": 6.0, "grid_umap_3d_y": 1.0, "grid_umap_3d_z": 5.0, "grid_tsne_1d_x": 730.0, "grid_tsne_2d_x": 7.0, "grid_tsne_2d_y": 22.0, "grid_tsne_3d_x": 5.0, "grid_tsne_3d_y": 1.0, "grid_tsne_3d_z": 4.0, "patch_file": "patch_0730.png" }, "geometry": { "type": "Point", "coordinates": [ 28.326250362467846, 54.022744678566383 ] } },
{ "type": "Feature", "properties": { "index": 731, "lon": 125.29639047733059, "lat": -22.579604371297336, "classification": 30, "subregion_name": "Unknown", "umap_1d_x": -13.943026, "umap_2d_x": 49.132912, "umap_2d_y": 1.4359894, "umap_3d_x": 49.44416, "umap_3d_y": -4.0912361, "umap_3d_z": 0.69589615000001004, "tsne_1d_x": -63.023552, "tsne_2d_x": 41.044495, "tsne_2d_y": 47.294289, "tsne_3d_x": 12.249722, "tsne_3d_y": -17.264507, "tsne_3d_z": -48.949879, "grid_umap_1d_x": 731.0, "grid_umap_2d_x": 29.0, "grid_umap_2d_y": 1.0, "grid_umap_3d_x": 9.0, "grid_umap_3d_y": 1.0, "grid_umap_3d_z": 4.0, "grid_tsne_1d_x": 731.0, "grid_tsne_2d_x": 21.0, "grid_tsne_2d_y": 28.0, "grid_tsne_3d_x": 6.0, "grid_tsne_3d_y": 1.0, "grid_tsne_3d_z": 0.0, "patch_file": "patch_0731.png" }, "geometry": { "type": "Point", "coordinates": [ 125.29639047733059, -22.579604371297336 ] } },
{ "type": "Feature", "properties": { "index": 732, "lon": 23.211464789903459, "lat": 7.8138604278076116, "classification": 124, "subregion_name": "Sub-Saharan Africa", "umap_1d_x": 4.274797, "umap_2d_x": -8.8546524, "umap_2d_y": 33.039238, "umap_3d_x": -5.0561905, "umap_3d_y": 6.5870819, "umap_3d_z": -41.930668, "tsne_1d_x": -18.140718, "tsne_2d_x": 16.832581, "tsne_2d_y": -1.8198776, "tsne_3d_x": 10.88723, "tsne_3d_y": 39.218918, "tsne_3d_z": -16.020149, "grid_umap_1d_x": 732.0, "grid_umap_2d_x": 11.0, "grid_umap_2d_y": 28.0, "grid_umap_3d_x": 8.0, "grid_umap_3d_y": 4.0, "grid_umap_3d_z": 0.0, "grid_tsne_1d_x": 732.0, "grid_tsne_2d_x": 21.0, "grid_tsne_2d_y": 9.0, "grid_tsne_3d_x": 6.0, "grid_tsne_3d_y": 9.0, "grid_tsne_3d_z": 1.0, "patch_file": "patch_0732.png" }, "geometry": { "type": "Point", "coordinates": [ 23.211464789903459, 7.813860427807612 ] } },
{ "type": "Feature", "properties": { "index": 733, "lon": -117.3497222906779, "lat": 54.775318977520243, "classification": 30, "subregion_name": "Northern America", "umap_1d_x": 19.137102, "umap_2d_x": -36.262154, "umap_2d_y": -39.818615, "umap_3d_x": -34.015778, "umap_3d_y": -31.75683, "umap_3d_z": 34.50618, "tsne_1d_x": 33.235252, "tsne_2d_x": -19.903105, "tsne_2d_y": -6.8981361, "tsne_3d_x": 9.0492325, "tsne_3d_y": -8.2905273, "tsne_3d_z": 21.476013, "grid_umap_1d_x": 733.0, "grid_umap_2d_x": 20.0, "grid_umap_2d_y": 7.0, "grid_umap_3d_x": 2.0, "grid_umap_3d_y": 1.0, "grid_umap_3d_z": 9.0, "grid_tsne_1d_x": 733.0, "grid_tsne_2d_x": 9.0, "grid_tsne_2d_y": 10.0, "grid_tsne_3d_x": 4.0, "grid_tsne_3d_y": 4.0, "grid_tsne_3d_z": 8.0, "patch_file": "patch_0733.png" }, "geometry": { "type": "Point", "coordinates": [ -117.349722290677903, 54.775318977520243 ] } },
{ "type": "Feature", "properties": { "index": 734, "lon": -63.369882000877723, "lat": 7.7132096762531859, "classification": 30, "subregion_name": "Latin America and the Caribbean", "umap_1d_x": 3.5915313, "umap_2d_x": -11.861794, "umap_2d_y": 27.355164, "umap_3d_x": -8.4420662, "umap_3d_y": 4.1360512, "umap_3d_z": -34.763344, "tsne_1d_x": -15.465262, "tsne_2d_x": 12.30917, "tsne_2d_y": 5.4715347, "tsne_3d_x": 23.275772, "tsne_3d_y": 49.042801, "tsne_3d_z": -11.272778, "grid_umap_1d_x": 734.0, "grid_umap_2d_x": 2.0, "grid_umap_2d_y": 26.0, "grid_umap_3d_x": 5.0, "grid_umap_3d_y": 5.0, "grid_umap_3d_z": 3.0, "grid_tsne_1d_x": 734.0, "grid_tsne_2d_x": 17.0, "grid_tsne_2d_y": 11.0, "grid_tsne_3d_x": 8.0, "grid_tsne_3d_y": 9.0, "grid_tsne_3d_z": 5.0, "patch_file": "patch_0734.png" }, "geometry": { "type": "Point", "coordinates": [ -63.369882000877723, 7.713209676253186 ] } },
{ "type": "Feature", "properties": { "index": 735, "lon": -127.79323811876253, "lat": 66.995795161095756, "classification": 20, "subregion_name": "Northern America", "umap_1d_x": 23.88261, "umap_2d_x": -45.925335, "umap_2d_y": -36.339191, "umap_3d_x": -47.05434, "umap_3d_y": -25.516104, "umap_3d_z": 35.236427, "tsne_1d_x": 49.339985, "tsne_2d_x": -41.727425, "tsne_2d_y": -10.074062, "tsne_3d_x": 25.458397, "tsne_3d_y": -26.287266, "tsne_3d_z": 43.592705, "grid_umap_1d_x": 735.0, "grid_umap_2d_x": 12.0, "grid_umap_2d_y": 9.0, "grid_umap_3d_x": 2.0, "grid_umap_3d_y": 6.0, "grid_umap_3d_z": 7.0, "grid_tsne_1d_x": 735.0, "grid_tsne_2d_x": 2.0, "grid_tsne_2d_y": 12.0, "grid_tsne_3d_x": 5.0, "grid_tsne_3d_y": 4.0, "grid_tsne_3d_z": 7.0, "patch_file": "patch_0735.png" }, "geometry": { "type": "Point", "coordinates": [ -127.793238118762531, 66.995795161095756 ] } },
{ "type": "Feature", "properties": { "index": 736, "lon": 30.46633844335841, "lat": -29.842585921251153, "classification": 40, "subregion_name": "Sub-Saharan Africa", "umap_1d_x": -10.519321, "umap_2d_x": 40.264236, "umap_2d_y": 16.39257, "umap_3d_x": 41.520218, "umap_3d_y": 17.463783, "umap_3d_z": -5.2410431, "tsne_1d_x": -50.990475, "tsne_2d_x": 38.210747, "tsne_2d_y": 25.514053, "tsne_3d_x": -5.3520012, "tsne_3d_y": -3.1184998, "tsne_3d_z": -33.170517, "grid_umap_1d_x": 736.0, "grid_umap_2d_x": 29.0, "grid_umap_2d_y": 14.0, "grid_umap_3d_x": 7.0, "grid_umap_3d_y": 4.0, "grid_umap_3d_z": 4.0, "grid_tsne_1d_x": 736.0, "grid_tsne_2d_x": 24.0, "grid_tsne_2d_y": 23.0, "grid_tsne_3d_x": 3.0, "grid_tsne_3d_y": 3.0, "grid_tsne_3d_z": 1.0, "patch_file": "patch_0736.png" }, "geometry": { "type": "Point", "coordinates": [ 30.46633844335841, -29.842585921251153 ] } },
{ "type": "Feature", "properties": { "index": 737, "lon": -64.699006749805903, "lat": -28.59291768917771, "classification": 30, "subregion_name": "Latin America and the Caribbean", "umap_1d_x": -10.56885, "umap_2d_x": 40.358116, "umap_2d_y": 15.133766, "umap_3d_x": 41.7836, "umap_3d_y": 16.698967, "umap_3d_z": -5.7115517, "tsne_1d_x": -51.239273, "tsne_2d_x": 38.10154, "tsne_2d_y": 26.177055, "tsne_3d_x": -4.9440269, "tsne_3d_y": -3.2094574, "tsne_3d_z": -32.777939, "grid_umap_1d_x": 737.0, "grid_umap_2d_x": 27.0, "grid_umap_2d_y": 13.0, "grid_umap_3d_x": 9.0, "grid_umap_3d_y": 4.0, "grid_umap_3d_z": 3.0, "grid_tsne_1d_x": 737.0, "grid_tsne_2d_x": 25.0, "grid_tsne_2d_y": 24.0, "grid_tsne_3d_x": 3.0, "grid_tsne_3d_y": 3.0, "grid_tsne_3d_z": 0.0, "patch_file": "patch_0737.png" }, "geometry": { "type": "Point", "coordinates": [ -64.699006749805903, -28.59291768917771 ] } },
{ "type": "Feature", "properties": { "index": 738, "lon": 115.55421068483196, "lat": 71.344760839211574, "classification": 116, "subregion_name": "Eastern Europe", "umap_1d_x": 22.722113, "umap_2d_x": -45.665771, "umap_2d_y": -46.511707, "umap_3d_x": -44.027153, "umap_3d_y": -23.116673, "umap_3d_z": 47.503922, "tsne_1d_x": 42.537964, "tsne_2d_x": -36.458748, "tsne_2d_y": -17.272747, "tsne_3d_x": 18.258034, "tsne_3d_y": -10.301788, "tsne_3d_z": 38.393768, "grid_umap_1d_x": 738.0, "grid_umap_2d_x": 16.0, "grid_umap_2d_y": 5.0, "grid_umap_3d_x": 4.0, "grid_umap_3d_y": 9.0, "grid_umap_3d_z": 9.0, "grid_tsne_1d_x": 738.0, "grid_tsne_2d_x": 22.0, "grid_tsne_2d_y": 17.0, "grid_tsne_3d_x": 4.0, "grid_tsne_3d_y": 7.0, "grid_tsne_3d_z": 8.0, "patch_file": "patch_0738.png" }, "geometry": { "type": "Point", "coordinates": [ 115.554210684831958, 71.344760839211574 ] } },
{ "type": "Feature", "properties": { "index": 739, "lon": -62.868371245672719, "lat": -2.1077601463661471, "classification": 112, "subregion_name": "Latin America and the Caribbean", "umap_1d_x": -2.8201632, "umap_2d_x": 21.468903, "umap_2d_y": 47.244446, "umap_3d_x": 19.490044, "umap_3d_y": 40.642204, "umap_3d_z": -29.542294, "tsne_1d_x": -36.344311, "tsne_2d_x": 24.858887, "tsne_2d_y": -44.577034, "tsne_3d_x": -38.77018, "tsne_3d_y": 43.348587, "tsne_3d_z": -9.6470795, "grid_umap_1d_x": 739.0, "grid_umap_2d_x": 17.0, "grid_umap_2d_y": 30.0, "grid_umap_3d_x": 5.0, "grid_umap_3d_y": 9.0, "grid_umap_3d_z": 1.0, "grid_tsne_1d_x": 739.0, "grid_tsne_2d_x": 27.0, "grid_tsne_2d_y": 6.0, "grid_tsne_3d_x": 0.0, "grid_tsne_3d_y": 9.0, "grid_tsne_3d_z": 6.0, "patch_file": "patch_0739.png" }, "geometry": { "type": "Point", "coordinates": [ -62.868371245672719, -2.107760146366147 ] } },
{ "type": "Feature", "properties": { "index": 740, "lon": 137.44594849983099, "lat": 65.602229888940599, "classification": 126, "subregion_name": "Eastern Europe", "umap_1d_x": 24.631788, "umap_2d_x": -49.047607, "umap_2d_y": -37.459839, "umap_3d_x": -49.790058, "umap_3d_y": -20.134693, "umap_3d_z": 38.660774, "tsne_1d_x": 51.530006, "tsne_2d_x": -43.086735, "tsne_2d_y": -20.886984, "tsne_3d_x": 34.467575, "tsne_3d_y": -15.424206, "tsne_3d_z": 43.694992, "grid_umap_1d_x": 740.0, "grid_umap_2d_x": 10.0, "grid_umap_2d_y": 8.0, "grid_umap_3d_x": 1.0, "grid_umap_3d_y": 8.0, "grid_umap_3d_z": 8.0, "grid_tsne_1d_x": 740.0, "grid_tsne_2d_x": 13.0, "grid_tsne_2d_y": 12.0, "grid_tsne_3d_x": 7.0, "grid_tsne_3d_y": 6.0, "grid_tsne_3d_z": 8.0, "patch_file": "patch_0740.png" }, "geometry": { "type": "Point", "coordinates": [ 137.44594849983099, 65.602229888940599 ] } },
{ "type": "Feature", "properties": { "index": 741, "lon": -87.067304584718542, "lat": 20.993503385172559, "classification": 112, "subregion_name": "Latin America and the Caribbean", "umap_1d_x": 6.086123, "umap_2d_x": -9.8065338, "umap_2d_y": 17.505913, "umap_3d_x": -6.9703178, "umap_3d_y": 2.5163422, "umap_3d_z": -21.328321, "tsne_1d_x": -24.336689, "tsne_2d_x": 12.534477, "tsne_2d_y": -17.043377, "tsne_3d_x": -9.420433, "tsne_3d_y": 33.558304, "tsne_3d_z": -6.7628632, "grid_umap_1d_x": 741.0, "grid_umap_2d_x": 1.0, "grid_umap_2d_y": 21.0, "grid_umap_3d_x": 3.0, "grid_umap_3d_y": 4.0, "grid_umap_3d_z": 0.0, "grid_tsne_1d_x": 741.0, "grid_tsne_2d_x": 19.0, "grid_tsne_2d_y": 2.0, "grid_tsne_3d_x": 2.0, "grid_tsne_3d_y": 9.0, "grid_tsne_3d_z": 4.0, "patch_file": "patch_0741.png" }, "geometry": { "type": "Point", "coordinates": [ -87.067304584718542, 20.993503385172559 ] } },
{ "type": "Feature", "properties": { "index": 742, "lon": 144.34070858411553, "lat": -29.133201498455325, "classification": 126, "subregion_name": "Unknown", "umap_1d_x": -13.301135, "umap_2d_x": 47.402405, "umap_2d_y": 3.6938019, "umap_3d_x": 47.083328, "umap_3d_y": -0.2195282, "umap_3d_z": 0.49334335000001062, "tsne_1d_x": -60.889843, "tsne_2d_x": 39.014336, "tsne_2d_y": 40.727097, "tsne_3d_x": 3.7928391, "tsne_3d_y": -12.929184, "tsne_3d_z": -43.558544, "grid_umap_1d_x": 742.0, "grid_umap_2d_x": 30.0, "grid_umap_2d_y": 5.0, "grid_umap_3d_x": 8.0, "grid_umap_3d_y": 3.0, "grid_umap_3d_z": 6.0, "grid_tsne_1d_x": 742.0, "grid_tsne_2d_x": 24.0, "grid_tsne_2d_y": 28.0, "grid_tsne_3d_x": 4.0, "grid_tsne_3d_y": 2.0, "grid_tsne_3d_z": 0.0, "patch_file": "patch_0742.png" }, "geometry": { "type": "Point", "coordinates": [ 144.340708584115532, -29.133201498455325 ] } },
{ "type": "Feature", "properties": { "index": 743, "lon": 20.784142621530094, "lat": 42.751240205146729, "classification": 40, "subregion_name": "Unknown", "umap_1d_x": 13.142193, "umap_2d_x": -25.71559, "umap_2d_y": 0.96903992, "umap_3d_x": -26.585087, "umap_3d_y": -21.743668, "umap_3d_z": -5.4706497, "tsne_1d_x": 12.490254, "tsne_2d_x": -8.2620392, "tsne_2d_y": 27.547791, "tsne_3d_x": 24.828163, "tsne_3d_y": -3.1256485, "tsne_3d_z": -4.5426559, "grid_umap_1d_x": 743.0, "grid_umap_2d_x": 12.0, "grid_umap_2d_y": 21.0, "grid_umap_3d_x": 3.0, "grid_umap_3d_y": 2.0, "grid_umap_3d_z": 2.0, "grid_tsne_1d_x": 743.0, "grid_tsne_2d_x": 4.0, "grid_tsne_2d_y": 29.0, "grid_tsne_3d_x": 9.0, "grid_tsne_3d_y": 4.0, "grid_tsne_3d_z": 2.0, "patch_file": "patch_0743.png" }, "geometry": { "type": "Point", "coordinates": [ 20.784142621530094, 42.751240205146729 ] } },
{ "type": "Feature", "properties": { "index": 744, "lon": -90.802635624597855, "lat": 54.298664726840173, "classification": 126, "subregion_name": "Northern America", "umap_1d_x": 22.485199, "umap_2d_x": -40.959915, "umap_2d_y": -30.316523, "umap_3d_x": -41.935131, "umap_3d_y": -30.776361, "umap_3d_z": 28.010544, "tsne_1d_x": 46.901165, "tsne_2d_x": -39.152386, "tsne_2d_y": 0.60069656, "tsne_3d_x": 25.815819, "tsne_3d_y": -23.555723, "tsne_3d_z": 24.008011, "grid_umap_1d_x": 744.0, "grid_umap_2d_x": 21.0, "grid_umap_2d_y": 17.0, "grid_umap_3d_x": 3.0, "grid_umap_3d_y": 4.0, "grid_umap_3d_z": 6.0, "grid_tsne_1d_x": 744.0, "grid_tsne_2d_x": 1.0, "grid_tsne_2d_y": 17.0, "grid_tsne_3d_x": 6.0, "grid_tsne_3d_y": 4.0, "grid_tsne_3d_z": 5.0, "patch_file": "patch_0744.png" }, "geometry": { "type": "Point", "coordinates": [ -90.802635624597855, 54.298664726840173 ] } },
{ "type": "Feature", "properties": { "index": 745, "lon": 91.535021903975348, "lat": 53.122169606699245, "classification": 111, "subregion_name": "Eastern Europe", "umap_1d_x": 20.302011, "umap_2d_x": -31.717983, "umap_2d_y": -42.710674, "umap_3d_x": -36.122437, "umap_3d_y": -49.356869, "umap_3d_z": 38.486412, "tsne_1d_x": 28.453474, "tsne_2d_x": -28.814608, "tsne_2d_y": 5.6309357, "tsne_3d_x": 1.1779671, "tsne_3d_y": -45.488262, "tsne_3d_z": 24.983032, "grid_umap_1d_x": 745.0, "grid_umap_2d_x": 24.0, "grid_umap_2d_y": 2.0, "grid_umap_3d_x": 9.0, "grid_umap_3d_y": 0.0, "grid_umap_3d_z": 8.0, "grid_tsne_1d_x": 745.0, "grid_tsne_2d_x": 19.0, "grid_tsne_2d_y": 25.0, "grid_tsne_3d_x": 1.0, "grid_tsne_3d_y": 3.0, "grid_tsne_3d_z": 5.0, "patch_file": "patch_0745.png" }, "geometry": { "type": "Point", "coordinates": [ 91.535021903975348, 53.122169606699245 ] } },
{ "type": "Feature", "properties": { "index": 746, "lon": 159.3032223010706, "lat": 55.186834887306205, "classification": 116, "subregion_name": "Eastern Europe", "umap_1d_x": 22.410866, "umap_2d_x": -40.149399, "umap_2d_y": -37.402412, "umap_3d_x": -39.279369, "umap_3d_y": -27.008793, "umap_3d_z": 35.483131, "tsne_1d_x": 43.878479, "tsne_2d_x": -36.197453, "tsne_2d_y": -10.76844, "tsne_3d_x": 19.172752, "tsne_3d_y": -15.301971, "tsne_3d_z": 29.371552, "grid_umap_1d_x": 746.0, "grid_umap_2d_x": 10.0, "grid_umap_2d_y": 4.0, "grid_umap_3d_x": 1.0, "grid_umap_3d_y": 3.0, "grid_umap_3d_z": 9.0, "grid_tsne_1d_x": 746.0, "grid_tsne_2d_x": 14.0, "grid_tsne_2d_y": 16.0, "grid_tsne_3d_x": 6.0, "grid_tsne_3d_y": 3.0, "grid_tsne_3d_z": 8.0, "patch_file": "patch_0746.png" }, "geometry": { "type": "Point", "coordinates": [ 159.303222301070605, 55.186834887306205 ] } },
{ "type": "Feature", "properties": { "index": 747, "lon": 132.96826160141859, "lat": -15.116382864417631, "classification": 114, "subregion_name": "Unknown", "umap_1d_x": -10.787217, "umap_2d_x": 42.689323, "umap_2d_y": 17.541771, "umap_3d_x": 43.865128, "umap_3d_y": 21.323616, "umap_3d_z": -9.7247543, "tsne_1d_x": -51.795174, "tsne_2d_x": 41.764587, "tsne_2d_y": 27.158302, "tsne_3d_x": -1.5171471, "tsne_3d_y": 6.9585266, "tsne_3d_z": -37.457539, "grid_umap_1d_x": 747.0, "grid_umap_2d_x": 27.0, "grid_umap_2d_y": 15.0, "grid_umap_3d_x": 7.0, "grid_umap_3d_y": 4.0, "grid_umap_3d_z": 3.0, "grid_tsne_1d_x": 747.0, "grid_tsne_2d_x": 30.0, "grid_tsne_2d_y": 25.0, "grid_tsne_3d_x": 5.0, "grid_tsne_3d_y": 6.0, "grid_tsne_3d_z": 1.0, "patch_file": "patch_0747.png" }, "geometry": { "type": "Point", "coordinates": [ 132.96826160141859, -15.116382864417631 ] } },
{ "type": "Feature", "properties": { "index": 748, "lon": 33.008577347260058, "lat": 65.887498732483564, "classification": 90, "subregion_name": "Eastern Europe", "umap_1d_x": 23.821602, "umap_2d_x": -45.616497, "umap_2d_y": -30.376625, "umap_3d_x": -46.567623, "umap_3d_y": -23.341877, "umap_3d_z": 30.685104, "tsne_1d_x": 52.529991, "tsne_2d_x": -47.013103, "tsne_2d_y": 0.94553375, "tsne_3d_x": 38.932938, "tsne_3d_y": -6.0359268, "tsne_3d_z": 33.343605, "grid_umap_1d_x": 748.0, "grid_umap_2d_x": 4.0, "grid_umap_2d_y": 6.0, "grid_umap_3d_x": 1.0, "grid_umap_3d_y": 6.0, "grid_umap_3d_z": 7.0, "grid_tsne_1d_x": 748.0, "grid_tsne_2d_x": 15.0, "grid_tsne_2d_y": 25.0, "grid_tsne_3d_x": 9.0, "grid_tsne_3d_y": 7.0, "grid_tsne_3d_z": 8.0, "patch_file": "patch_0748.png" }, "geometry": { "type": "Point", "coordinates": [ 33.008577347260058, 65.887498732483564 ] } },
{ "type": "Feature", "properties": { "index": 749, "lon": -46.588436383229237, "lat": -21.118409331670421, "classification": 116, "subregion_name": "Latin America and the Caribbean", "umap_1d_x": -9.9667149, "umap_2d_x": 40.923416, "umap_2d_y": 20.462685, "umap_3d_x": 40.99411, "umap_3d_y": 24.263336, "umap_3d_z": -0.56583786, "tsne_1d_x": -48.793407, "tsne_2d_x": 42.469383, "tsne_2d_y": 19.818962, "tsne_3d_x": -17.801254, "tsne_3d_y": -3.3752441, "tsne_3d_z": -38.783558, "grid_umap_1d_x": 749.0, "grid_umap_2d_x": 27.0, "grid_umap_2d_y": 17.0, "grid_umap_3d_x": 9.0, "grid_umap_3d_y": 6.0, "grid_umap_3d_z": 8.0, "grid_tsne_1d_x": 749.0, "grid_tsne_2d_x": 28.0, "grid_tsne_2d_y": 20.0, "grid_tsne_3d_x": 0.0, "grid_tsne_3d_y": 2.0, "grid_tsne_3d_z": 0.0, "patch_file": "patch_0749.png" }, "geometry": { "type": "Point", "coordinates": [ -46.588436383229237, -21.118409331670421 ] } },
{ "type": "Feature", "properties": { "index": 750, "lon": -81.134383926671759, "lat": 27.772397858046816, "classification": 126, "subregion_name": "Unknown", "umap_1d_x": 5.8335147, "umap_2d_x": -10.922474, "umap_2d_y": 20.856384, "umap_3d_x": -7.6223984, "umap_3d_y": 1.9158859, "umap_3d_z": -25.712877, "tsne_1d_x": -2.0484023, "tsne_2d_x": -0.090511321999997563, "tsne_2d_y": -0.77910233, "tsne_3d_x": -15.211304, "tsne_3d_y": -0.83133316, "tsne_3d_z": 2.9213181, "grid_umap_1d_x": 750.0, "grid_umap_2d_x": 2.0, "grid_umap_2d_y": 23.0, "grid_umap_3d_x": 4.0, "grid_umap_3d_y": 3.0, "grid_umap_3d_z": 0.0, "grid_tsne_1d_x": 750.0, "grid_tsne_2d_x": 1.0, "grid_tsne_2d_y": 0.0, "grid_tsne_3d_x": 0.0, "grid_tsne_3d_y": 3.0, "grid_tsne_3d_z": 5.0, "patch_file": "patch_0750.png" }, "geometry": { "type": "Point", "coordinates": [ -81.134383926671759, 27.772397858046816 ] } },
{ "type": "Feature", "properties": { "index": 751, "lon": 98.832994209784999, "lat": 10.717548151857912, "classification": 112, "subregion_name": "South-eastern Asia", "umap_1d_x": 6.2979145, "umap_2d_x": -10.584156, "umap_2d_y": 16.453781, "umap_3d_x": -6.7362518, "umap_3d_y": 3.9690132, "umap_3d_z": -20.481459, "tsne_1d_x": -24.87142, "tsne_2d_x": 13.140171, "tsne_2d_y": -19.811705, "tsne_3d_x": -10.206673, "tsne_3d_y": 30.676277, "tsne_3d_z": -10.537262, "grid_umap_1d_x": 751.0, "grid_umap_2d_x": 2.0, "grid_umap_2d_y": 21.0, "grid_umap_3d_x": 3.0, "grid_umap_3d_y": 7.0, "grid_umap_3d_z": 3.0, "grid_tsne_1d_x": 751.0, "grid_tsne_2d_x": 21.0, "grid_tsne_2d_y": 5.0, "grid_tsne_3d_x": 3.0, "grid_tsne_3d_y": 7.0, "grid_tsne_3d_z": 3.0, "patch_file": "patch_0751.png" }, "geometry": { "type": "Point", "coordinates": [ 98.832994209784999, 10.717548151857912 ] } },
{ "type": "Feature", "properties": { "index": 752, "lon": 90.44256329303397, "lat": 27.619525058027733, "classification": 111, "subregion_name": "Southern Asia", "umap_1d_x": 7.4777327, "umap_2d_x": -14.458351, "umap_2d_y": 8.0961685, "umap_3d_x": -13.470062, "umap_3d_y": -2.5221176, "umap_3d_z": -10.161545, "tsne_1d_x": -6.8253875, "tsne_2d_x": 3.9228859, "tsne_2d_y": -16.283558, "tsne_3d_x": -7.8374138, "tsne_3d_y": 17.867714, "tsne_3d_z": -0.11283875, "grid_umap_1d_x": 752.0, "grid_umap_2d_x": 3.0, "grid_umap_2d_y": 17.0, "grid_umap_3d_x": 0.0, "grid_umap_3d_y": 5.0, "grid_umap_3d_z": 1.0, "grid_tsne_1d_x": 752.0, "grid_tsne_2d_x": 14.0, "grid_tsne_2d_y": 3.0, "grid_tsne_3d_x": 2.0, "grid_tsne_3d_y": 8.0, "grid_tsne_3d_z": 5.0, "patch_file": "patch_0752.png" }, "geometry": { "type": "Point", "coordinates": [ 90.44256329303397, 27.619525058027733 ] } },
{ "type": "Feature", "properties": { "index": 753, "lon": -50.5890714843448, "lat": -7.8421847753163263, "classification": 30, "subregion_name": "Latin America and the Caribbean", "umap_1d_x": -9.2600002, "umap_2d_x": 36.667412, "umap_2d_y": 23.217758, "umap_3d_x": 37.46682, "umap_3d_y": 28.453636, "umap_3d_z": -8.8220406, "tsne_1d_x": -44.626938, "tsne_2d_x": 42.035591, "tsne_2d_y": 13.027596, "tsne_3d_x": -15.402229, "tsne_3d_y": 12.146248, "tsne_3d_z": -32.443657, "grid_umap_1d_x": 753.0, "grid_umap_2d_x": 22.0, "grid_umap_2d_y": 20.0, "grid_umap_3d_x": 8.0, "grid_umap_3d_y": 8.0, "grid_umap_3d_z": 4.0, "grid_tsne_1d_x": 753.0, "grid_tsne_2d_x": 27.0, "grid_tsne_2d_y": 14.0, "grid_tsne_3d_x": 2.0, "grid_tsne_3d_y": 5.0, "grid_tsne_3d_z": 3.0, "patch_file": "patch_0753.png" }, "geometry": { "type": "Point", "coordinates": [ -50.5890714843448, -7.842184775316326 ] } },
{ "type": "Feature", "properties": { "index": 754, "lon": -66.376358806215805, "lat": -7.6944789019353914, "classification": 112, "subregion_name": "Latin America and the Caribbean", "umap_1d_x": -3.1809535, "umap_2d_x": 23.841652, "umap_2d_y": 47.018562, "umap_3d_x": 20.737846, "umap_3d_y": 35.864204, "umap_3d_z": -30.665407, "tsne_1d_x": -35.470585, "tsne_2d_x": 26.69368, "tsne_2d_y": -43.064659, "tsne_3d_x": -38.37682, "tsne_3d_y": 39.809669, "tsne_3d_z": -5.4092216, "grid_umap_1d_x": 754.0, "grid_umap_2d_x": 18.0, "grid_umap_2d_y": 27.0, "grid_umap_3d_x": 7.0, "grid_umap_3d_y": 7.0, "grid_umap_3d_z": 0.0, "grid_tsne_1d_x": 754.0, "grid_tsne_2d_x": 28.0, "grid_tsne_2d_y": 0.0, "grid_tsne_3d_x": 1.0, "grid_tsne_3d_y": 8.0, "grid_tsne_3d_z": 8.0, "patch_file": "patch_0754.png" }, "geometry": { "type": "Point", "coordinates": [ -66.376358806215805, -7.694478901935391 ] } },
{ "type": "Feature", "properties": { "index": 755, "lon": 42.18838985116804, "lat": 65.630684852573452, "classification": 111, "subregion_name": "Eastern Europe", "umap_1d_x": 20.037788, "umap_2d_x": -32.14278, "umap_2d_y": -39.295013, "umap_3d_x": -35.235497, "umap_3d_y": -47.730259, "umap_3d_z": 32.070198, "tsne_1d_x": 27.523603, "tsne_2d_x": -28.442707, "tsne_2d_y": 11.789745, "tsne_3d_x": 11.19075, "tsne_3d_y": -42.993687, "tsne_3d_z": 22.923676, "grid_umap_1d_x": 755.0, "grid_umap_2d_x": 15.0, "grid_umap_2d_y": 0.0, "grid_umap_3d_x": 8.0, "grid_umap_3d_y": 1.0, "grid_umap_3d_z": 7.0, "grid_tsne_1d_x": 755.0, "grid_tsne_2d_x": 14.0, "grid_tsne_2d_y": 27.0, "grid_tsne_3d_x": 4.0, "grid_tsne_3d_y": 0.0, "grid_tsne_3d_z": 6.0, "patch_file": "patch_0755.png" }, "geometry": { "type": "Point", "coordinates": [ 42.18838985116804, 65.630684852573452 ] } },
{ "type": "Feature", "properties": { "index": 756, "lon": 17.745533328469094, "lat": 9.9785538321572034, "classification": 20, "subregion_name": "Sub-Saharan Africa", "umap_1d_x": 4.048851, "umap_2d_x": -11.01342, "umap_2d_y": 30.906387, "umap_3d_x": -5.7551575, "umap_3d_y": 7.1649551, "umap_3d_z": -40.261566, "tsne_1d_x": -17.241739, "tsne_2d_x": 17.109322, "tsne_2d_y": 5.6360245, "tsne_3d_x": 12.53978, "tsne_3d_y": 46.765022, "tsne_3d_z": -9.1799202, "grid_umap_1d_x": 756.0, "grid_umap_2d_x": 1.0, "grid_umap_2d_y": 28.0, "grid_umap_3d_x": 5.0, "grid_umap_3d_y": 6.0, "grid_umap_3d_z": 2.0, "grid_tsne_1d_x": 756.0, "grid_tsne_2d_x": 22.0, "grid_tsne_2d_y": 15.0, "grid_tsne_3d_x": 6.0, "grid_tsne_3d_y": 8.0, "grid_tsne_3d_z": 5.0, "patch_file": "patch_0756.png" }, "geometry": { "type": "Point", "coordinates": [ 17.745533328469094, 9.978553832157203 ] } },
{ "type": "Feature", "properties": { "index": 757, "lon": 22.675793931923863, "lat": -3.3367325851922089, "classification": 112, "subregion_name": "Sub-Saharan Africa", "umap_1d_x": -5.4250216, "umap_2d_x": 29.083481, "umap_2d_y": 43.029572, "umap_3d_x": 21.508705, "umap_3d_y": 48.79348, "umap_3d_z": -18.118977, "tsne_1d_x": -33.635296, "tsne_2d_x": 29.028839, "tsne_2d_y": -35.85136, "tsne_3d_x": -44.61689, "tsne_3d_y": 33.362617, "tsne_3d_z": -13.833218, "grid_umap_1d_x": 757.0, "grid_umap_2d_x": 24.0, "grid_umap_2d_y": 25.0, "grid_umap_3d_x": 5.0, "grid_umap_3d_y": 8.0, "grid_umap_3d_z": 6.0, "grid_tsne_1d_x": 757.0, "grid_tsne_2d_x": 31.0, "grid_tsne_2d_y": 6.0, "grid_tsne_3d_x": 2.0, "grid_tsne_3d_y": 6.0, "grid_tsne_3d_z": 6.0, "patch_file": "patch_0757.png" }, "geometry": { "type": "Point", "coordinates": [ 22.675793931923863, -3.336732585192209 ] } },
{ "type": "Feature", "properties": { "index": 758, "lon": -113.27780896585332, "lat": 63.833590871398059, "classification": 20, "subregion_name": "Northern America", "umap_1d_x": 24.007208, "umap_2d_x": -45.773422, "umap_2d_y": -37.397327, "umap_3d_x": -46.677326, "umap_3d_y": -26.587883, "umap_3d_z": 38.023857, "tsne_1d_x": 49.594585, "tsne_2d_x": -41.95414, "tsne_2d_y": -12.222641, "tsne_3d_x": 29.766617, "tsne_3d_y": -26.535807, "tsne_3d_z": 42.20269, "grid_umap_1d_x": 758.0, "grid_umap_2d_x": 10.0, "grid_umap_2d_y": 7.0, "grid_umap_3d_x": 3.0, "grid_umap_3d_y": 6.0, "grid_umap_3d_z": 7.0, "grid_tsne_1d_x": 758.0, "grid_tsne_2d_x": 0.0, "grid_tsne_2d_y": 10.0, "grid_tsne_3d_x": 6.0, "grid_tsne_3d_y": 4.0, "grid_tsne_3d_z": 7.0, "patch_file": "patch_0758.png" }, "geometry": { "type": "Point", "coordinates": [ -113.277808965853325, 63.833590871398059 ] } },
{ "type": "Feature", "properties": { "index": 759, "lon": 36.339898846358722, "lat": 10.933947141575075, "classification": 40, "subregion_name": "Sub-Saharan Africa", "umap_1d_x": 4.4451137, "umap_2d_x": -8.5619011, "umap_2d_y": 30.717445, "umap_3d_x": -7.8999138, "umap_3d_y": 10.375603, "umap_3d_z": -39.642208, "tsne_1d_x": -20.000479, "tsne_2d_x": 20.745811, "tsne_2d_y": -4.8084488, "tsne_3d_x": 8.7961388, "tsne_3d_y": 27.100189, "tsne_3d_z": -18.009912, "grid_umap_1d_x": 759.0, "grid_umap_2d_x": 13.0, "grid_umap_2d_y": 25.0, "grid_umap_3d_x": 2.0, "grid_umap_3d_y": 8.0, "grid_umap_3d_z": 1.0, "grid_tsne_1d_x": 759.0, "grid_tsne_2d_x": 24.0, "grid_tsne_2d_y": 15.0, "grid_tsne_3d_x": 6.0, "grid_tsne_3d_y": 9.0, "grid_tsne_3d_z": 0.0, "patch_file": "patch_0759.png" }, "geometry": { "type": "Point", "coordinates": [ 36.339898846358722, 10.933947141575075 ] } },
{ "type": "Feature", "properties": { "index": 760, "lon": 146.59331481129198, "lat": -41.352922401480711, "classification": 112, "subregion_name": "Unknown", "umap_1d_x": -12.341678, "umap_2d_x": 41.78875, "umap_2d_y": 6.7403374, "umap_3d_x": 42.03302, "umap_3d_y": 7.6206398, "umap_3d_z": 1.9956284, "tsne_1d_x": -57.729984, "tsne_2d_x": 32.804443, "tsne_2d_y": 32.633522, "tsne_3d_x": -7.2390747, "tsne_3d_y": -19.936302, "tsne_3d_z": -34.840584, "grid_umap_1d_x": 760.0, "grid_umap_2d_x": 30.0, "grid_umap_2d_y": 9.0, "grid_umap_3d_x": 9.0, "grid_umap_3d_y": 4.0, "grid_umap_3d_z": 8.0, "grid_tsne_1d_x": 760.0, "grid_tsne_2d_x": 29.0, "grid_tsne_2d_y": 30.0, "grid_tsne_3d_x": 3.0, "grid_tsne_3d_y": 0.0, "grid_tsne_3d_z": 0.0, "patch_file": "patch_0760.png" }, "geometry": { "type": "Point", "coordinates": [ 146.593314811291975, -41.352922401480711 ] } },
{ "type": "Feature", "properties": { "index": 761, "lon": 18.039269379491913, "lat": 45.236671978573412, "classification": 114, "subregion_name": "Southern Europe", "umap_1d_x": 14.413178, "umap_2d_x": -26.720024, "umap_2d_y": -11.219227, "umap_3d_x": -25.856411, "umap_3d_y": -29.061626, "umap_3d_z": 6.9433289, "tsne_1d_x": 10.226488, "tsne_2d_x": -11.543427, "tsne_2d_y": 13.220005, "tsne_3d_x": 11.798256, "tsne_3d_y": -14.515419, "tsne_3d_z": 2.4999542, "grid_umap_1d_x": 761.0, "grid_umap_2d_x": 0.0, "grid_umap_2d_y": 8.0, "grid_umap_3d_x": 4.0, "grid_umap_3d_y": 3.0, "grid_umap_3d_z": 4.0, "grid_tsne_1d_x": 761.0, "grid_tsne_2d_x": 8.0, "grid_tsne_2d_y": 21.0, "grid_tsne_3d_x": 6.0, "grid_tsne_3d_y": 1.0, "grid_tsne_3d_z": 3.0, "patch_file": "patch_0761.png" }, "geometry": { "type": "Point", "coordinates": [ 18.039269379491913, 45.236671978573412 ] } },
{ "type": "Feature", "properties": { "index": 762, "lon": -53.256816362171676, "lat": 1.276006821313558, "classification": 112, "subregion_name": "Latin America and the Caribbean", "umap_1d_x": -2.5876999, "umap_2d_x": 21.60553, "umap_2d_y": 49.643326, "umap_3d_x": 18.627968, "umap_3d_y": 42.592453, "umap_3d_z": -31.675802, "tsne_1d_x": -36.568211, "tsne_2d_x": 25.401863, "tsne_2d_y": -46.542561, "tsne_3d_x": -35.519665, "tsne_3d_y": 46.083397, "tsne_3d_z": -7.7477112, "grid_umap_1d_x": 762.0, "grid_umap_2d_x": 15.0, "grid_umap_2d_y": 28.0, "grid_umap_3d_x": 4.0, "grid_umap_3d_y": 9.0, "grid_umap_3d_z": 1.0, "grid_tsne_1d_x": 762.0, "grid_tsne_2d_x": 27.0, "grid_tsne_2d_y": 0.0, "grid_tsne_3d_x": 1.0, "grid_tsne_3d_y": 9.0, "grid_tsne_3d_z": 7.0, "patch_file": "patch_0762.png" }, "geometry": { "type": "Point", "coordinates": [ -53.256816362171676, 1.276006821313558 ] } },
{ "type": "Feature", "properties": { "index": 763, "lon": 121.39755503489812, "lat": -3.0195078611034631, "classification": 112, "subregion_name": "South-eastern Asia", "umap_1d_x": -4.1186819, "umap_2d_x": 24.727982, "umap_2d_y": 36.99733, "umap_3d_x": 20.360649, "umap_3d_y": 32.63382, "umap_3d_z": -17.168453, "tsne_1d_x": -29.244799, "tsne_2d_x": 18.632057, "tsne_2d_y": -33.01255, "tsne_3d_x": -26.976746, "tsne_3d_y": 20.096741, "tsne_3d_z": -8.3221474, "grid_umap_1d_x": 763.0, "grid_umap_2d_x": 22.0, "grid_umap_2d_y": 30.0, "grid_umap_3d_x": 6.0, "grid_umap_3d_y": 6.0, "grid_umap_3d_z": 3.0, "grid_tsne_1d_x": 763.0, "grid_tsne_2d_x": 23.0, "grid_tsne_2d_y": 2.0, "grid_tsne_3d_x": 0.0, "grid_tsne_3d_y": 5.0, "grid_tsne_3d_z": 4.0, "patch_file": "patch_0763.png" }, "geometry": { "type": "Point", "coordinates": [ 121.397555034898119, -3.019507861103463 ] } },
{ "type": "Feature", "properties": { "index": 764, "lon": 124.67752848241986, "lat": -22.661115424951404, "classification": 126, "subregion_name": "Unknown", "umap_1d_x": -13.89121, "umap_2d_x": 48.415787, "umap_2d_y": 0.72306824, "umap_3d_x": 48.388489, "umap_3d_y": -5.056076, "umap_3d_z": 1.9566536, "tsne_1d_x": -62.984573, "tsne_2d_x": 40.986755, "tsne_2d_y": 45.879272, "tsne_3d_x": 10.212238, "tsne_3d_y": -14.549736, "tsne_3d_z": -50.0, "grid_umap_1d_x": 764.0, "grid_umap_2d_x": 31.0, "grid_umap_2d_y": 0.0, "grid_umap_3d_x": 9.0, "grid_umap_3d_y": 0.0, "grid_umap_3d_z": 6.0, "grid_tsne_1d_x": 764.0, "grid_tsne_2d_x": 21.0, "grid_tsne_2d_y": 27.0, "grid_tsne_3d_x": 6.0, "grid_tsne_3d_y": 3.0, "grid_tsne_3d_z": 1.0, "patch_file": "patch_0764.png" }, "geometry": { "type": "Point", "coordinates": [ 124.677528482419859, -22.661115424951404 ] } },
{ "type": "Feature", "properties": { "index": 765, "lon": 102.21832746218178, "lat": 3.8200243462707988, "classification": 112, "subregion_name": "South-eastern Asia", "umap_1d_x": -4.6268568, "umap_2d_x": 27.290413, "umap_2d_y": 40.314774, "umap_3d_x": 21.316353, "umap_3d_y": 42.055443, "umap_3d_z": -18.923336, "tsne_1d_x": -32.334442, "tsne_2d_x": 25.374596, "tsne_2d_y": -33.071507, "tsne_3d_x": -35.205681, "tsne_3d_y": 25.666901, "tsne_3d_z": -15.099045, "grid_umap_1d_x": 765.0, "grid_umap_2d_x": 23.0, "grid_umap_2d_y": 27.0, "grid_umap_3d_x": 4.0, "grid_umap_3d_y": 8.0, "grid_umap_3d_z": 4.0, "grid_tsne_1d_x": 765.0, "grid_tsne_2d_x": 27.0, "grid_tsne_2d_y": 4.0, "grid_tsne_3d_x": 0.0, "grid_tsne_3d_y": 6.0, "grid_tsne_3d_z": 3.0, "patch_file": "patch_0765.png" }, "geometry": { "type": "Point", "coordinates": [ 102.218327462181776, 3.820024346270799 ] } },
{ "type": "Feature", "properties": { "index": 766, "lon": 93.767891685170866, "lat": 29.223474048800028, "classification": 111, "subregion_name": "Unknown", "umap_1d_x": 7.6223578, "umap_2d_x": -14.656391, "umap_2d_y": 7.2634697, "umap_3d_x": -13.75034, "umap_3d_y": -2.4207611, "umap_3d_z": -9.4110413, "tsne_1d_x": -6.6456423, "tsne_2d_x": 3.2672272, "tsne_2d_y": -17.585461, "tsne_3d_x": -11.653194, "tsne_3d_y": 18.22744, "tsne_3d_z": 0.63634491, "grid_umap_1d_x": 766.0, "grid_umap_2d_x": 4.0, "grid_umap_2d_y": 17.0, "grid_umap_3d_x": 0.0, "grid_umap_3d_y": 7.0, "grid_umap_3d_z": 2.0, "grid_tsne_1d_x": 766.0, "grid_tsne_2d_x": 13.0, "grid_tsne_2d_y": 1.0, "grid_tsne_3d_x": 2.0, "grid_tsne_3d_y": 7.0, "grid_tsne_3d_z": 6.0, "patch_file": "patch_0766.png" }, "geometry": { "type": "Point", "coordinates": [ 93.767891685170866, 29.223474048800028 ] } },
{ "type": "Feature", "properties": { "index": 767, "lon": 12.166792404452849, "lat": 53.548925943817352, "classification": 40, "subregion_name": "Western Europe", "umap_1d_x": 15.229968, "umap_2d_x": -32.58337, "umap_2d_y": -10.485893, "umap_3d_x": -32.432381, "umap_3d_y": -31.863018, "umap_3d_z": -2.0315704, "tsne_1d_x": 13.339353, "tsne_2d_x": -12.227707, "tsne_2d_y": 33.495232, "tsne_3d_x": 28.173981, "tsne_3d_y": -22.700977, "tsne_3d_z": -0.54030609, "grid_umap_1d_x": 767.0, "grid_umap_2d_x": 7.0, "grid_umap_2d_y": 16.0, "grid_umap_3d_x": 3.0, "grid_umap_3d_y": 0.0, "grid_umap_3d_z": 2.0, "grid_tsne_1d_x": 767.0, "grid_tsne_2d_x": 7.0, "grid_tsne_2d_y": 31.0, "grid_tsne_3d_x": 9.0, "grid_tsne_3d_y": 0.0, "grid_tsne_3d_z": 3.0, "patch_file": "patch_0767.png" }, "geometry": { "type": "Point", "coordinates": [ 12.166792404452849, 53.548925943817352 ] } },
{ "type": "Feature", "properties": { "index": 768, "lon": 32.32444113986702, "lat": 49.340658759090132, "classification": 90, "subregion_name": "Eastern Europe", "umap_1d_x": 16.710293, "umap_2d_x": -29.355942, "umap_2d_y": -20.015648, "umap_3d_x": -29.422707, "umap_3d_y": -36.743927, "umap_3d_z": 14.237267, "tsne_1d_x": 20.535908, "tsne_2d_x": -16.358955, "tsne_2d_y": 12.089138, "tsne_3d_x": 16.252419, "tsne_3d_y": -22.309065, "tsne_3d_z": 9.2333603, "grid_umap_1d_x": 768.0, "grid_umap_2d_x": 0.0, "grid_umap_2d_y": 2.0, "grid_umap_3d_x": 5.0, "grid_umap_3d_y": 2.0, "grid_umap_3d_z": 5.0, "grid_tsne_1d_x": 768.0, "grid_tsne_2d_x": 4.0, "grid_tsne_2d_y": 20.0, "grid_tsne_3d_x": 6.0, "grid_tsne_3d_y": 3.0, "grid_tsne_3d_z": 4.0, "patch_file": "patch_0768.png" }, "geometry": { "type": "Point", "coordinates": [ 32.32444113986702, 49.340658759090132 ] } },
{ "type": "Feature", "properties": { "index": 769, "lon": 15.583908531529289, "lat": 46.964664234227726, "classification": 125, "subregion_name": "Western Europe", "umap_1d_x": 14.77668, "umap_2d_x": -28.64106, "umap_2d_y": -13.988678, "umap_3d_x": -27.976353, "umap_3d_y": -32.427223, "umap_3d_z": 7.128006, "tsne_1d_x": 11.412238, "tsne_2d_x": -13.910595, "tsne_2d_y": 14.970253, "tsne_3d_x": 17.615227, "tsne_3d_y": -20.382191, "tsne_3d_z": 2.9370308, "grid_umap_1d_x": 769.0, "grid_umap_2d_x": 10.0, "grid_umap_2d_y": 14.0, "grid_umap_3d_x": 6.0, "grid_umap_3d_y": 1.0, "grid_umap_3d_z": 3.0, "grid_tsne_1d_x": 769.0, "grid_tsne_2d_x": 18.0, "grid_tsne_2d_y": 27.0, "grid_tsne_3d_x": 7.0, "grid_tsne_3d_y": 0.0, "grid_tsne_3d_z": 3.0, "patch_file": "patch_0769.png" }, "geometry": { "type": "Point", "coordinates": [ 15.583908531529289, 46.964664234227726 ] } },
{ "type": "Feature", "properties": { "index": 770, "lon": -83.963973308005407, "lat": 46.32314571775575, "classification": 126, "subregion_name": "Northern America", "umap_1d_x": 21.927364, "umap_2d_x": -36.717705, "umap_2d_y": -32.47068, "umap_3d_x": -39.742889, "umap_3d_y": -40.44696, "umap_3d_z": 28.02681, "tsne_1d_x": 35.188148, "tsne_2d_x": -37.539757, "tsne_2d_y": 14.925735, "tsne_3d_x": 21.442429, "tsne_3d_y": -48.400982, "tsne_3d_z": 28.927467, "grid_umap_1d_x": 770.0, "grid_umap_2d_x": 13.0, "grid_umap_2d_y": 8.0, "grid_umap_3d_x": 2.0, "grid_umap_3d_y": 1.0, "grid_umap_3d_z": 6.0, "grid_tsne_1d_x": 770.0, "grid_tsne_2d_x": 6.0, "grid_tsne_2d_y": 27.0, "grid_tsne_3d_x": 6.0, "grid_tsne_3d_y": 0.0, "grid_tsne_3d_z": 6.0, "patch_file": "patch_0770.png" }, "geometry": { "type": "Point", "coordinates": [ -83.963973308005407, 46.32314571775575 ] } },
{ "type": "Feature", "properties": { "index": 771, "lon": 126.84653886002536, "lat": 53.004169035404999, "classification": 126, "subregion_name": "Eastern Europe", "umap_1d_x": 23.52956, "umap_2d_x": -40.383316, "umap_2d_y": -24.648205, "umap_3d_x": -39.107742, "umap_3d_y": -22.299427, "umap_3d_z": 21.781769, "tsne_1d_x": 46.802849, "tsne_2d_x": -34.44381, "tsne_2d_y": -10.037617, "tsne_3d_x": 27.080116, "tsne_3d_y": -6.0909882, "tsne_3d_z": 23.213531, "grid_umap_1d_x": 771.0, "grid_umap_2d_x": 0.0, "grid_umap_2d_y": 5.0, "grid_umap_3d_x": 2.0, "grid_umap_3d_y": 6.0, "grid_umap_3d_z": 5.0, "grid_tsne_1d_x": 771.0, "grid_tsne_2d_x": 7.0, "grid_tsne_2d_y": 12.0, "grid_tsne_3d_x": 9.0, "grid_tsne_3d_y": 5.0, "grid_tsne_3d_z": 8.0, "patch_file": "patch_0771.png" }, "geometry": { "type": "Point", "coordinates": [ 126.846538860025362, 53.004169035404999 ] } },
{ "type": "Feature", "properties": { "index": 772, "lon": 110.37857037513459, "lat": 63.227367788614771, "classification": 113, "subregion_name": "Eastern Europe", "umap_1d_x": 21.443972, "umap_2d_x": -42.562569, "umap_2d_y": -46.927898, "umap_3d_x": -40.623577, "umap_3d_y": -26.737602, "umap_3d_z": 47.695343, "tsne_1d_x": 41.432213, "tsne_2d_x": -33.781307, "tsne_2d_y": -16.049309, "tsne_3d_x": 13.260429, "tsne_3d_y": -18.726612, "tsne_3d_z": 34.656052, "grid_umap_1d_x": 772.0, "grid_umap_2d_x": 23.0, "grid_umap_2d_y": 8.0, "grid_umap_3d_x": 5.0, "grid_umap_3d_y": 7.0, "grid_umap_3d_z": 8.0, "grid_tsne_1d_x": 772.0, "grid_tsne_2d_x": 2.0, "grid_tsne_2d_y": 5.0, "grid_tsne_3d_x": 4.0, "grid_tsne_3d_y": 3.0, "grid_tsne_3d_z": 9.0, "patch_file": "patch_0772.png" }, "geometry": { "type": "Point", "coordinates": [ 110.378570375134586, 63.227367788614771 ] } },
{ "type": "Feature", "properties": { "index": 773, "lon": -72.545984964841082, "lat": 45.614118052605605, "classification": 126, "subregion_name": "Northern America", "umap_1d_x": 16.019075, "umap_2d_x": -38.658813, "umap_2d_y": -18.424358, "umap_3d_x": -36.709259, "umap_3d_y": -23.851013, "umap_3d_z": 11.362839, "tsne_1d_x": 16.201006, "tsne_2d_x": -17.161827, "tsne_2d_y": 23.41246, "tsne_3d_x": 23.966766, "tsne_3d_y": -9.0091286, "tsne_3d_z": 11.547707, "grid_umap_1d_x": 773.0, "grid_umap_2d_x": 9.0, "grid_umap_2d_y": 15.0, "grid_umap_3d_x": 1.0, "grid_umap_3d_y": 3.0, "grid_umap_3d_z": 5.0, "grid_tsne_1d_x": 773.0, "grid_tsne_2d_x": 1.0, "grid_tsne_2d_y": 27.0, "grid_tsne_3d_x": 9.0, "grid_tsne_3d_y": 2.0, "grid_tsne_3d_z": 5.0, "patch_file": "patch_0773.png" }, "geometry": { "type": "Point", "coordinates": [ -72.545984964841082, 45.614118052605605 ] } },
{ "type": "Feature", "properties": { "index": 774, "lon": 29.694844787715027, "lat": -20.154681903839517, "classification": 20, "subregion_name": "Sub-Saharan Africa", "umap_1d_x": -11.212301, "umap_2d_x": 44.142578, "umap_2d_y": 24.431572, "umap_3d_x": 46.400467, "umap_3d_y": 29.66729, "umap_3d_z": -3.7490311, "tsne_1d_x": -53.117798, "tsne_2d_x": 45.754089, "tsne_2d_y": 27.300278, "tsne_3d_x": -5.8637962, "tsne_3d_y": 6.7418823, "tsne_3d_z": -44.408733, "grid_umap_1d_x": 774.0, "grid_umap_2d_x": 22.0, "grid_umap_2d_y": 18.0, "grid_umap_3d_x": 8.0, "grid_umap_3d_y": 7.0, "grid_umap_3d_z": 6.0, "grid_tsne_1d_x": 774.0, "grid_tsne_2d_x": 26.0, "grid_tsne_2d_y": 24.0, "grid_tsne_3d_x": 3.0, "grid_tsne_3d_y": 4.0, "grid_tsne_3d_z": 0.0, "patch_file": "patch_0774.png" }, "geometry": { "type": "Point", "coordinates": [ 29.694844787715027, -20.154681903839517 ] } },
{ "type": "Feature", "properties": { "index": 775, "lon": 133.91165009092128, "lat": -2.8696575220091991, "classification": 112, "subregion_name": "South-eastern Asia", "umap_1d_x": -4.3534112, "umap_2d_x": 25.870415, "umap_2d_y": 37.701576, "umap_3d_x": 21.339088, "umap_3d_y": 35.989807, "umap_3d_z": -18.272591, "tsne_1d_x": -29.805853, "tsne_2d_x": 20.726517, "tsne_2d_y": -31.775866, "tsne_3d_x": -28.558435, "tsne_3d_y": 21.999275, "tsne_3d_z": -13.236916, "grid_umap_1d_x": 775.0, "grid_umap_2d_x": 22.0, "grid_umap_2d_y": 25.0, "grid_umap_3d_x": 6.0, "grid_umap_3d_y": 7.0, "grid_umap_3d_z": 4.0, "grid_tsne_1d_x": 775.0, "grid_tsne_2d_x": 24.0, "grid_tsne_2d_y": 6.0, "grid_tsne_3d_x": 0.0, "grid_tsne_3d_y": 7.0, "grid_tsne_3d_z": 2.0, "patch_file": "patch_0775.png" }, "geometry": { "type": "Point", "coordinates": [ 133.911650090921285, -2.869657522009199 ] } },
{ "type": "Feature", "properties": { "index": 776, "lon": 74.971851334775977, "lat": 63.60825671046733, "classification": 90, "subregion_name": "Eastern Europe", "umap_1d_x": 23.646702, "umap_2d_x": -43.656666, "umap_2d_y": -25.934925, "umap_3d_x": -44.107433, "umap_3d_y": -22.928476, "umap_3d_z": 25.159904, "tsne_1d_x": 48.385201, "tsne_2d_x": -44.941647, "tsne_2d_y": -3.4268112, "tsne_3d_x": 37.112801, "tsne_3d_y": -14.506592, "tsne_3d_z": 26.846169, "grid_umap_1d_x": 776.0, "grid_umap_2d_x": 10.0, "grid_umap_2d_y": 13.0, "grid_umap_3d_x": 3.0, "grid_umap_3d_y": 7.0, "grid_umap_3d_z": 5.0, "grid_tsne_1d_x": 776.0, "grid_tsne_2d_x": 13.0, "grid_tsne_2d_y": 21.0, "grid_tsne_3d_x": 9.0, "grid_tsne_3d_y": 4.0, "grid_tsne_3d_z": 7.0, "patch_file": "patch_0776.png" }, "geometry": { "type": "Point", "coordinates": [ 74.971851334775977, 63.60825671046733 ] } },
{ "type": "Feature", "properties": { "index": 777, "lon": 112.69959304377682, "lat": 31.894088278630377, "classification": 40, "subregion_name": "Unknown", "umap_1d_x": 8.8600349, "umap_2d_x": -15.577778, "umap_2d_y": -2.1855202, "umap_3d_x": -18.447403, "umap_3d_y": -7.334713, "umap_3d_z": 4.1696014, "tsne_1d_x": -4.4291306, "tsne_2d_x": -4.5010109, "tsne_2d_y": -14.601612, "tsne_3d_x": 9.0397072, "tsne_3d_y": 21.321831, "tsne_3d_z": 10.036839, "grid_umap_1d_x": 777.0, "grid_umap_2d_x": 16.0, "grid_umap_2d_y": 20.0, "grid_umap_3d_x": 1.0, "grid_umap_3d_y": 6.0, "grid_umap_3d_z": 4.0, "grid_tsne_1d_x": 777.0, "grid_tsne_2d_x": 13.0, "grid_tsne_2d_y": 6.0, "grid_tsne_3d_x": 5.0, "grid_tsne_3d_y": 9.0, "grid_tsne_3d_z": 9.0, "patch_file": "patch_0777.png" }, "geometry": { "type": "Point", "coordinates": [ 112.699593043776815, 31.894088278630377 ] } },
{ "type": "Feature", "properties": { "index": 778, "lon": -87.779945411996408, "lat": 38.80481857369638, "classification": 40, "subregion_name": "Unknown", "umap_1d_x": 11.573964, "umap_2d_x": -21.012026, "umap_2d_y": -7.9396172, "umap_3d_x": -21.11063, "umap_3d_y": -23.550385, "umap_3d_z": 2.6167107, "tsne_1d_x": 5.7021976, "tsne_2d_x": -4.6406937, "tsne_2d_y": 6.3614197, "tsne_3d_x": -9.2651939, "tsne_3d_y": -16.337986, "tsne_3d_z": -3.4089966, "grid_umap_1d_x": 778.0, "grid_umap_2d_x": 15.0, "grid_umap_2d_y": 18.0, "grid_umap_3d_x": 3.0, "grid_umap_3d_y": 0.0, "grid_umap_3d_z": 3.0, "grid_tsne_1d_x": 778.0, "grid_tsne_2d_x": 19.0, "grid_tsne_2d_y": 19.0, "grid_tsne_3d_x": 1.0, "grid_tsne_3d_y": 2.0, "grid_tsne_3d_z": 3.0, "patch_file": "patch_0778.png" }, "geometry": { "type": "Point", "coordinates": [ -87.779945411996408, 38.80481857369638 ] } },
{ "type": "Feature", "properties": { "index": 779, "lon": 78.933581791774259, "lat": 42.939410068107634, "classification": 30, "subregion_name": "Unknown", "umap_1d_x": 13.166959, "umap_2d_x": -24.264685, "umap_2d_y": 1.2914848, "umap_3d_x": -27.559448, "umap_3d_y": -13.333069, "umap_3d_z": -0.103405, "tsne_1d_x": 11.816175, "tsne_2d_x": -14.823353, "tsne_2d_y": 5.2350273, "tsne_3d_x": 27.196465, "tsne_3d_y": 1.9976196, "tsne_3d_z": 11.368866, "grid_umap_1d_x": 779.0, "grid_umap_2d_x": 7.0, "grid_umap_2d_y": 18.0, "grid_umap_3d_x": 0.0, "grid_umap_3d_y": 7.0, "grid_umap_3d_z": 3.0, "grid_tsne_1d_x": 779.0, "grid_tsne_2d_x": 18.0, "grid_tsne_2d_y": 21.0, "grid_tsne_3d_x": 9.0, "grid_tsne_3d_y": 7.0, "grid_tsne_3d_z": 5.0, "patch_file": "patch_0779.png" }, "geometry": { "type": "Point", "coordinates": [ 78.933581791774259, 42.939410068107634 ] } },
{ "type": "Feature", "properties": { "index": 780, "lon": -90.224199459361103, "lat": 56.584827668824289, "classification": 30, "subregion_name": "Northern America", "umap_1d_x": 23.478695, "umap_2d_x": -42.623417, "umap_2d_y": -26.732658, "umap_3d_x": -42.789608, "umap_3d_y": -24.198866, "umap_3d_z": 24.749878, "tsne_1d_x": 48.084599, "tsne_2d_x": -43.2061, "tsne_2d_y": -4.3558998, "tsne_3d_x": 31.13681, "tsne_3d_y": -12.266613, "tsne_3d_z": 26.609894, "grid_umap_1d_x": 780.0, "grid_umap_2d_x": 2.0, "grid_umap_2d_y": 6.0, "grid_umap_3d_x": 0.0, "grid_umap_3d_y": 4.0, "grid_umap_3d_z": 7.0, "grid_tsne_1d_x": 780.0, "grid_tsne_2d_x": 17.0, "grid_tsne_2d_y": 22.0, "grid_tsne_3d_x": 9.0, "grid_tsne_3d_y": 4.0, "grid_tsne_3d_z": 8.0, "patch_file": "patch_0780.png" }, "geometry": { "type": "Point", "coordinates": [ -90.224199459361103, 56.584827668824289 ] } },
{ "type": "Feature", "properties": { "index": 781, "lon": -75.4437873342968, "lat": 56.343788331702385, "classification": 126, "subregion_name": "Northern America", "umap_1d_x": 23.857559, "umap_2d_x": -45.11784, "umap_2d_y": -33.747383, "umap_3d_x": -45.924812, "umap_3d_y": -27.661608, "umap_3d_z": 33.773567, "tsne_1d_x": 49.120953, "tsne_2d_x": -45.053253, "tsne_2d_y": -7.3616104, "tsne_3d_x": 34.897705, "tsne_3d_y": -30.535244, "tsne_3d_z": 36.983261, "grid_umap_1d_x": 781.0, "grid_umap_2d_x": 16.0, "grid_umap_2d_y": 13.0, "grid_umap_3d_x": 2.0, "grid_umap_3d_y": 5.0, "grid_umap_3d_z": 7.0, "grid_tsne_1d_x": 781.0, "grid_tsne_2d_x": 4.0, "grid_tsne_2d_y": 15.0, "grid_tsne_3d_x": 9.0, "grid_tsne_3d_y": 1.0, "grid_tsne_3d_z": 9.0, "patch_file": "patch_0781.png" }, "geometry": { "type": "Point", "coordinates": [ -75.4437873342968, 56.343788331702385 ] } },
{ "type": "Feature", "properties": { "index": 782, "lon": 32.299273837589936, "lat": 40.009784537643938, "classification": 30, "subregion_name": "Western Asia", "umap_1d_x": 12.775162, "umap_2d_x": -23.927073, "umap_2d_y": 3.4235954, "umap_3d_x": -24.301159, "umap_3d_y": -17.375168, "umap_3d_z": -7.4213295, "tsne_1d_x": 0.74232751, "tsne_2d_x": -1.2217865, "tsne_2d_y": 18.497215, "tsne_3d_x": 17.799896, "tsne_3d_y": 2.5321655, "tsne_3d_z": -3.5715294, "grid_umap_1d_x": 782.0, "grid_umap_2d_x": 12.0, "grid_umap_2d_y": 22.0, "grid_umap_3d_x": 3.0, "grid_umap_3d_y": 3.0, "grid_umap_3d_z": 2.0, "grid_tsne_1d_x": 782.0, "grid_tsne_2d_x": 18.0, "grid_tsne_2d_y": 26.0, "grid_tsne_3d_x": 7.0, "grid_tsne_3d_y": 5.0, "grid_tsne_3d_z": 3.0, "patch_file": "patch_0782.png" }, "geometry": { "type": "Point", "coordinates": [ 32.299273837589936, 40.009784537643938 ] } },
{ "type": "Feature", "properties": { "index": 783, "lon": 6.2141339016911266, "lat": 9.2373961666666418, "classification": 30, "subregion_name": "Sub-Saharan Africa", "umap_1d_x": 4.0222216, "umap_2d_x": -12.101902, "umap_2d_y": 30.35247, "umap_3d_x": -8.1815453, "umap_3d_y": 5.1359596, "umap_3d_z": -39.536861, "tsne_1d_x": -16.178614, "tsne_2d_x": 16.000839, "tsne_2d_y": 6.287468, "tsne_3d_x": 16.670631, "tsne_3d_y": 46.309113, "tsne_3d_z": -8.8822174, "grid_umap_1d_x": 783.0, "grid_umap_2d_x": 0.0, "grid_umap_2d_y": 27.0, "grid_umap_3d_x": 4.0, "grid_umap_3d_y": 6.0, "grid_umap_3d_z": 0.0, "grid_tsne_1d_x": 783.0, "grid_tsne_2d_x": 19.0, "grid_tsne_2d_y": 12.0, "grid_tsne_3d_x": 7.0, "grid_tsne_3d_y": 9.0, "grid_tsne_3d_z": 5.0, "patch_file": "patch_0783.png" }, "geometry": { "type": "Point", "coordinates": [ 6.214133901691127, 9.237396166666642 ] } },
{ "type": "Feature", "properties": { "index": 784, "lon": 110.93193246039596, "lat": 27.760413861424922, "classification": 112, "subregion_name": "Unknown", "umap_1d_x": 9.2554798, "umap_2d_x": -17.890076, "umap_2d_y": -1.6044655, "umap_3d_x": -18.565691, "umap_3d_y": -12.464256, "umap_3d_z": 5.5177879, "tsne_1d_x": -3.567795, "tsne_2d_x": -6.1371078, "tsne_2d_y": -9.7313118, "tsne_3d_x": 4.6684608, "tsne_3d_y": 11.636364, "tsne_3d_z": 6.335331, "grid_umap_1d_x": 784.0, "grid_umap_2d_x": 4.0, "grid_umap_2d_y": 13.0, "grid_umap_3d_x": 0.0, "grid_umap_3d_y": 2.0, "grid_umap_3d_z": 4.0, "grid_tsne_1d_x": 784.0, "grid_tsne_2d_x": 5.0, "grid_tsne_2d_y": 1.0, "grid_tsne_3d_x": 4.0, "grid_tsne_3d_y": 8.0, "grid_tsne_3d_z": 7.0, "patch_file": "patch_0784.png" }, "geometry": { "type": "Point", "coordinates": [ 110.931932460395956, 27.760413861424922 ] } },
{ "type": "Feature", "properties": { "index": 785, "lon": 51.014696054879408, "lat": 51.086010092475419, "classification": 90, "subregion_name": "Unknown", "umap_1d_x": 16.525354, "umap_2d_x": -38.820602, "umap_2d_y": -21.406931, "umap_3d_x": -37.5718, "umap_3d_y": -23.082373, "umap_3d_z": 16.62867, "tsne_1d_x": 16.88159, "tsne_2d_x": -31.530531, "tsne_2d_y": -8.2681274, "tsne_3d_x": 28.012589, "tsne_3d_y": -10.338909, "tsne_3d_z": 17.747368, "grid_umap_1d_x": 785.0, "grid_umap_2d_x": 17.0, "grid_umap_2d_y": 19.0, "grid_umap_3d_x": 2.0, "grid_umap_3d_y": 4.0, "grid_umap_3d_z": 5.0, "grid_tsne_1d_x": 785.0, "grid_tsne_2d_x": 10.0, "grid_tsne_2d_y": 14.0, "grid_tsne_3d_x": 9.0, "grid_tsne_3d_y": 4.0, "grid_tsne_3d_z": 6.0, "patch_file": "patch_0785.png" }, "geometry": { "type": "Point", "coordinates": [ 51.014696054879408, 51.086010092475419 ] } },
{ "type": "Feature", "properties": { "index": 786, "lon": -75.470116297835503, "lat": 46.492807163886908, "classification": 114, "subregion_name": "Northern America", "umap_1d_x": 18.7192, "umap_2d_x": -33.092346, "umap_2d_y": -29.260838, "umap_3d_x": -30.574995, "umap_3d_y": -30.256903, "umap_3d_z": 25.259308, "tsne_1d_x": 22.119686, "tsne_2d_x": -15.501438, "tsne_2d_y": -0.29679108, "tsne_3d_x": 2.2765999, "tsne_3d_y": -13.691509, "tsne_3d_z": 12.283791, "grid_umap_1d_x": 786.0, "grid_umap_2d_x": 19.0, "grid_umap_2d_y": 13.0, "grid_umap_3d_x": 2.0, "grid_umap_3d_y": 1.0, "grid_umap_3d_z": 7.0, "grid_tsne_1d_x": 786.0, "grid_tsne_2d_x": 2.0, "grid_tsne_2d_y": 9.0, "grid_tsne_3d_x": 2.0, "grid_tsne_3d_y": 0.0, "grid_tsne_3d_z": 6.0, "patch_file": "patch_0786.png" }, "geometry": { "type": "Point", "coordinates": [ -75.470116297835503, 46.492807163886908 ] } },
{ "type": "Feature", "properties": { "index": 787, "lon": -59.953795273787705, "lat": -25.737059846786948, "classification": 112, "subregion_name": "Latin America and the Caribbean", "umap_1d_x": -10.280794, "umap_2d_x": 40.103218, "umap_2d_y": 14.284225, "umap_3d_x": 41.057129, "umap_3d_y": 18.286446, "umap_3d_z": -1.5563202, "tsne_1d_x": -56.123707, "tsne_2d_x": 35.410675, "tsne_2d_y": 25.479927, "tsne_3d_x": -12.824295, "tsne_3d_y": -9.4325333, "tsne_3d_z": -32.450043, "grid_umap_1d_x": 787.0, "grid_umap_2d_x": 29.0, "grid_umap_2d_y": 13.0, "grid_umap_3d_x": 8.0, "grid_umap_3d_y": 5.0, "grid_umap_3d_z": 6.0, "grid_tsne_1d_x": 787.0, "grid_tsne_2d_x": 27.0, "grid_tsne_2d_y": 24.0, "grid_tsne_3d_x": 1.0, "grid_tsne_3d_y": 2.0, "grid_tsne_3d_z": 1.0, "patch_file": "patch_0787.png" }, "geometry": { "type": "Point", "coordinates": [ -59.953795273787705, -25.737059846786948 ] } },
{ "type": "Feature", "properties": { "index": 788, "lon": 91.743067048333387, "lat": 59.869120050735788, "classification": 115, "subregion_name": "Eastern Europe", "umap_1d_x": 19.30114, "umap_2d_x": -36.547131, "umap_2d_y": -43.607422, "umap_3d_x": -35.493263, "umap_3d_y": -34.91864, "umap_3d_z": 39.565361, "tsne_1d_x": 31.479687, "tsne_2d_x": -25.526686, "tsne_2d_y": -6.2648506, "tsne_3d_x": 2.104248, "tsne_3d_y": -24.706284, "tsne_3d_z": 26.610794, "grid_umap_1d_x": 788.0, "grid_umap_2d_x": 19.0, "grid_umap_2d_y": 3.0, "grid_umap_3d_x": 7.0, "grid_umap_3d_y": 4.0, "grid_umap_3d_z": 7.0, "grid_tsne_1d_x": 788.0, "grid_tsne_2d_x": 16.0, "grid_tsne_2d_y": 16.0, "grid_tsne_3d_x": 1.0, "grid_tsne_3d_y": 2.0, "grid_tsne_3d_z": 8.0, "patch_file": "patch_0788.png" }, "geometry": { "type": "Point", "coordinates": [ 91.743067048333387, 59.869120050735788 ] } },
{ "type": "Feature", "properties": { "index": 789, "lon": -119.77141077214628, "lat": 43.873645458338402, "classification": 30, "subregion_name": "Unknown", "umap_1d_x": 12.806417, "umap_2d_x": -24.024164, "umap_2d_y": 2.9239235, "umap_3d_x": -24.636946, "umap_3d_y": -15.28064, "umap_3d_z": -5.796154, "tsne_1d_x": 1.1516101, "tsne_2d_x": -1.1826324, "tsne_2d_y": 20.908028, "tsne_3d_x": 17.60495, "tsne_3d_y": 2.3073959, "tsne_3d_z": -6.9414024, "grid_umap_1d_x": 789.0, "grid_umap_2d_x": 11.0, "grid_umap_2d_y": 21.0, "grid_umap_3d_x": 1.0, "grid_umap_3d_y": 2.0, "grid_umap_3d_z": 2.0, "grid_tsne_1d_x": 789.0, "grid_tsne_2d_x": 7.0, "grid_tsne_2d_y": 24.0, "grid_tsne_3d_x": 9.0, "grid_tsne_3d_y": 4.0, "grid_tsne_3d_z": 1.0, "patch_file": "patch_0789.png" }, "geometry": { "type": "Point", "coordinates": [ -119.771410772146282, 43.873645458338402 ] } },
{ "type": "Feature", "properties": { "index": 790, "lon": -138.05556437019749, "lat": 67.422680657736052, "classification": 20, "subregion_name": "Northern America", "umap_1d_x": 24.537622, "umap_2d_x": -48.642006, "umap_2d_y": -34.179665, "umap_3d_x": -48.594723, "umap_3d_y": -20.339935, "umap_3d_z": 34.1875, "tsne_1d_x": 51.994484, "tsne_2d_x": -44.385395, "tsne_2d_y": -14.244434, "tsne_3d_x": 36.166801, "tsne_3d_y": -21.662325, "tsne_3d_z": 38.588478, "grid_umap_1d_x": 790.0, "grid_umap_2d_x": 1.0, "grid_umap_2d_y": 3.0, "grid_umap_3d_x": 0.0, "grid_umap_3d_y": 7.0, "grid_umap_3d_z": 7.0, "grid_tsne_1d_x": 790.0, "grid_tsne_2d_x": 3.0, "grid_tsne_2d_y": 11.0, "grid_tsne_3d_x": 6.0, "grid_tsne_3d_y": 5.0, "grid_tsne_3d_z": 6.0, "patch_file": "patch_0790.png" }, "geometry": { "type": "Point", "coordinates": [ -138.055564370197487, 67.422680657736052 ] } },
{ "type": "Feature", "properties": { "index": 791, "lon": 156.71573688102569, "lat": 62.266026556674035, "classification": 126, "subregion_name": "Eastern Europe", "umap_1d_x": 24.690014, "umap_2d_x": -48.814884, "umap_2d_y": -37.511635, "umap_3d_x": -49.360783, "umap_3d_y": -19.325674, "umap_3d_z": 38.715393, "tsne_1d_x": 51.489529, "tsne_2d_x": -42.742043, "tsne_2d_y": -20.713224, "tsne_3d_x": 33.491043, "tsne_3d_y": -16.412243, "tsne_3d_z": 43.461823, "grid_umap_1d_x": 791.0, "grid_umap_2d_x": 18.0, "grid_umap_2d_y": 14.0, "grid_umap_3d_x": 3.0, "grid_umap_3d_y": 9.0, "grid_umap_3d_z": 7.0, "grid_tsne_1d_x": 791.0, "grid_tsne_2d_x": 20.0, "grid_tsne_2d_y": 16.0, "grid_tsne_3d_x": 8.0, "grid_tsne_3d_y": 5.0, "grid_tsne_3d_z": 9.0, "patch_file": "patch_0791.png" }, "geometry": { "type": "Point", "coordinates": [ 156.715736881025691, 62.266026556674035 ] } },
{ "type": "Feature", "properties": { "index": 792, "lon": 15.718111902605671, "lat": 53.935289565775861, "classification": 114, "subregion_name": "Eastern Europe", "umap_1d_x": 16.499336, "umap_2d_x": -28.760639, "umap_2d_y": -18.825367, "umap_3d_x": -29.028261, "umap_3d_y": -36.5891, "umap_3d_z": 11.974518, "tsne_1d_x": 20.607912, "tsne_2d_x": -16.777351, "tsne_2d_y": 14.475105, "tsne_3d_x": 12.984951, "tsne_3d_y": -24.367317, "tsne_3d_z": 5.0280571, "grid_umap_1d_x": 792.0, "grid_umap_2d_x": 10.0, "grid_umap_2d_y": 10.0, "grid_umap_3d_x": 6.0, "grid_umap_3d_y": 1.0, "grid_umap_3d_z": 4.0, "grid_tsne_1d_x": 792.0, "grid_tsne_2d_x": 3.0, "grid_tsne_2d_y": 22.0, "grid_tsne_3d_x": 5.0, "grid_tsne_3d_y": 3.0, "grid_tsne_3d_z": 3.0, "patch_file": "patch_0792.png" }, "geometry": { "type": "Point", "coordinates": [ 15.718111902605671, 53.935289565775861 ] } },
{ "type": "Feature", "properties": { "index": 793, "lon": 110.39931471151687, "lat": 52.847483830301641, "classification": 113, "subregion_name": "Eastern Europe", "umap_1d_x": 20.893261, "umap_2d_x": -40.409016, "umap_2d_y": -47.192436, "umap_3d_x": -39.599545, "umap_3d_y": -34.839893, "umap_3d_z": 48.497894, "tsne_1d_x": 39.635452, "tsne_2d_x": -29.003775, "tsne_2d_y": -19.111324, "tsne_3d_x": 0.88457489, "tsne_3d_y": -24.587118, "tsne_3d_z": 40.042023, "grid_umap_1d_x": 793.0, "grid_umap_2d_x": 23.0, "grid_umap_2d_y": 6.0, "grid_umap_3d_x": 6.0, "grid_umap_3d_y": 4.0, "grid_umap_3d_z": 9.0, "grid_tsne_1d_x": 793.0, "grid_tsne_2d_x": 6.0, "grid_tsne_2d_y": 4.0, "grid_tsne_3d_x": 0.0, "grid_tsne_3d_y": 3.0, "grid_tsne_3d_z": 9.0, "patch_file": "patch_0793.png" }, "geometry": { "type": "Point", "coordinates": [ 110.399314711516865, 52.847483830301641 ] } },
{ "type": "Feature", "properties": { "index": 794, "lon": 36.851882434124633, "lat": -3.6921645219663901, "classification": 30, "subregion_name": "Sub-Saharan Africa", "umap_1d_x": 2.8769252, "umap_2d_x": -11.742836, "umap_2d_y": 42.329613, "umap_3d_x": -10.122898, "umap_3d_y": 17.35791, "umap_3d_z": -48.131618, "tsne_1d_x": -21.572098, "tsne_2d_x": 22.267952, "tsne_2d_y": 11.736725, "tsne_3d_x": 22.250977, "tsne_3d_y": 28.871391, "tsne_3d_z": -23.786385, "grid_umap_1d_x": 794.0, "grid_umap_2d_x": 11.0, "grid_umap_2d_y": 30.0, "grid_umap_3d_x": 2.0, "grid_umap_3d_y": 9.0, "grid_umap_3d_z": 1.0, "grid_tsne_1d_x": 794.0, "grid_tsne_2d_x": 23.0, "grid_tsne_2d_y": 14.0, "grid_tsne_3d_x": 8.0, "grid_tsne_3d_y": 7.0, "grid_tsne_3d_z": 1.0, "patch_file": "patch_0794.png" }, "geometry": { "type": "Point", "coordinates": [ 36.851882434124633, -3.69216452196639 ] } },
{ "type": "Feature", "properties": { "index": 795, "lon": 98.493213379499991, "lat": 63.710758299518204, "classification": 113, "subregion_name": "Eastern Europe", "umap_1d_x": 22.72962, "umap_2d_x": -44.508255, "umap_2d_y": -42.514709, "umap_3d_x": -43.578041, "umap_3d_y": -24.516052, "umap_3d_z": 43.376297, "tsne_1d_x": 43.231674, "tsne_2d_x": -37.255417, "tsne_2d_y": -14.382504, "tsne_3d_x": 20.806679, "tsne_3d_y": -16.99094, "tsne_3d_z": 35.116203, "grid_umap_1d_x": 795.0, "grid_umap_2d_x": 14.0, "grid_umap_2d_y": 6.0, "grid_umap_3d_x": 2.0, "grid_umap_3d_y": 6.0, "grid_umap_3d_z": 9.0, "grid_tsne_1d_x": 795.0, "grid_tsne_2d_x": 8.0, "grid_tsne_2d_y": 11.0, "grid_tsne_3d_x": 6.0, "grid_tsne_3d_y": 3.0, "grid_tsne_3d_z": 9.0, "patch_file": "patch_0795.png" }, "geometry": { "type": "Point", "coordinates": [ 98.493213379499991, 63.710758299518204 ] } },
{ "type": "Feature", "properties": { "index": 796, "lon": 23.682081332014036, "lat": 9.3888683920244773, "classification": 126, "subregion_name": "Northern Africa", "umap_1d_x": 4.1930208, "umap_2d_x": -10.209579, "umap_2d_y": 30.00528, "umap_3d_x": -6.845108, "umap_3d_y": 3.5360222, "umap_3d_z": -39.512264, "tsne_1d_x": -15.538533, "tsne_2d_x": 10.457283, "tsne_2d_y": -9.024601, "tsne_3d_x": 9.4007607, "tsne_3d_y": 28.962616, "tsne_3d_z": -9.488121, "grid_umap_1d_x": 796.0, "grid_umap_2d_x": 2.0, "grid_umap_2d_y": 27.0, "grid_umap_3d_x": 7.0, "grid_umap_3d_y": 2.0, "grid_umap_3d_z": 2.0, "grid_tsne_1d_x": 796.0, "grid_tsne_2d_x": 21.0, "grid_tsne_2d_y": 13.0, "grid_tsne_3d_x": 6.0, "grid_tsne_3d_y": 8.0, "grid_tsne_3d_z": 2.0, "patch_file": "patch_0796.png" }, "geometry": { "type": "Point", "coordinates": [ 23.682081332014036, 9.388868392024477 ] } },
{ "type": "Feature", "properties": { "index": 797, "lon": 173.83913267946724, "lat": 62.15783897079514, "classification": 20, "subregion_name": "Eastern Europe", "umap_1d_x": 25.176529, "umap_2d_x": -49.231075, "umap_2d_y": -29.107744, "umap_3d_x": -49.155499, "umap_3d_y": -18.314903, "umap_3d_z": 27.072906, "tsne_1d_x": 55.407791, "tsne_2d_x": -48.101688, "tsne_2d_y": -14.886524, "tsne_3d_x": 44.70253, "tsne_3d_y": -16.897152, "tsne_3d_z": 34.934769, "grid_umap_1d_x": 797.0, "grid_umap_2d_x": 2.0, "grid_umap_2d_y": 8.0, "grid_umap_3d_x": 0.0, "grid_umap_3d_y": 7.0, "grid_umap_3d_z": 6.0, "grid_tsne_1d_x": 797.0, "grid_tsne_2d_x": 3.0, "grid_tsne_2d_y": 12.0, "grid_tsne_3d_x": 9.0, "grid_tsne_3d_y": 5.0, "grid_tsne_3d_z": 7.0, "patch_file": "patch_0797.png" }, "geometry": { "type": "Point", "coordinates": [ 173.839132679467241, 62.15783897079514 ] } },
{ "type": "Feature", "properties": { "index": 798, "lon": 91.512259373306051, "lat": 55.840159360083916, "classification": 111, "subregion_name": "Eastern Europe", "umap_1d_x": 20.175814, "umap_2d_x": -32.773499, "umap_2d_y": -39.782207, "umap_3d_x": -35.70406, "umap_3d_y": -45.859917, "umap_3d_z": 36.851463, "tsne_1d_x": 28.178007, "tsne_2d_x": -27.055159, "tsne_2d_y": 5.990284, "tsne_3d_x": 5.3486938, "tsne_3d_y": -36.445702, "tsne_3d_z": 25.837021, "grid_umap_1d_x": 798.0, "grid_umap_2d_x": 22.0, "grid_umap_2d_y": 6.0, "grid_umap_3d_x": 6.0, "grid_umap_3d_y": 1.0, "grid_umap_3d_z": 8.0, "grid_tsne_1d_x": 798.0, "grid_tsne_2d_x": 20.0, "grid_tsne_2d_y": 25.0, "grid_tsne_3d_x": 2.0, "grid_tsne_3d_y": 1.0, "grid_tsne_3d_z": 7.0, "patch_file": "patch_0798.png" }, "geometry": { "type": "Point", "coordinates": [ 91.512259373306051, 55.840159360083916 ] } },
{ "type": "Feature", "properties": { "index": 799, "lon": 32.601502422791867, "lat": -19.908508267034158, "classification": 124, "subregion_name": "Sub-Saharan Africa", "umap_1d_x": -9.2806902, "umap_2d_x": 40.352402, "umap_2d_y": 26.054771, "umap_3d_x": 41.377861, "umap_3d_y": 32.766266, "umap_3d_z": -3.3018875, "tsne_1d_x": -47.838367, "tsne_2d_x": 45.277466, "tsne_2d_y": 18.276512, "tsne_3d_x": -18.983561, "tsne_3d_y": 7.7831573, "tsne_3d_z": -40.568565, "grid_umap_1d_x": 799.0, "grid_umap_2d_x": 27.0, "grid_umap_2d_y": 23.0, "grid_umap_3d_x": 8.0, "grid_umap_3d_y": 8.0, "grid_umap_3d_z": 6.0, "grid_tsne_1d_x": 799.0, "grid_tsne_2d_x": 26.0, "grid_tsne_2d_y": 19.0, "grid_tsne_3d_x": 0.0, "grid_tsne_3d_y": 4.0, "grid_tsne_3d_z": 0.0, "patch_file": "patch_0799.png" }, "geometry": { "type": "Point", "coordinates": [ 32.601502422791867, -19.908508267034158 ] } },
{ "type": "Feature", "properties": { "index": 800, "lon": -120.34765383041146, "lat": 47.172252472462446, "classification": 121, "subregion_name": "Unknown", "umap_1d_x": 13.416987, "umap_2d_x": -26.420507, "umap_2d_y": 0.56293488, "umap_3d_x": -27.180841, "umap_3d_y": -17.602558, "umap_3d_z": -4.1745605, "tsne_1d_x": 2.5502648, "tsne_2d_x": -5.8395119, "tsne_2d_y": 20.745003, "tsne_3d_x": 13.614571, "tsne_3d_y": -9.3627281, "tsne_3d_z": -10.674839, "grid_umap_1d_x": 800.0, "grid_umap_2d_x": 1.0, "grid_umap_2d_y": 15.0, "grid_umap_3d_x": 0.0, "grid_umap_3d_y": 1.0, "grid_umap_3d_z": 2.0, "grid_tsne_1d_x": 800.0, "grid_tsne_2d_x": 18.0, "grid_tsne_2d_y": 29.0, "grid_tsne_3d_x": 8.0, "grid_tsne_3d_y": 0.0, "grid_tsne_3d_z": 0.0, "patch_file": "patch_0800.png" }, "geometry": { "type": "Point", "coordinates": [ -120.34765383041146, 47.172252472462446 ] } },
{ "type": "Feature", "properties": { "index": 801, "lon": 16.414532319258342, "lat": 10.470862153621454, "classification": 126, "subregion_name": "Sub-Saharan Africa", "umap_1d_x": 3.6993694, "umap_2d_x": -12.726387, "umap_2d_y": 31.832054, "umap_3d_x": -8.9288406, "umap_3d_y": 4.4459953, "umap_3d_z": -40.948032, "tsne_1d_x": -16.262426, "tsne_2d_x": 14.635452, "tsne_2d_y": 4.9102058, "tsne_3d_x": 19.674149, "tsne_3d_y": 42.069786, "tsne_3d_z": -10.448376, "grid_umap_1d_x": 801.0, "grid_umap_2d_x": 6.0, "grid_umap_2d_y": 27.0, "grid_umap_3d_x": 5.0, "grid_umap_3d_y": 5.0, "grid_umap_3d_z": 2.0, "grid_tsne_1d_x": 801.0, "grid_tsne_2d_x": 17.0, "grid_tsne_2d_y": 9.0, "grid_tsne_3d_x": 8.0, "grid_tsne_3d_y": 9.0, "grid_tsne_3d_z": 4.0, "patch_file": "patch_0801.png" }, "geometry": { "type": "Point", "coordinates": [ 16.414532319258342, 10.470862153621454 ] } },
{ "type": "Feature", "properties": { "index": 802, "lon": 33.144794528065916, "lat": -20.129379755783489, "classification": 114, "subregion_name": "Sub-Saharan Africa", "umap_1d_x": -9.9836998, "umap_2d_x": 40.676933, "umap_2d_y": 20.337189, "umap_3d_x": 41.238441, "umap_3d_y": 23.62468, "umap_3d_z": -1.4212952, "tsne_1d_x": -49.042019, "tsne_2d_x": 41.693169, "tsne_2d_y": 20.146622, "tsne_3d_x": -17.80212, "tsne_3d_y": -2.9409485, "tsne_3d_z": -36.690796, "grid_umap_1d_x": 802.0, "grid_umap_2d_x": 23.0, "grid_umap_2d_y": 16.0, "grid_umap_3d_x": 9.0, "grid_umap_3d_y": 6.0, "grid_umap_3d_z": 6.0, "grid_tsne_1d_x": 802.0, "grid_tsne_2d_x": 29.0, "grid_tsne_2d_y": 20.0, "grid_tsne_3d_x": 0.0, "grid_tsne_3d_y": 2.0, "grid_tsne_3d_z": 1.0, "patch_file": "patch_0802.png" }, "geometry": { "type": "Point", "coordinates": [ 33.144794528065916, -20.129379755783489 ] } },
{ "type": "Feature", "properties": { "index": 803, "lon": 45.609005559549047, "lat": 51.87572441252405, "classification": 114, "subregion_name": "Eastern Europe", "umap_1d_x": 18.266943, "umap_2d_x": -29.812809, "umap_2d_y": -23.12672, "umap_3d_x": -30.378693, "umap_3d_y": -34.160992, "umap_3d_z": 21.51722, "tsne_1d_x": 21.351976, "tsne_2d_x": -17.437195, "tsne_2d_y": 8.46632, "tsne_3d_x": 9.5053749, "tsne_3d_y": -20.069923, "tsne_3d_z": 11.31403, "grid_umap_1d_x": 803.0, "grid_umap_2d_x": 0.0, "grid_umap_2d_y": 0.0, "grid_umap_3d_x": 3.0, "grid_umap_3d_y": 1.0, "grid_umap_3d_z": 6.0, "grid_tsne_1d_x": 803.0, "grid_tsne_2d_x": 10.0, "grid_tsne_2d_y": 20.0, "grid_tsne_3d_x": 5.0, "grid_tsne_3d_y": 1.0, "grid_tsne_3d_z": 5.0, "patch_file": "patch_0803.png" }, "geometry": { "type": "Point", "coordinates": [ 45.609005559549047, 51.87572441252405 ] } },
{ "type": "Feature", "properties": { "index": 804, "lon": -89.508241729534006, "lat": 30.740803663741019, "classification": 116, "subregion_name": "Unknown", "umap_1d_x": 10.950028, "umap_2d_x": -20.733967, "umap_2d_y": -11.318935, "umap_3d_x": -19.279501, "umap_3d_y": -24.163601, "umap_3d_z": 7.4454193, "tsne_1d_x": 6.6349559, "tsne_2d_x": -6.7647057, "tsne_2d_y": 0.20035934, "tsne_3d_x": -7.5942154, "tsne_3d_y": -4.6522484, "tsne_3d_z": 3.2401314, "grid_umap_1d_x": 804.0, "grid_umap_2d_x": 18.0, "grid_umap_2d_y": 17.0, "grid_umap_3d_x": 4.0, "grid_umap_3d_y": 0.0, "grid_umap_3d_z": 4.0, "grid_tsne_1d_x": 804.0, "grid_tsne_2d_x": 10.0, "grid_tsne_2d_y": 10.0, "grid_tsne_3d_x": 0.0, "grid_tsne_3d_y": 2.0, "grid_tsne_3d_z": 4.0, "patch_file": "patch_0804.png" }, "geometry": { "type": "Point", "coordinates": [ -89.508241729534006, 30.740803663741019 ] } },
{ "type": "Feature", "properties": { "index": 805, "lon": -69.817253372079833, "lat": 11.173916778702235, "classification": 116, "subregion_name": "Latin America and the Caribbean", "umap_1d_x": 6.3115544, "umap_2d_x": -11.612625, "umap_2d_y": 15.592155, "umap_3d_x": -8.6313591, "umap_3d_y": 1.5160027, "umap_3d_z": -19.205799, "tsne_1d_x": -9.4047804, "tsne_2d_x": 11.121323, "tsne_2d_y": -15.430737, "tsne_3d_x": -6.0738564, "tsne_3d_y": 30.04319, "tsne_3d_z": -6.1950874, "grid_umap_1d_x": 805.0, "grid_umap_2d_x": 0.0, "grid_umap_2d_y": 20.0, "grid_umap_3d_x": 2.0, "grid_umap_3d_y": 5.0, "grid_umap_3d_z": 1.0, "grid_tsne_1d_x": 805.0, "grid_tsne_2d_x": 20.0, "grid_tsne_2d_y": 7.0, "grid_tsne_3d_x": 3.0, "grid_tsne_3d_y": 9.0, "grid_tsne_3d_z": 3.0, "patch_file": "patch_0805.png" }, "geometry": { "type": "Point", "coordinates": [ -69.817253372079833, 11.173916778702235 ] } },
{ "type": "Feature", "properties": { "index": 806, "lon": -51.589070472105874, "lat": -16.661835234572699, "classification": 30, "subregion_name": "Latin America and the Caribbean", "umap_1d_x": -9.5455732, "umap_2d_x": 38.462692, "umap_2d_y": 22.857109, "umap_3d_x": 38.997253, "umap_3d_y": 28.48629, "umap_3d_z": -8.1087799, "tsne_1d_x": -48.163048, "tsne_2d_x": 42.278061, "tsne_2d_y": 15.278557, "tsne_3d_x": -12.624416, "tsne_3d_y": 10.779266, "tsne_3d_z": -35.187111, "grid_umap_1d_x": 806.0, "grid_umap_2d_x": 28.0, "grid_umap_2d_y": 20.0, "grid_umap_3d_x": 6.0, "grid_umap_3d_y": 6.0, "grid_umap_3d_z": 5.0, "grid_tsne_1d_x": 806.0, "grid_tsne_2d_x": 25.0, "grid_tsne_2d_y": 16.0, "grid_tsne_3d_x": 2.0, "grid_tsne_3d_y": 5.0, "grid_tsne_3d_z": 1.0, "patch_file": "patch_0806.png" }, "geometry": { "type": "Point", "coordinates": [ -51.589070472105874, -16.661835234572699 ] } },
{ "type": "Feature", "properties": { "index": 807, "lon": 115.37175962066993, "lat": 52.350737504691537, "classification": 113, "subregion_name": "Eastern Europe", "umap_1d_x": 19.460117, "umap_2d_x": -36.816833, "umap_2d_y": -47.620876, "umap_3d_x": -34.421349, "umap_3d_y": -31.065893, "umap_3d_z": 42.668304, "tsne_1d_x": 32.815437, "tsne_2d_x": -23.478498, "tsne_2d_y": -14.861897, "tsne_3d_x": 3.675045, "tsne_3d_y": -9.4049377, "tsne_3d_z": 28.05899, "grid_umap_1d_x": 807.0, "grid_umap_2d_x": 23.0, "grid_umap_2d_y": 0.0, "grid_umap_3d_x": 5.0, "grid_umap_3d_y": 3.0, "grid_umap_3d_z": 9.0, "grid_tsne_1d_x": 807.0, "grid_tsne_2d_x": 10.0, "grid_tsne_2d_y": 7.0, "grid_tsne_3d_x": 2.0, "grid_tsne_3d_y": 5.0, "grid_tsne_3d_z": 9.0, "patch_file": "patch_0807.png" }, "geometry": { "type": "Point", "coordinates": [ 115.371759620669934, 52.350737504691537 ] } },
{ "type": "Feature", "properties": { "index": 808, "lon": 17.215045556422012, "lat": 60.602588421686363, "classification": 111, "subregion_name": "Northern Europe", "umap_1d_x": 17.550272, "umap_2d_x": -28.007469, "umap_2d_y": -31.768547, "umap_3d_x": -30.361506, "umap_3d_y": -49.997185, "umap_3d_z": 20.288254, "tsne_1d_x": 24.513632, "tsne_2d_x": -24.249765, "tsne_2d_y": 15.554276, "tsne_3d_x": 10.301842, "tsne_3d_y": -41.394623, "tsne_3d_z": 12.910599, "grid_umap_1d_x": 808.0, "grid_umap_2d_x": 22.0, "grid_umap_2d_y": 10.0, "grid_umap_3d_x": 8.0, "grid_umap_3d_y": 0.0, "grid_umap_3d_z": 5.0, "grid_tsne_1d_x": 808.0, "grid_tsne_2d_x": 8.0, "grid_tsne_2d_y": 26.0, "grid_tsne_3d_x": 3.0, "grid_tsne_3d_y": 2.0, "grid_tsne_3d_z": 4.0, "patch_file": "patch_0808.png" }, "geometry": { "type": "Point", "coordinates": [ 17.215045556422012, 60.602588421686363 ] } },
{ "type": "Feature", "properties": { "index": 809, "lon": -76.917458542407587, "lat": 2.0957771700848302, "classification": 30, "subregion_name": "Latin America and the Caribbean", "umap_1d_x": -4.0604715, "umap_2d_x": 24.128265, "umap_2d_y": 34.823524, "umap_3d_x": 20.16301, "umap_3d_y": 29.536598, "umap_3d_z": -15.456093, "tsne_1d_x": -28.075418, "tsne_2d_x": 15.67305, "tsne_2d_y": -31.602217, "tsne_3d_x": -25.176155, "tsne_3d_y": 12.080563, "tsne_3d_z": -5.5166321, "grid_umap_1d_x": 809.0, "grid_umap_2d_x": 21.0, "grid_umap_2d_y": 26.0, "grid_umap_3d_x": 9.0, "grid_umap_3d_y": 9.0, "grid_umap_3d_z": 0.0, "grid_tsne_1d_x": 809.0, "grid_tsne_2d_x": 22.0, "grid_tsne_2d_y": 5.0, "grid_tsne_3d_x": 0.0, "grid_tsne_3d_y": 4.0, "grid_tsne_3d_z": 4.0, "patch_file": "patch_0809.png" }, "geometry": { "type": "Point", "coordinates": [ -76.917458542407587, 2.09577717008483 ] } },
{ "type": "Feature", "properties": { "index": 810, "lon": 41.477568785113675, "lat": 57.959264654188615, "classification": 115, "subregion_name": "Eastern Europe", "umap_1d_x": 17.842255, "umap_2d_x": -29.903156, "umap_2d_y": -31.542967, "umap_3d_x": -31.032942, "umap_3d_y": -42.913017, "umap_3d_z": 25.467049, "tsne_1d_x": 25.527813, "tsne_2d_x": -23.081081, "tsne_2d_y": 10.753601, "tsne_3d_x": 6.7870331, "tsne_3d_y": -32.951336, "tsne_3d_z": 14.933853, "grid_umap_1d_x": 810.0, "grid_umap_2d_x": 20.0, "grid_umap_2d_y": 10.0, "grid_umap_3d_x": 6.0, "grid_umap_3d_y": 1.0, "grid_umap_3d_z": 6.0, "grid_tsne_1d_x": 810.0, "grid_tsne_2d_x": 17.0, "grid_tsne_2d_y": 26.0, "grid_tsne_3d_x": 2.0, "grid_tsne_3d_y": 3.0, "grid_tsne_3d_z": 4.0, "patch_file": "patch_0810.png" }, "geometry": { "type": "Point", "coordinates": [ 41.477568785113675, 57.959264654188615 ] } },
{ "type": "Feature", "properties": { "index": 811, "lon": 78.534351602036395, "lat": 60.737224468705605, "classification": 90, "subregion_name": "Eastern Europe", "umap_1d_x": 23.358379, "umap_2d_x": -42.44062, "umap_2d_y": -24.743431, "umap_3d_x": -42.353279, "umap_3d_y": -24.686537, "umap_3d_z": 23.005112, "tsne_1d_x": 47.741554, "tsne_2d_x": -43.669994, "tsne_2d_y": -0.48497772, "tsne_3d_x": 34.618362, "tsne_3d_y": -17.753769, "tsne_3d_z": 23.130371, "grid_umap_1d_x": 811.0, "grid_umap_2d_x": 4.0, "grid_umap_2d_y": 9.0, "grid_umap_3d_x": 0.0, "grid_umap_3d_y": 4.0, "grid_umap_3d_z": 6.0, "grid_tsne_1d_x": 811.0, "grid_tsne_2d_x": 12.0, "grid_tsne_2d_y": 22.0, "grid_tsne_3d_x": 9.0, "grid_tsne_3d_y": 3.0, "grid_tsne_3d_z": 6.0, "patch_file": "patch_0811.png" }, "geometry": { "type": "Point", "coordinates": [ 78.534351602036395, 60.737224468705605 ] } },
{ "type": "Feature", "properties": { "index": 812, "lon": 23.470495209353373, "lat": -7.794909374938868, "classification": 126, "subregion_name": "Sub-Saharan Africa", "umap_1d_x": -8.8311377, "umap_2d_x": 39.330223, "umap_2d_y": 30.987122, "umap_3d_x": 39.666901, "umap_3d_y": 39.578896, "umap_3d_z": -4.6472054, "tsne_1d_x": -45.791401, "tsne_2d_x": 48.066177, "tsne_2d_y": 13.203602, "tsne_3d_x": -17.947826, "tsne_3d_y": 21.800018, "tsne_3d_z": -41.452843, "grid_umap_1d_x": 812.0, "grid_umap_2d_x": 27.0, "grid_umap_2d_y": 27.0, "grid_umap_3d_x": 6.0, "grid_umap_3d_y": 8.0, "grid_umap_3d_z": 6.0, "grid_tsne_1d_x": 812.0, "grid_tsne_2d_x": 26.0, "grid_tsne_2d_y": 15.0, "grid_tsne_3d_x": 3.0, "grid_tsne_3d_y": 7.0, "grid_tsne_3d_z": 2.0, "patch_file": "patch_0812.png" }, "geometry": { "type": "Point", "coordinates": [ 23.470495209353373, -7.794909374938868 ] } },
{ "type": "Feature", "properties": { "index": 813, "lon": -74.384632769441538, "lat": -10.214781262524433, "classification": 112, "subregion_name": "Latin America and the Caribbean", "umap_1d_x": -3.729635, "umap_2d_x": 24.318802, "umap_2d_y": 40.706444, "umap_3d_x": 19.904671, "umap_3d_y": 32.287239, "umap_3d_z": -24.23045, "tsne_1d_x": -30.846622, "tsne_2d_x": 20.370949, "tsne_2d_y": -39.924038, "tsne_3d_x": -34.548111, "tsne_3d_y": 25.06105, "tsne_3d_z": -2.8083725, "grid_umap_1d_x": 813.0, "grid_umap_2d_x": 20.0, "grid_umap_2d_y": 27.0, "grid_umap_3d_x": 8.0, "grid_umap_3d_y": 8.0, "grid_umap_3d_z": 0.0, "grid_tsne_1d_x": 813.0, "grid_tsne_2d_x": 25.0, "grid_tsne_2d_y": 14.0, "grid_tsne_3d_x": 0.0, "grid_tsne_3d_y": 6.0, "grid_tsne_3d_z": 7.0, "patch_file": "patch_0813.png" }, "geometry": { "type": "Point", "coordinates": [ -74.384632769441538, -10.214781262524433 ] } },
{ "type": "Feature", "properties": { "index": 814, "lon": 12.585052663352002, "lat": 57.772567759601202, "classification": 111, "subregion_name": "Northern Europe", "umap_1d_x": 17.197145, "umap_2d_x": -26.970253, "umap_2d_y": -28.950274, "umap_3d_x": -29.868782, "umap_3d_y": -48.91711, "umap_3d_z": 17.612282, "tsne_1d_x": 23.796934, "tsne_2d_x": -23.726351, "tsne_2d_y": 19.613815, "tsne_3d_x": 13.706768, "tsne_3d_y": -42.236141, "tsne_3d_z": 8.6338806, "grid_umap_1d_x": 814.0, "grid_umap_2d_x": 15.0, "grid_umap_2d_y": 6.0, "grid_umap_3d_x": 7.0, "grid_umap_3d_y": 0.0, "grid_umap_3d_z": 3.0, "grid_tsne_1d_x": 814.0, "grid_tsne_2d_x": 1.0, "grid_tsne_2d_y": 26.0, "grid_tsne_3d_x": 5.0, "grid_tsne_3d_y": 2.0, "grid_tsne_3d_z": 3.0, "patch_file": "patch_0814.png" }, "geometry": { "type": "Point", "coordinates": [ 12.585052663352002, 57.772567759601202 ] } },
{ "type": "Feature", "properties": { "index": 815, "lon": 39.690715988855601, "lat": 40.941526001664542, "classification": 114, "subregion_name": "Western Asia", "umap_1d_x": 14.242925, "umap_2d_x": -26.70911, "umap_2d_y": -9.4499626, "umap_3d_x": -25.989321, "umap_3d_y": -26.502504, "umap_3d_z": 4.3671303, "tsne_1d_x": 10.459583, "tsne_2d_x": -9.4024048, "tsne_2d_y": 15.309731, "tsne_3d_x": 14.403465, "tsne_3d_y": -9.2434273, "tsne_3d_z": -0.35383606, "grid_umap_1d_x": 815.0, "grid_umap_2d_x": 10.0, "grid_umap_2d_y": 16.0, "grid_umap_3d_x": 0.0, "grid_umap_3d_y": 0.0, "grid_umap_3d_z": 4.0, "grid_tsne_1d_x": 815.0, "grid_tsne_2d_x": 0.0, "grid_tsne_2d_y": 19.0, "grid_tsne_3d_x": 8.0, "grid_tsne_3d_y": 0.0, "grid_tsne_3d_z": 1.0, "patch_file": "patch_0815.png" }, "geometry": { "type": "Point", "coordinates": [ 39.690715988855601, 40.941526001664542 ] } },
{ "type": "Feature", "properties": { "index": 816, "lon": -65.962193473504939, "lat": 51.607080493591482, "classification": 111, "subregion_name": "Northern America", "umap_1d_x": 23.439217, "umap_2d_x": -43.751785, "umap_2d_y": -30.847187, "umap_3d_x": -44.913586, "umap_3d_y": -31.693235, "umap_3d_z": 29.110703, "tsne_1d_x": 45.456512, "tsne_2d_x": -43.270332, "tsne_2d_y": 7.2526054, "tsne_3d_x": 35.090302, "tsne_3d_y": -36.44173, "tsne_3d_z": 30.166588, "grid_umap_1d_x": 816.0, "grid_umap_2d_x": 4.0, "grid_umap_2d_y": 5.0, "grid_umap_3d_x": 0.0, "grid_umap_3d_y": 2.0, "grid_umap_3d_z": 7.0, "grid_tsne_1d_x": 816.0, "grid_tsne_2d_x": 16.0, "grid_tsne_2d_y": 28.0, "grid_tsne_3d_x": 9.0, "grid_tsne_3d_y": 0.0, "grid_tsne_3d_z": 7.0, "patch_file": "patch_0816.png" }, "geometry": { "type": "Point", "coordinates": [ -65.962193473504939, 51.607080493591482 ] } },
{ "type": "Feature", "properties": { "index": 817, "lon": 21.738954470932526, "lat": 14.857941345732485, "classification": 30, "subregion_name": "Sub-Saharan Africa", "umap_1d_x": 2.204983, "umap_2d_x": -16.375195, "umap_2d_y": 38.810989, "umap_3d_x": -12.79195, "umap_3d_y": 3.4333992, "umap_3d_z": -49.621021, "tsne_1d_x": -14.686296, "tsne_2d_x": 14.364616, "tsne_2d_y": 12.638958, "tsne_3d_x": 30.531418, "tsne_3d_y": 36.749855, "tsne_3d_z": -11.720737, "grid_umap_1d_x": 817.0, "grid_umap_2d_x": 6.0, "grid_umap_2d_y": 31.0, "grid_umap_3d_x": 5.0, "grid_umap_3d_y": 4.0, "grid_umap_3d_z": 1.0, "grid_tsne_1d_x": 817.0, "grid_tsne_2d_x": 15.0, "grid_tsne_2d_y": 13.0, "grid_tsne_3d_x": 8.0, "grid_tsne_3d_y": 7.0, "grid_tsne_3d_z": 3.0, "patch_file": "patch_0817.png" }, "geometry": { "type": "Point", "coordinates": [ 21.738954470932526, 14.857941345732485 ] } },
{ "type": "Feature", "properties": { "index": 818, "lon": 9.9385237829144444, "lat": 12.895983714695518, "classification": 40, "subregion_name": "Sub-Saharan Africa", "umap_1d_x": 2.2475998, "umap_2d_x": -16.349239, "umap_2d_y": 38.420341, "umap_3d_x": -12.454941, "umap_3d_y": 3.0667496, "umap_3d_z": -48.843693, "tsne_1d_x": -14.846457, "tsne_2d_x": 13.793957, "tsne_2d_y": 11.381233, "tsne_3d_x": 28.867088, "tsne_3d_y": 37.407036, "tsne_3d_z": -10.401932, "grid_umap_1d_x": 818.0, "grid_umap_2d_x": 10.0, "grid_umap_2d_y": 29.0, "grid_umap_3d_x": 6.0, "grid_umap_3d_y": 3.0, "grid_umap_3d_z": 2.0, "grid_tsne_1d_x": 818.0, "grid_tsne_2d_x": 20.0, "grid_tsne_2d_y": 15.0, "grid_tsne_3d_x": 9.0, "grid_tsne_3d_y": 9.0, "grid_tsne_3d_z": 5.0, "patch_file": "patch_0818.png" }, "geometry": { "type": "Point", "coordinates": [ 9.938523782914444, 12.895983714695518 ] } },
{ "type": "Feature", "properties": { "index": 819, "lon": 42.330310055668235, "lat": 58.613136381232493, "classification": 115, "subregion_name": "Eastern Europe", "umap_1d_x": 18.098072, "umap_2d_x": -30.49872, "umap_2d_y": -32.660049, "umap_3d_x": -31.647924, "umap_3d_y": -43.355869, "umap_3d_z": 26.409912, "tsne_1d_x": 25.823685, "tsne_2d_x": -23.613792, "tsne_2d_y": 9.60672, "tsne_3d_x": 7.6578484, "tsne_3d_y": -32.531006, "tsne_3d_z": 16.602295, "grid_umap_1d_x": 819.0, "grid_umap_2d_x": 10.0, "grid_umap_2d_y": 1.0, "grid_umap_3d_x": 5.0, "grid_umap_3d_y": 0.0, "grid_umap_3d_z": 7.0, "grid_tsne_1d_x": 819.0, "grid_tsne_2d_x": 16.0, "grid_tsne_2d_y": 25.0, "grid_tsne_3d_x": 3.0, "grid_tsne_3d_y": 2.0, "grid_tsne_3d_z": 5.0, "patch_file": "patch_0819.png" }, "geometry": { "type": "Point", "coordinates": [ 42.330310055668235, 58.613136381232493 ] } },
{ "type": "Feature", "properties": { "index": 820, "lon": 49.389695790307428, "lat": 62.818521638582069, "classification": 126, "subregion_name": "Eastern Europe", "umap_1d_x": 19.058821, "umap_2d_x": -34.614521, "umap_2d_y": -35.456963, "umap_3d_x": -33.498322, "umap_3d_y": -34.153015, "umap_3d_z": 33.89888, "tsne_1d_x": 31.519222, "tsne_2d_x": -23.060799, "tsne_2d_y": -2.6212273, "tsne_3d_x": 6.8856735, "tsne_3d_y": -23.795918, "tsne_3d_z": 22.768654, "grid_umap_1d_x": 820.0, "grid_umap_2d_x": 21.0, "grid_umap_2d_y": 11.0, "grid_umap_3d_x": 5.0, "grid_umap_3d_y": 2.0, "grid_umap_3d_z": 8.0, "grid_tsne_1d_x": 820.0, "grid_tsne_2d_x": 12.0, "grid_tsne_2d_y": 16.0, "grid_tsne_3d_x": 3.0, "grid_tsne_3d_y": 2.0, "grid_tsne_3d_z": 7.0, "patch_file": "patch_0820.png" }, "geometry": { "type": "Point", "coordinates": [ 49.389695790307428, 62.818521638582069 ] } },
{ "type": "Feature", "properties": { "index": 821, "lon": 67.558782652395877, "lat": 58.979739995817454, "classification": 90, "subregion_name": "Eastern Europe", "umap_1d_x": 23.018526, "umap_2d_x": -40.944214, "umap_2d_y": -25.346848, "umap_3d_x": -40.811821, "umap_3d_y": -25.418346, "umap_3d_z": 23.046341, "tsne_1d_x": 47.21814, "tsne_2d_x": -41.522461, "tsne_2d_y": -0.23876572, "tsne_3d_x": 28.045776, "tsne_3d_y": -16.222115, "tsne_3d_z": 22.412628, "grid_umap_1d_x": 821.0, "grid_umap_2d_x": 18.0, "grid_umap_2d_y": 18.0, "grid_umap_3d_x": 3.0, "grid_umap_3d_y": 5.0, "grid_umap_3d_z": 5.0, "grid_tsne_1d_x": 821.0, "grid_tsne_2d_x": 13.0, "grid_tsne_2d_y": 22.0, "grid_tsne_3d_x": 9.0, "grid_tsne_3d_y": 2.0, "grid_tsne_3d_z": 7.0, "patch_file": "patch_0821.png" }, "geometry": { "type": "Point", "coordinates": [ 67.558782652395877, 58.979739995817454 ] } },
{ "type": "Feature", "properties": { "index": 822, "lon": 157.86209699439109, "lat": 66.840392197896421, "classification": 113, "subregion_name": "Eastern Europe", "umap_1d_x": 23.890749, "umap_2d_x": -47.215664, "umap_2d_y": -42.643913, "umap_3d_x": -46.743801, "umap_3d_y": -21.66132, "umap_3d_z": 44.264153, "tsne_1d_x": 42.932716, "tsne_2d_x": -38.778385, "tsne_2d_y": -19.731224, "tsne_3d_x": 23.361961, "tsne_3d_y": -14.182465, "tsne_3d_z": 42.215332, "grid_umap_1d_x": 822.0, "grid_umap_2d_x": 7.0, "grid_umap_2d_y": 2.0, "grid_umap_3d_x": 2.0, "grid_umap_3d_y": 8.0, "grid_umap_3d_z": 9.0, "grid_tsne_1d_x": 822.0, "grid_tsne_2d_x": 1.0, "grid_tsne_2d_y": 4.0, "grid_tsne_3d_x": 5.0, "grid_tsne_3d_y": 6.0, "grid_tsne_3d_z": 9.0, "patch_file": "patch_0822.png" }, "geometry": { "type": "Point", "coordinates": [ 157.862096994391095, 66.840392197896421 ] } },
{ "type": "Feature", "properties": { "index": 823, "lon": 98.269713361596644, "lat": 21.233818520605354, "classification": 112, "subregion_name": "South-eastern Asia", "umap_1d_x": 6.7140002, "umap_2d_x": -13.264004, "umap_2d_y": 13.599075, "umap_3d_x": -11.013283, "umap_3d_y": -0.18169403, "umap_3d_z": -15.924553, "tsne_1d_x": -8.7214746, "tsne_2d_x": 7.2948685, "tsne_2d_y": -10.434269, "tsne_3d_x": 2.9998016, "tsne_3d_y": 24.850639, "tsne_3d_z": -7.5930862, "grid_umap_1d_x": 823.0, "grid_umap_2d_x": 1.0, "grid_umap_2d_y": 20.0, "grid_umap_3d_x": 0.0, "grid_umap_3d_y": 6.0, "grid_umap_3d_z": 0.0, "grid_tsne_1d_x": 823.0, "grid_tsne_2d_x": 15.0, "grid_tsne_2d_y": 4.0, "grid_tsne_3d_x": 4.0, "grid_tsne_3d_y": 8.0, "grid_tsne_3d_z": 2.0, "patch_file": "patch_0823.png" }, "geometry": { "type": "Point", "coordinates": [ 98.269713361596644, 21.233818520605354 ] } },
{ "type": "Feature", "properties": { "index": 824, "lon": -94.321885060820279, "lat": 49.742742797672335, "classification": 111, "subregion_name": "Northern America", "umap_1d_x": 21.924488, "umap_2d_x": -37.336632, "umap_2d_y": -33.713707, "umap_3d_x": -40.228256, "umap_3d_y": -40.838856, "umap_3d_z": 29.864883, "tsne_1d_x": 35.5784, "tsne_2d_x": -37.22942, "tsne_2d_y": 12.128525, "tsne_3d_x": 20.423874, "tsne_3d_y": -43.960255, "tsne_3d_z": 29.280319, "grid_umap_1d_x": 824.0, "grid_umap_2d_x": 15.0, "grid_umap_2d_y": 9.0, "grid_umap_3d_x": 6.0, "grid_umap_3d_y": 4.0, "grid_umap_3d_z": 5.0, "grid_tsne_1d_x": 824.0, "grid_tsne_2d_x": 10.0, "grid_tsne_2d_y": 27.0, "grid_tsne_3d_x": 6.0, "grid_tsne_3d_y": 0.0, "grid_tsne_3d_z": 7.0, "patch_file": "patch_0824.png" }, "geometry": { "type": "Point", "coordinates": [ -94.321885060820279, 49.742742797672335 ] } },
{ "type": "Feature", "properties": { "index": 825, "lon": 22.156732145398479, "lat": 54.980376882993014, "classification": 40, "subregion_name": "Eastern Europe", "umap_1d_x": 15.222353, "umap_2d_x": -33.303707, "umap_2d_y": -9.8046074, "umap_3d_x": -32.805267, "umap_3d_y": -31.138975, "umap_3d_z": -1.983036, "tsne_1d_x": 13.417712, "tsne_2d_x": -11.134674, "tsne_2d_y": 31.191872, "tsne_3d_x": 32.441368, "tsne_3d_y": -20.367352, "tsne_3d_z": 0.11329650999999075, "grid_umap_1d_x": 825.0, "grid_umap_2d_x": 4.0, "grid_umap_2d_y": 15.0, "grid_umap_3d_x": 3.0, "grid_umap_3d_y": 1.0, "grid_umap_3d_z": 2.0, "grid_tsne_1d_x": 825.0, "grid_tsne_2d_x": 13.0, "grid_tsne_2d_y": 30.0, "grid_tsne_3d_x": 7.0, "grid_tsne_3d_y": 3.0, "grid_tsne_3d_z": 3.0, "patch_file": "patch_0825.png" }, "geometry": { "type": "Point", "coordinates": [ 22.156732145398479, 54.980376882993014 ] } },
{ "type": "Feature", "properties": { "index": 826, "lon": 126.07604977442162, "lat": 67.98264220230736, "classification": 116, "subregion_name": "Eastern Europe", "umap_1d_x": 24.687016, "umap_2d_x": -49.860847, "umap_2d_y": -37.984173, "umap_3d_x": -48.778709, "umap_3d_y": -16.612812, "umap_3d_z": 38.845535, "tsne_1d_x": 50.889423, "tsne_2d_x": -41.905144, "tsne_2d_y": -17.533161, "tsne_3d_x": 30.540321, "tsne_3d_y": -11.022919, "tsne_3d_z": 41.015335, "grid_umap_1d_x": 826.0, "grid_umap_2d_x": 6.0, "grid_umap_2d_y": 5.0, "grid_umap_3d_x": 0.0, "grid_umap_3d_y": 9.0, "grid_umap_3d_z": 9.0, "grid_tsne_1d_x": 826.0, "grid_tsne_2d_x": 17.0, "grid_tsne_2d_y": 16.0, "grid_tsne_3d_x": 6.0, "grid_tsne_3d_y": 7.0, "grid_tsne_3d_z": 7.0, "patch_file": "patch_0826.png" }, "geometry": { "type": "Point", "coordinates": [ 126.07604977442162, 67.98264220230736 ] } },
{ "type": "Feature", "properties": { "index": 827, "lon": 139.17150904851792, "lat": -32.327668838019072, "classification": 30, "subregion_name": "Unknown", "umap_1d_x": -13.647758, "umap_2d_x": 48.343315, "umap_2d_y": 4.3270836, "umap_3d_x": 48.48304, "umap_3d_y": -1.5713921, "umap_3d_z": -0.5598259, "tsne_1d_x": -61.669643, "tsne_2d_x": 37.327148, "tsne_2d_y": 45.169868, "tsne_3d_x": 11.778343, "tsne_3d_y": -10.417557, "tsne_3d_z": -42.492424, "grid_umap_1d_x": 827.0, "grid_umap_2d_x": 29.0, "grid_umap_2d_y": 7.0, "grid_umap_3d_x": 8.0, "grid_umap_3d_y": 2.0, "grid_umap_3d_z": 3.0, "grid_tsne_1d_x": 827.0, "grid_tsne_2d_x": 22.0, "grid_tsne_2d_y": 30.0, "grid_tsne_3d_x": 6.0, "grid_tsne_3d_y": 4.0, "grid_tsne_3d_z": 3.0, "patch_file": "patch_0827.png" }, "geometry": { "type": "Point", "coordinates": [ 139.171509048517919, -32.327668838019072 ] } },
{ "type": "Feature", "properties": { "index": 828, "lon": 21.915458608131843, "lat": 49.346232618703766, "classification": 114, "subregion_name": "Eastern Europe", "umap_1d_x": 14.682082, "umap_2d_x": -27.822054, "umap_2d_y": -14.206669, "umap_3d_x": -27.461056, "umap_3d_y": -31.761269, "umap_3d_z": 8.2950172, "tsne_1d_x": 10.985611, "tsne_2d_x": -13.961773, "tsne_2d_y": 13.426762, "tsne_3d_x": 15.619339, "tsne_3d_y": -17.563454, "tsne_3d_z": 5.2398872, "grid_umap_1d_x": 828.0, "grid_umap_2d_x": 0.0, "grid_umap_2d_y": 6.0, "grid_umap_3d_x": 5.0, "grid_umap_3d_y": 3.0, "grid_umap_3d_z": 4.0, "grid_tsne_1d_x": 828.0, "grid_tsne_2d_x": 3.0, "grid_tsne_2d_y": 20.0, "grid_tsne_3d_x": 7.0, "grid_tsne_3d_y": 1.0, "grid_tsne_3d_z": 4.0, "patch_file": "patch_0828.png" }, "geometry": { "type": "Point", "coordinates": [ 21.915458608131843, 49.346232618703766 ] } },
{ "type": "Feature", "properties": { "index": 829, "lon": 22.633762771798644, "lat": 54.800249763430443, "classification": 30, "subregion_name": "Eastern Europe", "umap_1d_x": 15.41328, "umap_2d_x": -33.851212, "umap_2d_y": -10.531677, "umap_3d_x": -33.162117, "umap_3d_y": -29.915195, "umap_3d_z": -0.69838333, "tsne_1d_x": 13.78981, "tsne_2d_x": -11.658474, "tsne_2d_y": 28.34005, "tsne_3d_x": 33.856842, "tsne_3d_y": -17.278557, "tsne_3d_z": 3.1920967, "grid_umap_1d_x": 829.0, "grid_umap_2d_x": 0.0, "grid_umap_2d_y": 12.0, "grid_umap_3d_x": 1.0, "grid_umap_3d_y": 1.0, "grid_umap_3d_z": 2.0, "grid_tsne_1d_x": 829.0, "grid_tsne_2d_x": 0.0, "grid_tsne_2d_y": 29.0, "grid_tsne_3d_x": 8.0, "grid_tsne_3d_y": 4.0, "grid_tsne_3d_z": 3.0, "patch_file": "patch_0829.png" }, "geometry": { "type": "Point", "coordinates": [ 22.633762771798644, 54.800249763430443 ] } },
{ "type": "Feature", "properties": { "index": 830, "lon": 153.30914689935503, "lat": 67.418829905955519, "classification": 30, "subregion_name": "Eastern Europe", "umap_1d_x": 24.668446, "umap_2d_x": -49.587471, "umap_2d_y": -37.301865, "umap_3d_x": -49.566288, "umap_3d_y": -17.216415, "umap_3d_z": 38.612228, "tsne_1d_x": 50.724312, "tsne_2d_x": -41.923889, "tsne_2d_y": -16.953117, "tsne_3d_x": 30.528709, "tsne_3d_y": -9.4760056, "tsne_3d_z": 42.4366, "grid_umap_1d_x": 830.0, "grid_umap_2d_x": 3.0, "grid_umap_2d_y": 3.0, "grid_umap_3d_x": 1.0, "grid_umap_3d_y": 9.0, "grid_umap_3d_z": 8.0, "grid_tsne_1d_x": 830.0, "grid_tsne_2d_x": 15.0, "grid_tsne_2d_y": 15.0, "grid_tsne_3d_x": 7.0, "grid_tsne_3d_y": 7.0, "grid_tsne_3d_z": 9.0, "patch_file": "patch_0830.png" }, "geometry": { "type": "Point", "coordinates": [ 153.309146899355028, 67.418829905955519 ] } },
{ "type": "Feature", "properties": { "index": 831, "lon": 41.938017933370958, "lat": 57.741910203282771, "classification": 115, "subregion_name": "Eastern Europe", "umap_1d_x": 17.96435, "umap_2d_x": -30.014353, "umap_2d_y": -31.885519, "umap_3d_x": -30.990166, "umap_3d_y": -44.41404, "umap_3d_z": 24.748055, "tsne_1d_x": 25.562183, "tsne_2d_x": -23.416, "tsne_2d_y": 10.791882, "tsne_3d_x": 5.8149796, "tsne_3d_y": -33.617058, "tsne_3d_z": 15.122009, "grid_umap_1d_x": 831.0, "grid_umap_2d_x": 23.0, "grid_umap_2d_y": 12.0, "grid_umap_3d_x": 7.0, "grid_umap_3d_y": 1.0, "grid_umap_3d_z": 6.0, "grid_tsne_1d_x": 831.0, "grid_tsne_2d_x": 9.0, "grid_tsne_2d_y": 23.0, "grid_tsne_3d_x": 2.0, "grid_tsne_3d_y": 0.0, "grid_tsne_3d_z": 5.0, "patch_file": "patch_0831.png" }, "geometry": { "type": "Point", "coordinates": [ 41.938017933370958, 57.741910203282771 ] } },
{ "type": "Feature", "properties": { "index": 832, "lon": 77.131955590124051, "lat": 25.322401144343416, "classification": 114, "subregion_name": "Southern Asia", "umap_1d_x": 5.5815654, "umap_2d_x": -13.22541, "umap_2d_y": 21.585091, "umap_3d_x": -10.573803, "umap_3d_y": 1.9546738, "umap_3d_z": -26.81562, "tsne_1d_x": -11.137023, "tsne_2d_x": 9.3488083, "tsne_2d_y": -4.2162781, "tsne_3d_x": 9.3907166, "tsne_3d_y": 33.50312, "tsne_3d_z": -3.8745041, "grid_umap_1d_x": 832.0, "grid_umap_2d_x": 6.0, "grid_umap_2d_y": 24.0, "grid_umap_3d_x": 3.0, "grid_umap_3d_y": 6.0, "grid_umap_3d_z": 3.0, "grid_tsne_1d_x": 832.0, "grid_tsne_2d_x": 14.0, "grid_tsne_2d_y": 4.0, "grid_tsne_3d_x": 6.0, "grid_tsne_3d_y": 9.0, "grid_tsne_3d_z": 5.0, "patch_file": "patch_0832.png" }, "geometry": { "type": "Point", "coordinates": [ 77.131955590124051, 25.322401144343416 ] } },
{ "type": "Feature", "properties": { "index": 833, "lon": 33.482374423010725, "lat": -12.482046445953706, "classification": 124, "subregion_name": "Sub-Saharan Africa", "umap_1d_x": -9.3019352, "umap_2d_x": 40.481857, "umap_2d_y": 27.192337, "umap_3d_x": 41.564194, "umap_3d_y": 33.449715, "umap_3d_z": -2.2087746, "tsne_1d_x": -47.494217, "tsne_2d_x": 45.991142, "tsne_2d_y": 19.120811, "tsne_3d_x": -18.330074, "tsne_3d_y": 7.2019882, "tsne_3d_z": -43.929001, "grid_umap_1d_x": 833.0, "grid_umap_2d_x": 23.0, "grid_umap_2d_y": 23.0, "grid_umap_3d_x": 9.0, "grid_umap_3d_y": 9.0, "grid_umap_3d_z": 7.0, "grid_tsne_1d_x": 833.0, "grid_tsne_2d_x": 30.0, "grid_tsne_2d_y": 19.0, "grid_tsne_3d_x": 1.0, "grid_tsne_3d_y": 4.0, "grid_tsne_3d_z": 1.0, "patch_file": "patch_0833.png" }, "geometry": { "type": "Point", "coordinates": [ 33.482374423010725, -12.482046445953706 ] } },
{ "type": "Feature", "properties": { "index": 834, "lon": 148.21444415090502, "lat": -34.493853085853374, "classification": 30, "subregion_name": "Unknown", "umap_1d_x": -12.693653, "umap_2d_x": 44.034897, "umap_2d_y": 7.6858826, "umap_3d_x": 44.615662, "umap_3d_y": 6.2738609, "umap_3d_z": -0.62505722, "tsne_1d_x": -59.072086, "tsne_2d_x": 36.598167, "tsne_2d_y": 35.580673, "tsne_3d_x": 0.048469543000010162, "tsne_3d_y": -12.503895, "tsne_3d_z": -37.607101, "grid_umap_1d_x": 834.0, "grid_umap_2d_x": 29.0, "grid_umap_2d_y": 11.0, "grid_umap_3d_x": 8.0, "grid_umap_3d_y": 4.0, "grid_umap_3d_z": 5.0, "grid_tsne_1d_x": 834.0, "grid_tsne_2d_x": 23.0, "grid_tsne_2d_y": 26.0, "grid_tsne_3d_x": 3.0, "grid_tsne_3d_y": 2.0, "grid_tsne_3d_z": 1.0, "patch_file": "patch_0834.png" }, "geometry": { "type": "Point", "coordinates": [ 148.214444150905024, -34.493853085853374 ] } },
{ "type": "Feature", "properties": { "index": 835, "lon": 139.17210690597324, "lat": -27.649141496235977, "classification": 30, "subregion_name": "Unknown", "umap_1d_x": -13.684942, "umap_2d_x": 49.92424, "umap_2d_y": 3.9831696, "umap_3d_x": 49.829773, "umap_3d_y": -2.6007156, "umap_3d_z": -2.1185875, "tsne_1d_x": -61.823524, "tsne_2d_x": 37.201141, "tsne_2d_y": 49.300095, "tsne_3d_x": 15.818062, "tsne_3d_y": -6.1981316, "tsne_3d_z": -45.401386, "grid_umap_1d_x": 835.0, "grid_umap_2d_x": 30.0, "grid_umap_2d_y": 6.0, "grid_umap_3d_x": 9.0, "grid_umap_3d_y": 1.0, "grid_umap_3d_z": 0.0, "grid_tsne_1d_x": 835.0, "grid_tsne_2d_x": 19.0, "grid_tsne_2d_y": 31.0, "grid_tsne_3d_x": 7.0, "grid_tsne_3d_y": 5.0, "grid_tsne_3d_z": 1.0, "patch_file": "patch_0835.png" }, "geometry": { "type": "Point", "coordinates": [ 139.172106905973237, -27.649141496235977 ] } },
{ "type": "Feature", "properties": { "index": 836, "lon": -8.3730743053160381, "lat": 52.252541893954501, "classification": 30, "subregion_name": "Northern Europe", "umap_1d_x": 15.912156, "umap_2d_x": -31.712948, "umap_2d_y": -14.322735, "umap_3d_x": -31.969582, "umap_3d_y": -36.833015, "umap_3d_z": 3.6190338, "tsne_1d_x": 14.755532, "tsne_2d_x": -15.043129, "tsne_2d_y": 34.799263, "tsne_3d_x": 24.154434, "tsne_3d_y": -28.84594, "tsne_3d_z": 1.6168137, "grid_umap_1d_x": 836.0, "grid_umap_2d_x": 4.0, "grid_umap_2d_y": 11.0, "grid_umap_3d_x": 7.0, "grid_umap_3d_y": 0.0, "grid_umap_3d_z": 2.0, "grid_tsne_1d_x": 836.0, "grid_tsne_2d_x": 12.0, "grid_tsne_2d_y": 31.0, "grid_tsne_3d_x": 7.0, "grid_tsne_3d_y": 2.0, "grid_tsne_3d_z": 3.0, "patch_file": "patch_0836.png" }, "geometry": { "type": "Point", "coordinates": [ -8.373074305316038, 52.252541893954501 ] } },
{ "type": "Feature", "properties": { "index": 837, "lon": -54.247874248079242, "lat": -22.952530168601903, "classification": 40, "subregion_name": "Latin America and the Caribbean", "umap_1d_x": -10.312278, "umap_2d_x": 39.565315, "umap_2d_y": 16.346016, "umap_3d_x": 40.865555, "umap_3d_y": 19.660988, "umap_3d_z": -3.5324516, "tsne_1d_x": -50.576298, "tsne_2d_x": 37.661583, "tsne_2d_y": 23.215363, "tsne_3d_x": -10.280563, "tsne_3d_y": -1.4918251, "tsne_3d_z": -32.453846, "grid_umap_1d_x": 837.0, "grid_umap_2d_x": 27.0, "grid_umap_2d_y": 14.0, "grid_umap_3d_x": 8.0, "grid_umap_3d_y": 5.0, "grid_umap_3d_z": 5.0, "grid_tsne_1d_x": 837.0, "grid_tsne_2d_x": 24.0, "grid_tsne_2d_y": 22.0, "grid_tsne_3d_x": 1.0, "grid_tsne_3d_y": 2.0, "grid_tsne_3d_z": 0.0, "patch_file": "patch_0837.png" }, "geometry": { "type": "Point", "coordinates": [ -54.247874248079242, -22.952530168601903 ] } },
{ "type": "Feature", "properties": { "index": 838, "lon": 117.03738227970842, "lat": 58.834461301018393, "classification": 115, "subregion_name": "Eastern Europe", "umap_1d_x": 20.812187, "umap_2d_x": -38.839035, "umap_2d_y": -47.546658, "umap_3d_x": -37.197773, "umap_3d_y": -33.24271, "umap_3d_z": 46.738464, "tsne_1d_x": 34.303135, "tsne_2d_x": -27.883574, "tsne_2d_y": -14.241554, "tsne_3d_x": -0.70708847, "tsne_3d_y": -19.764259, "tsne_3d_z": 33.706314, "grid_umap_1d_x": 838.0, "grid_umap_2d_x": 21.0, "grid_umap_2d_y": 1.0, "grid_umap_3d_x": 7.0, "grid_umap_3d_y": 4.0, "grid_umap_3d_z": 9.0, "grid_tsne_1d_x": 838.0, "grid_tsne_2d_x": 7.0, "grid_tsne_2d_y": 7.0, "grid_tsne_3d_x": 0.0, "grid_tsne_3d_y": 2.0, "grid_tsne_3d_z": 9.0, "patch_file": "patch_0838.png" }, "geometry": { "type": "Point", "coordinates": [ 117.037382279708424, 58.834461301018393 ] } },
{ "type": "Feature", "properties": { "index": 839, "lon": 57.850558508261884, "lat": 55.523847369715753, "classification": 114, "subregion_name": "Eastern Europe", "umap_1d_x": 18.782873, "umap_2d_x": -33.529419, "umap_2d_y": -33.824005, "umap_3d_x": -32.419334, "umap_3d_y": -33.630402, "umap_3d_z": 31.936386, "tsne_1d_x": 26.097021, "tsne_2d_x": -20.995632, "tsne_2d_y": -2.2292633, "tsne_3d_x": 5.831707, "tsne_3d_y": -20.48719, "tsne_3d_z": 18.776817, "grid_umap_1d_x": 839.0, "grid_umap_2d_x": 18.0, "grid_umap_2d_y": 9.0, "grid_umap_3d_x": 5.0, "grid_umap_3d_y": 3.0, "grid_umap_3d_z": 7.0, "grid_tsne_1d_x": 839.0, "grid_tsne_2d_x": 11.0, "grid_tsne_2d_y": 15.0, "grid_tsne_3d_x": 3.0, "grid_tsne_3d_y": 1.0, "grid_tsne_3d_z": 7.0, "patch_file": "patch_0839.png" }, "geometry": { "type": "Point", "coordinates": [ 57.850558508261884, 55.523847369715753 ] } },
{ "type": "Feature", "properties": { "index": 840, "lon": 124.91455265599615, "lat": -26.355728739239424, "classification": 126, "subregion_name": "Unknown", "umap_1d_x": -13.75869, "umap_2d_x": 48.488113, "umap_2d_y": 1.4953079, "umap_3d_x": 48.749985, "umap_3d_y": -4.6673012, "umap_3d_z": 1.988781, "tsne_1d_x": -63.027477, "tsne_2d_x": 40.55648, "tsne_2d_y": 44.360237, "tsne_3d_x": 7.8534012, "tsne_3d_y": -16.052898, "tsne_3d_z": -47.504089, "grid_umap_1d_x": 840.0, "grid_umap_2d_x": 28.0, "grid_umap_2d_y": 2.0, "grid_umap_3d_x": 9.0, "grid_umap_3d_y": 2.0, "grid_umap_3d_z": 7.0, "grid_tsne_1d_x": 840.0, "grid_tsne_2d_x": 23.0, "grid_tsne_2d_y": 28.0, "grid_tsne_3d_x": 5.0, "grid_tsne_3d_y": 1.0, "grid_tsne_3d_z": 0.0, "patch_file": "patch_0840.png" }, "geometry": { "type": "Point", "coordinates": [ 124.914552655996147, -26.355728739239424 ] } },
{ "type": "Feature", "properties": { "index": 841, "lon": 21.046519208665956, "lat": 4.4969354601482792, "classification": 126, "subregion_name": "Sub-Saharan Africa", "umap_1d_x": 4.325491, "umap_2d_x": -9.5702477, "umap_2d_y": 30.940445, "umap_3d_x": -4.7465744, "umap_3d_y": 7.3110046, "umap_3d_z": -38.98978, "tsne_1d_x": -18.312038, "tsne_2d_x": 18.553749, "tsne_2d_y": 1.2710915, "tsne_3d_x": 9.5479965, "tsne_3d_y": 47.619583, "tsne_3d_z": -15.631191, "grid_umap_1d_x": 841.0, "grid_umap_2d_x": 5.0, "grid_umap_2d_y": 27.0, "grid_umap_3d_x": 6.0, "grid_umap_3d_y": 5.0, "grid_umap_3d_z": 1.0, "grid_tsne_1d_x": 841.0, "grid_tsne_2d_x": 20.0, "grid_tsne_2d_y": 6.0, "grid_tsne_3d_x": 5.0, "grid_tsne_3d_y": 6.0, "grid_tsne_3d_z": 5.0, "patch_file": "patch_0841.png" }, "geometry": { "type": "Point", "coordinates": [ 21.046519208665956, 4.496935460148279 ] } },
{ "type": "Feature", "properties": { "index": 842, "lon": 11.415598915893213, "lat": 6.4988501447258358, "classification": 124, "subregion_name": "Sub-Saharan Africa", "umap_1d_x": 4.5376377, "umap_2d_x": -7.6868668, "umap_2d_y": 32.323631, "umap_3d_x": -4.4354515, "umap_3d_y": 8.8835106, "umap_3d_z": -39.689781, "tsne_1d_x": -19.039476, "tsne_2d_x": 17.931213, "tsne_2d_y": -5.6503639, "tsne_3d_x": 5.0586166, "tsne_3d_y": 36.437378, "tsne_3d_z": -16.11673, "grid_umap_1d_x": 842.0, "grid_umap_2d_x": 1.0, "grid_umap_2d_y": 30.0, "grid_umap_3d_x": 4.0, "grid_umap_3d_y": 7.0, "grid_umap_3d_z": 1.0, "grid_tsne_1d_x": 842.0, "grid_tsne_2d_x": 20.0, "grid_tsne_2d_y": 1.0, "grid_tsne_3d_x": 5.0, "grid_tsne_3d_y": 8.0, "grid_tsne_3d_z": 2.0, "patch_file": "patch_0842.png" }, "geometry": { "type": "Point", "coordinates": [ 11.415598915893213, 6.498850144725836 ] } },
{ "type": "Feature", "properties": { "index": 843, "lon": 138.33900663644579, "lat": -2.8846930032688789, "classification": 112, "subregion_name": "South-eastern Asia", "umap_1d_x": -3.7290325, "umap_2d_x": 25.028191, "umap_2d_y": 42.422905, "umap_3d_x": 21.446861, "umap_3d_y": 38.961723, "umap_3d_z": -23.605656, "tsne_1d_x": -34.297729, "tsne_2d_x": 24.235466, "tsne_2d_y": -37.469513, "tsne_3d_x": -29.008465, "tsne_3d_y": 35.73291, "tsne_3d_z": -11.277874, "grid_umap_1d_x": 843.0, "grid_umap_2d_x": 21.0, "grid_umap_2d_y": 30.0, "grid_umap_3d_x": 6.0, "grid_umap_3d_y": 8.0, "grid_umap_3d_z": 2.0, "grid_tsne_1d_x": 843.0, "grid_tsne_2d_x": 26.0, "grid_tsne_2d_y": 3.0, "grid_tsne_3d_x": 0.0, "grid_tsne_3d_y": 9.0, "grid_tsne_3d_z": 3.0, "patch_file": "patch_0843.png" }, "geometry": { "type": "Point", "coordinates": [ 138.339006636445788, -2.884693003268879 ] } },
{ "type": "Feature", "properties": { "index": 844, "lon": 49.702324019201342, "lat": 61.340634796773742, "classification": 114, "subregion_name": "Eastern Europe", "umap_1d_x": 18.836456, "umap_2d_x": -34.134789, "umap_2d_y": -35.105042, "umap_3d_x": -33.209625, "umap_3d_y": -35.434044, "umap_3d_z": 33.093231, "tsne_1d_x": 31.399727, "tsne_2d_x": -22.979637, "tsne_2d_y": -1.7389793, "tsne_3d_x": 7.0777664, "tsne_3d_y": -24.801163, "tsne_3d_z": 22.227966, "grid_umap_1d_x": 844.0, "grid_umap_2d_x": 8.0, "grid_umap_2d_y": 0.0, "grid_umap_3d_x": 3.0, "grid_umap_3d_y": 0.0, "grid_umap_3d_z": 9.0, "grid_tsne_1d_x": 844.0, "grid_tsne_2d_x": 5.0, "grid_tsne_2d_y": 13.0, "grid_tsne_3d_x": 3.0, "grid_tsne_3d_y": 3.0, "grid_tsne_3d_z": 6.0, "patch_file": "patch_0844.png" }, "geometry": { "type": "Point", "coordinates": [ 49.702324019201342, 61.340634796773742 ] } },
{ "type": "Feature", "properties": { "index": 845, "lon": -65.416102367415959, "lat": -7.172696359731205, "classification": 112, "subregion_name": "Latin America and the Caribbean", "umap_1d_x": -3.1686759, "umap_2d_x": 23.657768, "umap_2d_y": 46.838913, "umap_3d_x": 20.384583, "umap_3d_y": 36.138878, "umap_3d_z": -30.296867, "tsne_1d_x": -35.410828, "tsne_2d_x": 27.176033, "tsne_2d_y": -44.633869, "tsne_3d_x": -33.475933, "tsne_3d_y": 38.218788, "tsne_3d_z": -3.7387466, "grid_umap_1d_x": 845.0, "grid_umap_2d_x": 19.0, "grid_umap_2d_y": 31.0, "grid_umap_3d_x": 6.0, "grid_umap_3d_y": 6.0, "grid_umap_3d_z": 2.0, "grid_tsne_1d_x": 845.0, "grid_tsne_2d_x": 29.0, "grid_tsne_2d_y": 5.0, "grid_tsne_3d_x": 0.0, "grid_tsne_3d_y": 9.0, "grid_tsne_3d_z": 8.0, "patch_file": "patch_0845.png" }, "geometry": { "type": "Point", "coordinates": [ -65.416102367415959, -7.172696359731205 ] } },
{ "type": "Feature", "properties": { "index": 846, "lon": 29.51178996183782, "lat": -10.526667966995845, "classification": 124, "subregion_name": "Sub-Saharan Africa", "umap_1d_x": -9.0155191, "umap_2d_x": 40.588898, "umap_2d_y": 28.815041, "umap_3d_x": 41.208199, "umap_3d_y": 37.568871, "umap_3d_z": -2.9143524, "tsne_1d_x": -46.805393, "tsne_2d_x": 47.608131, "tsne_2d_y": 17.504898, "tsne_3d_x": -17.145668, "tsne_3d_y": 14.212486, "tsne_3d_z": -43.082268, "grid_umap_1d_x": 846.0, "grid_umap_2d_x": 24.0, "grid_umap_2d_y": 24.0, "grid_umap_3d_x": 8.0, "grid_umap_3d_y": 9.0, "grid_umap_3d_z": 7.0, "grid_tsne_1d_x": 846.0, "grid_tsne_2d_x": 26.0, "grid_tsne_2d_y": 18.0, "grid_tsne_3d_x": 3.0, "grid_tsne_3d_y": 5.0, "grid_tsne_3d_z": 4.0, "patch_file": "patch_0846.png" }, "geometry": { "type": "Point", "coordinates": [ 29.51178996183782, -10.526667966995845 ] } },
{ "type": "Feature", "properties": { "index": 847, "lon": 43.668055252469145, "lat": 60.245615302006641, "classification": 115, "subregion_name": "Eastern Europe", "umap_1d_x": 18.409124, "umap_2d_x": -30.681559, "umap_2d_y": -34.383282, "umap_3d_x": -32.479046, "umap_3d_y": -44.015511, "umap_3d_z": 29.238739, "tsne_1d_x": 26.526543, "tsne_2d_x": -24.807749, "tsne_2d_y": 8.8052406, "tsne_3d_x": 6.456852, "tsne_3d_y": -33.675346, "tsne_3d_z": 19.251884, "grid_umap_1d_x": 847.0, "grid_umap_2d_x": 19.0, "grid_umap_2d_y": 7.0, "grid_umap_3d_x": 7.0, "grid_umap_3d_y": 2.0, "grid_umap_3d_z": 6.0, "grid_tsne_1d_x": 847.0, "grid_tsne_2d_x": 12.0, "grid_tsne_2d_y": 23.0, "grid_tsne_3d_x": 3.0, "grid_tsne_3d_y": 0.0, "grid_tsne_3d_z": 6.0, "patch_file": "patch_0847.png" }, "geometry": { "type": "Point", "coordinates": [ 43.668055252469145, 60.245615302006641 ] } },
{ "type": "Feature", "properties": { "index": 848, "lon": -47.288404546336238, "lat": -19.397773235039999, "classification": 40, "subregion_name": "Latin America and the Caribbean", "umap_1d_x": -9.6730976, "umap_2d_x": 39.224251, "umap_2d_y": 23.53183, "umap_3d_x": 39.724525, "umap_3d_y": 29.669083, "umap_3d_z": -7.1048508, "tsne_1d_x": -48.416206, "tsne_2d_x": 43.802551, "tsne_2d_y": 15.5812, "tsne_3d_x": -12.256283, "tsne_3d_y": 7.3140564, "tsne_3d_z": -36.265381, "grid_umap_1d_x": 848.0, "grid_umap_2d_x": 25.0, "grid_umap_2d_y": 20.0, "grid_umap_3d_x": 9.0, "grid_umap_3d_y": 8.0, "grid_umap_3d_z": 4.0, "grid_tsne_1d_x": 848.0, "grid_tsne_2d_x": 29.0, "grid_tsne_2d_y": 16.0, "grid_tsne_3d_x": 3.0, "grid_tsne_3d_y": 4.0, "grid_tsne_3d_z": 4.0, "patch_file": "patch_0848.png" }, "geometry": { "type": "Point", "coordinates": [ -47.288404546336238, -19.397773235039999 ] } },
{ "type": "Feature", "properties": { "index": 849, "lon": 63.740426622385201, "lat": 45.225839452149103, "classification": 90, "subregion_name": "Unknown", "umap_1d_x": 9.6965456, "umap_2d_x": -16.245609, "umap_2d_y": -10.03278, "umap_3d_x": -24.420145, "umap_3d_y": -8.3660736, "umap_3d_z": 11.519199, "tsne_1d_x": 18.984472, "tsne_2d_x": -11.087135, "tsne_2d_y": -21.991066, "tsne_3d_x": 17.07711, "tsne_3d_y": 18.019264, "tsne_3d_z": 20.091072, "grid_umap_1d_x": 849.0, "grid_umap_2d_x": 9.0, "grid_umap_2d_y": 9.0, "grid_umap_3d_x": 0.0, "grid_umap_3d_y": 5.0, "grid_umap_3d_z": 5.0, "grid_tsne_1d_x": 849.0, "grid_tsne_2d_x": 12.0, "grid_tsne_2d_y": 5.0, "grid_tsne_3d_x": 8.0, "grid_tsne_3d_y": 9.0, "grid_tsne_3d_z": 9.0, "patch_file": "patch_0849.png" }, "geometry": { "type": "Point", "coordinates": [ 63.740426622385201, 45.225839452149103 ] } },
{ "type": "Feature", "properties": { "index": 850, "lon": 28.272600157805869, "lat": 45.67112448454391, "classification": 40, "subregion_name": "Eastern Europe", "umap_1d_x": 14.849031, "umap_2d_x": -30.63863, "umap_2d_y": -8.6501198, "umap_3d_x": -30.087029, "umap_3d_y": -27.406609, "umap_3d_z": 0.62385178000001, "tsne_1d_x": 12.179567, "tsne_2d_x": -11.085506, "tsne_2d_y": 23.65683, "tsne_3d_x": 23.713875, "tsne_3d_y": -11.535469, "tsne_3d_z": 1.1705322, "grid_umap_1d_x": 850.0, "grid_umap_2d_x": 12.0, "grid_umap_2d_y": 20.0, "grid_umap_3d_x": 1.0, "grid_umap_3d_y": 1.0, "grid_umap_3d_z": 3.0, "grid_tsne_1d_x": 850.0, "grid_tsne_2d_x": 8.0, "grid_tsne_2d_y": 28.0, "grid_tsne_3d_x": 7.0, "grid_tsne_3d_y": 4.0, "grid_tsne_3d_z": 3.0, "patch_file": "patch_0850.png" }, "geometry": { "type": "Point", "coordinates": [ 28.272600157805869, 45.67112448454391 ] } },
{ "type": "Feature", "properties": { "index": 851, "lon": 105.88292264957062, "lat": 31.011605352506251, "classification": 122, "subregion_name": "Unknown", "umap_1d_x": 8.6991396, "umap_2d_x": -15.505394, "umap_2d_y": -0.94057465, "umap_3d_x": -17.803288, "umap_3d_y": -7.2559242, "umap_3d_z": 3.2960777, "tsne_1d_x": -4.6564002, "tsne_2d_x": -3.3688164, "tsne_2d_y": -13.569756, "tsne_3d_x": 8.2539444, "tsne_3d_y": 21.51918, "tsne_3d_z": 7.4298935, "grid_umap_1d_x": 851.0, "grid_umap_2d_x": 15.0, "grid_umap_2d_y": 20.0, "grid_umap_3d_x": 0.0, "grid_umap_3d_y": 6.0, "grid_umap_3d_z": 3.0, "grid_tsne_1d_x": 851.0, "grid_tsne_2d_x": 14.0, "grid_tsne_2d_y": 7.0, "grid_tsne_3d_x": 6.0, "grid_tsne_3d_y": 9.0, "grid_tsne_3d_z": 7.0, "patch_file": "patch_0851.png" }, "geometry": { "type": "Point", "coordinates": [ 105.882922649570617, 31.011605352506251 ] } },
{ "type": "Feature", "properties": { "index": 852, "lon": 33.160651372235805, "lat": 61.160936808556215, "classification": 115, "subregion_name": "Eastern Europe", "umap_1d_x": 17.700741, "umap_2d_x": -28.706411, "umap_2d_y": -33.24725, "umap_3d_x": -30.970264, "umap_3d_y": -49.542046, "umap_3d_z": 22.319557, "tsne_1d_x": 25.023926, "tsne_2d_x": -25.837046, "tsne_2d_y": 14.674911, "tsne_3d_x": 11.938934, "tsne_3d_y": -41.401833, "tsne_3d_z": 16.457108, "grid_umap_1d_x": 852.0, "grid_umap_2d_x": 16.0, "grid_umap_2d_y": 4.0, "grid_umap_3d_x": 8.0, "grid_umap_3d_y": 0.0, "grid_umap_3d_z": 6.0, "grid_tsne_1d_x": 852.0, "grid_tsne_2d_x": 2.0, "grid_tsne_2d_y": 24.0, "grid_tsne_3d_x": 4.0, "grid_tsne_3d_y": 4.0, "grid_tsne_3d_z": 4.0, "patch_file": "patch_0852.png" }, "geometry": { "type": "Point", "coordinates": [ 33.160651372235805, 61.160936808556215 ] } },
{ "type": "Feature", "properties": { "index": 853, "lon": 89.749794917665099, "lat": 68.883508192981736, "classification": 30, "subregion_name": "Eastern Europe", "umap_1d_x": 25.201809, "umap_2d_x": -49.366016, "umap_2d_y": -29.479494, "umap_3d_x": -49.734577, "umap_3d_y": -17.545628, "umap_3d_z": 27.33786, "tsne_1d_x": 55.565548, "tsne_2d_x": -48.233978, "tsne_2d_y": -15.9827, "tsne_3d_x": 45.299194, "tsne_3d_y": -15.670334, "tsne_3d_z": 36.020882, "grid_umap_1d_x": 853.0, "grid_umap_2d_x": 5.0, "grid_umap_2d_y": 10.0, "grid_umap_3d_x": 0.0, "grid_umap_3d_y": 8.0, "grid_umap_3d_z": 6.0, "grid_tsne_1d_x": 853.0, "grid_tsne_2d_x": 6.0, "grid_tsne_2d_y": 13.0, "grid_tsne_3d_x": 8.0, "grid_tsne_3d_y": 6.0, "grid_tsne_3d_z": 7.0, "patch_file": "patch_0853.png" }, "geometry": { "type": "Point", "coordinates": [ 89.749794917665099, 68.883508192981736 ] } },
{ "type": "Feature", "properties": { "index": 854, "lon": 8.4154275442863877, "lat": 6.9972819546387939, "classification": 126, "subregion_name": "Sub-Saharan Africa", "umap_1d_x": 4.1992669, "umap_2d_x": -9.7509537, "umap_2d_y": 30.443802, "umap_3d_x": -6.1342316, "umap_3d_y": 4.003418, "umap_3d_z": -40.332237, "tsne_1d_x": -17.748758, "tsne_2d_x": 17.774483, "tsne_2d_y": 2.4437027, "tsne_3d_x": 13.5238, "tsne_3d_y": 49.084595, "tsne_3d_z": -14.642834, "grid_umap_1d_x": 854.0, "grid_umap_2d_x": 0.0, "grid_umap_2d_y": 28.0, "grid_umap_3d_x": 7.0, "grid_umap_3d_y": 2.0, "grid_umap_3d_z": 0.0, "grid_tsne_1d_x": 854.0, "grid_tsne_2d_x": 18.0, "grid_tsne_2d_y": 3.0, "grid_tsne_3d_x": 6.0, "grid_tsne_3d_y": 8.0, "grid_tsne_3d_z": 4.0, "patch_file": "patch_0854.png" }, "geometry": { "type": "Point", "coordinates": [ 8.415427544286388, 6.997281954638794 ] } },
{ "type": "Feature", "properties": { "index": 855, "lon": 122.36775220109507, "lat": -27.988466615655895, "classification": 20, "subregion_name": "Unknown", "umap_1d_x": -13.832082, "umap_2d_x": 48.560471, "umap_2d_y": 1.4734688, "umap_3d_x": 48.581154, "umap_3d_y": -4.5405502, "umap_3d_z": 2.4626656, "tsne_1d_x": -63.361717, "tsne_2d_x": 40.960091, "tsne_2d_y": 43.240868, "tsne_3d_x": 6.4719543, "tsne_3d_y": -18.20647, "tsne_3d_z": -47.3997, "grid_umap_1d_x": 855.0, "grid_umap_2d_x": 28.0, "grid_umap_2d_y": 1.0, "grid_umap_3d_x": 9.0, "grid_umap_3d_y": 2.0, "grid_umap_3d_z": 8.0, "grid_tsne_1d_x": 855.0, "grid_tsne_2d_x": 27.0, "grid_tsne_2d_y": 31.0, "grid_tsne_3d_x": 5.0, "grid_tsne_3d_y": 1.0, "grid_tsne_3d_z": 1.0, "patch_file": "patch_0855.png" }, "geometry": { "type": "Point", "coordinates": [ 122.367752201095072, -27.988466615655895 ] } },
{ "type": "Feature", "properties": { "index": 856, "lon": -107.14830430761474, "lat": 39.449348651581374, "classification": 126, "subregion_name": "Unknown", "umap_1d_x": 12.995071, "umap_2d_x": -24.412712, "umap_2d_y": 3.5632057, "umap_3d_x": -25.602182, "umap_3d_y": -14.322308, "umap_3d_z": -6.1120224, "tsne_1d_x": 1.2506818, "tsne_2d_x": -2.4034958, "tsne_2d_y": 20.132996, "tsne_3d_x": 13.81591, "tsne_3d_y": -0.21662521, "tsne_3d_z": -6.776825, "grid_umap_1d_x": 856.0, "grid_umap_2d_x": 2.0, "grid_umap_2d_y": 17.0, "grid_umap_3d_x": 0.0, "grid_umap_3d_y": 5.0, "grid_umap_3d_z": 2.0, "grid_tsne_1d_x": 856.0, "grid_tsne_2d_x": 13.0, "grid_tsne_2d_y": 26.0, "grid_tsne_3d_x": 8.0, "grid_tsne_3d_y": 3.0, "grid_tsne_3d_z": 1.0, "patch_file": "patch_0856.png" }, "geometry": { "type": "Point", "coordinates": [ -107.148304307614737, 39.449348651581374 ] } },
{ "type": "Feature", "properties": { "index": 857, "lon": 116.6341577643542, "lat": 3.6192036510262038, "classification": 126, "subregion_name": "South-eastern Asia", "umap_1d_x": -4.8496866, "umap_2d_x": 29.353752, "umap_2d_y": 31.011177, "umap_3d_x": 26.159065, "umap_3d_y": 33.097672, "umap_3d_z": -15.394543, "tsne_1d_x": -26.177416, "tsne_2d_x": 19.534523, "tsne_2d_y": -22.54999, "tsne_3d_x": -17.687832, "tsne_3d_y": 25.407318, "tsne_3d_z": -19.634151, "grid_umap_1d_x": 857.0, "grid_umap_2d_x": 29.0, "grid_umap_2d_y": 30.0, "grid_umap_3d_x": 8.0, "grid_umap_3d_y": 9.0, "grid_umap_3d_z": 4.0, "grid_tsne_1d_x": 857.0, "grid_tsne_2d_x": 24.0, "grid_tsne_2d_y": 11.0, "grid_tsne_3d_x": 1.0, "grid_tsne_3d_y": 8.0, "grid_tsne_3d_z": 1.0, "patch_file": "patch_0857.png" }, "geometry": { "type": "Point", "coordinates": [ 116.6341577643542, 3.619203651026204 ] } },
{ "type": "Feature", "properties": { "index": 858, "lon": 27.080922470636551, "lat": 4.2195828479283364, "classification": 114, "subregion_name": "Sub-Saharan Africa", "umap_1d_x": 4.5068183, "umap_2d_x": -7.8636017, "umap_2d_y": 32.650826, "umap_3d_x": -4.1758461, "umap_3d_y": 9.3317375, "umap_3d_z": -40.882866, "tsne_1d_x": -18.941896, "tsne_2d_x": 17.709167, "tsne_2d_y": -3.8195534, "tsne_3d_x": 6.2265625, "tsne_3d_y": 40.079971, "tsne_3d_z": -18.610828, "grid_umap_1d_x": 858.0, "grid_umap_2d_x": 6.0, "grid_umap_2d_y": 29.0, "grid_umap_3d_x": 6.0, "grid_umap_3d_y": 6.0, "grid_umap_3d_z": 0.0, "grid_tsne_1d_x": 858.0, "grid_tsne_2d_x": 22.0, "grid_tsne_2d_y": 10.0, "grid_tsne_3d_x": 5.0, "grid_tsne_3d_y": 9.0, "grid_tsne_3d_z": 1.0, "patch_file": "patch_0858.png" }, "geometry": { "type": "Point", "coordinates": [ 27.080922470636551, 4.219582847928336 ] } },
{ "type": "Feature", "properties": { "index": 859, "lon": -99.712742738568849, "lat": 48.311648137749103, "classification": 40, "subregion_name": "Unknown", "umap_1d_x": 18.311829, "umap_2d_x": -39.278465, "umap_2d_y": -22.420395, "umap_3d_x": -38.522137, "umap_3d_y": -22.320955, "umap_3d_z": 19.495995, "tsne_1d_x": 46.427624, "tsne_2d_x": -32.547955, "tsne_2d_y": -9.9808846, "tsne_3d_x": 30.780945, "tsne_3d_y": -4.9351349, "tsne_3d_z": 19.992844, "grid_umap_1d_x": 859.0, "grid_umap_2d_x": 15.0, "grid_umap_2d_y": 17.0, "grid_umap_3d_x": 1.0, "grid_umap_3d_y": 5.0, "grid_umap_3d_z": 5.0, "grid_tsne_1d_x": 859.0, "grid_tsne_2d_x": 14.0, "grid_tsne_2d_y": 15.0, "grid_tsne_3d_x": 9.0, "grid_tsne_3d_y": 6.0, "grid_tsne_3d_z": 6.0, "patch_file": "patch_0859.png" }, "geometry": { "type": "Point", "coordinates": [ -99.712742738568849, 48.311648137749103 ] } },
{ "type": "Feature", "properties": { "index": 860, "lon": -130.31254142677355, "lat": 61.240587144181433, "classification": 126, "subregion_name": "Northern America", "umap_1d_x": 21.561733, "umap_2d_x": -40.180916, "umap_2d_y": -42.915382, "umap_3d_x": -41.312634, "umap_3d_y": -38.466908, "umap_3d_z": 42.317207, "tsne_1d_x": 37.066921, "tsne_2d_x": -33.5434, "tsne_2d_y": 14.2136, "tsne_3d_x": 23.388405, "tsne_3d_y": -42.612854, "tsne_3d_z": 42.831245, "grid_umap_1d_x": 860.0, "grid_umap_2d_x": 22.0, "grid_umap_2d_y": 9.0, "grid_umap_3d_x": 3.0, "grid_umap_3d_y": 2.0, "grid_umap_3d_z": 9.0, "grid_tsne_1d_x": 860.0, "grid_tsne_2d_x": 2.0, "grid_tsne_2d_y": 25.0, "grid_tsne_3d_x": 5.0, "grid_tsne_3d_y": 3.0, "grid_tsne_3d_z": 7.0, "patch_file": "patch_0860.png" }, "geometry": { "type": "Point", "coordinates": [ -130.312541426773549, 61.240587144181433 ] } },
{ "type": "Feature", "properties": { "index": 861, "lon": 56.835774565938834, "lat": 62.204799468273592, "classification": 111, "subregion_name": "Eastern Europe", "umap_1d_x": 22.12738, "umap_2d_x": -38.914627, "umap_2d_y": -32.628387, "umap_3d_x": -40.12352, "umap_3d_y": -33.747314, "umap_3d_z": 29.686089, "tsne_1d_x": 36.5201, "tsne_2d_x": -37.359596, "tsne_2d_y": 4.486866, "tsne_3d_x": 20.211182, "tsne_3d_y": -28.037437, "tsne_3d_z": 24.857262, "grid_umap_1d_x": 861.0, "grid_umap_2d_x": 2.0, "grid_umap_2d_y": 0.0, "grid_umap_3d_x": 3.0, "grid_umap_3d_y": 3.0, "grid_umap_3d_z": 6.0, "grid_tsne_1d_x": 861.0, "grid_tsne_2d_x": 5.0, "grid_tsne_2d_y": 21.0, "grid_tsne_3d_x": 7.0, "grid_tsne_3d_y": 0.0, "grid_tsne_3d_z": 8.0, "patch_file": "patch_0861.png" }, "geometry": { "type": "Point", "coordinates": [ 56.835774565938834, 62.204799468273592 ] } },
{ "type": "Feature", "properties": { "index": 862, "lon": 100.71898121820794, "lat": 31.051784338245184, "classification": 116, "subregion_name": "Unknown", "umap_1d_x": 7.6954546, "umap_2d_x": -14.819996, "umap_2d_y": 6.6387596, "umap_3d_x": -14.087585, "umap_3d_y": -2.7566528, "umap_3d_z": -8.485878, "tsne_1d_x": -6.4810247, "tsne_2d_x": 2.3520699, "tsne_2d_y": -16.981358, "tsne_3d_x": -11.476318, "tsne_3d_y": 15.532806, "tsne_3d_z": 1.6014977, "grid_umap_1d_x": 862.0, "grid_umap_2d_x": 3.0, "grid_umap_2d_y": 16.0, "grid_umap_3d_x": 1.0, "grid_umap_3d_y": 7.0, "grid_umap_3d_z": 3.0, "grid_tsne_1d_x": 862.0, "grid_tsne_2d_x": 12.0, "grid_tsne_2d_y": 0.0, "grid_tsne_3d_x": 0.0, "grid_tsne_3d_y": 7.0, "grid_tsne_3d_z": 6.0, "patch_file": "patch_0862.png" }, "geometry": { "type": "Point", "coordinates": [ 100.718981218207944, 31.051784338245184 ] } },
{ "type": "Feature", "properties": { "index": 863, "lon": 155.21240994223206, "lat": 68.504272209483247, "classification": 90, "subregion_name": "Eastern Europe", "umap_1d_x": 24.657986, "umap_2d_x": -48.413467, "umap_2d_y": -36.010963, "umap_3d_x": -48.029892, "umap_3d_y": -18.812561, "umap_3d_z": 35.240463, "tsne_1d_x": 51.255627, "tsne_2d_x": -44.760658, "tsne_2d_y": -16.548759, "tsne_3d_x": 35.15126, "tsne_3d_y": -11.91724, "tsne_3d_z": 35.964027, "grid_umap_1d_x": 863.0, "grid_umap_2d_x": 0.0, "grid_umap_2d_y": 1.0, "grid_umap_3d_x": 1.0, "grid_umap_3d_y": 8.0, "grid_umap_3d_z": 7.0, "grid_tsne_1d_x": 863.0, "grid_tsne_2d_x": 1.0, "grid_tsne_2d_y": 8.0, "grid_tsne_3d_x": 9.0, "grid_tsne_3d_y": 5.0, "grid_tsne_3d_z": 9.0, "patch_file": "patch_0863.png" }, "geometry": { "type": "Point", "coordinates": [ 155.212409942232057, 68.504272209483247 ] } },
{ "type": "Feature", "properties": { "index": 864, "lon": 141.99456537898459, "lat": -36.636716762326309, "classification": 40, "subregion_name": "Unknown", "umap_1d_x": -12.981427, "umap_2d_x": 45.882034, "umap_2d_y": 6.3819237, "umap_3d_x": 45.714149, "umap_3d_y": 3.5783348, "umap_3d_z": -0.46583176, "tsne_1d_x": -59.929493, "tsne_2d_x": 36.817635, "tsne_2d_y": 39.164131, "tsne_3d_x": 5.0218239, "tsne_3d_y": -12.135391, "tsne_3d_z": -37.698486, "grid_umap_1d_x": 864.0, "grid_umap_2d_x": 30.0, "grid_umap_2d_y": 10.0, "grid_umap_3d_x": 9.0, "grid_umap_3d_y": 3.0, "grid_umap_3d_z": 3.0, "grid_tsne_1d_x": 864.0, "grid_tsne_2d_x": 25.0, "grid_tsne_2d_y": 29.0, "grid_tsne_3d_x": 4.0, "grid_tsne_3d_y": 2.0, "grid_tsne_3d_z": 2.0, "patch_file": "patch_0864.png" }, "geometry": { "type": "Point", "coordinates": [ 141.994565378984589, -36.636716762326309 ] } },
{ "type": "Feature", "properties": { "index": 865, "lon": 20.075176939850394, "lat": -17.096094209397265, "classification": 124, "subregion_name": "Sub-Saharan Africa", "umap_1d_x": -11.060995, "umap_2d_x": 43.671021, "umap_2d_y": 27.080841, "umap_3d_x": 45.347954, "umap_3d_y": 33.775589, "umap_3d_z": -2.7981415, "tsne_1d_x": -53.021282, "tsne_2d_x": 47.125954, "tsne_2d_y": 24.899765, "tsne_3d_x": -8.73806, "tsne_3d_y": 10.581547, "tsne_3d_z": -46.010784, "grid_umap_1d_x": 865.0, "grid_umap_2d_x": 26.0, "grid_umap_2d_y": 23.0, "grid_umap_3d_x": 8.0, "grid_umap_3d_y": 8.0, "grid_umap_3d_z": 8.0, "grid_tsne_1d_x": 865.0, "grid_tsne_2d_x": 28.0, "grid_tsne_2d_y": 23.0, "grid_tsne_3d_x": 4.0, "grid_tsne_3d_y": 6.0, "grid_tsne_3d_z": 1.0, "patch_file": "patch_0865.png" }, "geometry": { "type": "Point", "coordinates": [ 20.075176939850394, -17.096094209397265 ] } },
{ "type": "Feature", "properties": { "index": 866, "lon": -76.589887161882714, "lat": 4.3146054860534093, "classification": 112, "subregion_name": "Latin America and the Caribbean", "umap_1d_x": -4.1083069, "umap_2d_x": 24.493027, "umap_2d_y": 34.942978, "umap_3d_x": 20.454468, "umap_3d_y": 30.829704, "umap_3d_z": -15.266567, "tsne_1d_x": -28.5511, "tsne_2d_x": 16.922958, "tsne_2d_y": -30.973246, "tsne_3d_x": -24.245756, "tsne_3d_y": 13.572002, "tsne_3d_z": -8.4537239, "grid_umap_1d_x": 866.0, "grid_umap_2d_x": 21.0, "grid_umap_2d_y": 24.0, "grid_umap_3d_x": 7.0, "grid_umap_3d_y": 7.0, "grid_umap_3d_z": 3.0, "grid_tsne_1d_x": 866.0, "grid_tsne_2d_x": 23.0, "grid_tsne_2d_y": 8.0, "grid_tsne_3d_x": 0.0, "grid_tsne_3d_y": 4.0, "grid_tsne_3d_z": 3.0, "patch_file": "patch_0866.png" }, "geometry": { "type": "Point", "coordinates": [ -76.589887161882714, 4.314605486053409 ] } },
{ "type": "Feature", "properties": { "index": 867, "lon": 32.616729809542647, "lat": 3.805104329235526, "classification": 114, "subregion_name": "Unknown", "umap_1d_x": 4.4919786, "umap_2d_x": -7.4783401, "umap_2d_y": 32.598289, "umap_3d_x": -5.082592, "umap_3d_y": 11.011696, "umap_3d_z": -41.126179, "tsne_1d_x": -19.349272, "tsne_2d_x": 19.22374, "tsne_2d_y": -2.2904968, "tsne_3d_x": 8.9630318, "tsne_3d_y": 36.537994, "tsne_3d_z": -20.3603, "grid_umap_1d_x": 867.0, "grid_umap_2d_x": 10.0, "grid_umap_2d_y": 28.0, "grid_umap_3d_x": 4.0, "grid_umap_3d_y": 8.0, "grid_umap_3d_z": 0.0, "grid_tsne_1d_x": 867.0, "grid_tsne_2d_x": 20.0, "grid_tsne_2d_y": 0.0, "grid_tsne_3d_x": 6.0, "grid_tsne_3d_y": 7.0, "grid_tsne_3d_z": 2.0, "patch_file": "patch_0867.png" }, "geometry": { "type": "Point", "coordinates": [ 32.616729809542647, 3.805104329235526 ] } },
{ "type": "Feature", "properties": { "index": 868, "lon": -99.089726259589654, "lat": 52.881850291349679, "classification": 111, "subregion_name": "Northern America", "umap_1d_x": 21.569422, "umap_2d_x": -38.314716, "umap_2d_y": -37.666218, "umap_3d_x": -41.519382, "umap_3d_y": -41.289948, "umap_3d_z": 35.77932, "tsne_1d_x": 37.414612, "tsne_2d_x": -33.872192, "tsne_2d_y": 3.2073784, "tsne_3d_x": 13.751202, "tsne_3d_y": -40.087719, "tsne_3d_z": 34.435036, "grid_umap_1d_x": 868.0, "grid_umap_2d_x": 7.0, "grid_umap_2d_y": 0.0, "grid_umap_3d_x": 4.0, "grid_umap_3d_y": 2.0, "grid_umap_3d_z": 7.0, "grid_tsne_1d_x": 868.0, "grid_tsne_2d_x": 8.0, "grid_tsne_2d_y": 20.0, "grid_tsne_3d_x": 4.0, "grid_tsne_3d_y": 4.0, "grid_tsne_3d_z": 6.0, "patch_file": "patch_0868.png" }, "geometry": { "type": "Point", "coordinates": [ -99.089726259589654, 52.881850291349679 ] } },
{ "type": "Feature", "properties": { "index": 869, "lon": 149.93524195945025, "lat": 65.960309672824764, "classification": 113, "subregion_name": "Eastern Europe", "umap_1d_x": 22.951319, "umap_2d_x": -45.295094, "umap_2d_y": -46.627895, "umap_3d_x": -43.723534, "umap_3d_y": -24.893358, "umap_3d_z": 47.601875, "tsne_1d_x": 41.819977, "tsne_2d_x": -34.009777, "tsne_2d_y": -20.902422, "tsne_3d_x": 13.098866, "tsne_3d_y": -17.135265, "tsne_3d_z": 42.540039, "grid_umap_1d_x": 869.0, "grid_umap_2d_x": 18.0, "grid_umap_2d_y": 6.0, "grid_umap_3d_x": 4.0, "grid_umap_3d_y": 7.0, "grid_umap_3d_z": 8.0, "grid_tsne_1d_x": 869.0, "grid_tsne_2d_x": 5.0, "grid_tsne_2d_y": 4.0, "grid_tsne_3d_x": 3.0, "grid_tsne_3d_y": 7.0, "grid_tsne_3d_z": 8.0, "patch_file": "patch_0869.png" }, "geometry": { "type": "Point", "coordinates": [ 149.935241959450252, 65.960309672824764 ] } },
{ "type": "Feature", "properties": { "index": 870, "lon": 141.70965532521399, "lat": -29.008524081025527, "classification": 30, "subregion_name": "Unknown", "umap_1d_x": -13.649667, "umap_2d_x": 49.151955, "umap_2d_y": 4.5963707, "umap_3d_x": 49.32811, "umap_3d_y": -2.5590057, "umap_3d_z": -1.5444107, "tsne_1d_x": -62.114475, "tsne_2d_x": 38.097046, "tsne_2d_y": 47.451775, "tsne_3d_x": 13.071472, "tsne_3d_y": -9.2001991, "tsne_3d_z": -45.60281, "grid_umap_1d_x": 870.0, "grid_umap_2d_x": 26.0, "grid_umap_2d_y": 8.0, "grid_umap_3d_x": 9.0, "grid_umap_3d_y": 1.0, "grid_umap_3d_z": 2.0, "grid_tsne_1d_x": 870.0, "grid_tsne_2d_x": 19.0, "grid_tsne_2d_y": 29.0, "grid_tsne_3d_x": 7.0, "grid_tsne_3d_y": 4.0, "grid_tsne_3d_z": 0.0, "patch_file": "patch_0870.png" }, "geometry": { "type": "Point", "coordinates": [ 141.709655325213987, -29.008524081025527 ] } },
{ "type": "Feature", "properties": { "index": 871, "lon": 85.713127149476975, "lat": 60.791839942460001, "classification": 111, "subregion_name": "Eastern Europe", "umap_1d_x": 20.678661, "umap_2d_x": -35.782345, "umap_2d_y": -37.152611, "umap_3d_x": -37.957825, "umap_3d_y": -42.892803, "umap_3d_z": 33.797318, "tsne_1d_x": 36.215378, "tsne_2d_x": -31.551485, "tsne_2d_y": 8.3604355, "tsne_3d_x": 13.17569, "tsne_3d_y": -34.803467, "tsne_3d_z": 27.756554, "grid_umap_1d_x": 871.0, "grid_umap_2d_x": 15.0, "grid_umap_2d_y": 5.0, "grid_umap_3d_x": 4.0, "grid_umap_3d_y": 1.0, "grid_umap_3d_z": 7.0, "grid_tsne_1d_x": 871.0, "grid_tsne_2d_x": 10.0, "grid_tsne_2d_y": 24.0, "grid_tsne_3d_x": 5.0, "grid_tsne_3d_y": 1.0, "grid_tsne_3d_z": 7.0, "patch_file": "patch_0871.png" }, "geometry": { "type": "Point", "coordinates": [ 85.713127149476975, 60.791839942460001 ] } },
{ "type": "Feature", "properties": { "index": 872, "lon": 40.460085290897808, "lat": 5.5887676734541856, "classification": 126, "subregion_name": "Sub-Saharan Africa", "umap_1d_x": 2.9463131, "umap_2d_x": -11.748867, "umap_2d_y": 42.400299, "umap_3d_x": -10.547817, "umap_3d_y": 17.879448, "umap_3d_z": -49.237629, "tsne_1d_x": -21.524879, "tsne_2d_x": 21.474419, "tsne_2d_y": 9.9704094, "tsne_3d_x": 21.487991, "tsne_3d_y": 33.372459, "tsne_3d_z": -24.40727, "grid_umap_1d_x": 872.0, "grid_umap_2d_x": 10.0, "grid_umap_2d_y": 31.0, "grid_umap_3d_x": 0.0, "grid_umap_3d_y": 9.0, "grid_umap_3d_z": 3.0, "grid_tsne_1d_x": 872.0, "grid_tsne_2d_x": 22.0, "grid_tsne_2d_y": 11.0, "grid_tsne_3d_x": 8.0, "grid_tsne_3d_y": 8.0, "grid_tsne_3d_z": 0.0, "patch_file": "patch_0872.png" }, "geometry": { "type": "Point", "coordinates": [ 40.460085290897808, 5.588767673454186 ] } },
{ "type": "Feature", "properties": { "index": 873, "lon": 160.57114641141726, "lat": 67.140864209719808, "classification": 30, "subregion_name": "Eastern Europe", "umap_1d_x": 24.746246, "umap_2d_x": -49.138561, "umap_2d_y": -36.583664, "umap_3d_x": -49.107967, "umap_3d_y": -17.634014, "umap_3d_z": 36.281708, "tsne_1d_x": 51.193016, "tsne_2d_x": -43.643673, "tsne_2d_y": -17.902546, "tsne_3d_x": 34.691086, "tsne_3d_y": -12.983162, "tsne_3d_z": 39.659523, "grid_umap_1d_x": 873.0, "grid_umap_2d_x": 4.0, "grid_umap_2d_y": 4.0, "grid_umap_3d_x": 1.0, "grid_umap_3d_y": 9.0, "grid_umap_3d_z": 7.0, "grid_tsne_1d_x": 873.0, "grid_tsne_2d_x": 6.0, "grid_tsne_2d_y": 10.0, "grid_tsne_3d_x": 8.0, "grid_tsne_3d_y": 6.0, "grid_tsne_3d_z": 8.0, "patch_file": "patch_0873.png" }, "geometry": { "type": "Point", "coordinates": [ 160.57114641141726, 67.140864209719808 ] } },
{ "type": "Feature", "properties": { "index": 874, "lon": -67.522202002992998, "lat": -5.3927407557613662, "classification": 112, "subregion_name": "Latin America and the Caribbean", "umap_1d_x": -3.1156032, "umap_2d_x": 23.197937, "umap_2d_y": 46.578011, "umap_3d_x": 20.167946, "umap_3d_y": 37.459198, "umap_3d_z": -30.540985, "tsne_1d_x": -35.586983, "tsne_2d_x": 26.054451, "tsne_2d_y": -43.132767, "tsne_3d_x": -36.092861, "tsne_3d_y": 39.185844, "tsne_3d_z": -6.4505386, "grid_umap_1d_x": 874.0, "grid_umap_2d_x": 18.0, "grid_umap_2d_y": 29.0, "grid_umap_3d_x": 6.0, "grid_umap_3d_y": 7.0, "grid_umap_3d_z": 1.0, "grid_tsne_1d_x": 874.0, "grid_tsne_2d_x": 28.0, "grid_tsne_2d_y": 5.0, "grid_tsne_3d_x": 2.0, "grid_tsne_3d_y": 7.0, "grid_tsne_3d_z": 8.0, "patch_file": "patch_0874.png" }, "geometry": { "type": "Point", "coordinates": [ -67.522202002992998, -5.392740755761366 ] } },
{ "type": "Feature", "properties": { "index": 875, "lon": -116.77844072768556, "lat": 52.641747353745259, "classification": 121, "subregion_name": "Northern America", "umap_1d_x": 21.778969, "umap_2d_x": -41.756321, "umap_2d_y": -35.061481, "umap_3d_x": -43.76799, "umap_3d_y": -34.706455, "umap_3d_z": 33.177048, "tsne_1d_x": 45.745422, "tsne_2d_x": -34.507507, "tsne_2d_y": -6.6010132, "tsne_3d_x": 23.905998, "tsne_3d_y": -1.0791283, "tsne_3d_z": 16.690079, "grid_umap_1d_x": 875.0, "grid_umap_2d_x": 16.0, "grid_umap_2d_y": 11.0, "grid_umap_3d_x": 0.0, "grid_umap_3d_y": 1.0, "grid_umap_3d_z": 8.0, "grid_tsne_1d_x": 875.0, "grid_tsne_2d_x": 4.0, "grid_tsne_2d_y": 13.0, "grid_tsne_3d_x": 8.0, "grid_tsne_3d_y": 7.0, "grid_tsne_3d_z": 6.0, "patch_file": "patch_0875.png" }, "geometry": { "type": "Point", "coordinates": [ -116.778440727685563, 52.641747353745259 ] } },
{ "type": "Feature", "properties": { "index": 876, "lon": 3.3513141261234982, "lat": 10.287024050571006, "classification": 126, "subregion_name": "Sub-Saharan Africa", "umap_1d_x": 3.9034784, "umap_2d_x": -11.026875, "umap_2d_y": 32.746696, "umap_3d_x": -6.6565399, "umap_3d_y": 3.452343, "umap_3d_z": -41.910843, "tsne_1d_x": -16.982698, "tsne_2d_x": 13.957851, "tsne_2d_y": -0.86771393, "tsne_3d_x": 15.018936, "tsne_3d_y": 35.587517, "tsne_3d_z": -11.267277, "grid_umap_1d_x": 876.0, "grid_umap_2d_x": 7.0, "grid_umap_2d_y": 28.0, "grid_umap_3d_x": 8.0, "grid_umap_3d_y": 0.0, "grid_umap_3d_z": 1.0, "grid_tsne_1d_x": 876.0, "grid_tsne_2d_x": 18.0, "grid_tsne_2d_y": 7.0, "grid_tsne_3d_x": 7.0, "grid_tsne_3d_y": 8.0, "grid_tsne_3d_z": 3.0, "patch_file": "patch_0876.png" }, "geometry": { "type": "Point", "coordinates": [ 3.351314126123498, 10.287024050571006 ] } },
{ "type": "Feature", "properties": { "index": 877, "lon": 152.22895608808381, "lat": 59.418635438973112, "classification": 113, "subregion_name": "Eastern Europe", "umap_1d_x": 22.522886, "umap_2d_x": -43.64579, "umap_2d_y": -41.709793, "umap_3d_x": -42.617737, "umap_3d_y": -25.155508, "umap_3d_z": 42.18486, "tsne_1d_x": 43.605385, "tsne_2d_x": -36.582813, "tsne_2d_y": -12.403698, "tsne_3d_x": 19.851257, "tsne_3d_y": -14.123611, "tsne_3d_z": 31.503105, "grid_umap_1d_x": 877.0, "grid_umap_2d_x": 9.0, "grid_umap_2d_y": 2.0, "grid_umap_3d_x": 2.0, "grid_umap_3d_y": 5.0, "grid_umap_3d_z": 9.0, "grid_tsne_1d_x": 877.0, "grid_tsne_2d_x": 3.0, "grid_tsne_2d_y": 9.0, "grid_tsne_3d_x": 6.0, "grid_tsne_3d_y": 4.0, "grid_tsne_3d_z": 8.0, "patch_file": "patch_0877.png" }, "geometry": { "type": "Point", "coordinates": [ 152.228956088083805, 59.418635438973112 ] } },
{ "type": "Feature", "properties": { "index": 878, "lon": 104.2592968715777, "lat": -3.216938771813894, "classification": 112, "subregion_name": "South-eastern Asia", "umap_1d_x": -4.7125602, "umap_2d_x": 28.030487, "umap_2d_y": 37.541756, "umap_3d_x": 23.924355, "umap_3d_y": 39.167107, "umap_3d_z": -19.594706, "tsne_1d_x": -31.743658, "tsne_2d_x": 24.787491, "tsne_2d_y": -29.114456, "tsne_3d_x": -26.846174, "tsne_3d_y": 31.152168, "tsne_3d_z": -20.711004, "grid_umap_1d_x": 878.0, "grid_umap_2d_x": 25.0, "grid_umap_2d_y": 26.0, "grid_umap_3d_x": 6.0, "grid_umap_3d_y": 8.0, "grid_umap_3d_z": 4.0, "grid_tsne_1d_x": 878.0, "grid_tsne_2d_x": 26.0, "grid_tsne_2d_y": 0.0, "grid_tsne_3d_x": 0.0, "grid_tsne_3d_y": 8.0, "grid_tsne_3d_z": 1.0, "patch_file": "patch_0878.png" }, "geometry": { "type": "Point", "coordinates": [ 104.259296871577703, -3.216938771813894 ] } },
{ "type": "Feature", "properties": { "index": 879, "lon": -121.16611743111577, "lat": 46.414185974604322, "classification": 111, "subregion_name": "Unknown", "umap_1d_x": 13.485404, "umap_2d_x": -25.939074, "umap_2d_y": -0.56797409, "umap_3d_x": -27.277372, "umap_3d_y": -17.767899, "umap_3d_z": -0.63301468, "tsne_1d_x": 26.58086, "tsne_2d_x": -29.005407, "tsne_2d_y": 20.711456, "tsne_3d_x": 7.5511398, "tsne_3d_y": -9.134552, "tsne_3d_z": -15.816765, "grid_umap_1d_x": 879.0, "grid_umap_2d_x": 4.0, "grid_umap_2d_y": 16.0, "grid_umap_3d_x": 3.0, "grid_umap_3d_y": 4.0, "grid_umap_3d_z": 3.0, "grid_tsne_1d_x": 879.0, "grid_tsne_2d_x": 6.0, "grid_tsne_2d_y": 28.0, "grid_tsne_3d_x": 6.0, "grid_tsne_3d_y": 0.0, "grid_tsne_3d_z": 0.0, "patch_file": "patch_0879.png" }, "geometry": { "type": "Point", "coordinates": [ -121.166117431115765, 46.414185974604322 ] } },
{ "type": "Feature", "properties": { "index": 880, "lon": 68.002829185982051, "lat": 65.029921465652791, "classification": 126, "subregion_name": "Eastern Europe", "umap_1d_x": 23.67214, "umap_2d_x": -44.595631, "umap_2d_y": -29.873095, "umap_3d_x": -44.665138, "umap_3d_y": -23.207241, "umap_3d_z": 28.905937, "tsne_1d_x": 48.424267, "tsne_2d_x": -42.894615, "tsne_2d_y": -7.3878555, "tsne_3d_x": 31.845268, "tsne_3d_y": -16.10585, "tsne_3d_z": 30.484581, "grid_umap_1d_x": 880.0, "grid_umap_2d_x": 15.0, "grid_umap_2d_y": 14.0, "grid_umap_3d_x": 3.0, "grid_umap_3d_y": 7.0, "grid_umap_3d_z": 6.0, "grid_tsne_1d_x": 880.0, "grid_tsne_2d_x": 20.0, "grid_tsne_2d_y": 22.0, "grid_tsne_3d_x": 9.0, "grid_tsne_3d_y": 3.0, "grid_tsne_3d_z": 9.0, "patch_file": "patch_0880.png" }, "geometry": { "type": "Point", "coordinates": [ 68.002829185982051, 65.029921465652791 ] } },
{ "type": "Feature", "properties": { "index": 881, "lon": 4.7105782344681586, "lat": 16.783742060315518, "classification": 60, "subregion_name": "Sub-Saharan Africa", "umap_1d_x": 2.155499, "umap_2d_x": -16.318535, "umap_2d_y": 38.45591, "umap_3d_x": -13.175594, "umap_3d_y": 2.8681946, "umap_3d_z": -49.039238, "tsne_1d_x": -14.522164, "tsne_2d_x": 13.301224, "tsne_2d_y": 14.19783, "tsne_3d_x": 31.88459, "tsne_3d_y": 33.417969, "tsne_3d_z": -10.347569, "grid_umap_1d_x": 881.0, "grid_umap_2d_x": 13.0, "grid_umap_2d_y": 28.0, "grid_umap_3d_x": 5.0, "grid_umap_3d_y": 2.0, "grid_umap_3d_z": 1.0, "grid_tsne_1d_x": 881.0, "grid_tsne_2d_x": 22.0, "grid_tsne_2d_y": 19.0, "grid_tsne_3d_x": 9.0, "grid_tsne_3d_y": 8.0, "grid_tsne_3d_z": 3.0, "patch_file": "patch_0881.png" }, "geometry": { "type": "Point", "coordinates": [ 4.710578234468159, 16.783742060315518 ] } },
{ "type": "Feature", "properties": { "index": 882, "lon": 17.991933254996837, "lat": -7.0982504169807967, "classification": 30, "subregion_name": "Sub-Saharan Africa", "umap_1d_x": -8.7371521, "umap_2d_x": 39.388306, "umap_2d_y": 31.407066, "umap_3d_x": 40.087715, "umap_3d_y": 39.549568, "umap_3d_z": -4.126297, "tsne_1d_x": -45.820206, "tsne_2d_x": 47.355202, "tsne_2d_y": 12.813507, "tsne_3d_x": -17.576031, "tsne_3d_y": 21.553009, "tsne_3d_z": -40.195221, "grid_umap_1d_x": 882.0, "grid_umap_2d_x": 28.0, "grid_umap_2d_y": 28.0, "grid_umap_3d_x": 7.0, "grid_umap_3d_y": 9.0, "grid_umap_3d_z": 6.0, "grid_tsne_1d_x": 882.0, "grid_tsne_2d_x": 30.0, "grid_tsne_2d_y": 14.0, "grid_tsne_3d_x": 2.0, "grid_tsne_3d_y": 7.0, "grid_tsne_3d_z": 1.0, "patch_file": "patch_0882.png" }, "geometry": { "type": "Point", "coordinates": [ 17.991933254996837, -7.098250416980797 ] } },
{ "type": "Feature", "properties": { "index": 883, "lon": 47.216015305695038, "lat": -19.199997754796421, "classification": 30, "subregion_name": "Sub-Saharan Africa", "umap_1d_x": -9.2324266, "umap_2d_x": 40.149986, "umap_2d_y": 26.37941, "umap_3d_x": 40.797684, "umap_3d_y": 33.663849, "umap_3d_z": -3.4502792, "tsne_1d_x": -47.745331, "tsne_2d_x": 45.448822, "tsne_2d_y": 15.384239, "tsne_3d_x": -23.114094, "tsne_3d_y": 8.8905792, "tsne_3d_z": -40.618515, "grid_umap_1d_x": 883.0, "grid_umap_2d_x": 21.0, "grid_umap_2d_y": 22.0, "grid_umap_3d_x": 7.0, "grid_umap_3d_y": 8.0, "grid_umap_3d_z": 6.0, "grid_tsne_1d_x": 883.0, "grid_tsne_2d_x": 28.0, "grid_tsne_2d_y": 16.0, "grid_tsne_3d_x": 0.0, "grid_tsne_3d_y": 4.0, "grid_tsne_3d_z": 2.0, "patch_file": "patch_0883.png" }, "geometry": { "type": "Point", "coordinates": [ 47.216015305695038, -19.199997754796421 ] } },
{ "type": "Feature", "properties": { "index": 884, "lon": 25.258961592391557, "lat": -27.251113575440449, "classification": 20, "subregion_name": "Sub-Saharan Africa", "umap_1d_x": -11.489568, "umap_2d_x": 45.604729, "umap_2d_y": 24.458397, "umap_3d_x": 48.503967, "umap_3d_y": 31.328224, "umap_3d_z": -2.292881, "tsne_1d_x": -54.505985, "tsne_2d_x": 45.162651, "tsne_2d_y": 33.292381, "tsne_3d_x": -2.1105423, "tsne_3d_y": -1.1315536, "tsne_3d_z": -48.215668, "grid_umap_1d_x": 884.0, "grid_umap_2d_x": 30.0, "grid_umap_2d_y": 20.0, "grid_umap_3d_x": 9.0, "grid_umap_3d_y": 8.0, "grid_umap_3d_z": 9.0, "grid_tsne_1d_x": 884.0, "grid_tsne_2d_x": 29.0, "grid_tsne_2d_y": 28.0, "grid_tsne_3d_x": 4.0, "grid_tsne_3d_y": 3.0, "grid_tsne_3d_z": 0.0, "patch_file": "patch_0884.png" }, "geometry": { "type": "Point", "coordinates": [ 25.258961592391557, -27.251113575440449 ] } },
{ "type": "Feature", "properties": { "index": 885, "lon": 105.29367467911078, "lat": 60.17307476274182, "classification": 111, "subregion_name": "Eastern Europe", "umap_1d_x": 21.0355, "umap_2d_x": -41.653465, "umap_2d_y": -49.523674, "umap_3d_x": -40.339092, "umap_3d_y": -33.186333, "umap_3d_z": 48.381218, "tsne_1d_x": 40.052738, "tsne_2d_x": -31.032337, "tsne_2d_y": -13.884224, "tsne_3d_x": 8.3853722, "tsne_3d_y": -26.292231, "tsne_3d_z": 38.871727, "grid_umap_1d_x": 885.0, "grid_umap_2d_x": 26.0, "grid_umap_2d_y": 6.0, "grid_umap_3d_x": 5.0, "grid_umap_3d_y": 5.0, "grid_umap_3d_z": 8.0, "grid_tsne_1d_x": 885.0, "grid_tsne_2d_x": 3.0, "grid_tsne_2d_y": 6.0, "grid_tsne_3d_x": 2.0, "grid_tsne_3d_y": 4.0, "grid_tsne_3d_z": 7.0, "patch_file": "patch_0885.png" }, "geometry": { "type": "Point", "coordinates": [ 105.293674679110779, 60.17307476274182 ] } },
{ "type": "Feature", "properties": { "index": 886, "lon": -109.71391552768155, "lat": 59.89939580475766, "classification": 126, "subregion_name": "Northern America", "umap_1d_x": 21.794699, "umap_2d_x": -42.648163, "umap_2d_y": -39.395138, "umap_3d_x": -44.956257, "umap_3d_y": -37.461716, "umap_3d_z": 39.288422, "tsne_1d_x": 38.999348, "tsne_2d_x": -35.267738, "tsne_2d_y": -3.7863007, "tsne_3d_x": 10.308235, "tsne_3d_y": -36.551899, "tsne_3d_z": 44.200516, "grid_umap_1d_x": 886.0, "grid_umap_2d_x": 5.0, "grid_umap_2d_y": 0.0, "grid_umap_3d_x": 4.0, "grid_umap_3d_y": 4.0, "grid_umap_3d_z": 7.0, "grid_tsne_1d_x": 886.0, "grid_tsne_2d_x": 5.0, "grid_tsne_2d_y": 15.0, "grid_tsne_3d_x": 3.0, "grid_tsne_3d_y": 3.0, "grid_tsne_3d_z": 8.0, "patch_file": "patch_0886.png" }, "geometry": { "type": "Point", "coordinates": [ -109.71391552768155, 59.89939580475766 ] } },
{ "type": "Feature", "properties": { "index": 887, "lon": -115.44729283064969, "lat": 49.232303144744947, "classification": 121, "subregion_name": "Northern America", "umap_1d_x": 13.602131, "umap_2d_x": -26.664806, "umap_2d_y": -0.73600006, "umap_3d_x": -27.661999, "umap_3d_y": -17.108337, "umap_3d_z": -2.7912636, "tsne_1d_x": 2.5723562, "tsne_2d_x": -6.0136833, "tsne_2d_y": 20.5233, "tsne_3d_x": 13.402283, "tsne_3d_y": -9.797142, "tsne_3d_z": -10.328197, "grid_umap_1d_x": 887.0, "grid_umap_2d_x": 11.0, "grid_umap_2d_y": 20.0, "grid_umap_3d_x": 2.0, "grid_umap_3d_y": 4.0, "grid_umap_3d_z": 3.0, "grid_tsne_1d_x": 887.0, "grid_tsne_2d_x": 7.0, "grid_tsne_2d_y": 25.0, "grid_tsne_3d_x": 7.0, "grid_tsne_3d_y": 1.0, "grid_tsne_3d_z": 1.0, "patch_file": "patch_0887.png" }, "geometry": { "type": "Point", "coordinates": [ -115.447292830649687, 49.232303144744947 ] } },
{ "type": "Feature", "properties": { "index": 888, "lon": -116.68425606389812, "lat": 42.4630670427388, "classification": 20, "subregion_name": "Unknown", "umap_1d_x": 12.832398, "umap_2d_x": -24.482182, "umap_2d_y": 4.218029, "umap_3d_x": -24.469652, "umap_3d_y": -15.654518, "umap_3d_z": -8.8441772, "tsne_1d_x": 1.1651627, "tsne_2d_x": -0.85632324, "tsne_2d_y": 21.528831, "tsne_3d_x": 18.573212, "tsne_3d_y": 3.0513039, "tsne_3d_z": -7.9400177, "grid_umap_1d_x": 888.0, "grid_umap_2d_x": 8.0, "grid_umap_2d_y": 20.0, "grid_umap_3d_x": 0.0, "grid_umap_3d_y": 2.0, "grid_umap_3d_z": 1.0, "grid_tsne_1d_x": 888.0, "grid_tsne_2d_x": 6.0, "grid_tsne_2d_y": 24.0, "grid_tsne_3d_x": 9.0, "grid_tsne_3d_y": 5.0, "grid_tsne_3d_z": 0.0, "patch_file": "patch_0888.png" }, "geometry": { "type": "Point", "coordinates": [ -116.684256063898118, 42.4630670427388 ] } },
{ "type": "Feature", "properties": { "index": 889, "lon": -71.908727748384621, "lat": 49.508218059526087, "classification": 111, "subregion_name": "Northern America", "umap_1d_x": 22.764099, "umap_2d_x": -42.209785, "umap_2d_y": -32.299194, "umap_3d_x": -43.859451, "umap_3d_y": -34.902599, "umap_3d_z": 30.517052, "tsne_1d_x": 45.232502, "tsne_2d_x": -42.631481, "tsne_2d_y": 9.9800529, "tsne_3d_x": 32.713669, "tsne_3d_y": -41.397648, "tsne_3d_z": 32.828262, "grid_umap_1d_x": 889.0, "grid_umap_2d_x": 1.0, "grid_umap_2d_y": 1.0, "grid_umap_3d_x": 1.0, "grid_umap_3d_y": 2.0, "grid_umap_3d_z": 7.0, "grid_tsne_1d_x": 889.0, "grid_tsne_2d_x": 14.0, "grid_tsne_2d_y": 28.0, "grid_tsne_3d_x": 7.0, "grid_tsne_3d_y": 2.0, "grid_tsne_3d_z": 6.0, "patch_file": "patch_0889.png" }, "geometry": { "type": "Point", "coordinates": [ -71.908727748384621, 49.508218059526087 ] } },
{ "type": "Feature", "properties": { "index": 890, "lon": 131.46133915094094, "lat": 61.469160976531938, "classification": 113, "subregion_name": "Eastern Europe", "umap_1d_x": 21.306196, "umap_2d_x": -42.845692, "umap_2d_y": -48.875088, "umap_3d_x": -40.585255, "umap_3d_y": -27.750034, "umap_3d_z": 49.118195, "tsne_1d_x": 41.156555, "tsne_2d_x": -33.230774, "tsne_2d_y": -17.924408, "tsne_3d_x": 10.887856, "tsne_3d_y": -15.067013, "tsne_3d_z": 37.429192, "grid_umap_1d_x": 890.0, "grid_umap_2d_x": 20.0, "grid_umap_2d_y": 4.0, "grid_umap_3d_x": 4.0, "grid_umap_3d_y": 6.0, "grid_umap_3d_z": 9.0, "grid_tsne_1d_x": 890.0, "grid_tsne_2d_x": 1.0, "grid_tsne_2d_y": 3.0, "grid_tsne_3d_x": 3.0, "grid_tsne_3d_y": 6.0, "grid_tsne_3d_z": 8.0, "patch_file": "patch_0890.png" }, "geometry": { "type": "Point", "coordinates": [ 131.461339150940944, 61.469160976531938 ] } },
{ "type": "Feature", "properties": { "index": 891, "lon": -71.11817418791486, "lat": -2.741836572630461, "classification": 112, "subregion_name": "Latin America and the Caribbean", "umap_1d_x": -3.2474635, "umap_2d_x": 23.27211, "umap_2d_y": 45.636398, "umap_3d_x": 19.861374, "umap_3d_y": 37.930313, "umap_3d_z": -28.49795, "tsne_1d_x": -35.554474, "tsne_2d_x": 25.436554, "tsne_2d_y": -41.548889, "tsne_3d_x": -33.985741, "tsne_3d_y": 37.355637, "tsne_3d_z": -7.5746651, "grid_umap_1d_x": 891.0, "grid_umap_2d_x": 18.0, "grid_umap_2d_y": 28.0, "grid_umap_3d_x": 6.0, "grid_umap_3d_y": 8.0, "grid_umap_3d_z": 1.0, "grid_tsne_1d_x": 891.0, "grid_tsne_2d_x": 27.0, "grid_tsne_2d_y": 2.0, "grid_tsne_3d_x": 1.0, "grid_tsne_3d_y": 8.0, "grid_tsne_3d_z": 6.0, "patch_file": "patch_0891.png" }, "geometry": { "type": "Point", "coordinates": [ -71.11817418791486, -2.741836572630461 ] } },
{ "type": "Feature", "properties": { "index": 892, "lon": 15.674908950470069, "lat": 0.67265286859174001, "classification": 112, "subregion_name": "Sub-Saharan Africa", "umap_1d_x": -5.398386, "umap_2d_x": 28.865135, "umap_2d_y": 43.210617, "umap_3d_x": 21.544991, "umap_3d_y": 49.244812, "umap_3d_z": -17.703865, "tsne_1d_x": -33.441738, "tsne_2d_x": 28.023659, "tsne_2d_y": -36.202866, "tsne_3d_x": -41.9785, "tsne_3d_y": 31.126282, "tsne_3d_z": -14.579266, "grid_umap_1d_x": 892.0, "grid_umap_2d_x": 23.0, "grid_umap_2d_y": 26.0, "grid_umap_3d_x": 4.0, "grid_umap_3d_y": 9.0, "grid_umap_3d_z": 6.0, "grid_tsne_1d_x": 892.0, "grid_tsne_2d_x": 30.0, "grid_tsne_2d_y": 5.0, "grid_tsne_3d_x": 0.0, "grid_tsne_3d_y": 6.0, "grid_tsne_3d_z": 4.0, "patch_file": "patch_0892.png" }, "geometry": { "type": "Point", "coordinates": [ 15.674908950470069, 0.67265286859174 ] } },
{ "type": "Feature", "properties": { "index": 893, "lon": -60.398639996544631, "lat": 7.2178204175571921, "classification": 112, "subregion_name": "Latin America and the Caribbean", "umap_1d_x": -2.4641089, "umap_2d_x": 20.364128, "umap_2d_y": 48.707428, "umap_3d_x": 17.227402, "umap_3d_y": 44.91275, "umap_3d_z": -32.167393, "tsne_1d_x": -37.79985, "tsne_2d_x": 22.921654, "tsne_2d_y": -50.0, "tsne_3d_x": -33.019272, "tsne_3d_y": 48.585129, "tsne_3d_z": -16.434078, "grid_umap_1d_x": 893.0, "grid_umap_2d_x": 14.0, "grid_umap_2d_y": 31.0, "grid_umap_3d_x": 2.0, "grid_umap_3d_y": 9.0, "grid_umap_3d_z": 3.0, "grid_tsne_1d_x": 893.0, "grid_tsne_2d_x": 25.0, "grid_tsne_2d_y": 1.0, "grid_tsne_3d_x": 1.0, "grid_tsne_3d_y": 9.0, "grid_tsne_3d_z": 3.0, "patch_file": "patch_0893.png" }, "geometry": { "type": "Point", "coordinates": [ -60.398639996544631, 7.217820417557192 ] } },
{ "type": "Feature", "properties": { "index": 894, "lon": 131.81622430338285, "lat": -26.442874404458053, "classification": 30, "subregion_name": "Unknown", "umap_1d_x": -13.888694, "umap_2d_x": 48.849335, "umap_2d_y": 1.20998, "umap_3d_x": 49.636703, "umap_3d_y": -3.1398506, "umap_3d_z": 0.65930939, "tsne_1d_x": -62.836098, "tsne_2d_x": 40.689919, "tsne_2d_y": 47.391975, "tsne_3d_x": 12.021374, "tsne_3d_y": -18.053617, "tsne_3d_z": -46.757912, "grid_umap_1d_x": 894.0, "grid_umap_2d_x": 31.0, "grid_umap_2d_y": 1.0, "grid_umap_3d_x": 9.0, "grid_umap_3d_y": 2.0, "grid_umap_3d_z": 5.0, "grid_tsne_1d_x": 894.0, "grid_tsne_2d_x": 23.0, "grid_tsne_2d_y": 30.0, "grid_tsne_3d_x": 6.0, "grid_tsne_3d_y": 1.0, "grid_tsne_3d_z": 1.0, "patch_file": "patch_0894.png" }, "geometry": { "type": "Point", "coordinates": [ 131.816224303382853, -26.442874404458053 ] } },
{ "type": "Feature", "properties": { "index": 895, "lon": 136.13370952445104, "lat": -29.079153512005934, "classification": 30, "subregion_name": "Unknown", "umap_1d_x": -13.705449, "umap_2d_x": 49.503136, "umap_2d_y": 4.1491814, "umap_3d_x": 49.429741, "umap_3d_y": -2.3445969, "umap_3d_z": -1.7605362, "tsne_1d_x": -62.111027, "tsne_2d_x": 38.053726, "tsne_2d_y": 48.27784, "tsne_3d_x": 14.620087, "tsne_3d_y": -9.5651894, "tsne_3d_z": -45.08844, "grid_umap_1d_x": 895.0, "grid_umap_2d_x": 28.0, "grid_umap_2d_y": 7.0, "grid_umap_3d_x": 9.0, "grid_umap_3d_y": 2.0, "grid_umap_3d_z": 0.0, "grid_tsne_1d_x": 895.0, "grid_tsne_2d_x": 21.0, "grid_tsne_2d_y": 31.0, "grid_tsne_3d_x": 7.0, "grid_tsne_3d_y": 4.0, "grid_tsne_3d_z": 1.0, "patch_file": "patch_0895.png" }, "geometry": { "type": "Point", "coordinates": [ 136.133709524451035, -29.079153512005934 ] } },
{ "type": "Feature", "properties": { "index": 896, "lon": -98.425394578968493, "lat": 29.408645801983781, "classification": 126, "subregion_name": "Unknown", "umap_1d_x": 10.975307, "umap_2d_x": -19.39032, "umap_2d_y": -6.5564346, "umap_3d_x": -19.158169, "umap_3d_y": -20.033669, "umap_3d_z": 1.0358505, "tsne_1d_x": -2.02105, "tsne_2d_x": -3.3244743, "tsne_2d_y": -0.4335556, "tsne_3d_x": -8.8776093, "tsne_3d_y": -2.6993256, "tsne_3d_z": -2.3732567, "grid_umap_1d_x": 896.0, "grid_umap_2d_x": 16.0, "grid_umap_2d_y": 19.0, "grid_umap_3d_x": 5.0, "grid_umap_3d_y": 3.0, "grid_umap_3d_z": 3.0, "grid_tsne_1d_x": 896.0, "grid_tsne_2d_x": 18.0, "grid_tsne_2d_y": 13.0, "grid_tsne_3d_x": 0.0, "grid_tsne_3d_y": 3.0, "grid_tsne_3d_z": 3.0, "patch_file": "patch_0896.png" }, "geometry": { "type": "Point", "coordinates": [ -98.425394578968493, 29.408645801983781 ] } },
{ "type": "Feature", "properties": { "index": 897, "lon": 22.142963147682536, "lat": -23.30245552895542, "classification": 20, "subregion_name": "Sub-Saharan Africa", "umap_1d_x": -11.503436, "umap_2d_x": 46.657104, "umap_2d_y": 24.594154, "umap_3d_x": 48.643921, "umap_3d_y": 30.311058, "umap_3d_z": -2.8064003, "tsne_1d_x": -54.177727, "tsne_2d_x": 46.71653, "tsne_2d_y": 32.341835, "tsne_3d_x": 0.94557953, "tsne_3d_y": 4.1891098, "tsne_3d_z": -48.273991, "grid_umap_1d_x": 897.0, "grid_umap_2d_x": 25.0, "grid_umap_2d_y": 18.0, "grid_umap_3d_x": 9.0, "grid_umap_3d_y": 7.0, "grid_umap_3d_z": 8.0, "grid_tsne_1d_x": 897.0, "grid_tsne_2d_x": 24.0, "grid_tsne_2d_y": 26.0, "grid_tsne_3d_x": 5.0, "grid_tsne_3d_y": 4.0, "grid_tsne_3d_z": 0.0, "patch_file": "patch_0897.png" }, "geometry": { "type": "Point", "coordinates": [ 22.142963147682536, -23.30245552895542 ] } },
{ "type": "Feature", "properties": { "index": 898, "lon": -59.226390514540142, "lat": -3.1016916055321602, "classification": 112, "subregion_name": "Latin America and the Caribbean", "umap_1d_x": -3.0697811, "umap_2d_x": 23.366707, "umap_2d_y": 48.207298, "umap_3d_x": 20.098915, "umap_3d_y": 37.611763, "umap_3d_z": -32.042942, "tsne_1d_x": -36.057602, "tsne_2d_x": 27.300201, "tsne_2d_y": -46.178486, "tsne_3d_x": -33.890133, "tsne_3d_y": 43.275894, "tsne_3d_z": -3.5352249, "grid_umap_1d_x": 898.0, "grid_umap_2d_x": 18.0, "grid_umap_2d_y": 31.0, "grid_umap_3d_x": 6.0, "grid_umap_3d_y": 7.0, "grid_umap_3d_z": 0.0, "grid_tsne_1d_x": 898.0, "grid_tsne_2d_x": 29.0, "grid_tsne_2d_y": 1.0, "grid_tsne_3d_x": 1.0, "grid_tsne_3d_y": 9.0, "grid_tsne_3d_z": 9.0, "patch_file": "patch_0898.png" }, "geometry": { "type": "Point", "coordinates": [ -59.226390514540142, -3.10169160553216 ] } },
{ "type": "Feature", "properties": { "index": 899, "lon": 9.7800741336836836, "lat": 55.050081845503215, "classification": 126, "subregion_name": "Unknown", "umap_1d_x": 16.041897, "umap_2d_x": -31.393122, "umap_2d_y": -15.230076, "umap_3d_x": -31.767984, "umap_3d_y": -36.630047, "umap_3d_z": 3.4780579, "tsne_1d_x": 14.800592, "tsne_2d_x": -14.914467, "tsne_2d_y": 35.013626, "tsne_3d_x": 23.912277, "tsne_3d_y": -28.939207, "tsne_3d_z": 1.2244034, "grid_umap_1d_x": 899.0, "grid_umap_2d_x": 9.0, "grid_umap_2d_y": 14.0, "grid_umap_3d_x": 6.0, "grid_umap_3d_y": 0.0, "grid_umap_3d_z": 2.0, "grid_tsne_1d_x": 899.0, "grid_tsne_2d_x": 14.0, "grid_tsne_2d_y": 31.0, "grid_tsne_3d_x": 7.0, "grid_tsne_3d_y": 0.0, "grid_tsne_3d_z": 2.0, "patch_file": "patch_0899.png" }, "geometry": { "type": "Point", "coordinates": [ 9.780074133683684, 55.050081845503215 ] } },
{ "type": "Feature", "properties": { "index": 900, "lon": 30.898763843989684, "lat": -11.834943501996484, "classification": 30, "subregion_name": "Sub-Saharan Africa", "umap_1d_x": -9.2208052, "umap_2d_x": 40.863319, "umap_2d_y": 28.045425, "umap_3d_x": 41.61496, "umap_3d_y": 36.297043, "umap_3d_z": -2.7791176, "tsne_1d_x": -46.97261, "tsne_2d_x": 47.201752, "tsne_2d_y": 18.077744, "tsne_3d_x": -18.119577, "tsne_3d_y": 12.608284, "tsne_3d_z": -43.080856, "grid_umap_1d_x": 900.0, "grid_umap_2d_x": 29.0, "grid_umap_2d_y": 25.0, "grid_umap_3d_x": 7.0, "grid_umap_3d_y": 8.0, "grid_umap_3d_z": 8.0, "grid_tsne_1d_x": 900.0, "grid_tsne_2d_x": 25.0, "grid_tsne_2d_y": 19.0, "grid_tsne_3d_x": 2.0, "grid_tsne_3d_y": 5.0, "grid_tsne_3d_z": 2.0, "patch_file": "patch_0900.png" }, "geometry": { "type": "Point", "coordinates": [ 30.898763843989684, -11.834943501996484 ] } },
{ "type": "Feature", "properties": { "index": 901, "lon": -86.05363886939459, "lat": 36.788906860395187, "classification": 126, "subregion_name": "Unknown", "umap_1d_x": 11.182017, "umap_2d_x": -22.575697, "umap_2d_y": -11.960579, "umap_3d_x": -21.362432, "umap_3d_y": -26.862751, "umap_3d_z": 8.3298607, "tsne_1d_x": 7.6626086, "tsne_2d_x": -9.4573212, "tsne_2d_y": 5.9325294, "tsne_3d_x": 0.87072372, "tsne_3d_y": -13.001118, "tsne_3d_z": 2.4082527, "grid_umap_1d_x": 901.0, "grid_umap_2d_x": 17.0, "grid_umap_2d_y": 17.0, "grid_umap_3d_x": 5.0, "grid_umap_3d_y": 1.0, "grid_umap_3d_z": 4.0, "grid_tsne_1d_x": 901.0, "grid_tsne_2d_x": 8.0, "grid_tsne_2d_y": 15.0, "grid_tsne_3d_x": 2.0, "grid_tsne_3d_y": 0.0, "grid_tsne_3d_z": 3.0, "patch_file": "patch_0901.png" }, "geometry": { "type": "Point", "coordinates": [ -86.05363886939459, 36.788906860395187 ] } },
{ "type": "Feature", "properties": { "index": 902, "lon": 88.58118395227774, "lat": 64.963173398978853, "classification": 116, "subregion_name": "Eastern Europe", "umap_1d_x": 23.131306, "umap_2d_x": -43.654404, "umap_2d_y": -33.886864, "umap_3d_x": -43.946537, "umap_3d_y": -26.266783, "umap_3d_z": 33.884567, "tsne_1d_x": 44.681965, "tsne_2d_x": -40.379276, "tsne_2d_y": -7.6303024, "tsne_3d_x": 27.737221, "tsne_3d_y": -23.218525, "tsne_3d_z": 33.826797, "grid_umap_1d_x": 902.0, "grid_umap_2d_x": 13.0, "grid_umap_2d_y": 10.0, "grid_umap_3d_x": 1.0, "grid_umap_3d_y": 4.0, "grid_umap_3d_z": 8.0, "grid_tsne_1d_x": 902.0, "grid_tsne_2d_x": 6.0, "grid_tsne_2d_y": 15.0, "grid_tsne_3d_x": 7.0, "grid_tsne_3d_y": 3.0, "grid_tsne_3d_z": 7.0, "patch_file": "patch_0902.png" }, "geometry": { "type": "Point", "coordinates": [ 88.58118395227774, 64.963173398978853 ] } },
{ "type": "Feature", "properties": { "index": 903, "lon": -107.66011835629631, "lat": 59.937320809428911, "classification": 111, "subregion_name": "Northern America", "umap_1d_x": 21.640001, "umap_2d_x": -39.952145, "umap_2d_y": -40.223415, "umap_3d_x": -42.562008, "umap_3d_y": -38.80394, "umap_3d_z": 39.498306, "tsne_1d_x": 37.634933, "tsne_2d_x": -35.501244, "tsne_2d_y": 3.4720535, "tsne_3d_x": 19.768448, "tsne_3d_y": -40.337936, "tsne_3d_z": 39.459213, "grid_umap_1d_x": 903.0, "grid_umap_2d_x": 11.0, "grid_umap_2d_y": 2.0, "grid_umap_3d_x": 3.0, "grid_umap_3d_y": 2.0, "grid_umap_3d_z": 8.0, "grid_tsne_1d_x": 903.0, "grid_tsne_2d_x": 6.0, "grid_tsne_2d_y": 20.0, "grid_tsne_3d_x": 5.0, "grid_tsne_3d_y": 1.0, "grid_tsne_3d_z": 8.0, "patch_file": "patch_0903.png" }, "geometry": { "type": "Point", "coordinates": [ -107.660118356296309, 59.937320809428911 ] } },
{ "type": "Feature", "properties": { "index": 904, "lon": 14.007057315793077, "lat": -15.870877278371509, "classification": 20, "subregion_name": "Sub-Saharan Africa", "umap_1d_x": -11.271201, "umap_2d_x": 44.91346, "umap_2d_y": 26.279221, "umap_3d_x": 46.806427, "umap_3d_y": 32.071182, "umap_3d_z": -3.0693932, "tsne_1d_x": -53.474453, "tsne_2d_x": 47.912834, "tsne_2d_y": 27.421989, "tsne_3d_x": -6.2975464, "tsne_3d_y": 8.7578773, "tsne_3d_z": -48.740662, "grid_umap_1d_x": 904.0, "grid_umap_2d_x": 30.0, "grid_umap_2d_y": 23.0, "grid_umap_3d_x": 7.0, "grid_umap_3d_y": 7.0, "grid_umap_3d_z": 8.0, "grid_tsne_1d_x": 904.0, "grid_tsne_2d_x": 22.0, "grid_tsne_2d_y": 23.0, "grid_tsne_3d_x": 4.0, "grid_tsne_3d_y": 5.0, "grid_tsne_3d_z": 1.0, "patch_file": "patch_0904.png" }, "geometry": { "type": "Point", "coordinates": [ 14.007057315793077, -15.870877278371509 ] } },
{ "type": "Feature", "properties": { "index": 905, "lon": -90.639088687237503, "lat": 35.338631618095803, "classification": 40, "subregion_name": "Unknown", "umap_1d_x": 11.301055, "umap_2d_x": -20.287094, "umap_2d_y": -8.4353447, "umap_3d_x": -20.553394, "umap_3d_y": -23.737759, "umap_3d_z": 4.1706429, "tsne_1d_x": 5.9250078, "tsne_2d_x": -5.3855667, "tsne_2d_y": 4.731308, "tsne_3d_x": -9.7577095, "tsne_3d_y": -16.185249, "tsne_3d_z": -0.43146133, "grid_umap_1d_x": 905.0, "grid_umap_2d_x": 12.0, "grid_umap_2d_y": 15.0, "grid_umap_3d_x": 5.0, "grid_umap_3d_y": 1.0, "grid_umap_3d_z": 3.0, "grid_tsne_1d_x": 905.0, "grid_tsne_2d_x": 10.0, "grid_tsne_2d_y": 13.0, "grid_tsne_3d_x": 1.0, "grid_tsne_3d_y": 2.0, "grid_tsne_3d_z": 4.0, "patch_file": "patch_0905.png" }, "geometry": { "type": "Point", "coordinates": [ -90.639088687237503, 35.338631618095803 ] } },
{ "type": "Feature", "properties": { "index": 906, "lon": 95.84321457266725, "lat": 22.866943737497934, "classification": 40, "subregion_name": "South-eastern Asia", "umap_1d_x": 5.5836596, "umap_2d_x": -12.459381, "umap_2d_y": 21.187111, "umap_3d_x": -9.8836708, "umap_3d_y": 2.0784454, "umap_3d_z": -26.144873, "tsne_1d_x": -11.039694, "tsne_2d_x": 9.864563, "tsne_2d_y": -5.0761986, "tsne_3d_x": 7.4026756, "tsne_3d_y": 33.833069, "tsne_3d_z": -4.811367, "grid_umap_1d_x": 906.0, "grid_umap_2d_x": 1.0, "grid_umap_2d_y": 23.0, "grid_umap_3d_x": 2.0, "grid_umap_3d_y": 5.0, "grid_umap_3d_z": 0.0, "grid_tsne_1d_x": 906.0, "grid_tsne_2d_x": 20.0, "grid_tsne_2d_y": 14.0, "grid_tsne_3d_x": 5.0, "grid_tsne_3d_y": 8.0, "grid_tsne_3d_z": 5.0, "patch_file": "patch_0906.png" }, "geometry": { "type": "Point", "coordinates": [ 95.84321457266725, 22.866943737497934 ] } },
{ "type": "Feature", "properties": { "index": 907, "lon": 103.82465316024036, "lat": 68.369505075489457, "classification": 126, "subregion_name": "Eastern Europe", "umap_1d_x": 24.610073, "umap_2d_x": -48.925591, "umap_2d_y": -36.559608, "umap_3d_x": -48.468174, "umap_3d_y": -20.102203, "umap_3d_z": 36.70005, "tsne_1d_x": 51.102119, "tsne_2d_x": -44.039062, "tsne_2d_y": -17.122494, "tsne_3d_x": 33.313438, "tsne_3d_y": -14.35828, "tsne_3d_z": 37.925697, "grid_umap_1d_x": 907.0, "grid_umap_2d_x": 12.0, "grid_umap_2d_y": 10.0, "grid_umap_3d_x": 0.0, "grid_umap_3d_y": 7.0, "grid_umap_3d_z": 8.0, "grid_tsne_1d_x": 907.0, "grid_tsne_2d_x": 0.0, "grid_tsne_2d_y": 7.0, "grid_tsne_3d_x": 7.0, "grid_tsne_3d_y": 6.0, "grid_tsne_3d_z": 7.0, "patch_file": "patch_0907.png" }, "geometry": { "type": "Point", "coordinates": [ 103.824653160240359, 68.369505075489457 ] } },
{ "type": "Feature", "properties": { "index": 908, "lon": 12.098079955048661, "lat": 58.254062303563842, "classification": 111, "subregion_name": "Northern Europe", "umap_1d_x": 17.303215, "umap_2d_x": -26.764711, "umap_2d_y": -29.662451, "umap_3d_x": -29.903038, "umap_3d_y": -49.622177, "umap_3d_z": 18.050941, "tsne_1d_x": 23.901897, "tsne_2d_x": -23.563593, "tsne_2d_y": 18.659325, "tsne_3d_x": 12.501545, "tsne_3d_y": -42.491932, "tsne_3d_z": 9.0183563, "grid_umap_1d_x": 908.0, "grid_umap_2d_x": 21.0, "grid_umap_2d_y": 10.0, "grid_umap_3d_x": 8.0, "grid_umap_3d_y": 0.0, "grid_umap_3d_z": 4.0, "grid_tsne_1d_x": 908.0, "grid_tsne_2d_x": 17.0, "grid_tsne_2d_y": 30.0, "grid_tsne_3d_x": 4.0, "grid_tsne_3d_y": 1.0, "grid_tsne_3d_z": 3.0, "patch_file": "patch_0908.png" }, "geometry": { "type": "Point", "coordinates": [ 12.098079955048661, 58.254062303563842 ] } },
{ "type": "Feature", "properties": { "index": 909, "lon": 17.666562105430671, "lat": 0.17490119199329299, "classification": 112, "subregion_name": "Sub-Saharan Africa", "umap_1d_x": -5.3608189, "umap_2d_x": 29.014832, "umap_2d_y": 43.33876, "umap_3d_x": 21.283813, "umap_3d_y": 48.641487, "umap_3d_z": -18.271664, "tsne_1d_x": -33.49646, "tsne_2d_x": 27.619469, "tsne_2d_y": -35.080559, "tsne_3d_x": -40.349606, "tsne_3d_y": 34.562958, "tsne_3d_z": -15.195652, "grid_umap_1d_x": 909.0, "grid_umap_2d_x": 24.0, "grid_umap_2d_y": 28.0, "grid_umap_3d_x": 4.0, "grid_umap_3d_y": 8.0, "grid_umap_3d_z": 6.0, "grid_tsne_1d_x": 909.0, "grid_tsne_2d_x": 29.0, "grid_tsne_2d_y": 3.0, "grid_tsne_3d_x": 0.0, "grid_tsne_3d_y": 8.0, "grid_tsne_3d_z": 4.0, "patch_file": "patch_0909.png" }, "geometry": { "type": "Point", "coordinates": [ 17.666562105430671, 0.174901191993293 ] } },
{ "type": "Feature", "properties": { "index": 910, "lon": 161.62588202670594, "lat": 67.04547009458102, "classification": 116, "subregion_name": "Eastern Europe", "umap_1d_x": 23.651197, "umap_2d_x": -46.981926, "umap_2d_y": -43.412796, "umap_3d_x": -46.040306, "umap_3d_y": -21.853289, "umap_3d_z": 44.530495, "tsne_1d_x": 42.881798, "tsne_2d_x": -38.492062, "tsne_2d_y": -18.767992, "tsne_3d_x": 22.710953, "tsne_3d_y": -14.937153, "tsne_3d_z": 40.627083, "grid_umap_1d_x": 910.0, "grid_umap_2d_x": 7.0, "grid_umap_2d_y": 1.0, "grid_umap_3d_x": 3.0, "grid_umap_3d_y": 8.0, "grid_umap_3d_z": 8.0, "grid_tsne_1d_x": 910.0, "grid_tsne_2d_x": 19.0, "grid_tsne_2d_y": 15.0, "grid_tsne_3d_x": 5.0, "grid_tsne_3d_y": 5.0, "grid_tsne_3d_z": 8.0, "patch_file": "patch_0910.png" }, "geometry": { "type": "Point", "coordinates": [ 161.625882026705938, 67.04547009458102 ] } },
{ "type": "Feature", "properties": { "index": 911, "lon": -101.27929043549616, "lat": 21.180464301474871, "classification": 126, "subregion_name": "Latin America and the Caribbean", "umap_1d_x": 7.1499534, "umap_2d_x": -15.908588, "umap_2d_y": 11.53809, "umap_3d_x": -13.498039, "umap_3d_y": -2.5892448, "umap_3d_z": -16.018429, "tsne_1d_x": -7.654273, "tsne_2d_x": 5.1280098, "tsne_2d_y": -9.8911705, "tsne_3d_x": 5.5429573, "tsne_3d_y": 19.781578, "tsne_3d_z": -11.264458, "grid_umap_1d_x": 911.0, "grid_umap_2d_x": 11.0, "grid_umap_2d_y": 24.0, "grid_umap_3d_x": 3.0, "grid_umap_3d_y": 3.0, "grid_umap_3d_z": 1.0, "grid_tsne_1d_x": 911.0, "grid_tsne_2d_x": 13.0, "grid_tsne_2d_y": 3.0, "grid_tsne_3d_x": 5.0, "grid_tsne_3d_y": 9.0, "grid_tsne_3d_z": 0.0, "patch_file": "patch_0911.png" }, "geometry": { "type": "Point", "coordinates": [ -101.279290435496165, 21.180464301474871 ] } },
{ "type": "Feature", "properties": { "index": 912, "lon": 117.55474665067567, "lat": -33.632692628782273, "classification": 40, "subregion_name": "Unknown", "umap_1d_x": -12.843957, "umap_2d_x": 44.578239, "umap_2d_y": 6.4383926, "umap_3d_x": 44.655167, "umap_3d_y": 5.00877, "umap_3d_z": 0.21179199, "tsne_1d_x": -59.34317, "tsne_2d_x": 36.424492, "tsne_2d_y": 37.105034, "tsne_3d_x": 1.4260216, "tsne_3d_y": -14.770157, "tsne_3d_z": -38.590534, "grid_umap_1d_x": 912.0, "grid_umap_2d_x": 28.0, "grid_umap_2d_y": 10.0, "grid_umap_3d_x": 9.0, "grid_umap_3d_y": 3.0, "grid_umap_3d_z": 5.0, "grid_tsne_1d_x": 912.0, "grid_tsne_2d_x": 26.0, "grid_tsne_2d_y": 29.0, "grid_tsne_3d_x": 4.0, "grid_tsne_3d_y": 1.0, "grid_tsne_3d_z": 0.0, "patch_file": "patch_0912.png" }, "geometry": { "type": "Point", "coordinates": [ 117.554746650675668, -33.632692628782273 ] } },
{ "type": "Feature", "properties": { "index": 913, "lon": 67.977926506102449, "lat": 58.665583400988623, "classification": 111, "subregion_name": "Eastern Europe", "umap_1d_x": 22.710918, "umap_2d_x": -40.786316, "umap_2d_y": -29.006771, "umap_3d_x": -41.507439, "umap_3d_y": -31.009216, "umap_3d_z": 26.932648, "tsne_1d_x": 47.003139, "tsne_2d_x": -39.666801, "tsne_2d_y": 0.43859481999999161, "tsne_3d_x": 25.838699, "tsne_3d_y": -22.366491, "tsne_3d_z": 23.934204, "grid_umap_1d_x": 913.0, "grid_umap_2d_x": 3.0, "grid_umap_2d_y": 4.0, "grid_umap_3d_x": 0.0, "grid_umap_3d_y": 1.0, "grid_umap_3d_z": 7.0, "grid_tsne_1d_x": 913.0, "grid_tsne_2d_x": 18.0, "grid_tsne_2d_y": 24.0, "grid_tsne_3d_x": 9.0, "grid_tsne_3d_y": 0.0, "grid_tsne_3d_z": 8.0, "patch_file": "patch_0913.png" }, "geometry": { "type": "Point", "coordinates": [ 67.977926506102449, 58.665583400988623 ] } },
{ "type": "Feature", "properties": { "index": 914, "lon": -69.454109794476409, "lat": -4.9859815130220113, "classification": 112, "subregion_name": "Latin America and the Caribbean", "umap_1d_x": -3.1110222, "umap_2d_x": 22.962784, "umap_2d_y": 46.094719, "umap_3d_x": 19.738747, "umap_3d_y": 38.921356, "umap_3d_z": -29.948023, "tsne_1d_x": -35.671108, "tsne_2d_x": 25.514511, "tsne_2d_y": -42.443748, "tsne_3d_x": -34.7836, "tsne_3d_y": 38.766632, "tsne_3d_z": -7.4010277, "grid_umap_1d_x": 914.0, "grid_umap_2d_x": 17.0, "grid_umap_2d_y": 26.0, "grid_umap_3d_x": 6.0, "grid_umap_3d_y": 9.0, "grid_umap_3d_z": 0.0, "grid_tsne_1d_x": 914.0, "grid_tsne_2d_x": 27.0, "grid_tsne_2d_y": 1.0, "grid_tsne_3d_x": 1.0, "grid_tsne_3d_y": 8.0, "grid_tsne_3d_z": 7.0, "patch_file": "patch_0914.png" }, "geometry": { "type": "Point", "coordinates": [ -69.454109794476409, -4.985981513022011 ] } },
{ "type": "Feature", "properties": { "index": 915, "lon": 1.445258105325905, "lat": 42.938634279031518, "classification": 114, "subregion_name": "Unknown", "umap_1d_x": 14.374003, "umap_2d_x": -26.230656, "umap_2d_y": -11.527157, "umap_3d_x": -24.856144, "umap_3d_y": -28.066149, "umap_3d_z": 7.5080261, "tsne_1d_x": 9.8681307, "tsne_2d_x": -11.233932, "tsne_2d_y": 11.628288, "tsne_3d_x": 9.1016541, "tsne_3d_y": -13.936459, "tsne_3d_z": 2.7629395, "grid_umap_1d_x": 915.0, "grid_umap_2d_x": 5.0, "grid_umap_2d_y": 11.0, "grid_umap_3d_x": 5.0, "grid_umap_3d_y": 4.0, "grid_umap_3d_z": 4.0, "grid_tsne_1d_x": 915.0, "grid_tsne_2d_x": 2.0, "grid_tsne_2d_y": 17.0, "grid_tsne_3d_x": 5.0, "grid_tsne_3d_y": 0.0, "grid_tsne_3d_z": 2.0, "patch_file": "patch_0915.png" }, "geometry": { "type": "Point", "coordinates": [ 1.445258105325905, 42.938634279031518 ] } },
{ "type": "Feature", "properties": { "index": 916, "lon": 66.917927509643192, "lat": 58.76168010396151, "classification": 20, "subregion_name": "Eastern Europe", "umap_1d_x": 22.953062, "umap_2d_x": -40.182301, "umap_2d_y": -26.940241, "umap_3d_x": -40.108704, "umap_3d_y": -25.326401, "umap_3d_z": 24.111206, "tsne_1d_x": 47.097317, "tsne_2d_x": -41.066174, "tsne_2d_y": -0.42234039, "tsne_3d_x": 26.442139, "tsne_3d_y": -15.642681, "tsne_3d_z": 22.639847, "grid_umap_1d_x": 916.0, "grid_umap_2d_x": 18.0, "grid_umap_2d_y": 16.0, "grid_umap_3d_x": 2.0, "grid_umap_3d_y": 4.0, "grid_umap_3d_z": 6.0, "grid_tsne_1d_x": 916.0, "grid_tsne_2d_x": 4.0, "grid_tsne_2d_y": 18.0, "grid_tsne_3d_x": 7.0, "grid_tsne_3d_y": 4.0, "grid_tsne_3d_z": 6.0, "patch_file": "patch_0916.png" }, "geometry": { "type": "Point", "coordinates": [ 66.917927509643192, 58.76168010396151 ] } },
{ "type": "Feature", "properties": { "index": 917, "lon": 133.02898115291816, "lat": -25.035238253063369, "classification": 20, "subregion_name": "Unknown", "umap_1d_x": -13.976365, "umap_2d_x": 49.594513, "umap_2d_y": 2.53302, "umap_3d_x": 49.00444, "umap_3d_y": -4.3866539, "umap_3d_z": 1.0980949, "tsne_1d_x": -62.671021, "tsne_2d_x": 39.974251, "tsne_2d_y": 47.322823, "tsne_3d_x": 12.915047, "tsne_3d_y": -15.378529, "tsne_3d_z": -46.656998, "grid_umap_1d_x": 917.0, "grid_umap_2d_x": 29.0, "grid_umap_2d_y": 3.0, "grid_umap_3d_x": 8.0, "grid_umap_3d_y": 2.0, "grid_umap_3d_z": 5.0, "grid_tsne_1d_x": 917.0, "grid_tsne_2d_x": 20.0, "grid_tsne_2d_y": 28.0, "grid_tsne_3d_x": 6.0, "grid_tsne_3d_y": 2.0, "grid_tsne_3d_z": 2.0, "patch_file": "patch_0917.png" }, "geometry": { "type": "Point", "coordinates": [ 133.028981152918163, -25.035238253063369 ] } },
{ "type": "Feature", "properties": { "index": 918, "lon": 121.12434318469451, "lat": 47.175072971173918, "classification": 116, "subregion_name": "Unknown", "umap_1d_x": 19.626694, "umap_2d_x": -36.199295, "umap_2d_y": -48.91584, "umap_3d_x": -33.91185, "umap_3d_y": -31.362246, "umap_3d_z": 43.459015, "tsne_1d_x": 31.941824, "tsne_2d_x": -21.283358, "tsne_2d_y": -16.544048, "tsne_3d_x": 0.17288208, "tsne_3d_y": -3.613987, "tsne_3d_z": 29.041687, "grid_umap_1d_x": 918.0, "grid_umap_2d_x": 27.0, "grid_umap_2d_y": 0.0, "grid_umap_3d_x": 6.0, "grid_umap_3d_y": 3.0, "grid_umap_3d_z": 9.0, "grid_tsne_1d_x": 918.0, "grid_tsne_2d_x": 7.0, "grid_tsne_2d_y": 4.0, "grid_tsne_3d_x": 0.0, "grid_tsne_3d_y": 6.0, "grid_tsne_3d_z": 9.0, "patch_file": "patch_0918.png" }, "geometry": { "type": "Point", "coordinates": [ 121.12434318469451, 47.175072971173918 ] } },
{ "type": "Feature", "properties": { "index": 919, "lon": 17.695067184305401, "lat": 9.6646567086961568, "classification": 114, "subregion_name": "Sub-Saharan Africa", "umap_1d_x": 3.991466, "umap_2d_x": -10.252426, "umap_2d_y": 32.131699, "umap_3d_x": -6.4332047, "umap_3d_y": 3.6152, "umap_3d_z": -43.473774, "tsne_1d_x": -17.276281, "tsne_2d_x": 15.536919, "tsne_2d_y": 0.15060425, "tsne_3d_x": 14.447632, "tsne_3d_y": 39.312683, "tsne_3d_z": -14.537048, "grid_umap_1d_x": 919.0, "grid_umap_2d_x": 5.0, "grid_umap_2d_y": 28.0, "grid_umap_3d_x": 8.0, "grid_umap_3d_y": 0.0, "grid_umap_3d_z": 0.0, "grid_tsne_1d_x": 919.0, "grid_tsne_2d_x": 16.0, "grid_tsne_2d_y": 1.0, "grid_tsne_3d_x": 7.0, "grid_tsne_3d_y": 9.0, "grid_tsne_3d_z": 2.0, "patch_file": "patch_0919.png" }, "geometry": { "type": "Point", "coordinates": [ 17.695067184305401, 9.664656708696157 ] } },
{ "type": "Feature", "properties": { "index": 920, "lon": 14.034137481642205, "lat": 6.9528045740342614, "classification": 124, "subregion_name": "Sub-Saharan Africa", "umap_1d_x": 4.2426558, "umap_2d_x": -8.9464531, "umap_2d_y": 32.743858, "umap_3d_x": -4.9903984, "umap_3d_y": 5.0358963, "umap_3d_z": -42.078434, "tsne_1d_x": -18.174406, "tsne_2d_x": 16.129395, "tsne_2d_y": -3.1705742, "tsne_3d_x": 11.171841, "tsne_3d_y": 36.321571, "tsne_3d_z": -15.934261, "grid_umap_1d_x": 920.0, "grid_umap_2d_x": 9.0, "grid_umap_2d_y": 28.0, "grid_umap_3d_x": 8.0, "grid_umap_3d_y": 3.0, "grid_umap_3d_z": 0.0, "grid_tsne_1d_x": 920.0, "grid_tsne_2d_x": 19.0, "grid_tsne_2d_y": 4.0, "grid_tsne_3d_x": 6.0, "grid_tsne_3d_y": 6.0, "grid_tsne_3d_z": 3.0, "patch_file": "patch_0920.png" }, "geometry": { "type": "Point", "coordinates": [ 14.034137481642205, 6.952804574034261 ] } },
{ "type": "Feature", "properties": { "index": 921, "lon": 113.30837745510826, "lat": 2.3476669891839781, "classification": 112, "subregion_name": "South-eastern Asia", "umap_1d_x": -4.042223, "umap_2d_x": 26.300102, "umap_2d_y": 40.958519, "umap_3d_x": 22.153107, "umap_3d_y": 39.902527, "umap_3d_z": -21.872599, "tsne_1d_x": -32.536816, "tsne_2d_x": 24.144745, "tsne_2d_y": -35.607178, "tsne_3d_x": -31.132631, "tsne_3d_y": 32.7761, "tsne_3d_z": -13.007988, "grid_umap_1d_x": 921.0, "grid_umap_2d_x": 22.0, "grid_umap_2d_y": 29.0, "grid_umap_3d_x": 5.0, "grid_umap_3d_y": 9.0, "grid_umap_3d_z": 3.0, "grid_tsne_1d_x": 921.0, "grid_tsne_2d_x": 26.0, "grid_tsne_2d_y": 6.0, "grid_tsne_3d_x": 3.0, "grid_tsne_3d_y": 6.0, "grid_tsne_3d_z": 5.0, "patch_file": "patch_0921.png" }, "geometry": { "type": "Point", "coordinates": [ 113.308377455108257, 2.347666989183978 ] } },
{ "type": "Feature", "properties": { "index": 922, "lon": 23.848232711481728, "lat": -4.0263178714646202, "classification": 112, "subregion_name": "Sub-Saharan Africa", "umap_1d_x": -5.4756851, "umap_2d_x": 29.412689, "umap_2d_y": 43.004211, "umap_3d_x": 21.915482, "umap_3d_y": 49.671249, "umap_3d_z": -17.306141, "tsne_1d_x": -33.61697, "tsne_2d_x": 29.397583, "tsne_2d_y": -34.864971, "tsne_3d_x": -45.590843, "tsne_3d_y": 34.359612, "tsne_3d_z": -15.036182, "grid_umap_1d_x": 922.0, "grid_umap_2d_x": 26.0, "grid_umap_2d_y": 29.0, "grid_umap_3d_x": 5.0, "grid_umap_3d_y": 9.0, "grid_umap_3d_z": 6.0, "grid_tsne_1d_x": 922.0, "grid_tsne_2d_x": 31.0, "grid_tsne_2d_y": 3.0, "grid_tsne_3d_x": 0.0, "grid_tsne_3d_y": 7.0, "grid_tsne_3d_z": 5.0, "patch_file": "patch_0922.png" }, "geometry": { "type": "Point", "coordinates": [ 23.848232711481728, -4.02631787146462 ] } },
{ "type": "Feature", "properties": { "index": 923, "lon": 8.9408447924803909, "lat": 53.313205223970201, "classification": 40, "subregion_name": "Western Europe", "umap_1d_x": 15.431479, "umap_2d_x": -33.658688, "umap_2d_y": -11.847557, "umap_3d_x": -33.286461, "umap_3d_y": -31.614519, "umap_3d_z": 0.10894394, "tsne_1d_x": 14.005422, "tsne_2d_x": -14.021168, "tsne_2d_y": 31.820709, "tsne_3d_x": 26.236298, "tsne_3d_y": -21.910419, "tsne_3d_z": 4.1014671, "grid_umap_1d_x": 923.0, "grid_umap_2d_x": 5.0, "grid_umap_2d_y": 14.0, "grid_umap_3d_x": 4.0, "grid_umap_3d_y": 3.0, "grid_umap_3d_z": 3.0, "grid_tsne_1d_x": 923.0, "grid_tsne_2d_x": 1.0, "grid_tsne_2d_y": 31.0, "grid_tsne_3d_x": 9.0, "grid_tsne_3d_y": 0.0, "grid_tsne_3d_z": 4.0, "patch_file": "patch_0923.png" }, "geometry": { "type": "Point", "coordinates": [ 8.940844792480391, 53.313205223970201 ] } },
{ "type": "Feature", "properties": { "index": 924, "lon": 107.27134348640413, "lat": 68.258966536913221, "classification": 113, "subregion_name": "Eastern Europe", "umap_1d_x": 22.928457, "umap_2d_x": -46.123222, "umap_2d_y": -45.454132, "umap_3d_x": -44.225193, "umap_3d_y": -23.717182, "umap_3d_z": 47.515282, "tsne_1d_x": 42.348663, "tsne_2d_x": -36.806046, "tsne_2d_y": -19.13377, "tsne_3d_x": 18.6623, "tsne_3d_y": -15.753529, "tsne_3d_z": 40.408119, "grid_umap_1d_x": 924.0, "grid_umap_2d_x": 22.0, "grid_umap_2d_y": 11.0, "grid_umap_3d_x": 3.0, "grid_umap_3d_y": 7.0, "grid_umap_3d_z": 9.0, "grid_tsne_1d_x": 924.0, "grid_tsne_2d_x": 5.0, "grid_tsne_2d_y": 6.0, "grid_tsne_3d_x": 4.0, "grid_tsne_3d_y": 6.0, "grid_tsne_3d_z": 7.0, "patch_file": "patch_0924.png" }, "geometry": { "type": "Point", "coordinates": [ 107.271343486404135, 68.258966536913221 ] } },
{ "type": "Feature", "properties": { "index": 925, "lon": 90.952445780125913, "lat": 60.519812132686894, "classification": 111, "subregion_name": "Eastern Europe", "umap_1d_x": 20.474134, "umap_2d_x": -34.750858, "umap_2d_y": -42.938553, "umap_3d_x": -37.690262, "umap_3d_y": -42.563152, "umap_3d_z": 36.992714, "tsne_1d_x": 30.322695, "tsne_2d_x": -28.683832, "tsne_2d_y": -4.926239, "tsne_3d_x": 7.9524879, "tsne_3d_y": -31.693197, "tsne_3d_z": 29.633423, "grid_umap_1d_x": 925.0, "grid_umap_2d_x": 24.0, "grid_umap_2d_y": 6.0, "grid_umap_3d_x": 5.0, "grid_umap_3d_y": 1.0, "grid_umap_3d_z": 8.0, "grid_tsne_1d_x": 925.0, "grid_tsne_2d_x": 11.0, "grid_tsne_2d_y": 16.0, "grid_tsne_3d_x": 3.0, "grid_tsne_3d_y": 1.0, "grid_tsne_3d_z": 8.0, "patch_file": "patch_0925.png" }, "geometry": { "type": "Point", "coordinates": [ 90.952445780125913, 60.519812132686894 ] } },
{ "type": "Feature", "properties": { "index": 926, "lon": 8.383486305671255, "lat": 9.3012695291212992, "classification": 126, "subregion_name": "Sub-Saharan Africa", "umap_1d_x": 3.9637277, "umap_2d_x": -10.965748, "umap_2d_y": 31.952057, "umap_3d_x": -7.0135612, "umap_3d_y": 3.7889061, "umap_3d_z": -40.428196, "tsne_1d_x": -17.095457, "tsne_2d_x": 15.962013, "tsne_2d_y": 1.4505692, "tsne_3d_x": 14.611397, "tsne_3d_y": 41.359314, "tsne_3d_z": -12.18544, "grid_umap_1d_x": 926.0, "grid_umap_2d_x": 0.0, "grid_umap_2d_y": 29.0, "grid_umap_3d_x": 7.0, "grid_umap_3d_y": 2.0, "grid_umap_3d_z": 1.0, "grid_tsne_1d_x": 926.0, "grid_tsne_2d_x": 19.0, "grid_tsne_2d_y": 8.0, "grid_tsne_3d_x": 6.0, "grid_tsne_3d_y": 7.0, "grid_tsne_3d_z": 4.0, "patch_file": "patch_0926.png" }, "geometry": { "type": "Point", "coordinates": [ 8.383486305671255, 9.301269529121299 ] } },
{ "type": "Feature", "properties": { "index": 927, "lon": -48.096275923248186, "lat": -14.784685385847666, "classification": 20, "subregion_name": "Latin America and the Caribbean", "umap_1d_x": -9.5127802, "umap_2d_x": 40.087708, "umap_2d_y": 24.801392, "umap_3d_x": 40.354279, "umap_3d_y": 30.323196, "umap_3d_z": -2.4966354, "tsne_1d_x": -48.227993, "tsne_2d_x": 43.921501, "tsne_2d_y": 17.99514, "tsne_3d_x": -20.75359, "tsne_3d_y": 4.5038681, "tsne_3d_z": -38.030582, "grid_umap_1d_x": 927.0, "grid_umap_2d_x": 24.0, "grid_umap_2d_y": 21.0, "grid_umap_3d_x": 7.0, "grid_umap_3d_y": 7.0, "grid_umap_3d_z": 6.0, "grid_tsne_1d_x": 927.0, "grid_tsne_2d_x": 24.0, "grid_tsne_2d_y": 19.0, "grid_tsne_3d_x": 0.0, "grid_tsne_3d_y": 3.0, "grid_tsne_3d_z": 2.0, "patch_file": "patch_0927.png" }, "geometry": { "type": "Point", "coordinates": [ -48.096275923248186, -14.784685385847666 ] } },
{ "type": "Feature", "properties": { "index": 928, "lon": 4.9938342229864361, "lat": 11.274201828411066, "classification": 20, "subregion_name": "Sub-Saharan Africa", "umap_1d_x": 3.778198, "umap_2d_x": -11.467239, "umap_2d_y": 33.540894, "umap_3d_x": -6.9417343, "umap_3d_y": 3.8047333, "umap_3d_z": -43.74987, "tsne_1d_x": -16.79286, "tsne_2d_x": 14.232712, "tsne_2d_y": 0.30625916, "tsne_3d_x": 16.458458, "tsne_3d_y": 37.224655, "tsne_3d_z": -11.645378, "grid_umap_1d_x": 928.0, "grid_umap_2d_x": 2.0, "grid_umap_2d_y": 30.0, "grid_umap_3d_x": 8.0, "grid_umap_3d_y": 2.0, "grid_umap_3d_z": 1.0, "grid_tsne_1d_x": 928.0, "grid_tsne_2d_x": 16.0, "grid_tsne_2d_y": 4.0, "grid_tsne_3d_x": 7.0, "grid_tsne_3d_y": 6.0, "grid_tsne_3d_z": 4.0, "patch_file": "patch_0928.png" }, "geometry": { "type": "Point", "coordinates": [ 4.993834222986436, 11.274201828411066 ] } },
{ "type": "Feature", "properties": { "index": 929, "lon": -77.48429582088373, "lat": 48.273900722224511, "classification": 111, "subregion_name": "Northern America", "umap_1d_x": 20.266233, "umap_2d_x": -31.905617, "umap_2d_y": -40.245888, "umap_3d_x": -35.40625, "umap_3d_y": -47.642231, "umap_3d_z": 33.893974, "tsne_1d_x": 27.978439, "tsne_2d_x": -28.848557, "tsne_2d_y": 8.7874718, "tsne_3d_x": 7.2146492, "tsne_3d_y": -45.663124, "tsne_3d_z": 25.18557, "grid_umap_1d_x": 929.0, "grid_umap_2d_x": 21.0, "grid_umap_2d_y": 4.0, "grid_umap_3d_x": 8.0, "grid_umap_3d_y": 2.0, "grid_umap_3d_z": 7.0, "grid_tsne_1d_x": 929.0, "grid_tsne_2d_x": 14.0, "grid_tsne_2d_y": 25.0, "grid_tsne_3d_x": 2.0, "grid_tsne_3d_y": 3.0, "grid_tsne_3d_z": 5.0, "patch_file": "patch_0929.png" }, "geometry": { "type": "Point", "coordinates": [ -77.48429582088373, 48.273900722224511 ] } },
{ "type": "Feature", "properties": { "index": 930, "lon": 115.73879231114967, "lat": 0.74926523855393901, "classification": 112, "subregion_name": "South-eastern Asia", "umap_1d_x": -3.9883373, "umap_2d_x": 25.076805, "umap_2d_y": 39.198761, "umap_3d_x": 20.237762, "umap_3d_y": 35.964775, "umap_3d_z": -20.797958, "tsne_1d_x": -30.34103, "tsne_2d_x": 20.601891, "tsne_2d_y": -35.815407, "tsne_3d_x": -33.484867, "tsne_3d_y": 23.200546, "tsne_3d_z": -8.9447899, "grid_umap_1d_x": 930.0, "grid_umap_2d_x": 22.0, "grid_umap_2d_y": 31.0, "grid_umap_3d_x": 7.0, "grid_umap_3d_y": 9.0, "grid_umap_3d_z": 1.0, "grid_tsne_1d_x": 930.0, "grid_tsne_2d_x": 24.0, "grid_tsne_2d_y": 3.0, "grid_tsne_3d_x": 0.0, "grid_tsne_3d_y": 6.0, "grid_tsne_3d_z": 5.0, "patch_file": "patch_0930.png" }, "geometry": { "type": "Point", "coordinates": [ 115.738792311149666, 0.749265238553939 ] } },
{ "type": "Feature", "properties": { "index": 931, "lon": -89.290806256177206, "lat": 19.772317387473137, "classification": 112, "subregion_name": "Latin America and the Caribbean", "umap_1d_x": 6.202867, "umap_2d_x": -10.755436, "umap_2d_y": 16.865562, "umap_3d_x": -7.763958, "umap_3d_y": 2.2973671, "umap_3d_z": -19.949171, "tsne_1d_x": -24.298313, "tsne_2d_x": 12.033356, "tsne_2d_y": -16.705807, "tsne_3d_x": -8.4760513, "tsne_3d_y": 32.337685, "tsne_3d_z": -6.111454, "grid_umap_1d_x": 931.0, "grid_umap_2d_x": 4.0, "grid_umap_2d_y": 22.0, "grid_umap_3d_x": 3.0, "grid_umap_3d_y": 5.0, "grid_umap_3d_z": 2.0, "grid_tsne_1d_x": 931.0, "grid_tsne_2d_x": 18.0, "grid_tsne_2d_y": 0.0, "grid_tsne_3d_x": 2.0, "grid_tsne_3d_y": 9.0, "grid_tsne_3d_z": 5.0, "patch_file": "patch_0931.png" }, "geometry": { "type": "Point", "coordinates": [ -89.290806256177206, 19.772317387473137 ] } },
{ "type": "Feature", "properties": { "index": 932, "lon": 66.298674426568141, "lat": 63.955655573903528, "classification": 111, "subregion_name": "Eastern Europe", "umap_1d_x": 20.437777, "umap_2d_x": -32.459316, "umap_2d_y": -38.9245, "umap_3d_x": -36.672962, "umap_3d_y": -45.867554, "umap_3d_z": 33.194817, "tsne_1d_x": 27.875467, "tsne_2d_x": -29.851301, "tsne_2d_y": 9.0691566, "tsne_3d_x": 10.645306, "tsne_3d_y": -37.406845, "tsne_3d_z": 25.668785, "grid_umap_1d_x": 932.0, "grid_umap_2d_x": 21.0, "grid_umap_2d_y": 6.0, "grid_umap_3d_x": 7.0, "grid_umap_3d_y": 3.0, "grid_umap_3d_z": 6.0, "grid_tsne_1d_x": 932.0, "grid_tsne_2d_x": 15.0, "grid_tsne_2d_y": 26.0, "grid_tsne_3d_x": 4.0, "grid_tsne_3d_y": 0.0, "grid_tsne_3d_z": 7.0, "patch_file": "patch_0932.png" }, "geometry": { "type": "Point", "coordinates": [ 66.298674426568141, 63.955655573903528 ] } },
{ "type": "Feature", "properties": { "index": 933, "lon": -110.50691991498962, "lat": 28.656421128056806, "classification": 20, "subregion_name": "Latin America and the Caribbean", "umap_1d_x": 12.244308, "umap_2d_x": -21.540052, "umap_2d_y": 4.442627, "umap_3d_x": -20.963774, "umap_3d_y": -15.500023, "umap_3d_z": -8.4764519, "tsne_1d_x": -0.53574216, "tsne_2d_x": 0.077854156000001007, "tsne_2d_y": 9.6023102, "tsne_3d_x": -0.99636459, "tsne_3d_y": -1.2727509, "tsne_3d_z": -8.3520355, "grid_umap_1d_x": 933.0, "grid_umap_2d_x": 5.0, "grid_umap_2d_y": 18.0, "grid_umap_3d_x": 3.0, "grid_umap_3d_y": 2.0, "grid_umap_3d_z": 1.0, "grid_tsne_1d_x": 933.0, "grid_tsne_2d_x": 14.0, "grid_tsne_2d_y": 17.0, "grid_tsne_3d_x": 2.0, "grid_tsne_3d_y": 2.0, "grid_tsne_3d_z": 1.0, "patch_file": "patch_0933.png" }, "geometry": { "type": "Point", "coordinates": [ -110.506919914989624, 28.656421128056806 ] } },
{ "type": "Feature", "properties": { "index": 934, "lon": 24.77146092467359, "lat": -16.005021705078022, "classification": 124, "subregion_name": "Sub-Saharan Africa", "umap_1d_x": -9.3518457, "umap_2d_x": 41.900757, "umap_2d_y": 28.048317, "umap_3d_x": 43.481308, "umap_3d_y": 34.806206, "umap_3d_z": -2.3937149, "tsne_1d_x": -47.303963, "tsne_2d_x": 47.484756, "tsne_2d_y": 22.647255, "tsne_3d_x": -12.881859, "tsne_3d_y": 10.413517, "tsne_3d_z": -45.690689, "grid_umap_1d_x": 934.0, "grid_umap_2d_x": 30.0, "grid_umap_2d_y": 25.0, "grid_umap_3d_x": 9.0, "grid_umap_3d_y": 9.0, "grid_umap_3d_z": 8.0, "grid_tsne_1d_x": 934.0, "grid_tsne_2d_x": 28.0, "grid_tsne_2d_y": 22.0, "grid_tsne_3d_x": 3.0, "grid_tsne_3d_y": 5.0, "grid_tsne_3d_z": 1.0, "patch_file": "patch_0934.png" }, "geometry": { "type": "Point", "coordinates": [ 24.77146092467359, -16.005021705078022 ] } },
{ "type": "Feature", "properties": { "index": 935, "lon": 10.537119716920415, "lat": -2.0432774744706141, "classification": 116, "subregion_name": "Sub-Saharan Africa", "umap_1d_x": -5.2714019, "umap_2d_x": 28.019791, "umap_2d_y": 42.186478, "umap_3d_x": 21.113487, "umap_3d_y": 46.759712, "umap_3d_z": -19.265942, "tsne_1d_x": -33.42569, "tsne_2d_x": 26.530777, "tsne_2d_y": -36.197124, "tsne_3d_x": -38.458267, "tsne_3d_y": 30.829414, "tsne_3d_z": -12.760975, "grid_umap_1d_x": 935.0, "grid_umap_2d_x": 24.0, "grid_umap_2d_y": 30.0, "grid_umap_3d_x": 5.0, "grid_umap_3d_y": 9.0, "grid_umap_3d_z": 4.0, "grid_tsne_1d_x": 935.0, "grid_tsne_2d_x": 28.0, "grid_tsne_2d_y": 2.0, "grid_tsne_3d_x": 1.0, "grid_tsne_3d_y": 6.0, "grid_tsne_3d_z": 5.0, "patch_file": "patch_0935.png" }, "geometry": { "type": "Point", "coordinates": [ 10.537119716920415, -2.043277474470614 ] } },
{ "type": "Feature", "properties": { "index": 936, "lon": -60.752816069978223, "lat": 6.9480396894910541, "classification": 112, "subregion_name": "Latin America and the Caribbean", "umap_1d_x": -2.419528, "umap_2d_x": 20.162552, "umap_2d_y": 48.535156, "umap_3d_x": 17.34433, "umap_3d_y": 44.902931, "umap_3d_z": -32.201698, "tsne_1d_x": -37.781715, "tsne_2d_x": 22.961372, "tsne_2d_y": -49.87262, "tsne_3d_x": -33.101482, "tsne_3d_y": 48.555412, "tsne_3d_z": -16.235481, "grid_umap_1d_x": 936.0, "grid_umap_2d_x": 13.0, "grid_umap_2d_y": 31.0, "grid_umap_3d_x": 3.0, "grid_umap_3d_y": 9.0, "grid_umap_3d_z": 2.0, "grid_tsne_1d_x": 936.0, "grid_tsne_2d_x": 26.0, "grid_tsne_2d_y": 13.0, "grid_tsne_3d_x": 2.0, "grid_tsne_3d_y": 8.0, "grid_tsne_3d_z": 4.0, "patch_file": "patch_0936.png" }, "geometry": { "type": "Point", "coordinates": [ -60.752816069978223, 6.948039689491054 ] } },
{ "type": "Feature", "properties": { "index": 937, "lon": 137.12410805730133, "lat": 62.834171928995019, "classification": 113, "subregion_name": "Eastern Europe", "umap_1d_x": 24.72057, "umap_2d_x": -50.0, "umap_2d_y": -37.128925, "umap_3d_x": -49.204758, "umap_3d_y": -16.502499, "umap_3d_z": 37.601952, "tsne_1d_x": 50.929531, "tsne_2d_x": -42.818001, "tsne_2d_y": -16.977974, "tsne_3d_x": 31.231323, "tsne_3d_y": -9.8727989, "tsne_3d_z": 39.064453, "grid_umap_1d_x": 937.0, "grid_umap_2d_x": 13.0, "grid_umap_2d_y": 11.0, "grid_umap_3d_x": 0.0, "grid_umap_3d_y": 9.0, "grid_umap_3d_z": 8.0, "grid_tsne_1d_x": 937.0, "grid_tsne_2d_x": 4.0, "grid_tsne_2d_y": 9.0, "grid_tsne_3d_x": 7.0, "grid_tsne_3d_y": 7.0, "grid_tsne_3d_z": 7.0, "patch_file": "patch_0937.png" }, "geometry": { "type": "Point", "coordinates": [ 137.124108057301328, 62.834171928995019 ] } },
{ "type": "Feature", "properties": { "index": 938, "lon": 84.933968959310107, "lat": 25.746850551419996, "classification": 40, "subregion_name": "Southern Asia", "umap_1d_x": 5.2666936, "umap_2d_x": -14.700634, "umap_2d_y": 24.181358, "umap_3d_x": -12.09169, "umap_3d_y": 1.8712234, "umap_3d_z": -30.333748, "tsne_1d_x": -11.888544, "tsne_2d_x": 7.485508, "tsne_2d_y": 1.093708, "tsne_3d_x": 14.917648, "tsne_3d_y": 37.278687, "tsne_3d_z": 1.8414688, "grid_umap_1d_x": 938.0, "grid_umap_2d_x": 4.0, "grid_umap_2d_y": 25.0, "grid_umap_3d_x": 2.0, "grid_umap_3d_y": 7.0, "grid_umap_3d_z": 2.0, "grid_tsne_1d_x": 938.0, "grid_tsne_2d_x": 11.0, "grid_tsne_2d_y": 5.0, "grid_tsne_3d_x": 7.0, "grid_tsne_3d_y": 9.0, "grid_tsne_3d_z": 7.0, "patch_file": "patch_0938.png" }, "geometry": { "type": "Point", "coordinates": [ 84.933968959310107, 25.746850551419996 ] } },
{ "type": "Feature", "properties": { "index": 939, "lon": 31.626120274075504, "lat": 62.307586503712443, "classification": 116, "subregion_name": "Eastern Europe", "umap_1d_x": 23.235817, "umap_2d_x": -41.413689, "umap_2d_y": -24.884806, "umap_3d_x": -41.418453, "umap_3d_y": -26.328745, "umap_3d_z": 22.543602, "tsne_1d_x": 47.129471, "tsne_2d_x": -42.718304, "tsne_2d_y": 1.8680687, "tsne_3d_x": 32.610825, "tsne_3d_y": -22.032686, "tsne_3d_z": 20.715073, "grid_umap_1d_x": 939.0, "grid_umap_2d_x": 16.0, "grid_umap_2d_y": 17.0, "grid_umap_3d_x": 1.0, "grid_umap_3d_y": 3.0, "grid_umap_3d_z": 6.0, "grid_tsne_1d_x": 939.0, "grid_tsne_2d_x": 7.0, "grid_tsne_2d_y": 21.0, "grid_tsne_3d_x": 8.0, "grid_tsne_3d_y": 2.0, "grid_tsne_3d_z": 5.0, "patch_file": "patch_0939.png" }, "geometry": { "type": "Point", "coordinates": [ 31.626120274075504, 62.307586503712443 ] } },
{ "type": "Feature", "properties": { "index": 940, "lon": 28.925777871678719, "lat": 11.609421972124721, "classification": 30, "subregion_name": "Northern Africa", "umap_1d_x": 3.6455886, "umap_2d_x": -10.999851, "umap_2d_y": 33.523781, "umap_3d_x": -6.9784203, "umap_3d_y": 5.3069954, "umap_3d_z": -44.712486, "tsne_1d_x": -16.877066, "tsne_2d_x": 14.979515, "tsne_2d_y": 1.7590218, "tsne_3d_x": 18.313934, "tsne_3d_y": 39.956146, "tsne_3d_z": -15.995689, "grid_umap_1d_x": 940.0, "grid_umap_2d_x": 14.0, "grid_umap_2d_y": 27.0, "grid_umap_3d_x": 7.0, "grid_umap_3d_y": 4.0, "grid_umap_3d_z": 1.0, "grid_tsne_1d_x": 940.0, "grid_tsne_2d_x": 18.0, "grid_tsne_2d_y": 8.0, "grid_tsne_3d_x": 8.0, "grid_tsne_3d_y": 9.0, "grid_tsne_3d_z": 1.0, "patch_file": "patch_0940.png" }, "geometry": { "type": "Point", "coordinates": [ 28.925777871678719, 11.609421972124721 ] } },
{ "type": "Feature", "properties": { "index": 941, "lon": 103.65071360382296, "lat": -3.7758223729410498, "classification": 112, "subregion_name": "South-eastern Asia", "umap_1d_x": -4.7526169, "umap_2d_x": 28.604713, "umap_2d_y": 38.787231, "umap_3d_x": 23.915459, "umap_3d_y": 39.89743, "umap_3d_z": -19.509537, "tsne_1d_x": -31.784237, "tsne_2d_x": 24.869957, "tsne_2d_y": -29.131475, "tsne_3d_x": -27.078066, "tsne_3d_y": 31.318108, "tsne_3d_z": -20.805365, "grid_umap_1d_x": 941.0, "grid_umap_2d_x": 27.0, "grid_umap_2d_y": 31.0, "grid_umap_3d_x": 6.0, "grid_umap_3d_y": 8.0, "grid_umap_3d_z": 5.0, "grid_tsne_1d_x": 941.0, "grid_tsne_2d_x": 27.0, "grid_tsne_2d_y": 11.0, "grid_tsne_3d_x": 0.0, "grid_tsne_3d_y": 9.0, "grid_tsne_3d_z": 1.0, "patch_file": "patch_0941.png" }, "geometry": { "type": "Point", "coordinates": [ 103.650713603822965, -3.77582237294105 ] } },
{ "type": "Feature", "properties": { "index": 942, "lon": -81.972443377354594, "lat": 33.922770621871166, "classification": 116, "subregion_name": "Unknown", "umap_1d_x": 11.147826, "umap_2d_x": -22.500795, "umap_2d_y": -12.303619, "umap_3d_x": -20.972506, "umap_3d_y": -26.64031, "umap_3d_z": 9.0010109, "tsne_1d_x": 7.4247179, "tsne_2d_x": -8.9400444, "tsne_2d_y": 3.4135742, "tsne_3d_x": -2.3841476, "tsne_3d_y": -11.049145, "tsne_3d_z": 3.8895187, "grid_umap_1d_x": 942.0, "grid_umap_2d_x": 8.0, "grid_umap_2d_y": 10.0, "grid_umap_3d_x": 7.0, "grid_umap_3d_y": 3.0, "grid_umap_3d_z": 4.0, "grid_tsne_1d_x": 942.0, "grid_tsne_2d_x": 11.0, "grid_tsne_2d_y": 14.0, "grid_tsne_3d_x": 1.0, "grid_tsne_3d_y": 1.0, "grid_tsne_3d_z": 4.0, "patch_file": "patch_0942.png" }, "geometry": { "type": "Point", "coordinates": [ -81.972443377354594, 33.922770621871166 ] } },
{ "type": "Feature", "properties": { "index": 943, "lon": 113.76348471217841, "lat": 26.165205388749172, "classification": 40, "subregion_name": "Unknown", "umap_1d_x": 8.6639395, "umap_2d_x": -15.753716, "umap_2d_y": -1.1827469, "umap_3d_x": -17.419693, "umap_3d_y": -8.3055687, "umap_3d_z": 2.7097168, "tsne_1d_x": -4.7250981, "tsne_2d_x": -3.1170769, "tsne_2d_y": -13.051788, "tsne_3d_x": 7.2605591, "tsne_3d_y": 21.530716, "tsne_3d_z": 7.0149612, "grid_umap_1d_x": 943.0, "grid_umap_2d_x": 2.0, "grid_umap_2d_y": 11.0, "grid_umap_3d_x": 2.0, "grid_umap_3d_y": 5.0, "grid_umap_3d_z": 4.0, "grid_tsne_1d_x": 943.0, "grid_tsne_2d_x": 8.0, "grid_tsne_2d_y": 0.0, "grid_tsne_3d_x": 5.0, "grid_tsne_3d_y": 9.0, "grid_tsne_3d_z": 7.0, "patch_file": "patch_0943.png" }, "geometry": { "type": "Point", "coordinates": [ 113.763484712178411, 26.165205388749172 ] } },
{ "type": "Feature", "properties": { "index": 944, "lon": -107.62128219212389, "lat": 28.260685563121271, "classification": 111, "subregion_name": "Latin America and the Caribbean", "umap_1d_x": 7.5112677, "umap_2d_x": -15.236698, "umap_2d_y": 8.1773033, "umap_3d_x": -14.692059, "umap_3d_y": -4.116745, "umap_3d_z": -11.054283, "tsne_1d_x": -6.8823733, "tsne_2d_x": 3.4592819, "tsne_2d_y": -14.205433, "tsne_3d_x": -7.3401451, "tsne_3d_y": 14.767639, "tsne_3d_z": -0.73521423, "grid_umap_1d_x": 944.0, "grid_umap_2d_x": 4.0, "grid_umap_2d_y": 18.0, "grid_umap_3d_x": 0.0, "grid_umap_3d_y": 4.0, "grid_umap_3d_z": 1.0, "grid_tsne_1d_x": 944.0, "grid_tsne_2d_x": 12.0, "grid_tsne_2d_y": 1.0, "grid_tsne_3d_x": 2.0, "grid_tsne_3d_y": 7.0, "grid_tsne_3d_z": 4.0, "patch_file": "patch_0944.png" }, "geometry": { "type": "Point", "coordinates": [ -107.621282192123886, 28.260685563121271 ] } },
{ "type": "Feature", "properties": { "index": 945, "lon": -53.221235136730186, "lat": 1.946847147753161, "classification": 112, "subregion_name": "Latin America and the Caribbean", "umap_1d_x": -2.6848423, "umap_2d_x": 21.918365, "umap_2d_y": 49.102654, "umap_3d_x": 19.28614, "umap_3d_y": 41.11618, "umap_3d_z": -31.627235, "tsne_1d_x": -36.47385, "tsne_2d_x": 25.64138, "tsne_2d_y": -45.780411, "tsne_3d_x": -37.475647, "tsne_3d_y": 45.599274, "tsne_3d_z": -7.4887352, "grid_umap_1d_x": 945.0, "grid_umap_2d_x": 16.0, "grid_umap_2d_y": 27.0, "grid_umap_3d_x": 5.0, "grid_umap_3d_y": 9.0, "grid_umap_3d_z": 0.0, "grid_tsne_1d_x": 945.0, "grid_tsne_2d_x": 28.0, "grid_tsne_2d_y": 9.0, "grid_tsne_3d_x": 2.0, "grid_tsne_3d_y": 8.0, "grid_tsne_3d_z": 8.0, "patch_file": "patch_0945.png" }, "geometry": { "type": "Point", "coordinates": [ -53.221235136730186, 1.946847147753161 ] } },
{ "type": "Feature", "properties": { "index": 946, "lon": 110.92962016645896, "lat": 50.403962059927395, "classification": 30, "subregion_name": "Eastern Europe", "umap_1d_x": 24.163998, "umap_2d_x": -45.882004, "umap_2d_y": -39.595589, "umap_3d_x": -47.173996, "umap_3d_y": -25.706915, "umap_3d_z": 40.394501, "tsne_1d_x": 52.717117, "tsne_2d_x": -41.431587, "tsne_2d_y": -23.376915, "tsne_3d_x": 34.919724, "tsne_3d_y": -24.200375, "tsne_3d_z": 47.595169, "grid_umap_1d_x": 946.0, "grid_umap_2d_x": 14.0, "grid_umap_2d_y": 9.0, "grid_umap_3d_x": 0.0, "grid_umap_3d_y": 5.0, "grid_umap_3d_z": 9.0, "grid_tsne_1d_x": 946.0, "grid_tsne_2d_x": 19.0, "grid_tsne_2d_y": 14.0, "grid_tsne_3d_x": 8.0, "grid_tsne_3d_y": 3.0, "grid_tsne_3d_z": 9.0, "patch_file": "patch_0946.png" }, "geometry": { "type": "Point", "coordinates": [ 110.92962016645896, 50.403962059927395 ] } },
{ "type": "Feature", "properties": { "index": 947, "lon": -89.980860712824324, "lat": 15.765807410043394, "classification": 112, "subregion_name": "Latin America and the Caribbean", "umap_1d_x": 6.6992683, "umap_2d_x": -12.966576, "umap_2d_y": 12.605721, "umap_3d_x": -10.791187, "umap_3d_y": -1.2103729, "umap_3d_z": -14.436863, "tsne_1d_x": -8.7286854, "tsne_2d_x": 8.271019, "tsne_2d_y": -15.315948, "tsne_3d_x": -0.99264526, "tsne_3d_y": 20.993851, "tsne_3d_z": -5.1078148, "grid_umap_1d_x": 947.0, "grid_umap_2d_x": 7.0, "grid_umap_2d_y": 22.0, "grid_umap_3d_x": 2.0, "grid_umap_3d_y": 3.0, "grid_umap_3d_z": 0.0, "grid_tsne_1d_x": 947.0, "grid_tsne_2d_x": 17.0, "grid_tsne_2d_y": 3.0, "grid_tsne_3d_x": 3.0, "grid_tsne_3d_y": 8.0, "grid_tsne_3d_z": 2.0, "patch_file": "patch_0947.png" }, "geometry": { "type": "Point", "coordinates": [ -89.980860712824324, 15.765807410043394 ] } },
{ "type": "Feature", "properties": { "index": 948, "lon": 36.936239889116536, "lat": 19.34782215666965, "classification": 60, "subregion_name": "Northern Africa", "umap_1d_x": 2.3621898, "umap_2d_x": -15.401096, "umap_2d_y": 39.575134, "umap_3d_x": -12.772339, "umap_3d_y": 7.9603081, "umap_3d_z": -48.355396, "tsne_1d_x": -13.931863, "tsne_2d_x": 16.17054, "tsne_2d_y": 16.883881, "tsne_3d_x": 30.496429, "tsne_3d_y": 28.48188, "tsne_3d_z": -17.055782, "grid_umap_1d_x": 948.0, "grid_umap_2d_x": 9.0, "grid_umap_2d_y": 30.0, "grid_umap_3d_x": 1.0, "grid_umap_3d_y": 8.0, "grid_umap_3d_z": 0.0, "grid_tsne_1d_x": 948.0, "grid_tsne_2d_x": 22.0, "grid_tsne_2d_y": 20.0, "grid_tsne_3d_x": 9.0, "grid_tsne_3d_y": 7.0, "grid_tsne_3d_z": 2.0, "patch_file": "patch_0948.png" }, "geometry": { "type": "Point", "coordinates": [ 36.936239889116536, 19.34782215666965 ] } },
{ "type": "Feature", "properties": { "index": 949, "lon": -58.701647078819434, "lat": -29.438029287244582, "classification": 126, "subregion_name": "Latin America and the Caribbean", "umap_1d_x": -10.476422, "umap_2d_x": 40.171471, "umap_2d_y": 14.231964, "umap_3d_x": 41.185013, "umap_3d_y": 16.96376, "umap_3d_z": -2.3080063, "tsne_1d_x": -56.189114, "tsne_2d_x": 35.616325, "tsne_2d_y": 26.181053, "tsne_3d_x": -11.390419, "tsne_3d_y": -9.5242348, "tsne_3d_z": -32.485535, "grid_umap_1d_x": 949.0, "grid_umap_2d_x": 30.0, "grid_umap_2d_y": 13.0, "grid_umap_3d_x": 9.0, "grid_umap_3d_y": 5.0, "grid_umap_3d_z": 5.0, "grid_tsne_1d_x": 949.0, "grid_tsne_2d_x": 29.0, "grid_tsne_2d_y": 25.0, "grid_tsne_3d_x": 2.0, "grid_tsne_3d_y": 2.0, "grid_tsne_3d_z": 2.0, "patch_file": "patch_0949.png" }, "geometry": { "type": "Point", "coordinates": [ -58.701647078819434, -29.438029287244582 ] } },
{ "type": "Feature", "properties": { "index": 950, "lon": -3.9401387820355471, "lat": 56.9949342487986, "classification": 30, "subregion_name": "Unknown", "umap_1d_x": 15.994014, "umap_2d_x": -33.634148, "umap_2d_y": -15.850426, "umap_3d_x": -34.050251, "umap_3d_y": -35.704346, "umap_3d_z": 4.137085, "tsne_1d_x": 15.400654, "tsne_2d_x": -18.053263, "tsne_2d_y": 36.245552, "tsne_3d_x": 29.986679, "tsne_3d_y": -33.74778, "tsne_3d_z": 6.6095467, "grid_umap_1d_x": 950.0, "grid_umap_2d_x": 7.0, "grid_umap_2d_y": 13.0, "grid_umap_3d_x": 4.0, "grid_umap_3d_y": 1.0, "grid_umap_3d_z": 3.0, "grid_tsne_1d_x": 950.0, "grid_tsne_2d_x": 17.0, "grid_tsne_2d_y": 31.0, "grid_tsne_3d_x": 8.0, "grid_tsne_3d_y": 1.0, "grid_tsne_3d_z": 4.0, "patch_file": "patch_0950.png" }, "geometry": { "type": "Point", "coordinates": [ -3.940138782035547, 56.9949342487986 ] } },
{ "type": "Feature", "properties": { "index": 951, "lon": 85.005650684877537, "lat": 60.584662719310657, "classification": 90, "subregion_name": "Eastern Europe", "umap_1d_x": 23.318686, "umap_2d_x": -42.429371, "umap_2d_y": -24.841705, "umap_3d_x": -42.44725, "umap_3d_y": -24.73258, "umap_3d_z": 23.102692, "tsne_1d_x": 47.695496, "tsne_2d_x": -43.464531, "tsne_2d_y": -1.1994209, "tsne_3d_x": 34.053352, "tsne_3d_y": -18.40246, "tsne_3d_z": 24.036522, "grid_umap_1d_x": 951.0, "grid_umap_2d_x": 18.0, "grid_umap_2d_y": 19.0, "grid_umap_3d_x": 3.0, "grid_umap_3d_y": 6.0, "grid_umap_3d_z": 5.0, "grid_tsne_1d_x": 951.0, "grid_tsne_2d_x": 6.0, "grid_tsne_2d_y": 19.0, "grid_tsne_3d_x": 6.0, "grid_tsne_3d_y": 5.0, "grid_tsne_3d_z": 4.0, "patch_file": "patch_0951.png" }, "geometry": { "type": "Point", "coordinates": [ 85.005650684877537, 60.584662719310657 ] } },
{ "type": "Feature", "properties": { "index": 952, "lon": 175.49815101708282, "lat": -40.767094813099078, "classification": 112, "subregion_name": "Unknown", "umap_1d_x": -12.253675, "umap_2d_x": 41.267487, "umap_2d_y": 6.7265434, "umap_3d_x": 41.461464, "umap_3d_y": 8.0666733, "umap_3d_z": 2.0911102, "tsne_1d_x": -40.82943, "tsne_2d_x": 30.534569, "tsne_2d_y": 31.552773, "tsne_3d_x": -11.022751, "tsne_3d_y": -24.660698, "tsne_3d_z": -31.94887, "grid_umap_1d_x": 952.0, "grid_umap_2d_x": 27.0, "grid_umap_2d_y": 9.0, "grid_umap_3d_x": 8.0, "grid_umap_3d_y": 4.0, "grid_umap_3d_z": 7.0, "grid_tsne_1d_x": 952.0, "grid_tsne_2d_x": 24.0, "grid_tsne_2d_y": 27.0, "grid_tsne_3d_x": 1.0, "grid_tsne_3d_y": 0.0, "grid_tsne_3d_z": 1.0, "patch_file": "patch_0952.png" }, "geometry": { "type": "Point", "coordinates": [ 175.498151017082819, -40.767094813099078 ] } },
{ "type": "Feature", "properties": { "index": 953, "lon": -86.466407939752884, "lat": 31.722206086447386, "classification": 116, "subregion_name": "Unknown", "umap_1d_x": 10.88479, "umap_2d_x": -21.363512, "umap_2d_y": -11.685181, "umap_3d_x": -19.463873, "umap_3d_y": -24.731091, "umap_3d_z": 8.7894783, "tsne_1d_x": 6.8820839, "tsne_2d_x": -7.7282104, "tsne_2d_y": 0.28662872, "tsne_3d_x": -5.4916153, "tsne_3d_y": -5.4427681, "tsne_3d_z": 4.5180817, "grid_umap_1d_x": 953.0, "grid_umap_2d_x": 11.0, "grid_umap_2d_y": 12.0, "grid_umap_3d_x": 3.0, "grid_umap_3d_y": 0.0, "grid_umap_3d_z": 5.0, "grid_tsne_1d_x": 953.0, "grid_tsne_2d_x": 2.0, "grid_tsne_2d_y": 6.0, "grid_tsne_3d_x": 0.0, "grid_tsne_3d_y": 2.0, "grid_tsne_3d_z": 5.0, "patch_file": "patch_0953.png" }, "geometry": { "type": "Point", "coordinates": [ -86.466407939752884, 31.722206086447386 ] } },
{ "type": "Feature", "properties": { "index": 954, "lon": -127.35005377070577, "lat": 64.922895297809234, "classification": 126, "subregion_name": "Northern America", "umap_1d_x": 23.720432, "umap_2d_x": -45.389606, "umap_2d_y": -37.234985, "umap_3d_x": -46.645157, "umap_3d_y": -28.230766, "umap_3d_z": 37.05748, "tsne_1d_x": 49.251507, "tsne_2d_x": -39.873482, "tsne_2d_y": -11.866646, "tsne_3d_x": 28.273811, "tsne_3d_y": -30.044695, "tsne_3d_z": 38.419037, "grid_umap_1d_x": 954.0, "grid_umap_2d_x": 9.0, "grid_umap_2d_y": 6.0, "grid_umap_3d_x": 5.0, "grid_umap_3d_y": 7.0, "grid_umap_3d_z": 6.0, "grid_tsne_1d_x": 954.0, "grid_tsne_2d_x": 5.0, "grid_tsne_2d_y": 12.0, "grid_tsne_3d_x": 8.0, "grid_tsne_3d_y": 1.0, "grid_tsne_3d_z": 9.0, "patch_file": "patch_0954.png" }, "geometry": { "type": "Point", "coordinates": [ -127.35005377070577, 64.922895297809234 ] } },
{ "type": "Feature", "properties": { "index": 955, "lon": 121.53380196845075, "lat": -31.053283684846956, "classification": 126, "subregion_name": "Unknown", "umap_1d_x": -13.373554, "umap_2d_x": 47.322044, "umap_2d_y": 3.6348343, "umap_3d_x": 47.477432, "umap_3d_y": -1.4854507, "umap_3d_z": 1.4509315, "tsne_1d_x": -61.079769, "tsne_2d_x": 39.236183, "tsne_2d_y": 42.081955, "tsne_3d_x": 5.9975624, "tsne_3d_y": -16.588085, "tsne_3d_z": -42.993652, "grid_umap_1d_x": 955.0, "grid_umap_2d_x": 28.0, "grid_umap_2d_y": 5.0, "grid_umap_3d_x": 9.0, "grid_umap_3d_y": 3.0, "grid_umap_3d_z": 8.0, "grid_tsne_1d_x": 955.0, "grid_tsne_2d_x": 21.0, "grid_tsne_2d_y": 26.0, "grid_tsne_3d_x": 5.0, "grid_tsne_3d_y": 0.0, "grid_tsne_3d_z": 0.0, "patch_file": "patch_0955.png" }, "geometry": { "type": "Point", "coordinates": [ 121.533801968450746, -31.053283684846956 ] } },
{ "type": "Feature", "properties": { "index": 956, "lon": -80.430910505015163, "lat": -1.657049798972857, "classification": 112, "subregion_name": "Latin America and the Caribbean", "umap_1d_x": -9.8392725, "umap_2d_x": 37.981567, "umap_2d_y": 20.298744, "umap_3d_x": 39.519974, "umap_3d_y": 22.990486, "umap_3d_z": -10.746162, "tsne_1d_x": -50.119904, "tsne_2d_x": 37.610184, "tsne_2d_y": 16.447884, "tsne_3d_x": -4.5141411, "tsne_3d_y": 14.283005, "tsne_3d_z": -29.364464, "grid_umap_1d_x": 956.0, "grid_umap_2d_x": 26.0, "grid_umap_2d_y": 17.0, "grid_umap_3d_x": 9.0, "grid_umap_3d_y": 5.0, "grid_umap_3d_z": 0.0, "grid_tsne_1d_x": 956.0, "grid_tsne_2d_x": 26.0, "grid_tsne_2d_y": 17.0, "grid_tsne_3d_x": 4.0, "grid_tsne_3d_y": 7.0, "grid_tsne_3d_z": 1.0, "patch_file": "patch_0956.png" }, "geometry": { "type": "Point", "coordinates": [ -80.430910505015163, -1.657049798972857 ] } },
{ "type": "Feature", "properties": { "index": 957, "lon": -120.53425170242022, "lat": 40.124107619545669, "classification": 121, "subregion_name": "Unknown", "umap_1d_x": 13.3815, "umap_2d_x": -25.828037, "umap_2d_y": 1.4914589, "umap_3d_x": -26.493988, "umap_3d_y": -15.446766, "umap_3d_z": -5.1823692, "tsne_1d_x": 2.0089116, "tsne_2d_x": -4.0333939, "tsne_2d_y": 21.518852, "tsne_3d_x": 12.211819, "tsne_3d_y": -3.2853546, "tsne_3d_z": -11.385216, "grid_umap_1d_x": 957.0, "grid_umap_2d_x": 2.0, "grid_umap_2d_y": 16.0, "grid_umap_3d_x": 0.0, "grid_umap_3d_y": 4.0, "grid_umap_3d_z": 2.0, "grid_tsne_1d_x": 957.0, "grid_tsne_2d_x": 9.0, "grid_tsne_2d_y": 26.0, "grid_tsne_3d_x": 8.0, "grid_tsne_3d_y": 2.0, "grid_tsne_3d_z": 0.0, "patch_file": "patch_0957.png" }, "geometry": { "type": "Point", "coordinates": [ -120.534251702420221, 40.124107619545669 ] } },
{ "type": "Feature", "properties": { "index": 958, "lon": 39.700050472941143, "lat": -16.43113568731755, "classification": 20, "subregion_name": "Sub-Saharan Africa", "umap_1d_x": -10.010317, "umap_2d_x": 38.876549, "umap_2d_y": 19.523697, "umap_3d_x": 40.493652, "umap_3d_y": 22.877159, "umap_3d_z": -9.6834221, "tsne_1d_x": -50.269367, "tsne_2d_x": 37.664833, "tsne_2d_y": 17.792961, "tsne_3d_x": -4.0940628, "tsne_3d_y": 13.127865, "tsne_3d_z": -31.49045, "grid_umap_1d_x": 958.0, "grid_umap_2d_x": 29.0, "grid_umap_2d_y": 17.0, "grid_umap_3d_x": 8.0, "grid_umap_3d_y": 5.0, "grid_umap_3d_z": 1.0, "grid_tsne_1d_x": 958.0, "grid_tsne_2d_x": 27.0, "grid_tsne_2d_y": 18.0, "grid_tsne_3d_x": 4.0, "grid_tsne_3d_y": 7.0, "grid_tsne_3d_z": 0.0, "patch_file": "patch_0958.png" }, "geometry": { "type": "Point", "coordinates": [ 39.700050472941143, -16.43113568731755 ] } },
{ "type": "Feature", "properties": { "index": 959, "lon": -53.993213447015549, "lat": -14.123788623247179, "classification": 20, "subregion_name": "Latin America and the Caribbean", "umap_1d_x": -9.4942284, "umap_2d_x": 38.620094, "umap_2d_y": 23.044739, "umap_3d_x": 39.197037, "umap_3d_y": 28.884819, "umap_3d_z": -6.3903198, "tsne_1d_x": -47.824825, "tsne_2d_x": 42.982422, "tsne_2d_y": 14.751656, "tsne_3d_x": -15.980824, "tsne_3d_y": 9.6100883, "tsne_3d_z": -34.735306, "grid_umap_1d_x": 959.0, "grid_umap_2d_x": 27.0, "grid_umap_2d_y": 20.0, "grid_umap_3d_x": 7.0, "grid_umap_3d_y": 7.0, "grid_umap_3d_z": 5.0, "grid_tsne_1d_x": 959.0, "grid_tsne_2d_x": 24.0, "grid_tsne_2d_y": 16.0, "grid_tsne_3d_x": 0.0, "grid_tsne_3d_y": 5.0, "grid_tsne_3d_z": 0.0, "patch_file": "patch_0959.png" }, "geometry": { "type": "Point", "coordinates": [ -53.993213447015549, -14.123788623247179 ] } },
{ "type": "Feature", "properties": { "index": 960, "lon": 93.998702757751516, "lat": 55.714774409985125, "classification": 30, "subregion_name": "Eastern Europe", "umap_1d_x": 18.417334, "umap_2d_x": -39.424767, "umap_2d_y": -24.921122, "umap_3d_x": -37.987068, "umap_3d_y": -23.800575, "umap_3d_z": 22.573868, "tsne_1d_x": 46.384525, "tsne_2d_x": -33.881145, "tsne_2d_y": -9.5699692, "tsne_3d_x": 26.598396, "tsne_3d_y": -6.2611122, "tsne_3d_z": 21.603241, "grid_umap_1d_x": 960.0, "grid_umap_2d_x": 7.0, "grid_umap_2d_y": 9.0, "grid_umap_3d_x": 4.0, "grid_umap_3d_y": 5.0, "grid_umap_3d_z": 5.0, "grid_tsne_1d_x": 960.0, "grid_tsne_2d_x": 16.0, "grid_tsne_2d_y": 17.0, "grid_tsne_3d_x": 7.0, "grid_tsne_3d_y": 6.0, "grid_tsne_3d_z": 6.0, "patch_file": "patch_0960.png" }, "geometry": { "type": "Point", "coordinates": [ 93.998702757751516, 55.714774409985125 ] } },
{ "type": "Feature", "properties": { "index": 961, "lon": 133.03516325354536, "lat": -21.302485443829177, "classification": 20, "subregion_name": "Unknown", "umap_1d_x": -13.804402, "umap_2d_x": 48.340538, "umap_2d_y": 1.0411263, "umap_3d_x": 48.267975, "umap_3d_y": -4.4620667, "umap_3d_z": 1.4839783, "tsne_1d_x": -62.883156, "tsne_2d_x": 40.339653, "tsne_2d_y": 45.24295, "tsne_3d_x": 8.9456024, "tsne_3d_y": -13.915375, "tsne_3d_z": -48.674232, "grid_umap_1d_x": 961.0, "grid_umap_2d_x": 29.0, "grid_umap_2d_y": 0.0, "grid_umap_3d_x": 9.0, "grid_umap_3d_y": 0.0, "grid_umap_3d_z": 5.0, "grid_tsne_1d_x": 961.0, "grid_tsne_2d_x": 26.0, "grid_tsne_2d_y": 31.0, "grid_tsne_3d_x": 5.0, "grid_tsne_3d_y": 3.0, "grid_tsne_3d_z": 1.0, "patch_file": "patch_0961.png" }, "geometry": { "type": "Point", "coordinates": [ 133.035163253545363, -21.302485443829177 ] } },
{ "type": "Feature", "properties": { "index": 962, "lon": 119.8109203707686, "lat": 53.619811695776278, "classification": 113, "subregion_name": "Eastern Europe", "umap_1d_x": 19.507141, "umap_2d_x": -36.784389, "umap_2d_y": -47.140656, "umap_3d_x": -34.586105, "umap_3d_y": -30.601725, "umap_3d_z": 42.25441, "tsne_1d_x": 32.722252, "tsne_2d_x": -24.142084, "tsne_2d_y": -14.30785, "tsne_3d_x": 3.2675934, "tsne_3d_y": -11.153526, "tsne_3d_z": 29.706543, "grid_umap_1d_x": 962.0, "grid_umap_2d_x": 27.0, "grid_umap_2d_y": 4.0, "grid_umap_3d_x": 4.0, "grid_umap_3d_y": 4.0, "grid_umap_3d_z": 9.0, "grid_tsne_1d_x": 962.0, "grid_tsne_2d_x": 3.0, "grid_tsne_2d_y": 3.0, "grid_tsne_3d_x": 1.0, "grid_tsne_3d_y": 5.0, "grid_tsne_3d_z": 8.0, "patch_file": "patch_0962.png" }, "geometry": { "type": "Point", "coordinates": [ 119.810920370768599, 53.619811695776278 ] } },
{ "type": "Feature", "properties": { "index": 963, "lon": 89.656231476924347, "lat": 52.839708749583508, "classification": 124, "subregion_name": "Eastern Europe", "umap_1d_x": 19.080667, "umap_2d_x": -38.24609, "umap_2d_y": -35.131042, "umap_3d_x": -36.808495, "umap_3d_y": -26.336639, "umap_3d_z": 32.482567, "tsne_1d_x": 45.693821, "tsne_2d_x": -24.286396, "tsne_2d_y": -21.673929, "tsne_3d_x": 16.934792, "tsne_3d_y": -4.1152039, "tsne_3d_z": 26.205429, "grid_umap_1d_x": 963.0, "grid_umap_2d_x": 19.0, "grid_umap_2d_y": 12.0, "grid_umap_3d_x": 0.0, "grid_umap_3d_y": 2.0, "grid_umap_3d_z": 9.0, "grid_tsne_1d_x": 963.0, "grid_tsne_2d_x": 5.0, "grid_tsne_2d_y": 2.0, "grid_tsne_3d_x": 6.0, "grid_tsne_3d_y": 6.0, "grid_tsne_3d_z": 9.0, "patch_file": "patch_0963.png" }, "geometry": { "type": "Point", "coordinates": [ 89.656231476924347, 52.839708749583508 ] } },
{ "type": "Feature", "properties": { "index": 964, "lon": 13.751578689467351, "lat": -14.565875285463385, "classification": 126, "subregion_name": "Sub-Saharan Africa", "umap_1d_x": -9.1808872, "umap_2d_x": 40.760788, "umap_2d_y": 28.747948, "umap_3d_x": 41.861038, "umap_3d_y": 35.480583, "umap_3d_z": -1.4488449, "tsne_1d_x": -47.189812, "tsne_2d_x": 50.0, "tsne_2d_y": 20.985809, "tsne_3d_x": -18.831644, "tsne_3d_y": 5.8397217, "tsne_3d_z": -46.818443, "grid_umap_1d_x": 964.0, "grid_umap_2d_x": 28.0, "grid_umap_2d_y": 25.0, "grid_umap_3d_x": 9.0, "grid_umap_3d_y": 9.0, "grid_umap_3d_z": 9.0, "grid_tsne_1d_x": 964.0, "grid_tsne_2d_x": 30.0, "grid_tsne_2d_y": 21.0, "grid_tsne_3d_x": 1.0, "grid_tsne_3d_y": 4.0, "grid_tsne_3d_z": 0.0, "patch_file": "patch_0964.png" }, "geometry": { "type": "Point", "coordinates": [ 13.751578689467351, -14.565875285463385 ] } },
{ "type": "Feature", "properties": { "index": 965, "lon": -7.6118313184881856, "lat": 40.90409786936857, "classification": 30, "subregion_name": "Southern Europe", "umap_1d_x": 13.644609, "umap_2d_x": -28.063248, "umap_2d_y": 4.2683601, "umap_3d_x": -26.698826, "umap_3d_y": -25.824236, "umap_3d_z": -8.9084816, "tsne_1d_x": 3.7135825, "tsne_2d_x": -3.546093, "tsne_2d_y": 30.845886, "tsne_3d_x": 25.716278, "tsne_3d_y": -11.749607, "tsne_3d_z": -9.9672394, "grid_umap_1d_x": 965.0, "grid_umap_2d_x": 14.0, "grid_umap_2d_y": 24.0, "grid_umap_3d_x": 5.0, "grid_umap_3d_y": 1.0, "grid_umap_3d_z": 1.0, "grid_tsne_1d_x": 965.0, "grid_tsne_2d_x": 15.0, "grid_tsne_2d_y": 30.0, "grid_tsne_3d_x": 8.0, "grid_tsne_3d_y": 2.0, "grid_tsne_3d_z": 1.0, "patch_file": "patch_0965.png" }, "geometry": { "type": "Point", "coordinates": [ -7.611831318488186, 40.90409786936857 ] } },
{ "type": "Feature", "properties": { "index": 966, "lon": -65.079393294614519, "lat": -34.086838539126788, "classification": 30, "subregion_name": "Latin America and the Caribbean", "umap_1d_x": -12.589986, "umap_2d_x": 43.535057, "umap_2d_y": 9.6214714, "umap_3d_x": 43.919594, "umap_3d_y": 9.5518837, "umap_3d_z": -2.4618378, "tsne_1d_x": -59.02705, "tsne_2d_x": 37.027382, "tsne_2d_y": 32.499084, "tsne_3d_x": -1.3819618, "tsne_3d_y": -8.3943901, "tsne_3d_z": -34.351997, "grid_umap_1d_x": 966.0, "grid_umap_2d_x": 26.0, "grid_umap_2d_y": 12.0, "grid_umap_3d_x": 9.0, "grid_umap_3d_y": 4.0, "grid_umap_3d_z": 4.0, "grid_tsne_1d_x": 966.0, "grid_tsne_2d_x": 30.0, "grid_tsne_2d_y": 29.0, "grid_tsne_3d_x": 3.0, "grid_tsne_3d_y": 2.0, "grid_tsne_3d_z": 0.0, "patch_file": "patch_0966.png" }, "geometry": { "type": "Point", "coordinates": [ -65.079393294614519, -34.086838539126788 ] } },
{ "type": "Feature", "properties": { "index": 967, "lon": -123.00594834713129, "lat": 59.066332738805912, "classification": 111, "subregion_name": "Northern America", "umap_1d_x": 20.202831, "umap_2d_x": -33.119297, "umap_2d_y": -41.728111, "umap_3d_x": -35.889725, "umap_3d_y": -47.203709, "umap_3d_z": 39.297516, "tsne_1d_x": 28.698385, "tsne_2d_x": -28.200378, "tsne_2d_y": 3.7401085, "tsne_3d_x": 2.164196, "tsne_3d_y": -39.633831, "tsne_3d_z": 27.528702, "grid_umap_1d_x": 967.0, "grid_umap_2d_x": 17.0, "grid_umap_2d_y": 0.0, "grid_umap_3d_x": 8.0, "grid_umap_3d_y": 1.0, "grid_umap_3d_z": 8.0, "grid_tsne_1d_x": 967.0, "grid_tsne_2d_x": 1.0, "grid_tsne_2d_y": 16.0, "grid_tsne_3d_x": 1.0, "grid_tsne_3d_y": 1.0, "grid_tsne_3d_z": 7.0, "patch_file": "patch_0967.png" }, "geometry": { "type": "Point", "coordinates": [ -123.005948347131294, 59.066332738805912 ] } },
{ "type": "Feature", "properties": { "index": 968, "lon": -101.92168403618194, "lat": 50.807122765825355, "classification": 40, "subregion_name": "Northern America", "umap_1d_x": 18.28451, "umap_2d_x": -39.071331, "umap_2d_y": -22.769049, "umap_3d_x": -37.912006, "umap_3d_y": -22.939617, "umap_3d_z": 19.476814, "tsne_1d_x": 46.349781, "tsne_2d_x": -33.131325, "tsne_2d_y": -9.5323792, "tsne_3d_x": 28.840927, "tsne_3d_y": -4.8670769, "tsne_3d_z": 19.858597, "grid_umap_1d_x": 968.0, "grid_umap_2d_x": 6.0, "grid_umap_2d_y": 10.0, "grid_umap_3d_x": 2.0, "grid_umap_3d_y": 5.0, "grid_umap_3d_z": 5.0, "grid_tsne_1d_x": 968.0, "grid_tsne_2d_x": 0.0, "grid_tsne_2d_y": 8.0, "grid_tsne_3d_x": 8.0, "grid_tsne_3d_y": 6.0, "grid_tsne_3d_z": 6.0, "patch_file": "patch_0968.png" }, "geometry": { "type": "Point", "coordinates": [ -101.921684036181944, 50.807122765825355 ] } },
{ "type": "Feature", "properties": { "index": 969, "lon": 88.819300800613689, "lat": 66.702281183436256, "classification": 116, "subregion_name": "Eastern Europe", "umap_1d_x": 22.902443, "umap_2d_x": -43.114326, "umap_2d_y": -33.499954, "umap_3d_x": -42.970036, "umap_3d_y": -25.938841, "umap_3d_z": 33.433746, "tsne_1d_x": 44.45652, "tsne_2d_x": -40.252533, "tsne_2d_y": -5.6822357, "tsne_3d_x": 27.858955, "tsne_3d_y": -23.22694, "tsne_3d_z": 31.36454, "grid_umap_1d_x": 969.0, "grid_umap_2d_x": 4.0, "grid_umap_2d_y": 3.0, "grid_umap_3d_x": 4.0, "grid_umap_3d_y": 6.0, "grid_umap_3d_z": 6.0, "grid_tsne_1d_x": 969.0, "grid_tsne_2d_x": 15.0, "grid_tsne_2d_y": 20.0, "grid_tsne_3d_x": 8.0, "grid_tsne_3d_y": 2.0, "grid_tsne_3d_z": 8.0, "patch_file": "patch_0969.png" }, "geometry": { "type": "Point", "coordinates": [ 88.819300800613689, 66.702281183436256 ] } },
{ "type": "Feature", "properties": { "index": 970, "lon": 36.469612494618616, "lat": 5.4626562438481727, "classification": 126, "subregion_name": "Sub-Saharan Africa", "umap_1d_x": 4.5330148, "umap_2d_x": -7.5930748, "umap_2d_y": 32.697372, "umap_3d_x": -5.8706703, "umap_3d_y": 11.303555, "umap_3d_z": -40.753677, "tsne_1d_x": -19.767639, "tsne_2d_x": 19.75853, "tsne_2d_y": -4.7520638, "tsne_3d_x": 7.043129, "tsne_3d_y": 30.652153, "tsne_3d_z": -17.933903, "grid_umap_1d_x": 970.0, "grid_umap_2d_x": 7.0, "grid_umap_2d_y": 29.0, "grid_umap_3d_x": 3.0, "grid_umap_3d_y": 8.0, "grid_umap_3d_z": 0.0, "grid_tsne_1d_x": 970.0, "grid_tsne_2d_x": 21.0, "grid_tsne_2d_y": 1.0, "grid_tsne_3d_x": 5.0, "grid_tsne_3d_y": 8.0, "grid_tsne_3d_z": 1.0, "patch_file": "patch_0970.png" }, "geometry": { "type": "Point", "coordinates": [ 36.469612494618616, 5.462656243848173 ] } },
{ "type": "Feature", "properties": { "index": 971, "lon": 123.28717380473478, "lat": 63.897645949401195, "classification": 116, "subregion_name": "Eastern Europe", "umap_1d_x": 24.308214, "umap_2d_x": -47.234802, "umap_2d_y": -35.689911, "umap_3d_x": -46.728558, "umap_3d_y": -20.767572, "umap_3d_z": 35.084053, "tsne_1d_x": 49.071934, "tsne_2d_x": -46.184967, "tsne_2d_y": -3.8224716, "tsne_3d_x": 39.155922, "tsne_3d_y": -11.218182, "tsne_3d_z": 28.177032, "grid_umap_1d_x": 971.0, "grid_umap_2d_x": 7.0, "grid_umap_2d_y": 6.0, "grid_umap_3d_x": 3.0, "grid_umap_3d_y": 8.0, "grid_umap_3d_z": 6.0, "grid_tsne_1d_x": 971.0, "grid_tsne_2d_x": 8.0, "grid_tsne_2d_y": 19.0, "grid_tsne_3d_x": 7.0, "grid_tsne_3d_y": 6.0, "grid_tsne_3d_z": 5.0, "patch_file": "patch_0971.png" }, "geometry": { "type": "Point", "coordinates": [ 123.287173804734778, 63.897645949401195 ] } },
{ "type": "Feature", "properties": { "index": 972, "lon": 107.97815421148982, "lat": 67.472280322412416, "classification": 113, "subregion_name": "Eastern Europe", "umap_1d_x": 23.554684, "umap_2d_x": -46.871822, "umap_2d_y": -44.397213, "umap_3d_x": -45.664787, "umap_3d_y": -22.163782, "umap_3d_z": 45.913376, "tsne_1d_x": 42.573174, "tsne_2d_x": -37.67083, "tsne_2d_y": -19.164419, "tsne_3d_x": 20.809013, "tsne_3d_y": -16.139656, "tsne_3d_z": 40.861282, "grid_umap_1d_x": 972.0, "grid_umap_2d_x": 20.0, "grid_umap_2d_y": 11.0, "grid_umap_3d_x": 4.0, "grid_umap_3d_y": 9.0, "grid_umap_3d_z": 8.0, "grid_tsne_1d_x": 972.0, "grid_tsne_2d_x": 8.0, "grid_tsne_2d_y": 8.0, "grid_tsne_3d_x": 5.0, "grid_tsne_3d_y": 5.0, "grid_tsne_3d_z": 9.0, "patch_file": "patch_0972.png" }, "geometry": { "type": "Point", "coordinates": [ 107.978154211489823, 67.472280322412416 ] } },
{ "type": "Feature", "properties": { "index": 973, "lon": 24.456657693407237, "lat": 5.1076064029054038, "classification": 124, "subregion_name": "Sub-Saharan Africa", "umap_1d_x": 4.4790654, "umap_2d_x": -8.3386726, "umap_2d_y": 31.819427, "umap_3d_x": -4.7339821, "umap_3d_y": 8.5519257, "umap_3d_z": -40.795631, "tsne_1d_x": -18.463566, "tsne_2d_x": 17.93866, "tsne_2d_y": -1.4393845, "tsne_3d_x": 8.3797798, "tsne_3d_y": 42.451904, "tsne_3d_z": -16.62236, "grid_umap_1d_x": 973.0, "grid_umap_2d_x": 9.0, "grid_umap_2d_y": 27.0, "grid_umap_3d_x": 5.0, "grid_umap_3d_y": 6.0, "grid_umap_3d_z": 0.0, "grid_tsne_1d_x": 973.0, "grid_tsne_2d_x": 21.0, "grid_tsne_2d_y": 8.0, "grid_tsne_3d_x": 5.0, "grid_tsne_3d_y": 8.0, "grid_tsne_3d_z": 3.0, "patch_file": "patch_0973.png" }, "geometry": { "type": "Point", "coordinates": [ 24.456657693407237, 5.107606402905404 ] } },
{ "type": "Feature", "properties": { "index": 974, "lon": 98.889472313138697, "lat": 67.857643695785214, "classification": 30, "subregion_name": "Eastern Europe", "umap_1d_x": 24.534714, "umap_2d_x": -48.551205, "umap_2d_y": -36.24173, "umap_3d_x": -49.245056, "umap_3d_y": -21.175814, "umap_3d_z": 37.930908, "tsne_1d_x": 52.192394, "tsne_2d_x": -44.212818, "tsne_2d_y": -22.381666, "tsne_3d_x": 38.13549, "tsne_3d_y": -18.749985, "tsne_3d_z": 43.949944, "grid_umap_1d_x": 974.0, "grid_umap_2d_x": 8.0, "grid_umap_2d_y": 7.0, "grid_umap_3d_x": 3.0, "grid_umap_3d_y": 8.0, "grid_umap_3d_z": 7.0, "grid_tsne_1d_x": 974.0, "grid_tsne_2d_x": 9.0, "grid_tsne_2d_y": 9.0, "grid_tsne_3d_x": 6.0, "grid_tsne_3d_y": 6.0, "grid_tsne_3d_z": 6.0, "patch_file": "patch_0974.png" }, "geometry": { "type": "Point", "coordinates": [ 98.889472313138697, 67.857643695785214 ] } },
{ "type": "Feature", "properties": { "index": 975, "lon": -44.68513338702536, "lat": -3.8042506129813209, "classification": 126, "subregion_name": "Latin America and the Caribbean", "umap_1d_x": -8.5212374, "umap_2d_x": 35.016479, "umap_2d_y": 24.556404, "umap_3d_x": 35.076103, "umap_3d_y": 28.718102, "umap_3d_z": -11.247017, "tsne_1d_x": -43.331272, "tsne_2d_x": 42.182785, "tsne_2d_y": 8.505394, "tsne_3d_x": -18.600746, "tsne_3d_y": 19.765671, "tsne_3d_z": -30.117064, "grid_umap_1d_x": 975.0, "grid_umap_2d_x": 28.0, "grid_umap_2d_y": 23.0, "grid_umap_3d_x": 7.0, "grid_umap_3d_y": 7.0, "grid_umap_3d_z": 4.0, "grid_tsne_1d_x": 975.0, "grid_tsne_2d_x": 30.0, "grid_tsne_2d_y": 11.0, "grid_tsne_3d_x": 1.0, "grid_tsne_3d_y": 7.0, "grid_tsne_3d_z": 1.0, "patch_file": "patch_0975.png" }, "geometry": { "type": "Point", "coordinates": [ -44.68513338702536, -3.804250612981321 ] } },
{ "type": "Feature", "properties": { "index": 976, "lon": 10.791080585035672, "lat": 49.09669425658997, "classification": 40, "subregion_name": "Western Europe", "umap_1d_x": 15.127206, "umap_2d_x": -32.968185, "umap_2d_y": -9.9056702, "umap_3d_x": -32.596825, "umap_3d_y": -30.703171, "umap_3d_z": -2.6998634, "tsne_1d_x": 13.272283, "tsne_2d_x": -11.089489, "tsne_2d_y": 32.519547, "tsne_3d_x": 30.501198, "tsne_3d_y": -19.629202, "tsne_3d_z": -1.3320274, "grid_umap_1d_x": 976.0, "grid_umap_2d_x": 10.0, "grid_umap_2d_y": 19.0, "grid_umap_3d_x": 4.0, "grid_umap_3d_y": 2.0, "grid_umap_3d_z": 2.0, "grid_tsne_1d_x": 976.0, "grid_tsne_2d_x": 4.0, "grid_tsne_2d_y": 31.0, "grid_tsne_3d_x": 9.0, "grid_tsne_3d_y": 2.0, "grid_tsne_3d_z": 2.0, "patch_file": "patch_0976.png" }, "geometry": { "type": "Point", "coordinates": [ 10.791080585035672, 49.09669425658997 ] } },
{ "type": "Feature", "properties": { "index": 977, "lon": 14.155219196779825, "lat": 60.399476744561781, "classification": 111, "subregion_name": "Northern Europe", "umap_1d_x": 17.547373, "umap_2d_x": -27.860291, "umap_2d_y": -31.552855, "umap_3d_x": -30.448055, "umap_3d_y": -49.375931, "umap_3d_z": 20.328247, "tsne_1d_x": 24.451078, "tsne_2d_x": -25.248487, "tsne_2d_y": 16.803688, "tsne_3d_x": 13.930904, "tsne_3d_y": -41.528229, "tsne_3d_z": 13.300369, "grid_umap_1d_x": 977.0, "grid_umap_2d_x": 10.0, "grid_umap_2d_y": 0.0, "grid_umap_3d_x": 6.0, "grid_umap_3d_y": 0.0, "grid_umap_3d_z": 5.0, "grid_tsne_1d_x": 977.0, "grid_tsne_2d_x": 5.0, "grid_tsne_2d_y": 26.0, "grid_tsne_3d_x": 5.0, "grid_tsne_3d_y": 2.0, "grid_tsne_3d_z": 4.0, "patch_file": "patch_0977.png" }, "geometry": { "type": "Point", "coordinates": [ 14.155219196779825, 60.399476744561781 ] } },
{ "type": "Feature", "properties": { "index": 978, "lon": -121.54641287192447, "lat": 38.476282760552252, "classification": 40, "subregion_name": "Unknown", "umap_1d_x": 14.74876, "umap_2d_x": -29.885136, "umap_2d_y": -8.9534149, "umap_3d_x": -29.460186, "umap_3d_y": -27.436661, "umap_3d_z": 1.155014, "tsne_1d_x": 11.866024, "tsne_2d_x": -10.422783, "tsne_2d_y": 21.700272, "tsne_3d_x": 23.728577, "tsne_3d_y": -7.616909, "tsne_3d_z": 0.92767334, "grid_umap_1d_x": 978.0, "grid_umap_2d_x": 0.0, "grid_umap_2d_y": 11.0, "grid_umap_3d_x": 2.0, "grid_umap_3d_y": 1.0, "grid_umap_3d_z": 3.0, "grid_tsne_1d_x": 978.0, "grid_tsne_2d_x": 11.0, "grid_tsne_2d_y": 28.0, "grid_tsne_3d_x": 9.0, "grid_tsne_3d_y": 4.0, "grid_tsne_3d_z": 3.0, "patch_file": "patch_0978.png" }, "geometry": { "type": "Point", "coordinates": [ -121.546412871924474, 38.476282760552252 ] } },
{ "type": "Feature", "properties": { "index": 979, "lon": -72.8963879594384, "lat": 56.137293127135194, "classification": 30, "subregion_name": "Northern America", "umap_1d_x": 23.684242, "umap_2d_x": -44.467812, "umap_2d_y": -30.501724, "umap_3d_x": -45.831741, "umap_3d_y": -29.334896, "umap_3d_z": 30.498062, "tsne_1d_x": 45.492138, "tsne_2d_x": -42.238838, "tsne_2d_y": 7.1047249, "tsne_3d_x": 33.073097, "tsne_3d_y": -35.278164, "tsne_3d_z": 31.606224, "grid_umap_1d_x": 979.0, "grid_umap_2d_x": 6.0, "grid_umap_2d_y": 7.0, "grid_umap_3d_x": 0.0, "grid_umap_3d_y": 3.0, "grid_umap_3d_z": 8.0, "grid_tsne_1d_x": 979.0, "grid_tsne_2d_x": 8.0, "grid_tsne_2d_y": 25.0, "grid_tsne_3d_x": 8.0, "grid_tsne_3d_y": 1.0, "grid_tsne_3d_z": 7.0, "patch_file": "patch_0979.png" }, "geometry": { "type": "Point", "coordinates": [ -72.8963879594384, 56.137293127135194 ] } },
{ "type": "Feature", "properties": { "index": 980, "lon": 118.09507529422137, "lat": 29.025414434608678, "classification": 111, "subregion_name": "Unknown", "umap_1d_x": 8.6889801, "umap_2d_x": -16.671791, "umap_2d_y": 1.4763527, "umap_3d_x": -16.779095, "umap_3d_y": -10.80835, "umap_3d_z": 2.2222748, "tsne_1d_x": -5.6640596, "tsne_2d_x": -3.2820511, "tsne_2d_y": -8.1811943, "tsne_3d_x": -0.75725174, "tsne_3d_y": 15.394768, "tsne_3d_z": 3.8199234, "grid_umap_1d_x": 980.0, "grid_umap_2d_x": 2.0, "grid_umap_2d_y": 14.0, "grid_umap_3d_x": 0.0, "grid_umap_3d_y": 2.0, "grid_umap_3d_z": 3.0, "grid_tsne_1d_x": 980.0, "grid_tsne_2d_x": 6.0, "grid_tsne_2d_y": 1.0, "grid_tsne_3d_x": 2.0, "grid_tsne_3d_y": 9.0, "grid_tsne_3d_z": 6.0, "patch_file": "patch_0980.png" }, "geometry": { "type": "Point", "coordinates": [ 118.095075294221374, 29.025414434608678 ] } },
{ "type": "Feature", "properties": { "index": 981, "lon": 65.545573983170726, "lat": 37.817551678841411, "classification": 40, "subregion_name": "Central Asia", "umap_1d_x": 12.473332, "umap_2d_x": -22.82427, "umap_2d_y": 1.2777748, "umap_3d_x": -22.908873, "umap_3d_y": -18.69758, "umap_3d_z": -6.0286942, "tsne_1d_x": -0.47778997, "tsne_2d_x": -2.1529961, "tsne_2d_y": 13.535671, "tsne_3d_x": 23.603401, "tsne_3d_y": 6.1439323, "tsne_3d_z": -0.028938293000003057, "grid_umap_1d_x": 981.0, "grid_umap_2d_x": 2.0, "grid_umap_2d_y": 15.0, "grid_umap_3d_x": 0.0, "grid_umap_3d_y": 0.0, "grid_umap_3d_z": 1.0, "grid_tsne_1d_x": 981.0, "grid_tsne_2d_x": 8.0, "grid_tsne_2d_y": 18.0, "grid_tsne_3d_x": 9.0, "grid_tsne_3d_y": 6.0, "grid_tsne_3d_z": 4.0, "patch_file": "patch_0981.png" }, "geometry": { "type": "Point", "coordinates": [ 65.545573983170726, 37.817551678841411 ] } },
{ "type": "Feature", "properties": { "index": 982, "lon": -62.607355910402902, "lat": 0.88516328380604403, "classification": 112, "subregion_name": "Latin America and the Caribbean", "umap_1d_x": -2.5229838, "umap_2d_x": 20.300308, "umap_2d_y": 47.984955, "umap_3d_x": 17.557518, "umap_3d_y": 44.465195, "umap_3d_z": -31.903902, "tsne_1d_x": -37.434986, "tsne_2d_x": 22.932541, "tsne_2d_y": -47.468277, "tsne_3d_x": -31.81555, "tsne_3d_y": 46.929138, "tsne_3d_z": -13.134983, "grid_umap_1d_x": 982.0, "grid_umap_2d_x": 14.0, "grid_umap_2d_y": 29.0, "grid_umap_3d_x": 3.0, "grid_umap_3d_y": 9.0, "grid_umap_3d_z": 3.0, "grid_tsne_1d_x": 982.0, "grid_tsne_2d_x": 25.0, "grid_tsne_2d_y": 2.0, "grid_tsne_3d_x": 1.0, "grid_tsne_3d_y": 9.0, "grid_tsne_3d_z": 5.0, "patch_file": "patch_0982.png" }, "geometry": { "type": "Point", "coordinates": [ -62.607355910402902, 0.885163283806044 ] } },
{ "type": "Feature", "properties": { "index": 983, "lon": -71.697397894519057, "lat": 1.593126092283939, "classification": 112, "subregion_name": "Latin America and the Caribbean", "umap_1d_x": -2.6286743, "umap_2d_x": 20.716515, "umap_2d_y": 47.480453, "umap_3d_x": 17.952744, "umap_3d_y": 44.150475, "umap_3d_z": -30.126223, "tsne_1d_x": -36.656353, "tsne_2d_x": 23.952179, "tsne_2d_y": -45.218571, "tsne_3d_x": -34.839401, "tsne_3d_y": 43.143738, "tsne_3d_z": -11.833084, "grid_umap_1d_x": 983.0, "grid_umap_2d_x": 15.0, "grid_umap_2d_y": 30.0, "grid_umap_3d_x": 3.0, "grid_umap_3d_y": 8.0, "grid_umap_3d_z": 4.0, "grid_tsne_1d_x": 983.0, "grid_tsne_2d_x": 26.0, "grid_tsne_2d_y": 2.0, "grid_tsne_3d_x": 2.0, "grid_tsne_3d_y": 7.0, "grid_tsne_3d_z": 5.0, "patch_file": "patch_0983.png" }, "geometry": { "type": "Point", "coordinates": [ -71.697397894519057, 1.593126092283939 ] } },
{ "type": "Feature", "properties": { "index": 984, "lon": 27.458833269903266, "lat": 13.046379563474929, "classification": 30, "subregion_name": "Northern Africa", "umap_1d_x": 2.2270756, "umap_2d_x": -16.387222, "umap_2d_y": 38.115273, "umap_3d_x": -12.598652, "umap_3d_y": 2.7167206, "umap_3d_z": -49.186096, "tsne_1d_x": -14.69121, "tsne_2d_x": 12.899506, "tsne_2d_y": 12.318699, "tsne_3d_x": 30.004066, "tsne_3d_y": 34.966591, "tsne_3d_z": -8.7093544, "grid_umap_1d_x": 984.0, "grid_umap_2d_x": 12.0, "grid_umap_2d_y": 28.0, "grid_umap_3d_x": 6.0, "grid_umap_3d_y": 1.0, "grid_umap_3d_z": 0.0, "grid_tsne_1d_x": 984.0, "grid_tsne_2d_x": 14.0, "grid_tsne_2d_y": 13.0, "grid_tsne_3d_x": 9.0, "grid_tsne_3d_y": 8.0, "grid_tsne_3d_z": 6.0, "patch_file": "patch_0984.png" }, "geometry": { "type": "Point", "coordinates": [ 27.458833269903266, 13.046379563474929 ] } },
{ "type": "Feature", "properties": { "index": 985, "lon": -79.161562208355491, "lat": 49.451135663788961, "classification": 126, "subregion_name": "Northern America", "umap_1d_x": 23.206148, "umap_2d_x": -41.778099, "umap_2d_y": -27.161106, "umap_3d_x": -42.615913, "umap_3d_y": -28.534693, "umap_3d_z": 24.209984, "tsne_1d_x": 46.86866, "tsne_2d_x": -43.327644, "tsne_2d_y": 3.4451561, "tsne_3d_x": 33.758255, "tsne_3d_y": -25.575472, "tsne_3d_z": 23.565445, "grid_umap_1d_x": 985.0, "grid_umap_2d_x": 20.0, "grid_umap_2d_y": 18.0, "grid_umap_3d_x": 3.0, "grid_umap_3d_y": 4.0, "grid_umap_3d_z": 5.0, "grid_tsne_1d_x": 985.0, "grid_tsne_2d_x": 11.0, "grid_tsne_2d_y": 24.0, "grid_tsne_3d_x": 9.0, "grid_tsne_3d_y": 1.0, "grid_tsne_3d_z": 6.0, "patch_file": "patch_0985.png" }, "geometry": { "type": "Point", "coordinates": [ -79.161562208355491, 49.451135663788961 ] } },
{ "type": "Feature", "properties": { "index": 986, "lon": 137.09511730401601, "lat": 57.024914735535745, "classification": 113, "subregion_name": "Eastern Europe", "umap_1d_x": 20.988161, "umap_2d_x": -40.956169, "umap_2d_y": -47.759274, "umap_3d_x": -39.262539, "umap_3d_y": -31.831078, "umap_3d_z": 48.618431, "tsne_1d_x": 40.325943, "tsne_2d_x": -30.030247, "tsne_2d_y": -16.95248, "tsne_3d_x": 4.1697502, "tsne_3d_y": -20.656895, "tsne_3d_z": 37.29435, "grid_umap_1d_x": 986.0, "grid_umap_2d_x": 22.0, "grid_umap_2d_y": 5.0, "grid_umap_3d_x": 5.0, "grid_umap_3d_y": 5.0, "grid_umap_3d_z": 9.0, "grid_tsne_1d_x": 986.0, "grid_tsne_2d_x": 5.0, "grid_tsne_2d_y": 5.0, "grid_tsne_3d_x": 2.0, "grid_tsne_3d_y": 3.0, "grid_tsne_3d_z": 9.0, "patch_file": "patch_0986.png" }, "geometry": { "type": "Point", "coordinates": [ 137.095117304016014, 57.024914735535745 ] } },
{ "type": "Feature", "properties": { "index": 987, "lon": 143.16694013711373, "lat": 66.116162297372895, "classification": 113, "subregion_name": "Eastern Europe", "umap_1d_x": 22.607815, "umap_2d_x": -45.047314, "umap_2d_y": -47.558983, "umap_3d_x": -43.511364, "umap_3d_y": -24.05442, "umap_3d_z": 48.561554, "tsne_1d_x": 41.996273, "tsne_2d_x": -35.995193, "tsne_2d_y": -20.849857, "tsne_3d_x": 15.406891, "tsne_3d_y": -12.431431, "tsne_3d_z": 41.128784, "grid_umap_1d_x": 987.0, "grid_umap_2d_x": 23.0, "grid_umap_2d_y": 9.0, "grid_umap_3d_x": 4.0, "grid_umap_3d_y": 8.0, "grid_umap_3d_z": 9.0, "grid_tsne_1d_x": 987.0, "grid_tsne_2d_x": 2.0, "grid_tsne_2d_y": 3.0, "grid_tsne_3d_x": 3.0, "grid_tsne_3d_y": 7.0, "grid_tsne_3d_z": 9.0, "patch_file": "patch_0987.png" }, "geometry": { "type": "Point", "coordinates": [ 143.166940137113727, 66.116162297372895 ] } },
{ "type": "Feature", "properties": { "index": 988, "lon": 33.715544382911759, "lat": 51.728941901103425, "classification": 111, "subregion_name": "Eastern Europe", "umap_1d_x": 17.319187, "umap_2d_x": -27.653742, "umap_2d_y": -29.005602, "umap_3d_x": -30.035007, "umap_3d_y": -48.574909, "umap_3d_z": 19.229446, "tsne_1d_x": 23.843662, "tsne_2d_x": -22.006725, "tsne_2d_y": 16.426155, "tsne_3d_x": 9.5061951, "tsne_3d_y": -36.59277, "tsne_3d_z": 8.3951225, "grid_umap_1d_x": 988.0, "grid_umap_2d_x": 12.0, "grid_umap_2d_y": 4.0, "grid_umap_3d_x": 7.0, "grid_umap_3d_y": 1.0, "grid_umap_3d_z": 4.0, "grid_tsne_1d_x": 988.0, "grid_tsne_2d_x": 11.0, "grid_tsne_2d_y": 27.0, "grid_tsne_3d_x": 3.0, "grid_tsne_3d_y": 1.0, "grid_tsne_3d_z": 3.0, "patch_file": "patch_0988.png" }, "geometry": { "type": "Point", "coordinates": [ 33.715544382911759, 51.728941901103425 ] } },
{ "type": "Feature", "properties": { "index": 989, "lon": 33.453814134509287, "lat": -6.5424325590869401, "classification": 114, "subregion_name": "Sub-Saharan Africa", "umap_1d_x": -9.1139641, "umap_2d_x": 41.06131, "umap_2d_y": 28.949432, "umap_3d_x": 42.080154, "umap_3d_y": 37.234627, "umap_3d_z": -1.9298515, "tsne_1d_x": -46.869175, "tsne_2d_x": 48.781754, "tsne_2d_y": 19.320915, "tsne_3d_x": -15.327343, "tsne_3d_y": 12.667744, "tsne_3d_z": -46.536575, "grid_umap_1d_x": 989.0, "grid_umap_2d_x": 30.0, "grid_umap_2d_y": 26.0, "grid_umap_3d_x": 7.0, "grid_umap_3d_y": 8.0, "grid_umap_3d_z": 9.0, "grid_tsne_1d_x": 989.0, "grid_tsne_2d_x": 27.0, "grid_tsne_2d_y": 19.0, "grid_tsne_3d_x": 3.0, "grid_tsne_3d_y": 5.0, "grid_tsne_3d_z": 2.0, "patch_file": "patch_0989.png" }, "geometry": { "type": "Point", "coordinates": [ 33.453814134509287, -6.54243255908694 ] } },
{ "type": "Feature", "properties": { "index": 990, "lon": 84.861940745960339, "lat": 65.785858232829099, "classification": 111, "subregion_name": "Eastern Europe", "umap_1d_x": 22.653191, "umap_2d_x": -42.335186, "umap_2d_y": -34.387295, "umap_3d_x": -42.267208, "umap_3d_y": -27.007946, "umap_3d_z": 35.01857, "tsne_1d_x": 44.157063, "tsne_2d_x": -39.175892, "tsne_2d_y": -6.6576195, "tsne_3d_x": 23.640907, "tsne_3d_y": -23.090086, "tsne_3d_z": 32.111206, "grid_umap_1d_x": 990.0, "grid_umap_2d_x": 6.0, "grid_umap_2d_y": 4.0, "grid_umap_3d_x": 0.0, "grid_umap_3d_y": 3.0, "grid_umap_3d_z": 9.0, "grid_tsne_1d_x": 990.0, "grid_tsne_2d_x": 16.0, "grid_tsne_2d_y": 20.0, "grid_tsne_3d_x": 7.0, "grid_tsne_3d_y": 2.0, "grid_tsne_3d_z": 8.0, "patch_file": "patch_0990.png" }, "geometry": { "type": "Point", "coordinates": [ 84.861940745960339, 65.785858232829099 ] } },
{ "type": "Feature", "properties": { "index": 991, "lon": 93.467697876726277, "lat": 24.534147474810823, "classification": 112, "subregion_name": "Southern Asia", "umap_1d_x": 6.8228421, "umap_2d_x": -13.010021, "umap_2d_y": 12.471306, "umap_3d_x": -11.465889, "umap_3d_y": -0.9187355, "umap_3d_z": -13.734112, "tsne_1d_x": -8.6933155, "tsne_2d_x": 7.1836929, "tsne_2d_y": -12.774147, "tsne_3d_x": 1.2450104, "tsne_3d_y": 25.779396, "tsne_3d_z": -2.9826698, "grid_umap_1d_x": 991.0, "grid_umap_2d_x": 3.0, "grid_umap_2d_y": 20.0, "grid_umap_3d_x": 1.0, "grid_umap_3d_y": 6.0, "grid_umap_3d_z": 2.0, "grid_tsne_1d_x": 991.0, "grid_tsne_2d_x": 15.0, "grid_tsne_2d_y": 3.0, "grid_tsne_3d_x": 4.0, "grid_tsne_3d_y": 8.0, "grid_tsne_3d_z": 4.0, "patch_file": "patch_0991.png" }, "geometry": { "type": "Point", "coordinates": [ 93.467697876726277, 24.534147474810823 ] } },
{ "type": "Feature", "properties": { "index": 992, "lon": -70.098376648535748, "lat": -8.4274696907286071, "classification": 112, "subregion_name": "Latin America and the Caribbean", "umap_1d_x": -3.2573757, "umap_2d_x": 24.527176, "umap_2d_y": 47.538994, "umap_3d_x": 20.877907, "umap_3d_y": 35.578888, "umap_3d_z": -30.13376, "tsne_1d_x": -35.220661, "tsne_2d_x": 27.183014, "tsne_2d_y": -41.912163, "tsne_3d_x": -39.307472, "tsne_3d_y": 37.96711, "tsne_3d_z": -4.6768379, "grid_umap_1d_x": 992.0, "grid_umap_2d_x": 18.0, "grid_umap_2d_y": 24.0, "grid_umap_3d_x": 7.0, "grid_umap_3d_y": 5.0, "grid_umap_3d_z": 2.0, "grid_tsne_1d_x": 992.0, "grid_tsne_2d_x": 29.0, "grid_tsne_2d_y": 6.0, "grid_tsne_3d_x": 0.0, "grid_tsne_3d_y": 8.0, "grid_tsne_3d_z": 8.0, "patch_file": "patch_0992.png" }, "geometry": { "type": "Point", "coordinates": [ -70.098376648535748, -8.427469690728607 ] } },
{ "type": "Feature", "properties": { "index": 993, "lon": 39.583476927404547, "lat": 39.356980398057402, "classification": 30, "subregion_name": "Western Asia", "umap_1d_x": 12.767265, "umap_2d_x": -23.82464, "umap_2d_y": 3.0776215, "umap_3d_x": -25.2124, "umap_3d_y": -15.132671, "umap_3d_z": -4.6080971, "tsne_1d_x": 0.75004202, "tsne_2d_x": -2.8470078, "tsne_2d_y": 17.606979, "tsne_3d_x": 10.447197, "tsne_3d_y": 3.2447281, "tsne_3d_z": -3.9321175, "grid_umap_1d_x": 993.0, "grid_umap_2d_x": 9.0, "grid_umap_2d_y": 20.0, "grid_umap_3d_x": 0.0, "grid_umap_3d_y": 2.0, "grid_umap_3d_z": 2.0, "grid_tsne_1d_x": 993.0, "grid_tsne_2d_x": 11.0, "grid_tsne_2d_y": 23.0, "grid_tsne_3d_x": 8.0, "grid_tsne_3d_y": 4.0, "grid_tsne_3d_z": 0.0, "patch_file": "patch_0993.png" }, "geometry": { "type": "Point", "coordinates": [ 39.583476927404547, 39.356980398057402 ] } },
{ "type": "Feature", "properties": { "index": 994, "lon": -9.1005965902047024, "lat": 11.039493371150684, "classification": 20, "subregion_name": "Sub-Saharan Africa", "umap_1d_x": 3.7890885, "umap_2d_x": -11.412842, "umap_2d_y": 34.146614, "umap_3d_x": -7.8568916, "umap_3d_y": 3.1498299, "umap_3d_z": -43.245594, "tsne_1d_x": -16.795561, "tsne_2d_x": 14.150673, "tsne_2d_y": 1.0067711, "tsne_3d_x": 17.835396, "tsne_3d_y": 36.293503, "tsne_3d_z": -13.25668, "grid_umap_1d_x": 994.0, "grid_umap_2d_x": 1.0, "grid_umap_2d_y": 31.0, "grid_umap_3d_x": 7.0, "grid_umap_3d_y": 1.0, "grid_umap_3d_z": 1.0, "grid_tsne_1d_x": 994.0, "grid_tsne_2d_x": 21.0, "grid_tsne_2d_y": 14.0, "grid_tsne_3d_x": 8.0, "grid_tsne_3d_y": 8.0, "grid_tsne_3d_z": 2.0, "patch_file": "patch_0994.png" }, "geometry": { "type": "Point", "coordinates": [ -9.100596590204702, 11.039493371150684 ] } },
{ "type": "Feature", "properties": { "index": 995, "lon": -87.230542524598121, "lat": 53.179349266214174, "classification": 111, "subregion_name": "Northern America", "umap_1d_x": 21.618055, "umap_2d_x": -38.203644, "umap_2d_y": -36.812454, "umap_3d_x": -41.313133, "umap_3d_y": -40.29892, "umap_3d_z": 35.473343, "tsne_1d_x": 37.273849, "tsne_2d_x": -34.245949, "tsne_2d_y": 3.8971596, "tsne_3d_x": 15.089348, "tsne_3d_y": -39.208866, "tsne_3d_z": 33.937462, "grid_umap_1d_x": 995.0, "grid_umap_2d_x": 16.0, "grid_umap_2d_y": 8.0, "grid_umap_3d_x": 2.0, "grid_umap_3d_y": 1.0, "grid_umap_3d_z": 8.0, "grid_tsne_1d_x": 995.0, "grid_tsne_2d_x": 1.0, "grid_tsne_2d_y": 18.0, "grid_tsne_3d_x": 5.0, "grid_tsne_3d_y": 0.0, "grid_tsne_3d_z": 8.0, "patch_file": "patch_0995.png" }, "geometry": { "type": "Point", "coordinates": [ -87.230542524598121, 53.179349266214174 ] } },
{ "type": "Feature", "properties": { "index": 996, "lon": -81.750629184060401, "lat": 27.066010674790192, "classification": 30, "subregion_name": "Unknown", "umap_1d_x": 5.8788648, "umap_2d_x": -10.589729, "umap_2d_y": 20.379311, "umap_3d_x": -7.540741, "umap_3d_y": 1.6348915, "umap_3d_z": -25.596508, "tsne_1d_x": -2.0504551, "tsne_2d_x": -0.065727234000001, "tsne_2d_y": -0.76806641, "tsne_3d_x": -15.336651, "tsne_3d_y": -0.7629509, "tsne_3d_z": 2.9103355, "grid_umap_1d_x": 996.0, "grid_umap_2d_x": 4.0, "grid_umap_2d_y": 23.0, "grid_umap_3d_x": 4.0, "grid_umap_3d_y": 2.0, "grid_umap_3d_z": 0.0, "grid_tsne_1d_x": 996.0, "grid_tsne_2d_x": 11.0, "grid_tsne_2d_y": 7.0, "grid_tsne_3d_x": 0.0, "grid_tsne_3d_y": 3.0, "grid_tsne_3d_z": 4.0, "patch_file": "patch_0996.png" }, "geometry": { "type": "Point", "coordinates": [ -81.750629184060401, 27.066010674790192 ] } },
{ "type": "Feature", "properties": { "index": 997, "lon": 24.41437659955065, "lat": -24.337886762870539, "classification": 20, "subregion_name": "Sub-Saharan Africa", "umap_1d_x": -11.534773, "umap_2d_x": 46.409027, "umap_2d_y": 25.165733, "umap_3d_x": 48.31942, "umap_3d_y": 30.050652, "umap_3d_z": -3.1573105, "tsne_1d_x": -54.057774, "tsne_2d_x": 47.283524, "tsne_2d_y": 31.342957, "tsne_3d_x": 0.16454314999999298, "tsne_3d_y": 6.2196922, "tsne_3d_z": -48.567585, "grid_umap_1d_x": 997.0, "grid_umap_2d_x": 30.0, "grid_umap_2d_y": 21.0, "grid_umap_3d_x": 7.0, "grid_umap_3d_y": 6.0, "grid_umap_3d_z": 7.0, "grid_tsne_1d_x": 997.0, "grid_tsne_2d_x": 30.0, "grid_tsne_2d_y": 27.0, "grid_tsne_3d_x": 6.0, "grid_tsne_3d_y": 6.0, "grid_tsne_3d_z": 1.0, "patch_file": "patch_0997.png" }, "geometry": { "type": "Point", "coordinates": [ 24.41437659955065, -24.337886762870539 ] } },
{ "type": "Feature", "properties": { "index": 998, "lon": -126.09290556873668, "lat": 68.28338220754577, "classification": 116, "subregion_name": "Northern America", "umap_1d_x": 23.881237, "umap_2d_x": -45.874134, "umap_2d_y": -37.230133, "umap_3d_x": -46.847103, "umap_3d_y": -26.728085, "umap_3d_z": 37.932861, "tsne_1d_x": 49.391552, "tsne_2d_x": -41.261757, "tsne_2d_y": -11.791401, "tsne_3d_x": 27.053665, "tsne_3d_y": -25.787287, "tsne_3d_z": 41.71286, "grid_umap_1d_x": 998.0, "grid_umap_2d_x": 1.0, "grid_umap_2d_y": 0.0, "grid_umap_3d_x": 1.0, "grid_umap_3d_y": 5.0, "grid_umap_3d_z": 8.0, "grid_tsne_1d_x": 998.0, "grid_tsne_2d_x": 17.0, "grid_tsne_2d_y": 19.0, "grid_tsne_3d_x": 5.0, "grid_tsne_3d_y": 5.0, "grid_tsne_3d_z": 6.0, "patch_file": "patch_0998.png" }, "geometry": { "type": "Point", "coordinates": [ -126.092905568736683, 68.28338220754577 ] } },
{ "type": "Feature", "properties": { "index": 999, "lon": -57.956854651807873, "lat": -17.607191998198161, "classification": 112, "subregion_name": "Latin America and the Caribbean", "umap_1d_x": -10.075058, "umap_2d_x": 40.566238, "umap_2d_y": 19.981094, "umap_3d_x": 40.997002, "umap_3d_y": 22.74572, "umap_3d_z": -2.4299049, "tsne_1d_x": -49.208508, "tsne_2d_x": 41.296295, "tsne_2d_y": 20.001694, "tsne_3d_x": -17.221272, "tsne_3d_y": -2.4515228, "tsne_3d_z": -35.541229, "grid_umap_1d_x": 999.0, "grid_umap_2d_x": 24.0, "grid_umap_2d_y": 16.0, "grid_umap_3d_x": 9.0, "grid_umap_3d_y": 6.0, "grid_umap_3d_z": 5.0, "grid_tsne_1d_x": 999.0, "grid_tsne_2d_x": 30.0, "grid_tsne_2d_y": 20.0, "grid_tsne_3d_x": 1.0, "grid_tsne_3d_y": 3.0, "grid_tsne_3d_z": 2.0, "patch_file": "patch_0999.png" }, "geometry": { "type": "Point", "coordinates": [ -57.956854651807873, -17.607191998198161 ] } }
]
}
