{
"type": "FeatureCollection",
"name": "web_grid_data_216",
"crs": { "type": "name", "properties": { "name": "urn:ogc:def:crs:OGC:1.3:CRS84" } },
"features": [
{ "type": "Feature", "properties": { "index": 0, "lon": -131.18402489695137, "lat": 59.611055315170134, "classification": 126, "subregion_name": "Northern America", "umap_1d_x": 16.784231, "umap_2d_x": -40.799011, "umap_2d_y": -2.7987022, "umap_3d_x": -45.941341, "umap_3d_y": 4.6413116, "umap_3d_z": -26.571562, "tsne_1d_x": -49.619076, "tsne_2d_x": -26.663736, "tsne_2d_y": 13.954807, "tsne_3d_x": -16.747684, "tsne_3d_y": 38.547501, "tsne_3d_z": 29.680862, "grid_umap_1d_x": 17.0, "grid_umap_2d_x": 0.0, "grid_umap_2d_y": 5.0, "grid_umap_3d_x": 0.0, "grid_umap_3d_y": 2.0, "grid_umap_3d_z": 1.0, "grid_tsne_1d_x": 0.0, "grid_tsne_2d_x": 4.0, "grid_tsne_2d_y": 8.0, "grid_tsne_3d_x": 1.0, "grid_tsne_3d_y": 5.0, "grid_tsne_3d_z": 4.0, "tile_dir": "tiles/0000" }, "geometry": { "type": "Point", "coordinates": [ -131.184024896951371, 59.611055315170134 ] } },
{ "type": "Feature", "properties": { "index": 1, "lon": -62.623883749037333, "lat": 9.0173454830158875, "classification": 30, "subregion_name": "Latin America and the Caribbean", "umap_1d_x": 0.63910246, "umap_2d_x": 10.030628, "umap_2d_y": 43.123466, "umap_3d_x": 6.1113014, "umap_3d_y": 49.059601, "umap_3d_z": 24.983414, "tsne_1d_x": 17.551109, "tsne_2d_x": 19.866989, "tsne_2d_y": -37.949833, "tsne_3d_x": 36.957924, "tsne_3d_y": -40.670971, "tsne_3d_z": 20.553169, "grid_umap_1d_x": 1.0, "grid_umap_2d_x": 9.0, "grid_umap_2d_y": 14.0, "grid_umap_3d_x": 3.0, "grid_umap_3d_y": 5.0, "grid_umap_3d_z": 3.0, "grid_tsne_1d_x": 19.0, "grid_tsne_2d_x": 8.0, "grid_tsne_2d_y": 3.0, "grid_tsne_3d_x": 5.0, "grid_tsne_3d_y": 1.0, "grid_tsne_3d_z": 4.0, "tile_dir": "tiles/0001" }, "geometry": { "type": "Point", "coordinates": [ -62.623883749037333, 9.017345483015887 ] } },
{ "type": "Feature", "properties": { "index": 2, "lon": 11.678798453991277, "lat": -3.6112736378482571, "classification": 30, "subregion_name": "Sub-Saharan Africa", "umap_1d_x": -12.320284, "umap_2d_x": 48.158806, "umap_2d_y": -12.502239, "umap_3d_x": 36.104492, "umap_3d_y": -3.9007645, "umap_3d_z": 27.594849, "tsne_1d_x": 49.514023, "tsne_2d_x": 40.090767, "tsne_2d_y": -2.8410454, "tsne_3d_x": -2.7764244, "tsne_3d_y": -47.970524, "tsne_3d_z": -25.487997, "grid_umap_1d_x": 0.0, "grid_umap_2d_x": 13.0, "grid_umap_2d_y": 7.0, "grid_umap_3d_x": 5.0, "grid_umap_3d_y": 3.0, "grid_umap_3d_z": 5.0, "grid_tsne_1d_x": 50.0, "grid_tsne_2d_x": 11.0, "grid_tsne_2d_y": 6.0, "grid_tsne_3d_x": 2.0, "grid_tsne_3d_y": 0.0, "grid_tsne_3d_z": 1.0, "tile_dir": "tiles/0002" }, "geometry": { "type": "Point", "coordinates": [ 11.678798453991277, -3.611273637848257 ] } },
{ "type": "Feature", "properties": { "index": 3, "lon": 10.361996318211908, "lat": 45.732221473162198, "classification": 115, "subregion_name": "Southern Europe", "umap_1d_x": 13.234972, "umap_2d_x": -24.740774, "umap_2d_y": -2.0402527, "umap_3d_x": -35.001968, "umap_3d_y": -5.3823433, "umap_3d_z": -0.8898201, "tsne_1d_x": -24.178932, "tsne_2d_x": -10.349129, "tsne_2d_y": 7.7882767, "tsne_3d_x": -24.24486, "tsne_3d_y": 5.8832092, "tsne_3d_z": 0.029479980000004957, "grid_umap_1d_x": 14.0, "grid_umap_2d_x": 7.0, "grid_umap_2d_y": 5.0, "grid_umap_3d_x": 1.0, "grid_umap_3d_y": 1.0, "grid_umap_3d_z": 4.0, "grid_tsne_1d_x": 1.0, "grid_tsne_2d_x": 0.0, "grid_tsne_2d_y": 7.0, "grid_tsne_3d_x": 0.0, "grid_tsne_3d_y": 4.0, "grid_tsne_3d_z": 2.0, "tile_dir": "tiles/0003" }, "geometry": { "type": "Point", "coordinates": [ 10.361996318211908, 45.732221473162198 ] } },
{ "type": "Feature", "properties": { "index": 4, "lon": 32.748271054603435, "lat": 58.383271269244545, "classification": 126, "subregion_name": "Eastern Europe", "umap_1d_x": 21.671848, "umap_2d_x": -27.601662, "umap_2d_y": -13.733841, "umap_3d_x": -35.775017, "umap_3d_y": -11.860596, "umap_3d_z": -15.688488, "tsne_1d_x": -22.066343, "tsne_2d_x": -14.942474, "tsne_2d_y": 15.959877, "tsne_3d_x": -30.494827, "tsne_3d_y": 11.660652, "tsne_3d_z": 16.022049, "grid_umap_1d_x": 22.0, "grid_umap_2d_x": 4.0, "grid_umap_2d_y": 0.0, "grid_umap_3d_x": 0.0, "grid_umap_3d_y": 0.0, "grid_umap_3d_z": 1.0, "grid_tsne_1d_x": 2.0, "grid_tsne_2d_x": 0.0, "grid_tsne_2d_y": 11.0, "grid_tsne_3d_x": 1.0, "grid_tsne_3d_y": 3.0, "grid_tsne_3d_z": 3.0, "tile_dir": "tiles/0004" }, "geometry": { "type": "Point", "coordinates": [ 32.748271054603435, 58.383271269244545 ] } },
{ "type": "Feature", "properties": { "index": 5, "lon": -157.58390939711236, "lat": 65.17565160674306, "classification": 90, "subregion_name": "Unknown", "umap_1d_x": 17.806704, "umap_2d_x": -44.699066, "umap_2d_y": -16.810043, "umap_3d_x": -42.901676, "umap_3d_y": 2.6384888, "umap_3d_z": -44.694881, "tsne_1d_x": -58.265682, "tsne_2d_x": -31.941742, "tsne_2d_y": 32.653877, "tsne_3d_x": 2.9549484, "tsne_3d_y": 15.060303, "tsne_3d_z": 38.198868, "grid_umap_1d_x": 18.0, "grid_umap_2d_x": 5.0, "grid_umap_2d_y": 2.0, "grid_umap_3d_x": 3.0, "grid_umap_3d_y": 1.0, "grid_umap_3d_z": 0.0, "grid_tsne_1d_x": 3.0, "grid_tsne_2d_x": 2.0, "grid_tsne_2d_y": 13.0, "grid_tsne_3d_x": 2.0, "grid_tsne_3d_y": 3.0, "grid_tsne_3d_z": 5.0, "tile_dir": "tiles/0005" }, "geometry": { "type": "Point", "coordinates": [ -157.583909397112365, 65.17565160674306 ] } },
{ "type": "Feature", "properties": { "index": 6, "lon": 126.49524758116115, "lat": -7.7473533825519283, "classification": 112, "subregion_name": "Unknown", "umap_1d_x": -5.2334523, "umap_2d_x": 26.046822, "umap_2d_y": 36.362289, "umap_3d_x": 21.212669, "umap_3d_y": 38.681229, "umap_3d_z": 9.3242645, "tsne_1d_x": 33.585602, "tsne_2d_x": 29.140602, "tsne_2d_y": -28.562157, "tsne_3d_x": 28.291878, "tsne_3d_y": -35.536945, "tsne_3d_z": -8.337204, "grid_umap_1d_x": 2.0, "grid_umap_2d_x": 11.0, "grid_umap_2d_y": 12.0, "grid_umap_3d_x": 4.0, "grid_umap_3d_y": 4.0, "grid_umap_3d_z": 3.0, "grid_tsne_1d_x": 34.0, "grid_tsne_2d_x": 12.0, "grid_tsne_2d_y": 0.0, "grid_tsne_3d_x": 4.0, "grid_tsne_3d_y": 1.0, "grid_tsne_3d_z": 2.0, "tile_dir": "tiles/0006" }, "geometry": { "type": "Point", "coordinates": [ 126.495247581161152, -7.747353382551928 ] } },
{ "type": "Feature", "properties": { "index": 7, "lon": -60.559199396934574, "lat": -9.1621168160118955, "classification": 112, "subregion_name": "Latin America and the Caribbean", "umap_1d_x": -8.9365721, "umap_2d_x": 38.613609, "umap_2d_y": 26.443062, "umap_3d_x": 35.40274, "umap_3d_y": 39.283745, "umap_3d_z": -0.15858078, "tsne_1d_x": 44.053436, "tsne_2d_x": 46.917664, "tsne_2d_y": -22.627541, "tsne_3d_x": 24.748405, "tsne_3d_y": -46.284798, "tsne_3d_z": -32.683697, "grid_umap_1d_x": 3.0, "grid_umap_2d_x": 13.0, "grid_umap_2d_y": 9.0, "grid_umap_3d_x": 5.0, "grid_umap_3d_y": 3.0, "grid_umap_3d_z": 0.0, "grid_tsne_1d_x": 45.0, "grid_tsne_2d_x": 14.0, "grid_tsne_2d_y": 3.0, "grid_tsne_3d_x": 4.0, "grid_tsne_3d_y": 0.0, "grid_tsne_3d_z": 0.0, "tile_dir": "tiles/0007" }, "geometry": { "type": "Point", "coordinates": [ -60.559199396934574, -9.162116816011896 ] } },
{ "type": "Feature", "properties": { "index": 8, "lon": -110.79753785998055, "lat": 33.630555413786169, "classification": 20, "subregion_name": "Unknown", "umap_1d_x": 6.6804304, "umap_2d_x": -14.232742, "umap_2d_y": 6.2004929, "umap_3d_x": -21.73452, "umap_3d_y": 1.2427826, "umap_3d_z": 8.274662, "tsne_1d_x": -4.1228843, "tsne_2d_x": 3.7339973, "tsne_2d_y": 19.898422, "tsne_3d_x": -12.748016, "tsne_3d_y": -17.180771, "tsne_3d_z": 11.545078, "grid_umap_1d_x": 7.0, "grid_umap_2d_x": 3.0, "grid_umap_2d_y": 7.0, "grid_umap_3d_x": 0.0, "grid_umap_3d_y": 2.0, "grid_umap_3d_z": 5.0, "grid_tsne_1d_x": 4.0, "grid_tsne_2d_x": 5.0, "grid_tsne_2d_y": 14.0, "grid_tsne_3d_x": 0.0, "grid_tsne_3d_y": 0.0, "grid_tsne_3d_z": 5.0, "tile_dir": "tiles/0008" }, "geometry": { "type": "Point", "coordinates": [ -110.797537859980551, 33.630555413786169 ] } },
{ "type": "Feature", "properties": { "index": 9, "lon": -62.809316173250267, "lat": -7.7734235029434373, "classification": 112, "subregion_name": "Latin America and the Caribbean", "umap_1d_x": -8.4970951, "umap_2d_x": 36.712852, "umap_2d_y": 26.328148, "umap_3d_x": 34.597984, "umap_3d_y": 44.493401, "umap_3d_z": -2.3514252, "tsne_1d_x": 43.094471, "tsne_2d_x": 47.466316, "tsne_2d_y": -26.036634, "tsne_3d_x": 30.110657, "tsne_3d_y": -46.982319, "tsne_3d_z": -34.743721, "grid_umap_1d_x": 4.0, "grid_umap_2d_x": 11.0, "grid_umap_2d_y": 8.0, "grid_umap_3d_x": 5.0, "grid_umap_3d_y": 5.0, "grid_umap_3d_z": 0.0, "grid_tsne_1d_x": 44.0, "grid_tsne_2d_x": 11.0, "grid_tsne_2d_y": 5.0, "grid_tsne_3d_x": 3.0, "grid_tsne_3d_y": 3.0, "grid_tsne_3d_z": 2.0, "tile_dir": "tiles/0009" }, "geometry": { "type": "Point", "coordinates": [ -62.809316173250267, -7.773423502943437 ] } },
{ "type": "Feature", "properties": { "index": 10, "lon": 146.94513291445736, "lat": 61.529970596381403, "classification": 113, "subregion_name": "Eastern Europe", "umap_1d_x": 15.601893, "umap_2d_x": -40.534248, "umap_2d_y": 12.777412, "umap_3d_x": -47.168957, "umap_3d_y": 19.881874, "umap_3d_z": -13.755428, "tsne_1d_x": -42.999237, "tsne_2d_x": -42.873554, "tsne_2d_y": -2.2109566, "tsne_3d_x": 12.70327, "tsne_3d_y": 41.384277, "tsne_3d_z": 7.4300117, "grid_umap_1d_x": 16.0, "grid_umap_2d_x": 6.0, "grid_umap_2d_y": 9.0, "grid_umap_3d_x": 1.0, "grid_umap_3d_y": 4.0, "grid_umap_3d_z": 3.0, "grid_tsne_1d_x": 5.0, "grid_tsne_2d_x": 0.0, "grid_tsne_2d_y": 5.0, "grid_tsne_3d_x": 4.0, "grid_tsne_3d_y": 5.0, "grid_tsne_3d_z": 1.0, "tile_dir": "tiles/0010" }, "geometry": { "type": "Point", "coordinates": [ 146.945132914457361, 61.529970596381403 ] } },
{ "type": "Feature", "properties": { "index": 11, "lon": 0.95097479554655695, "lat": 34.24992652088514, "classification": 60, "subregion_name": "Northern Africa", "umap_1d_x": 5.6052785, "umap_2d_x": -9.5533752, "umap_2d_y": 5.9256439, "umap_3d_x": -17.999004, "umap_3d_y": 0.99185562, "umap_3d_z": 15.099884, "tsne_1d_x": -0.17826821, "tsne_2d_x": 10.541142, "tsne_2d_y": 8.6655502, "tsne_3d_x": -14.000412, "tsne_3d_y": -29.70507, "tsne_3d_z": 21.074417, "grid_umap_1d_x": 6.0, "grid_umap_2d_x": 6.0, "grid_umap_2d_y": 7.0, "grid_umap_3d_x": 1.0, "grid_umap_3d_y": 2.0, "grid_umap_3d_z": 5.0, "grid_tsne_1d_x": 6.0, "grid_tsne_2d_x": 8.0, "grid_tsne_2d_y": 8.0, "grid_tsne_3d_x": 1.0, "grid_tsne_3d_y": 1.0, "grid_tsne_3d_z": 5.0, "tile_dir": "tiles/0011" }, "geometry": { "type": "Point", "coordinates": [ 0.950974795546557, 34.24992652088514 ] } },
{ "type": "Feature", "properties": { "index": 12, "lon": 132.00268937221205, "lat": -14.470777994387468, "classification": 124, "subregion_name": "Unknown", "umap_1d_x": -18.346872, "umap_2d_x": 40.449249, "umap_2d_y": -32.292564, "umap_3d_x": 47.967949, "umap_3d_y": -27.206923, "umap_3d_z": 25.99559, "tsne_1d_x": 73.731018, "tsne_2d_x": 45.452385, "tsne_2d_y": 28.245979, "tsne_3d_x": -24.758839, "tsne_3d_y": -27.676538, "tsne_3d_z": -31.347864, "grid_umap_1d_x": 5.0, "grid_umap_2d_x": 9.0, "grid_umap_2d_y": 2.0, "grid_umap_3d_x": 5.0, "grid_umap_3d_y": 0.0, "grid_umap_3d_z": 3.0, "grid_tsne_1d_x": 74.0, "grid_tsne_2d_x": 11.0, "grid_tsne_2d_y": 10.0, "grid_tsne_3d_x": 0.0, "grid_tsne_3d_y": 1.0, "grid_tsne_3d_z": 0.0, "tile_dir": "tiles/0012" }, "geometry": { "type": "Point", "coordinates": [ 132.002689372212046, -14.470777994387468 ] } },
{ "type": "Feature", "properties": { "index": 13, "lon": -64.07543519235378, "lat": -29.89822853601709, "classification": 20, "subregion_name": "Latin America and the Caribbean", "umap_1d_x": -16.142159, "umap_2d_x": 37.806343, "umap_2d_y": -22.611418, "umap_3d_x": 46.584442, "umap_3d_y": -16.364399, "umap_3d_z": 13.835758, "tsne_1d_x": 64.845367, "tsne_2d_x": 32.506813, "tsne_2d_y": 29.146271, "tsne_3d_x": -14.186985, "tsne_3d_y": -17.198147, "tsne_3d_z": -34.836872, "grid_umap_1d_x": 8.0, "grid_umap_2d_x": 11.0, "grid_umap_2d_y": 2.0, "grid_umap_3d_x": 5.0, "grid_umap_3d_y": 1.0, "grid_umap_3d_z": 2.0, "grid_tsne_1d_x": 65.0, "grid_tsne_2d_x": 11.0, "grid_tsne_2d_y": 12.0, "grid_tsne_3d_x": 2.0, "grid_tsne_3d_y": 3.0, "grid_tsne_3d_z": 2.0, "tile_dir": "tiles/0013" }, "geometry": { "type": "Point", "coordinates": [ -64.07543519235378, -29.89822853601709 ] } },
{ "type": "Feature", "properties": { "index": 14, "lon": 122.96991375058582, "lat": -26.597251782422653, "classification": 20, "subregion_name": "Unknown", "umap_1d_x": -20.649744, "umap_2d_x": 41.690155, "umap_2d_y": -49.519207, "umap_3d_x": 49.549431, "umap_3d_y": -49.337238, "umap_3d_z": 23.66021, "tsne_1d_x": 80.985001, "tsne_2d_x": 43.617508, "tsne_2d_y": 41.451408, "tsne_3d_x": -47.503685, "tsne_3d_y": -14.503075, "tsne_3d_z": -23.088133, "grid_umap_1d_x": 9.0, "grid_umap_2d_x": 8.0, "grid_umap_2d_y": 1.0, "grid_umap_3d_x": 3.0, "grid_umap_3d_y": 0.0, "grid_umap_3d_z": 2.0, "grid_tsne_1d_x": 81.0, "grid_tsne_2d_x": 12.0, "grid_tsne_2d_y": 13.0, "grid_tsne_3d_x": 0.0, "grid_tsne_3d_y": 4.0, "grid_tsne_3d_z": 1.0, "tile_dir": "tiles/0014" }, "geometry": { "type": "Point", "coordinates": [ 122.969913750585818, -26.597251782422653 ] } },
{ "type": "Feature", "properties": { "index": 15, "lon": 97.920996945562763, "lat": 59.94224066763492, "classification": 111, "subregion_name": "Eastern Europe", "umap_1d_x": 14.303179, "umap_2d_x": -37.983921, "umap_2d_y": 11.536057, "umap_3d_x": -45.972298, "umap_3d_y": 14.099472, "umap_3d_z": -8.1910629, "tsne_1d_x": -42.193542, "tsne_2d_x": -39.76606, "tsne_2d_y": -3.5039444, "tsne_3d_x": 5.6392441, "tsne_3d_y": 36.017166, "tsne_3d_z": 3.9013367, "grid_umap_1d_x": 15.0, "grid_umap_2d_x": 3.0, "grid_umap_2d_y": 9.0, "grid_umap_3d_x": 0.0, "grid_umap_3d_y": 3.0, "grid_umap_3d_z": 3.0, "grid_tsne_1d_x": 7.0, "grid_tsne_2d_x": 6.0, "grid_tsne_2d_y": 6.0, "grid_tsne_3d_x": 3.0, "grid_tsne_3d_y": 5.0, "grid_tsne_3d_z": 1.0, "tile_dir": "tiles/0015" }, "geometry": { "type": "Point", "coordinates": [ 97.920996945562763, 59.94224066763492 ] } },
{ "type": "Feature", "properties": { "index": 16, "lon": -74.351473810246873, "lat": 9.0255167760401633, "classification": 30, "subregion_name": "Latin America and the Caribbean", "umap_1d_x": 0.6335783, "umap_2d_x": 10.169601, "umap_2d_y": 43.228287, "umap_3d_x": 6.1717033, "umap_3d_y": 48.559013, "umap_3d_z": 24.557327, "tsne_1d_x": 17.646626, "tsne_2d_x": 20.209251, "tsne_2d_y": -36.431702, "tsne_3d_x": 36.452126, "tsne_3d_y": -40.392982, "tsne_3d_z": 17.791115, "grid_umap_1d_x": 10.0, "grid_umap_2d_x": 9.0, "grid_umap_2d_y": 12.0, "grid_umap_3d_x": 3.0, "grid_umap_3d_y": 3.0, "grid_umap_3d_z": 2.0, "grid_tsne_1d_x": 18.0, "grid_tsne_2d_x": 9.0, "grid_tsne_2d_y": 0.0, "grid_tsne_3d_x": 4.0, "grid_tsne_3d_y": 2.0, "grid_tsne_3d_z": 3.0, "tile_dir": "tiles/0016" }, "geometry": { "type": "Point", "coordinates": [ -74.351473810246873, 9.025516776040163 ] } },
{ "type": "Feature", "properties": { "index": 17, "lon": -67.702080491546951, "lat": 55.185151366741493, "classification": 111, "subregion_name": "Northern America", "umap_1d_x": 17.140059, "umap_2d_x": -40.393124, "umap_2d_y": -12.283157, "umap_3d_x": -47.051521, "umap_3d_y": -2.5857735, "umap_3d_z": -36.288727, "tsne_1d_x": -54.655392, "tsne_2d_x": -29.677114, "tsne_2d_y": 19.317757, "tsne_3d_x": -11.916763, "tsne_3d_y": 25.978798, "tsne_3d_z": 28.399277, "grid_umap_1d_x": 19.0, "grid_umap_2d_x": 0.0, "grid_umap_2d_y": 1.0, "grid_umap_3d_x": 2.0, "grid_umap_3d_y": 1.0, "grid_umap_3d_z": 1.0, "grid_tsne_1d_x": 8.0, "grid_tsne_2d_x": 5.0, "grid_tsne_2d_y": 9.0, "grid_tsne_3d_x": 1.0, "grid_tsne_3d_y": 4.0, "grid_tsne_3d_z": 4.0, "tile_dir": "tiles/0017" }, "geometry": { "type": "Point", "coordinates": [ -67.702080491546951, 55.185151366741493 ] } },
{ "type": "Feature", "properties": { "index": 18, "lon": 129.8696844453861, "lat": 67.568666112546566, "classification": 126, "subregion_name": "Eastern Europe", "umap_1d_x": 19.314495, "umap_2d_x": -48.998184, "umap_2d_y": -5.208313, "umap_3d_x": -46.861744, "umap_3d_y": 18.750771, "umap_3d_z": -49.154568, "tsne_1d_x": -72.220917, "tsne_2d_x": -44.177773, "tsne_2d_y": 30.284843, "tsne_3d_x": 12.544674, "tsne_3d_y": 36.695671, "tsne_3d_z": 46.677116, "grid_umap_1d_x": 20.0, "grid_umap_2d_x": 2.0, "grid_umap_2d_y": 5.0, "grid_umap_3d_x": 4.0, "grid_umap_3d_y": 3.0, "grid_umap_3d_z": 0.0, "grid_tsne_1d_x": 9.0, "grid_tsne_2d_x": 3.0, "grid_tsne_2d_y": 11.0, "grid_tsne_3d_x": 4.0, "grid_tsne_3d_y": 4.0, "grid_tsne_3d_z": 5.0, "tile_dir": "tiles/0018" }, "geometry": { "type": "Point", "coordinates": [ 129.869684445386099, 67.568666112546566 ] } },
{ "type": "Feature", "properties": { "index": 19, "lon": 21.697529439419128, "lat": -19.900342479338065, "classification": 20, "subregion_name": "Sub-Saharan Africa", "umap_1d_x": -15.153301, "umap_2d_x": 45.407036, "umap_2d_y": -33.2878, "umap_3d_x": 40.717613, "umap_3d_y": -27.940657, "umap_3d_z": 29.13578, "tsne_1d_x": 72.079483, "tsne_2d_x": 39.586823, "tsne_2d_y": 30.071083, "tsne_3d_x": -28.402611, "tsne_3d_y": -28.009037, "tsne_3d_z": -15.723083, "grid_umap_1d_x": 11.0, "grid_umap_2d_x": 12.0, "grid_umap_2d_y": 0.0, "grid_umap_3d_x": 2.0, "grid_umap_3d_y": 0.0, "grid_umap_3d_z": 5.0, "grid_tsne_1d_x": 73.0, "grid_tsne_2d_x": 11.0, "grid_tsne_2d_y": 11.0, "grid_tsne_3d_x": 0.0, "grid_tsne_3d_y": 1.0, "grid_tsne_3d_z": 2.0, "tile_dir": "tiles/0019" }, "geometry": { "type": "Point", "coordinates": [ 21.697529439419128, -19.900342479338065 ] } },
{ "type": "Feature", "properties": { "index": 20, "lon": 11.866671031832539, "lat": 63.925305067871449, "classification": 126, "subregion_name": "Northern Europe", "umap_1d_x": 20.512077, "umap_2d_x": -32.747791, "umap_2d_y": -14.38736, "umap_3d_x": -40.100128, "umap_3d_y": -9.5014648, "umap_3d_z": -22.512569, "tsne_1d_x": -47.966679, "tsne_2d_x": -19.418699, "tsne_2d_y": 16.829491, "tsne_3d_x": -31.097103, "tsne_3d_y": 18.062714, "tsne_3d_z": 23.486824, "grid_umap_1d_x": 21.0, "grid_umap_2d_x": 5.0, "grid_umap_2d_y": 1.0, "grid_umap_3d_x": 1.0, "grid_umap_3d_y": 0.0, "grid_umap_3d_z": 1.0, "grid_tsne_1d_x": 10.0, "grid_tsne_2d_x": 6.0, "grid_tsne_2d_y": 9.0, "grid_tsne_3d_x": 0.0, "grid_tsne_3d_y": 3.0, "grid_tsne_3d_z": 4.0, "tile_dir": "tiles/0020" }, "geometry": { "type": "Point", "coordinates": [ 11.866671031832539, 63.925305067871449 ] } },
{ "type": "Feature", "properties": { "index": 21, "lon": -67.000067675694936, "lat": 56.520365894572905, "classification": 121, "subregion_name": "Northern America", "umap_1d_x": 17.031069, "umap_2d_x": -40.657894, "umap_2d_y": -10.165035, "umap_3d_x": -47.96669, "umap_3d_y": -1.7142105, "umap_3d_z": -34.377831, "tsne_1d_x": -53.288025, "tsne_2d_x": -30.902267, "tsne_2d_y": 18.242661, "tsne_3d_x": -6.9342155, "tsne_3d_y": 26.111237, "tsne_3d_z": 25.749802, "grid_umap_1d_x": 24.0, "grid_umap_2d_x": 0.0, "grid_umap_2d_y": 2.0, "grid_umap_3d_x": 0.0, "grid_umap_3d_y": 1.0, "grid_umap_3d_z": 0.0, "grid_tsne_1d_x": 11.0, "grid_tsne_2d_x": 1.0, "grid_tsne_2d_y": 10.0, "grid_tsne_3d_x": 1.0, "grid_tsne_3d_y": 5.0, "grid_tsne_3d_z": 5.0, "tile_dir": "tiles/0021" }, "geometry": { "type": "Point", "coordinates": [ -67.000067675694936, 56.520365894572905 ] } },
{ "type": "Feature", "properties": { "index": 22, "lon": 74.533283241064964, "lat": 34.569891084890315, "classification": 30, "subregion_name": "Southern Asia", "umap_1d_x": 7.5232177, "umap_2d_x": -25.657515, "umap_2d_y": 5.7595177, "umap_3d_x": -43.359894, "umap_3d_y": 20.595413, "umap_3d_z": -37.313244, "tsne_1d_x": -6.6883774, "tsne_2d_x": -0.3473053, "tsne_2d_y": 31.472496, "tsne_3d_x": 0.1976738, "tsne_3d_y": -7.3195419, "tsne_3d_z": 20.113548, "grid_umap_1d_x": 12.0, "grid_umap_2d_x": 2.0, "grid_umap_2d_y": 7.0, "grid_umap_3d_x": 2.0, "grid_umap_3d_y": 5.0, "grid_umap_3d_z": 0.0, "grid_tsne_1d_x": 12.0, "grid_tsne_2d_x": 5.0, "grid_tsne_2d_y": 13.0, "grid_tsne_3d_x": 2.0, "grid_tsne_3d_y": 2.0, "grid_tsne_3d_z": 5.0, "tile_dir": "tiles/0022" }, "geometry": { "type": "Point", "coordinates": [ 74.533283241064964, 34.569891084890315 ] } },
{ "type": "Feature", "properties": { "index": 23, "lon": 28.895015635309448, "lat": 61.012316303254366, "classification": 115, "subregion_name": "Unknown", "umap_1d_x": 21.023874, "umap_2d_x": -28.651209, "umap_2d_y": -8.0117264, "umap_3d_x": -40.614895, "umap_3d_y": -14.3675, "umap_3d_z": -4.6115875, "tsne_1d_x": -27.282272, "tsne_2d_x": -21.175585, "tsne_2d_y": -10.615482, "tsne_3d_x": -33.124321, "tsne_3d_y": 25.484123, "tsne_3d_z": 1.8697433, "grid_umap_1d_x": 23.0, "grid_umap_2d_x": 2.0, "grid_umap_2d_y": 2.0, "grid_umap_3d_x": 2.0, "grid_umap_3d_y": 0.0, "grid_umap_3d_z": 3.0, "grid_tsne_1d_x": 13.0, "grid_tsne_2d_x": 1.0, "grid_tsne_2d_y": 2.0, "grid_tsne_3d_x": 1.0, "grid_tsne_3d_y": 4.0, "grid_tsne_3d_z": 2.0, "tile_dir": "tiles/0023" }, "geometry": { "type": "Point", "coordinates": [ 28.895015635309448, 61.012316303254366 ] } },
{ "type": "Feature", "properties": { "index": 24, "lon": 29.97862421347395, "lat": -2.879264055562786, "classification": 40, "subregion_name": "Sub-Saharan Africa", "umap_1d_x": -13.202173, "umap_2d_x": 48.082634, "umap_2d_y": -20.665079, "umap_3d_x": 35.680542, "umap_3d_y": -13.122746, "umap_3d_z": 29.273758, "tsne_1d_x": 52.88044, "tsne_2d_x": 33.202911, "tsne_2d_y": 4.8042374, "tsne_3d_x": -6.8461037, "tsne_3d_y": -40.559425, "tsne_3d_z": -9.3125496, "grid_umap_1d_x": 13.0, "grid_umap_2d_x": 10.0, "grid_umap_2d_y": 6.0, "grid_umap_3d_x": 3.0, "grid_umap_3d_y": 1.0, "grid_umap_3d_z": 5.0, "grid_tsne_1d_x": 53.0, "grid_tsne_2d_x": 8.0, "grid_tsne_2d_y": 7.0, "grid_tsne_3d_x": 2.0, "grid_tsne_3d_y": 0.0, "grid_tsne_3d_z": 2.0, "tile_dir": "tiles/0024" }, "geometry": { "type": "Point", "coordinates": [ 29.97862421347395, -2.879264055562786 ] } },
{ "type": "Feature", "properties": { "index": 25, "lon": -66.403273350047002, "lat": -32.925403581324062, "classification": 20, "subregion_name": "Latin America and the Caribbean", "umap_1d_x": -16.337374, "umap_2d_x": 37.074051, "umap_2d_y": -23.680588, "umap_3d_x": 47.165894, "umap_3d_y": -17.64336, "umap_3d_z": 13.270306, "tsne_1d_x": 65.210365, "tsne_2d_x": 32.627228, "tsne_2d_y": 32.076469, "tsne_3d_x": -18.552124, "tsne_3d_y": -15.566586, "tsne_3d_z": -36.114204, "grid_umap_1d_x": 25.0, "grid_umap_2d_x": 8.0, "grid_umap_2d_y": 4.0, "grid_umap_3d_x": 5.0, "grid_umap_3d_y": 0.0, "grid_umap_3d_z": 2.0, "grid_tsne_1d_x": 66.0, "grid_tsne_2d_x": 8.0, "grid_tsne_2d_y": 10.0, "grid_tsne_3d_x": 1.0, "grid_tsne_3d_y": 2.0, "grid_tsne_3d_z": 0.0, "tile_dir": "tiles/0025" }, "geometry": { "type": "Point", "coordinates": [ -66.403273350047002, -32.925403581324062 ] } },
{ "type": "Feature", "properties": { "index": 26, "lon": 113.48061342503661, "lat": 56.866816714848781, "classification": 30, "subregion_name": "Eastern Europe", "umap_1d_x": 19.63723, "umap_2d_x": -47.221443, "umap_2d_y": -5.2132339, "umap_3d_x": -45.711617, "umap_3d_y": 18.393501, "umap_3d_z": -43.168678, "tsne_1d_x": -75.193306, "tsne_2d_x": -47.363735, "tsne_2d_y": 30.946358, "tsne_3d_x": 9.3946915, "tsne_3d_y": 43.653091, "tsne_3d_z": 49.66526, "grid_umap_1d_x": 26.0, "grid_umap_2d_x": 0.0, "grid_umap_2d_y": 4.0, "grid_umap_3d_x": 2.0, "grid_umap_3d_y": 3.0, "grid_umap_3d_z": 0.0, "grid_tsne_1d_x": 14.0, "grid_tsne_2d_x": 0.0, "grid_tsne_2d_y": 12.0, "grid_tsne_3d_x": 3.0, "grid_tsne_3d_y": 4.0, "grid_tsne_3d_z": 4.0, "tile_dir": "tiles/0026" }, "geometry": { "type": "Point", "coordinates": [ 113.480613425036609, 56.866816714848781 ] } },
{ "type": "Feature", "properties": { "index": 27, "lon": -50.626160214676418, "lat": -14.144160093187296, "classification": 112, "subregion_name": "Latin America and the Caribbean", "umap_1d_x": -13.598662, "umap_2d_x": 42.567215, "umap_2d_y": -11.648876, "umap_3d_x": 41.280754, "umap_3d_y": -3.4360542, "umap_3d_z": 22.006042, "tsne_1d_x": 55.836834, "tsne_2d_x": 43.386093, "tsne_2d_y": 5.9353218, "tsne_3d_x": 4.2233047, "tsne_3d_y": -31.791527, "tsne_3d_z": -29.612293, "grid_umap_1d_x": 27.0, "grid_umap_2d_x": 11.0, "grid_umap_2d_y": 7.0, "grid_umap_3d_x": 5.0, "grid_umap_3d_y": 3.0, "grid_umap_3d_z": 3.0, "grid_tsne_1d_x": 56.0, "grid_tsne_2d_x": 10.0, "grid_tsne_2d_y": 7.0, "grid_tsne_3d_x": 3.0, "grid_tsne_3d_y": 1.0, "grid_tsne_3d_z": 0.0, "tile_dir": "tiles/0027" }, "geometry": { "type": "Point", "coordinates": [ -50.626160214676418, -14.144160093187296 ] } },
{ "type": "Feature", "properties": { "index": 28, "lon": -54.464971912112802, "lat": -31.60014847463296, "classification": 40, "subregion_name": "Latin America and the Caribbean", "umap_1d_x": -17.123884, "umap_2d_x": 33.632088, "umap_2d_y": -17.146519, "umap_3d_x": 47.091064, "umap_3d_y": -13.716427, "umap_3d_z": 4.3846321, "tsne_1d_x": 66.51416, "tsne_2d_x": 27.147827, "tsne_2d_y": 31.311378, "tsne_3d_x": -12.385715, "tsne_3d_y": -13.028679, "tsne_3d_z": -47.077629, "grid_umap_1d_x": 28.0, "grid_umap_2d_x": 9.0, "grid_umap_2d_y": 4.0, "grid_umap_3d_x": 5.0, "grid_umap_3d_y": 1.0, "grid_umap_3d_z": 0.0, "grid_tsne_1d_x": 67.0, "grid_tsne_2d_x": 8.0, "grid_tsne_2d_y": 11.0, "grid_tsne_3d_x": 2.0, "grid_tsne_3d_y": 4.0, "grid_tsne_3d_z": 1.0, "tile_dir": "tiles/0028" }, "geometry": { "type": "Point", "coordinates": [ -54.464971912112802, -31.60014847463296 ] } },
{ "type": "Feature", "properties": { "index": 29, "lon": 92.528887071078429, "lat": 61.760505450806278, "classification": 116, "subregion_name": "Eastern Europe", "umap_1d_x": 15.779706, "umap_2d_x": -41.321411, "umap_2d_y": 7.9517288, "umap_3d_x": -48.613346, "umap_3d_y": 15.373756, "umap_3d_z": -17.370285, "tsne_1d_x": -45.484261, "tsne_2d_x": -38.887245, "tsne_2d_y": 2.0304375, "tsne_3d_x": -0.59870148, "tsne_3d_y": 40.408936, "tsne_3d_z": 11.885464, "grid_umap_1d_x": 29.0, "grid_umap_2d_x": 0.0, "grid_umap_2d_y": 8.0, "grid_umap_3d_x": 2.0, "grid_umap_3d_y": 3.0, "grid_umap_3d_z": 2.0, "grid_tsne_1d_x": 15.0, "grid_tsne_2d_x": 5.0, "grid_tsne_2d_y": 7.0, "grid_tsne_3d_x": 2.0, "grid_tsne_3d_y": 5.0, "grid_tsne_3d_z": 3.0, "tile_dir": "tiles/0029" }, "geometry": { "type": "Point", "coordinates": [ 92.528887071078429, 61.760505450806278 ] } },
{ "type": "Feature", "properties": { "index": 30, "lon": -74.144519703905345, "lat": 9.9418245314889617, "classification": 126, "subregion_name": "Latin America and the Caribbean", "umap_1d_x": 0.63089746, "umap_2d_x": 9.4908485, "umap_2d_y": 43.077972, "umap_3d_x": 5.6538887, "umap_3d_y": 47.938255, "umap_3d_z": 25.690834, "tsne_1d_x": 17.429529, "tsne_2d_x": 19.055473, "tsne_2d_y": -37.810265, "tsne_3d_x": 34.381447, "tsne_3d_y": -40.305195, "tsne_3d_z": 21.318916, "grid_umap_1d_x": 30.0, "grid_umap_2d_x": 8.0, "grid_umap_2d_y": 13.0, "grid_umap_3d_x": 3.0, "grid_umap_3d_y": 4.0, "grid_umap_3d_z": 3.0, "grid_tsne_1d_x": 20.0, "grid_tsne_2d_x": 7.0, "grid_tsne_2d_y": 6.0, "grid_tsne_3d_x": 5.0, "grid_tsne_3d_y": 0.0, "grid_tsne_3d_z": 4.0, "tile_dir": "tiles/0030" }, "geometry": { "type": "Point", "coordinates": [ -74.144519703905345, 9.941824531488962 ] } },
{ "type": "Feature", "properties": { "index": 31, "lon": -88.351277436391854, "lat": 34.342834650828962, "classification": 116, "subregion_name": "Unknown", "umap_1d_x": 10.077671, "umap_2d_x": -23.300339, "umap_2d_y": 12.734615, "umap_3d_x": -22.329247, "umap_3d_y": 5.1250877, "umap_3d_z": -23.143753, "tsne_1d_x": -12.645929, "tsne_2d_x": -4.2276154, "tsne_2d_y": -6.3323288, "tsne_3d_x": 5.8333626, "tsne_3d_y": -0.027755737, "tsne_3d_z": -8.9039726, "grid_umap_1d_x": 31.0, "grid_umap_2d_x": 4.0, "grid_umap_2d_y": 10.0, "grid_umap_3d_x": 3.0, "grid_umap_3d_y": 2.0, "grid_umap_3d_z": 1.0, "grid_tsne_1d_x": 16.0, "grid_tsne_2d_x": 1.0, "grid_tsne_2d_y": 0.0, "grid_tsne_3d_x": 4.0, "grid_tsne_3d_y": 4.0, "grid_tsne_3d_z": 0.0, "tile_dir": "tiles/0031" }, "geometry": { "type": "Point", "coordinates": [ -88.351277436391854, 34.342834650828962 ] } },
{ "type": "Feature", "properties": { "index": 32, "lon": 120.23026319128957, "lat": 56.624371026381013, "classification": 113, "subregion_name": "Eastern Europe", "umap_1d_x": 18.486866, "umap_2d_x": -45.614002, "umap_2d_y": 3.2910461, "umap_3d_x": -46.934803, "umap_3d_y": 20.63179, "umap_3d_z": -35.574577, "tsne_1d_x": -65.281624, "tsne_2d_x": -38.713722, "tsne_2d_y": 12.978523, "tsne_3d_x": 22.917, "tsne_3d_y": 33.485435, "tsne_3d_z": 22.429459, "grid_umap_1d_x": 32.0, "grid_umap_2d_x": 7.0, "grid_umap_2d_y": 7.0, "grid_umap_3d_x": 1.0, "grid_umap_3d_y": 4.0, "grid_umap_3d_z": 0.0, "grid_tsne_1d_x": 17.0, "grid_tsne_2d_x": 2.0, "grid_tsne_2d_y": 8.0, "grid_tsne_3d_x": 5.0, "grid_tsne_3d_y": 5.0, "grid_tsne_3d_z": 4.0, "tile_dir": "tiles/0032" }, "geometry": { "type": "Point", "coordinates": [ 120.230263191289566, 56.624371026381013 ] } },
{ "type": "Feature", "properties": { "index": 33, "lon": 19.60277646641984, "lat": 10.827131506678072, "classification": 30, "subregion_name": "Sub-Saharan Africa", "umap_1d_x": -2.2525721, "umap_2d_x": 9.8895798, "umap_2d_y": 26.175995, "umap_3d_x": 9.3867607, "umap_3d_y": 32.210693, "umap_3d_z": 33.28949, "tsne_1d_x": 22.03587, "tsne_2d_x": 15.109795, "tsne_2d_y": -15.416275, "tsne_3d_x": 13.976433, "tsne_3d_y": -44.780151, "tsne_3d_z": 18.036179, "grid_umap_1d_x": 33.0, "grid_umap_2d_x": 9.0, "grid_umap_2d_y": 10.0, "grid_umap_3d_x": 5.0, "grid_umap_3d_y": 4.0, "grid_umap_3d_z": 4.0, "grid_tsne_1d_x": 23.0, "grid_tsne_2d_x": 9.0, "grid_tsne_2d_y": 2.0, "grid_tsne_3d_x": 3.0, "grid_tsne_3d_y": 1.0, "grid_tsne_3d_z": 3.0, "tile_dir": "tiles/0033" }, "geometry": { "type": "Point", "coordinates": [ 19.60277646641984, 10.827131506678072 ] } },
{ "type": "Feature", "properties": { "index": 34, "lon": 37.897634021888052, "lat": 8.1828147036540173, "classification": 40, "subregion_name": "Sub-Saharan Africa", "umap_1d_x": -1.2111721, "umap_2d_x": 5.6172485, "umap_2d_y": 30.442078, "umap_3d_x": 5.1411324, "umap_3d_y": 30.312447, "umap_3d_z": 25.097229, "tsne_1d_x": 18.995258, "tsne_2d_x": 8.9067688, "tsne_2d_y": -18.802271, "tsne_3d_x": 7.1708908, "tsne_3d_y": -33.72361, "tsne_3d_z": 4.7179298, "grid_umap_1d_x": 34.0, "grid_umap_2d_x": 6.0, "grid_umap_2d_y": 12.0, "grid_umap_3d_x": 3.0, "grid_umap_3d_y": 5.0, "grid_umap_3d_z": 5.0, "grid_tsne_1d_x": 21.0, "grid_tsne_2d_x": 6.0, "grid_tsne_2d_y": 5.0, "grid_tsne_3d_x": 2.0, "grid_tsne_3d_y": 2.0, "grid_tsne_3d_z": 3.0, "tile_dir": "tiles/0034" }, "geometry": { "type": "Point", "coordinates": [ 37.897634021888052, 8.182814703654017 ] } },
{ "type": "Feature", "properties": { "index": 35, "lon": 33.323265853635434, "lat": -18.585226313617177, "classification": 126, "subregion_name": "Sub-Saharan Africa", "umap_1d_x": -14.728443, "umap_2d_x": 41.962059, "umap_2d_y": -19.747873, "umap_3d_x": 43.625214, "umap_3d_y": -10.705105, "umap_3d_z": 26.534225, "tsne_1d_x": 59.436401, "tsne_2d_x": 43.521103, "tsne_2d_y": 17.675308, "tsne_3d_x": -11.097763, "tsne_3d_y": -30.459099, "tsne_3d_z": -30.536913, "grid_umap_1d_x": 35.0, "grid_umap_2d_x": 14.0, "grid_umap_2d_y": 2.0, "grid_umap_3d_x": 5.0, "grid_umap_3d_y": 1.0, "grid_umap_3d_z": 4.0, "grid_tsne_1d_x": 60.0, "grid_tsne_2d_x": 9.0, "grid_tsne_2d_y": 8.0, "grid_tsne_3d_x": 1.0, "grid_tsne_3d_y": 0.0, "grid_tsne_3d_z": 0.0, "tile_dir": "tiles/0035" }, "geometry": { "type": "Point", "coordinates": [ 33.323265853635434, -18.585226313617177 ] } },
{ "type": "Feature", "properties": { "index": 36, "lon": 139.18317452505346, "lat": -25.499304965377554, "classification": 30, "subregion_name": "Unknown", "umap_1d_x": -19.878902, "umap_2d_x": 39.020638, "umap_2d_y": -47.16581, "umap_3d_x": 46.862564, "umap_3d_y": -43.637489, "umap_3d_z": 21.434929, "tsne_1d_x": 78.198448, "tsne_2d_x": 40.085396, "tsne_2d_y": 49.562164, "tsne_3d_x": -30.881538, "tsne_3d_y": -12.52758, "tsne_3d_z": -19.249531, "grid_umap_1d_x": 36.0, "grid_umap_2d_x": 7.0, "grid_umap_2d_y": 0.0, "grid_umap_3d_x": 4.0, "grid_umap_3d_y": 0.0, "grid_umap_3d_z": 2.0, "grid_tsne_1d_x": 79.0, "grid_tsne_2d_x": 8.0, "grid_tsne_2d_y": 12.0, "grid_tsne_3d_x": 0.0, "grid_tsne_3d_y": 3.0, "grid_tsne_3d_z": 0.0, "tile_dir": "tiles/0036" }, "geometry": { "type": "Point", "coordinates": [ 139.18317452505346, -25.499304965377554 ] } },
{ "type": "Feature", "properties": { "index": 37, "lon": 2.2177275359247521, "lat": 8.3794721982313547, "classification": 126, "subregion_name": "Sub-Saharan Africa", "umap_1d_x": -2.6214292, "umap_2d_x": 11.318718, "umap_2d_y": 24.535599, "umap_3d_x": 8.1315765, "umap_3d_y": 35.691284, "umap_3d_z": 38.551498, "tsne_1d_x": 23.367445, "tsne_2d_x": 18.690987, "tsne_2d_y": -12.889843, "tsne_3d_x": 13.892895, "tsne_3d_y": -40.174797, "tsne_3d_z": 26.020035, "grid_umap_1d_x": 37.0, "grid_umap_2d_x": 11.0, "grid_umap_2d_y": 14.0, "grid_umap_3d_x": 3.0, "grid_umap_3d_y": 4.0, "grid_umap_3d_z": 5.0, "grid_tsne_1d_x": 24.0, "grid_tsne_2d_x": 11.0, "grid_tsne_2d_y": 1.0, "grid_tsne_3d_x": 3.0, "grid_tsne_3d_y": 1.0, "grid_tsne_3d_z": 5.0, "tile_dir": "tiles/0037" }, "geometry": { "type": "Point", "coordinates": [ 2.217727535924752, 8.379472198231355 ] } },
{ "type": "Feature", "properties": { "index": 38, "lon": 41.247340970507253, "lat": 64.650472558032064, "classification": 111, "subregion_name": "Eastern Europe", "umap_1d_x": 14.837972, "umap_2d_x": -30.863857, "umap_2d_y": -5.2024078, "umap_3d_x": -44.247356, "umap_3d_y": -9.881176, "umap_3d_z": -3.2433853, "tsne_1d_x": -31.926067, "tsne_2d_x": -24.495703, "tsne_2d_y": -13.538742, "tsne_3d_x": -23.439968, "tsne_3d_y": 31.443474, "tsne_3d_z": 0.26698685000001, "grid_umap_1d_x": 38.0, "grid_umap_2d_x": 4.0, "grid_umap_2d_y": 4.0, "grid_umap_3d_x": 0.0, "grid_umap_3d_y": 0.0, "grid_umap_3d_z": 3.0, "grid_tsne_1d_x": 22.0, "grid_tsne_2d_x": 0.0, "grid_tsne_2d_y": 1.0, "grid_tsne_3d_x": 0.0, "grid_tsne_3d_y": 5.0, "grid_tsne_3d_z": 1.0, "tile_dir": "tiles/0038" }, "geometry": { "type": "Point", "coordinates": [ 41.247340970507253, 64.650472558032064 ] } },
{ "type": "Feature", "properties": { "index": 39, "lon": -120.81139835376254, "lat": 47.154806380086853, "classification": 126, "subregion_name": "Unknown", "umap_1d_x": 6.7273846, "umap_2d_x": -20.303476, "umap_2d_y": -2.3182373, "umap_3d_x": -29.633028, "umap_3d_y": -6.3273354, "umap_3d_z": 0.44709014999999397, "tsne_1d_x": -11.213278, "tsne_2d_x": -3.7645378, "tsne_2d_y": 11.907215, "tsne_3d_x": -23.331121, "tsne_3d_y": -2.9955025, "tsne_3d_z": 2.2322884, "grid_umap_1d_x": 39.0, "grid_umap_2d_x": 0.0, "grid_umap_2d_y": 3.0, "grid_umap_3d_x": 0.0, "grid_umap_3d_y": 0.0, "grid_umap_3d_z": 4.0, "grid_tsne_1d_x": 25.0, "grid_tsne_2d_x": 2.0, "grid_tsne_2d_y": 10.0, "grid_tsne_3d_x": 0.0, "grid_tsne_3d_y": 2.0, "grid_tsne_3d_z": 3.0, "tile_dir": "tiles/0039" }, "geometry": { "type": "Point", "coordinates": [ -120.811398353762542, 47.154806380086853 ] } },
{ "type": "Feature", "properties": { "index": 40, "lon": -78.65401779719916, "lat": 50.899046254510282, "classification": 126, "subregion_name": "Northern America", "umap_1d_x": 17.374952, "umap_2d_x": -41.064598, "umap_2d_y": -16.815002, "umap_3d_x": -45.627312, "umap_3d_y": -3.1751289, "umap_3d_z": -40.55669, "tsne_1d_x": -56.19051, "tsne_2d_x": -27.21945, "tsne_2d_y": 25.198524, "tsne_3d_x": -10.038414, "tsne_3d_y": 18.631454, "tsne_3d_z": 37.397285, "grid_umap_1d_x": 40.0, "grid_umap_2d_x": 7.0, "grid_umap_2d_y": 2.0, "grid_umap_3d_x": 3.0, "grid_umap_3d_y": 0.0, "grid_umap_3d_z": 0.0, "grid_tsne_1d_x": 26.0, "grid_tsne_2d_x": 0.0, "grid_tsne_2d_y": 13.0, "grid_tsne_3d_x": 1.0, "grid_tsne_3d_y": 3.0, "grid_tsne_3d_z": 5.0, "tile_dir": "tiles/0040" }, "geometry": { "type": "Point", "coordinates": [ -78.65401779719916, 50.899046254510282 ] } },
{ "type": "Feature", "properties": { "index": 41, "lon": 101.97585138962808, "lat": 23.730154626026973, "classification": 30, "subregion_name": "Unknown", "umap_1d_x": -0.91751838, "umap_2d_x": 2.3796692, "umap_2d_y": 34.486572, "umap_3d_x": 2.608387, "umap_3d_y": 33.891167, "umap_3d_z": 15.354385, "tsne_1d_x": 8.2793007, "tsne_2d_x": 6.8513756, "tsne_2d_y": -29.171549, "tsne_3d_x": 19.960114, "tsne_3d_y": -16.394806, "tsne_3d_z": 13.642662, "grid_umap_1d_x": 41.0, "grid_umap_2d_x": 5.0, "grid_umap_2d_y": 11.0, "grid_umap_3d_x": 2.0, "grid_umap_3d_y": 5.0, "grid_umap_3d_z": 3.0, "grid_tsne_1d_x": 27.0, "grid_tsne_2d_x": 5.0, "grid_tsne_2d_y": 1.0, "grid_tsne_3d_x": 5.0, "grid_tsne_3d_y": 2.0, "grid_tsne_3d_z": 4.0, "tile_dir": "tiles/0041" }, "geometry": { "type": "Point", "coordinates": [ 101.975851389628076, 23.730154626026973 ] } },
{ "type": "Feature", "properties": { "index": 42, "lon": 100.6205559935558, "lat": 59.961509456900927, "classification": 113, "subregion_name": "Eastern Europe", "umap_1d_x": 15.335196, "umap_2d_x": -39.314323, "umap_2d_y": 12.185947, "umap_3d_x": -46.599445, "umap_3d_y": 16.979485, "umap_3d_z": -12.294224, "tsne_1d_x": -42.716667, "tsne_2d_x": -39.561432, "tsne_2d_y": -1.2062416, "tsne_3d_x": 4.7003212, "tsne_3d_y": 36.257843, "tsne_3d_z": 8.1256638, "grid_umap_1d_x": 42.0, "grid_umap_2d_x": 5.0, "grid_umap_2d_y": 9.0, "grid_umap_3d_x": 2.0, "grid_umap_3d_y": 3.0, "grid_umap_3d_z": 3.0, "grid_tsne_1d_x": 28.0, "grid_tsne_2d_x": 5.0, "grid_tsne_2d_y": 6.0, "grid_tsne_3d_x": 2.0, "grid_tsne_3d_y": 5.0, "grid_tsne_3d_z": 2.0, "tile_dir": "tiles/0042" }, "geometry": { "type": "Point", "coordinates": [ 100.620555993555797, 59.961509456900927 ] } },
{ "type": "Feature", "properties": { "index": 43, "lon": -60.348698769397814, "lat": -19.183086291912417, "classification": 112, "subregion_name": "Latin America and the Caribbean", "umap_1d_x": -15.621945, "umap_2d_x": 39.045143, "umap_2d_y": -15.517971, "umap_3d_x": 44.654663, "umap_3d_y": -8.8993568, "umap_3d_z": 16.860588, "tsne_1d_x": 63.714157, "tsne_2d_x": 30.978676, "tsne_2d_y": 25.326553, "tsne_3d_x": -6.5742836, "tsne_3d_y": -22.779236, "tsne_3d_z": -36.479141, "grid_umap_1d_x": 43.0, "grid_umap_2d_x": 11.0, "grid_umap_2d_y": 5.0, "grid_umap_3d_x": 5.0, "grid_umap_3d_y": 2.0, "grid_umap_3d_z": 3.0, "grid_tsne_1d_x": 64.0, "grid_tsne_2d_x": 13.0, "grid_tsne_2d_y": 13.0, "grid_tsne_3d_x": 3.0, "grid_tsne_3d_y": 2.0, "grid_tsne_3d_z": 1.0, "tile_dir": "tiles/0043" }, "geometry": { "type": "Point", "coordinates": [ -60.348698769397814, -19.183086291912417 ] } },
{ "type": "Feature", "properties": { "index": 44, "lon": 16.646467834671057, "lat": 47.51253937097259, "classification": 40, "subregion_name": "Eastern Europe", "umap_1d_x": 23.288546, "umap_2d_x": -19.634476, "umap_2d_y": -13.820477, "umap_3d_x": -28.464415, "umap_3d_y": -13.26564, "umap_3d_z": -13.659363, "tsne_1d_x": -18.422943, "tsne_2d_x": -6.7983894, "tsne_2d_y": 25.058044, "tsne_3d_x": -36.57766, "tsne_3d_y": -3.1362381, "tsne_3d_z": 22.586472, "grid_umap_1d_x": 44.0, "grid_umap_2d_x": 5.0, "grid_umap_2d_y": 0.0, "grid_umap_3d_x": 2.0, "grid_umap_3d_y": 0.0, "grid_umap_3d_z": 1.0, "grid_tsne_1d_x": 29.0, "grid_tsne_2d_x": 4.0, "grid_tsne_2d_y": 13.0, "grid_tsne_3d_x": 0.0, "grid_tsne_3d_y": 2.0, "grid_tsne_3d_z": 5.0, "tile_dir": "tiles/0044" }, "geometry": { "type": "Point", "coordinates": [ 16.646467834671057, 47.51253937097259 ] } },
{ "type": "Feature", "properties": { "index": 45, "lon": 38.536363619346361, "lat": 58.058210833369557, "classification": 115, "subregion_name": "Eastern Europe", "umap_1d_x": 21.491213, "umap_2d_x": -27.352589, "umap_2d_y": -10.081284, "umap_3d_x": -37.690033, "umap_3d_y": -11.605076, "umap_3d_z": -9.2822647, "tsne_1d_x": -25.829657, "tsne_2d_x": -22.190704, "tsne_2d_y": -4.5101547, "tsne_3d_x": -29.382322, "tsne_3d_y": 17.133629, "tsne_3d_z": 7.7174797, "grid_umap_1d_x": 45.0, "grid_umap_2d_x": 4.0, "grid_umap_2d_y": 2.0, "grid_umap_3d_x": 0.0, "grid_umap_3d_y": 0.0, "grid_umap_3d_z": 2.0, "grid_tsne_1d_x": 30.0, "grid_tsne_2d_x": 5.0, "grid_tsne_2d_y": 5.0, "grid_tsne_3d_x": 0.0, "grid_tsne_3d_y": 4.0, "grid_tsne_3d_z": 3.0, "tile_dir": "tiles/0045" }, "geometry": { "type": "Point", "coordinates": [ 38.536363619346361, 58.058210833369557 ] } },
{ "type": "Feature", "properties": { "index": 46, "lon": 46.038307991115261, "lat": -24.429766223575811, "classification": 30, "subregion_name": "Sub-Saharan Africa", "umap_1d_x": -14.956573, "umap_2d_x": 43.421593, "umap_2d_y": -25.548492, "umap_3d_x": 42.329437, "umap_3d_y": -18.964478, "umap_3d_z": 27.471046, "tsne_1d_x": 60.866985, "tsne_2d_x": 40.909424, "tsne_2d_y": 23.7771, "tsne_3d_x": -21.404537, "tsne_3d_y": -31.376562, "tsne_3d_z": -25.368107, "grid_umap_1d_x": 46.0, "grid_umap_2d_x": 8.0, "grid_umap_2d_y": 5.0, "grid_umap_3d_x": 5.0, "grid_umap_3d_y": 0.0, "grid_umap_3d_z": 4.0, "grid_tsne_1d_x": 61.0, "grid_tsne_2d_x": 9.0, "grid_tsne_2d_y": 9.0, "grid_tsne_3d_x": 0.0, "grid_tsne_3d_y": 0.0, "grid_tsne_3d_z": 0.0, "tile_dir": "tiles/0046" }, "geometry": { "type": "Point", "coordinates": [ 46.038307991115261, -24.429766223575811 ] } },
{ "type": "Feature", "properties": { "index": 47, "lon": -99.280121736759639, "lat": 52.643788489981418, "classification": 111, "subregion_name": "Northern America", "umap_1d_x": 14.731166, "umap_2d_x": -36.794174, "umap_2d_y": -2.2462387, "umap_3d_x": -47.153938, "umap_3d_y": -1.1866951, "umap_3d_z": -15.270447, "tsne_1d_x": -34.558453, "tsne_2d_x": -27.093939, "tsne_2d_y": -20.23271, "tsne_3d_x": -9.1570358, "tsne_3d_y": 22.891151, "tsne_3d_z": 9.3945808, "grid_umap_1d_x": 47.0, "grid_umap_2d_x": 6.0, "grid_umap_2d_y": 6.0, "grid_umap_3d_x": 0.0, "grid_umap_3d_y": 1.0, "grid_umap_3d_z": 2.0, "grid_tsne_1d_x": 31.0, "grid_tsne_2d_x": 3.0, "grid_tsne_2d_y": 2.0, "grid_tsne_3d_x": 1.0, "grid_tsne_3d_y": 5.0, "grid_tsne_3d_z": 3.0, "tile_dir": "tiles/0047" }, "geometry": { "type": "Point", "coordinates": [ -99.280121736759639, 52.643788489981418 ] } },
{ "type": "Feature", "properties": { "index": 48, "lon": -2.5536137322072818, "lat": 47.689727488310467, "classification": 40, "subregion_name": "Unknown", "umap_1d_x": 23.171967, "umap_2d_x": -20.752922, "umap_2d_y": -15.828152, "umap_3d_x": -28.371092, "umap_3d_y": -13.496098, "umap_3d_z": -10.353497, "tsne_1d_x": -18.354437, "tsne_2d_x": -7.1589165, "tsne_2d_y": 20.969101, "tsne_3d_x": -41.202965, "tsne_3d_y": -2.0328712, "tsne_3d_z": 18.974892, "grid_umap_1d_x": 48.0, "grid_umap_2d_x": 6.0, "grid_umap_2d_y": 0.0, "grid_umap_3d_x": 1.0, "grid_umap_3d_y": 0.0, "grid_umap_3d_z": 2.0, "grid_tsne_1d_x": 32.0, "grid_tsne_2d_x": 2.0, "grid_tsne_2d_y": 14.0, "grid_tsne_3d_x": 0.0, "grid_tsne_3d_y": 3.0, "grid_tsne_3d_z": 3.0, "tile_dir": "tiles/0048" }, "geometry": { "type": "Point", "coordinates": [ -2.553613732207282, 47.689727488310467 ] } },
{ "type": "Feature", "properties": { "index": 49, "lon": -114.56766738688782, "lat": 54.851127958280557, "classification": 111, "subregion_name": "Northern America", "umap_1d_x": 14.114901, "umap_2d_x": -34.38633, "umap_2d_y": 3.6436844, "umap_3d_x": -45.049263, "umap_3d_y": 2.683918, "umap_3d_z": -5.4355927, "tsne_1d_x": -35.888054, "tsne_2d_x": -29.830778, "tsne_2d_y": -18.742245, "tsne_3d_x": -4.5355949, "tsne_3d_y": 22.44696, "tsne_3d_z": 0.865345, "grid_umap_1d_x": 49.0, "grid_umap_2d_x": 8.0, "grid_umap_2d_y": 7.0, "grid_umap_3d_x": 1.0, "grid_umap_3d_y": 2.0, "grid_umap_3d_z": 3.0, "grid_tsne_1d_x": 33.0, "grid_tsne_2d_x": 2.0, "grid_tsne_2d_y": 2.0, "grid_tsne_3d_x": 1.0, "grid_tsne_3d_y": 5.0, "grid_tsne_3d_z": 1.0, "tile_dir": "tiles/0049" }, "geometry": { "type": "Point", "coordinates": [ -114.56766738688782, 54.851127958280557 ] } },
{ "type": "Feature", "properties": { "index": 50, "lon": 121.46020070272681, "lat": 37.027512243319123, "classification": 40, "subregion_name": "Unknown", "umap_1d_x": 8.6619444, "umap_2d_x": -14.374466, "umap_2d_y": 31.638718, "umap_3d_x": -13.842712, "umap_3d_y": 25.067696, "umap_3d_z": -6.8708382, "tsne_1d_x": -9.1059856, "tsne_2d_x": -7.0824547, "tsne_2d_y": -24.679926, "tsne_3d_x": 37.455597, "tsne_3d_y": 4.7680244, "tsne_3d_z": 11.470245, "grid_umap_1d_x": 50.0, "grid_umap_2d_x": 3.0, "grid_umap_2d_y": 12.0, "grid_umap_3d_x": 1.0, "grid_umap_3d_y": 5.0, "grid_umap_3d_z": 2.0, "grid_tsne_1d_x": 35.0, "grid_tsne_2d_x": 4.0, "grid_tsne_2d_y": 2.0, "grid_tsne_3d_x": 5.0, "grid_tsne_3d_y": 3.0, "grid_tsne_3d_z": 4.0, "tile_dir": "tiles/0050" }, "geometry": { "type": "Point", "coordinates": [ 121.460200702726809, 37.027512243319123 ] } },
{ "type": "Feature", "properties": { "index": 51, "lon": 30.818253803894208, "lat": 63.775449055942602, "classification": 111, "subregion_name": "Eastern Europe", "umap_1d_x": 17.957838, "umap_2d_x": -45.029392, "umap_2d_y": -17.90107, "umap_3d_x": -41.667557, "umap_3d_y": 3.6871185, "umap_3d_z": -43.909973, "tsne_1d_x": -58.854641, "tsne_2d_x": -33.106461, "tsne_2d_y": 36.831696, "tsne_3d_x": 6.1886292, "tsne_3d_y": 13.397564, "tsne_3d_z": 44.694611, "grid_umap_1d_x": 51.0, "grid_umap_2d_x": 1.0, "grid_umap_2d_y": 0.0, "grid_umap_3d_x": 3.0, "grid_umap_3d_y": 2.0, "grid_umap_3d_z": 0.0, "grid_tsne_1d_x": 36.0, "grid_tsne_2d_x": 3.0, "grid_tsne_2d_y": 13.0, "grid_tsne_3d_x": 3.0, "grid_tsne_3d_y": 3.0, "grid_tsne_3d_z": 5.0, "tile_dir": "tiles/0051" }, "geometry": { "type": "Point", "coordinates": [ 30.818253803894208, 63.775449055942602 ] } },
{ "type": "Feature", "properties": { "index": 52, "lon": -54.670559079773156, "lat": 0.86517015697788902, "classification": 112, "subregion_name": "Latin America and the Caribbean", "umap_1d_x": -7.9122205, "umap_2d_x": 36.13575, "umap_2d_y": 33.687691, "umap_3d_x": 32.055435, "umap_3d_y": 49.260277, "umap_3d_z": 3.5647469, "tsne_1d_x": 41.003582, "tsne_2d_x": 47.612091, "tsne_2d_y": -34.111202, "tsne_3d_x": 35.343155, "tsne_3d_y": -38.424671, "tsne_3d_z": -37.297585, "grid_umap_1d_x": 52.0, "grid_umap_2d_x": 13.0, "grid_umap_2d_y": 11.0, "grid_umap_3d_x": 4.0, "grid_umap_3d_y": 5.0, "grid_umap_3d_z": 1.0, "grid_tsne_1d_x": 42.0, "grid_tsne_2d_x": 11.0, "grid_tsne_2d_y": 4.0, "grid_tsne_3d_x": 5.0, "grid_tsne_3d_y": 2.0, "grid_tsne_3d_z": 0.0, "tile_dir": "tiles/0052" }, "geometry": { "type": "Point", "coordinates": [ -54.670559079773156, 0.865170156977889 ] } },
{ "type": "Feature", "properties": { "index": 53, "lon": -51.451191477708704, "lat": -28.660335907290911, "classification": 112, "subregion_name": "Latin America and the Caribbean", "umap_1d_x": -15.935365, "umap_2d_x": 37.579964, "umap_2d_y": -19.407404, "umap_3d_x": 42.685226, "umap_3d_y": -11.977341, "umap_3d_z": 12.7523, "tsne_1d_x": 63.096722, "tsne_2d_x": 28.53363, "tsne_2d_y": 20.49942, "tsne_3d_x": 2.0745583, "tsne_3d_y": -14.250584, "tsne_3d_z": -35.842445, "grid_umap_1d_x": 53.0, "grid_umap_2d_x": 11.0, "grid_umap_2d_y": 3.0, "grid_umap_3d_x": 5.0, "grid_umap_3d_y": 2.0, "grid_umap_3d_z": 2.0, "grid_tsne_1d_x": 69.0, "grid_tsne_2d_x": 12.0, "grid_tsne_2d_y": 11.0, "grid_tsne_3d_x": 3.0, "grid_tsne_3d_y": 3.0, "grid_tsne_3d_z": 1.0, "tile_dir": "tiles/0053" }, "geometry": { "type": "Point", "coordinates": [ -51.451191477708704, -28.660335907290911 ] } },
{ "type": "Feature", "properties": { "index": 54, "lon": -67.954413123873806, "lat": 63.388848486405564, "classification": 100, "subregion_name": "Unknown", "umap_1d_x": 19.210043, "umap_2d_x": -48.848572, "umap_2d_y": -5.5364189, "umap_3d_x": -46.843071, "umap_3d_y": 17.367218, "umap_3d_z": -48.001469, "tsne_1d_x": -73.612572, "tsne_2d_x": -44.701199, "tsne_2d_y": 32.611633, "tsne_3d_x": 10.626434, "tsne_3d_y": 50.0, "tsne_3d_z": 44.003212, "grid_umap_1d_x": 54.0, "grid_umap_2d_x": 6.0, "grid_umap_2d_y": 5.0, "grid_umap_3d_x": 3.0, "grid_umap_3d_y": 3.0, "grid_umap_3d_z": 0.0, "grid_tsne_1d_x": 37.0, "grid_tsne_2d_x": 2.0, "grid_tsne_2d_y": 12.0, "grid_tsne_3d_x": 3.0, "grid_tsne_3d_y": 3.0, "grid_tsne_3d_z": 3.0, "tile_dir": "tiles/0054" }, "geometry": { "type": "Point", "coordinates": [ -67.954413123873806, 63.388848486405564 ] } },
{ "type": "Feature", "properties": { "index": 55, "lon": 23.216687363256767, "lat": -13.169608974028385, "classification": 114, "subregion_name": "Sub-Saharan Africa", "umap_1d_x": -13.269246, "umap_2d_x": 47.377998, "umap_2d_y": -18.430244, "umap_3d_x": 36.847321, "umap_3d_y": -11.437889, "umap_3d_z": 27.549187, "tsne_1d_x": 52.599815, "tsne_2d_x": 37.468811, "tsne_2d_y": 6.4841194, "tsne_3d_x": -4.8457642, "tsne_3d_y": -36.809372, "tsne_3d_z": -18.936651, "grid_umap_1d_x": 55.0, "grid_umap_2d_x": 12.0, "grid_umap_2d_y": 5.0, "grid_umap_3d_x": 3.0, "grid_umap_3d_y": 1.0, "grid_umap_3d_z": 4.0, "grid_tsne_1d_x": 54.0, "grid_tsne_2d_x": 13.0, "grid_tsne_2d_y": 7.0, "grid_tsne_3d_x": 2.0, "grid_tsne_3d_y": 2.0, "grid_tsne_3d_z": 2.0, "tile_dir": "tiles/0055" }, "geometry": { "type": "Point", "coordinates": [ 23.216687363256767, -13.169608974028385 ] } },
{ "type": "Feature", "properties": { "index": 56, "lon": 14.389772733590178, "lat": -6.6541444265347707, "classification": 124, "subregion_name": "Sub-Saharan Africa", "umap_1d_x": -12.678031, "umap_2d_x": 49.232986, "umap_2d_y": -14.641781, "umap_3d_x": 34.814491, "umap_3d_y": -6.0692863, "umap_3d_z": 27.619896, "tsne_1d_x": 50.419647, "tsne_2d_x": 40.619453, "tsne_2d_y": 1.362133, "tsne_3d_x": 5.1457405, "tsne_3d_y": -44.681847, "tsne_3d_z": -20.784101, "grid_umap_1d_x": 56.0, "grid_umap_2d_x": 13.0, "grid_umap_2d_y": 6.0, "grid_umap_3d_x": 4.0, "grid_umap_3d_y": 2.0, "grid_umap_3d_z": 5.0, "grid_tsne_1d_x": 51.0, "grid_tsne_2d_x": 12.0, "grid_tsne_2d_y": 6.0, "grid_tsne_3d_x": 3.0, "grid_tsne_3d_y": 0.0, "grid_tsne_3d_z": 1.0, "tile_dir": "tiles/0056" }, "geometry": { "type": "Point", "coordinates": [ 14.389772733590178, -6.654144426534771 ] } },
{ "type": "Feature", "properties": { "index": 57, "lon": 33.827035026754004, "lat": 3.237935272644513, "classification": 126, "subregion_name": "Sub-Saharan Africa", "umap_1d_x": -1.6178079, "umap_2d_x": 7.4165764, "umap_2d_y": 27.903275, "umap_3d_x": 6.5590324, "umap_3d_y": 29.520813, "umap_3d_z": 28.682365, "tsne_1d_x": 19.424568, "tsne_2d_x": 9.9998245, "tsne_2d_y": -15.823807, "tsne_3d_x": 3.8994293, "tsne_3d_y": -38.412094, "tsne_3d_z": 5.6737785, "grid_umap_1d_x": 57.0, "grid_umap_2d_x": 7.0, "grid_umap_2d_y": 12.0, "grid_umap_3d_x": 2.0, "grid_umap_3d_y": 3.0, "grid_umap_3d_z": 4.0, "grid_tsne_1d_x": 38.0, "grid_tsne_2d_x": 7.0, "grid_tsne_2d_y": 4.0, "grid_tsne_3d_x": 2.0, "grid_tsne_3d_y": 0.0, "grid_tsne_3d_z": 3.0, "tile_dir": "tiles/0057" }, "geometry": { "type": "Point", "coordinates": [ 33.827035026754004, 3.237935272644513 ] } },
{ "type": "Feature", "properties": { "index": 58, "lon": 115.57849458857538, "lat": 61.108587953773124, "classification": 113, "subregion_name": "Eastern Europe", "umap_1d_x": 15.58827, "umap_2d_x": -40.826763, "umap_2d_y": 12.810307, "umap_3d_x": -47.820541, "umap_3d_y": 19.973686, "umap_3d_z": -14.179276, "tsne_1d_x": -43.318604, "tsne_2d_x": -40.81134, "tsne_2d_y": -0.91966248, "tsne_3d_x": 6.1414185, "tsne_3d_y": 40.430031, "tsne_3d_z": 8.3729134, "grid_umap_1d_x": 58.0, "grid_umap_2d_x": 0.0, "grid_umap_2d_y": 10.0, "grid_umap_3d_x": 0.0, "grid_umap_3d_y": 4.0, "grid_umap_3d_z": 2.0, "grid_tsne_1d_x": 39.0, "grid_tsne_2d_x": 4.0, "grid_tsne_2d_y": 6.0, "grid_tsne_3d_x": 3.0, "grid_tsne_3d_y": 5.0, "grid_tsne_3d_z": 2.0, "tile_dir": "tiles/0058" }, "geometry": { "type": "Point", "coordinates": [ 115.578494588575381, 61.108587953773124 ] } },
{ "type": "Feature", "properties": { "index": 59, "lon": 27.352005395043591, "lat": -24.231954540860642, "classification": 126, "subregion_name": "Sub-Saharan Africa", "umap_1d_x": -15.157745, "umap_2d_x": 45.390686, "umap_2d_y": -31.487286, "umap_3d_x": 40.614731, "umap_3d_y": -25.462645, "umap_3d_z": 29.151627, "tsne_1d_x": 71.722908, "tsne_2d_x": 38.800186, "tsne_2d_y": 27.902946, "tsne_3d_x": -25.119644, "tsne_3d_y": -30.396833, "tsne_3d_z": -18.543854, "grid_umap_1d_x": 59.0, "grid_umap_2d_x": 13.0, "grid_umap_2d_y": 0.0, "grid_umap_3d_x": 4.0, "grid_umap_3d_y": 0.0, "grid_umap_3d_z": 4.0, "grid_tsne_1d_x": 72.0, "grid_tsne_2d_x": 13.0, "grid_tsne_2d_y": 12.0, "grid_tsne_3d_x": 0.0, "grid_tsne_3d_y": 1.0, "grid_tsne_3d_z": 1.0, "tile_dir": "tiles/0059" }, "geometry": { "type": "Point", "coordinates": [ 27.352005395043591, -24.231954540860642 ] } },
{ "type": "Feature", "properties": { "index": 60, "lon": 71.662597598830786, "lat": 40.862977646267211, "classification": 40, "subregion_name": "Central Asia", "umap_1d_x": 6.3415618, "umap_2d_x": -12.898521, "umap_2d_y": 7.9429741, "umap_3d_x": -19.597507, "umap_3d_y": 3.4553757, "umap_3d_z": 8.1483231, "tsne_1d_x": -1.6010634, "tsne_2d_x": 6.6313629, "tsne_2d_y": 17.424187, "tsne_3d_x": -18.989143, "tsne_3d_y": -15.146164, "tsne_3d_z": 21.934059, "grid_umap_1d_x": 60.0, "grid_umap_2d_x": 2.0, "grid_umap_2d_y": 8.0, "grid_umap_3d_x": 0.0, "grid_umap_3d_y": 3.0, "grid_umap_3d_z": 5.0, "grid_tsne_1d_x": 40.0, "grid_tsne_2d_x": 7.0, "grid_tsne_2d_y": 14.0, "grid_tsne_3d_x": 0.0, "grid_tsne_3d_y": 1.0, "grid_tsne_3d_z": 5.0, "tile_dir": "tiles/0060" }, "geometry": { "type": "Point", "coordinates": [ 71.662597598830786, 40.862977646267211 ] } },
{ "type": "Feature", "properties": { "index": 61, "lon": 18.293803078548166, "lat": -33.089358150413283, "classification": 30, "subregion_name": "Sub-Saharan Africa", "umap_1d_x": -16.742493, "umap_2d_x": 35.326424, "umap_2d_y": -24.046976, "umap_3d_x": 46.578033, "umap_3d_y": -19.359171, "umap_3d_z": 9.122612, "tsne_1d_x": 67.516632, "tsne_2d_x": 30.507645, "tsne_2d_y": 35.691223, "tsne_3d_x": -17.606812, "tsne_3d_y": -8.2743721, "tsne_3d_z": -38.950989, "grid_umap_1d_x": 61.0, "grid_umap_2d_x": 11.0, "grid_umap_2d_y": 0.0, "grid_umap_3d_x": 5.0, "grid_umap_3d_y": 0.0, "grid_umap_3d_z": 1.0, "grid_tsne_1d_x": 68.0, "grid_tsne_2d_x": 10.0, "grid_tsne_2d_y": 14.0, "grid_tsne_3d_x": 1.0, "grid_tsne_3d_y": 4.0, "grid_tsne_3d_z": 1.0, "tile_dir": "tiles/0061" }, "geometry": { "type": "Point", "coordinates": [ 18.293803078548166, -33.089358150413283 ] } },
{ "type": "Feature", "properties": { "index": 62, "lon": 126.40139895653869, "lat": 43.865096381739292, "classification": 114, "subregion_name": "Unknown", "umap_1d_x": 8.7559767, "umap_2d_x": -14.259384, "umap_2d_y": 31.482552, "umap_3d_x": -13.006783, "umap_3d_y": 24.284698, "umap_3d_z": -7.3292389, "tsne_1d_x": -9.4881153, "tsne_2d_x": -8.6456909, "tsne_2d_y": -25.529936, "tsne_3d_x": 35.772621, "tsne_3d_y": 6.7606812, "tsne_3d_z": 7.6810417, "grid_umap_1d_x": 62.0, "grid_umap_2d_x": 2.0, "grid_umap_2d_y": 13.0, "grid_umap_3d_x": 2.0, "grid_umap_3d_y": 5.0, "grid_umap_3d_z": 1.0, "grid_tsne_1d_x": 41.0, "grid_tsne_2d_x": 3.0, "grid_tsne_2d_y": 1.0, "grid_tsne_3d_x": 5.0, "grid_tsne_3d_y": 4.0, "grid_tsne_3d_z": 2.0, "tile_dir": "tiles/0062" }, "geometry": { "type": "Point", "coordinates": [ 126.401398956538685, 43.865096381739292 ] } },
{ "type": "Feature", "properties": { "index": 63, "lon": 31.174177872996921, "lat": 2.4854102989387741, "classification": 40, "subregion_name": "Sub-Saharan Africa", "umap_1d_x": -1.5186067, "umap_2d_x": 6.978756, "umap_2d_y": 28.366158, "umap_3d_x": 6.1956749, "umap_3d_y": 29.445, "umap_3d_z": 28.133934, "tsne_1d_x": 19.360798, "tsne_2d_x": 9.851532, "tsne_2d_y": -16.124905, "tsne_3d_x": 4.0579872, "tsne_3d_y": -38.03397, "tsne_3d_z": 5.5690346, "grid_umap_1d_x": 63.0, "grid_umap_2d_x": 7.0, "grid_umap_2d_y": 14.0, "grid_umap_3d_x": 2.0, "grid_umap_3d_y": 4.0, "grid_umap_3d_z": 5.0, "grid_tsne_1d_x": 43.0, "grid_tsne_2d_x": 7.0, "grid_tsne_2d_y": 3.0, "grid_tsne_3d_x": 2.0, "grid_tsne_3d_y": 1.0, "grid_tsne_3d_z": 3.0, "tile_dir": "tiles/0063" }, "geometry": { "type": "Point", "coordinates": [ 31.174177872996921, 2.485410298938774 ] } },
{ "type": "Feature", "properties": { "index": 64, "lon": -77.402304417974037, "lat": -4.7190858455963109, "classification": 112, "subregion_name": "Latin America and the Caribbean", "umap_1d_x": -8.0470943, "umap_2d_x": 34.700516, "umap_2d_y": 31.590195, "umap_3d_x": 30.79422, "umap_3d_y": 41.700539, "umap_3d_z": 1.0858116, "tsne_1d_x": 41.743755, "tsne_2d_x": 43.19281, "tsne_2d_y": -27.800303, "tsne_3d_x": 34.576195, "tsne_3d_y": -42.129864, "tsne_3d_z": -25.291292, "grid_umap_1d_x": 64.0, "grid_umap_2d_x": 12.0, "grid_umap_2d_y": 10.0, "grid_umap_3d_x": 4.0, "grid_umap_3d_y": 4.0, "grid_umap_3d_z": 1.0, "grid_tsne_1d_x": 46.0, "grid_tsne_2d_x": 14.0, "grid_tsne_2d_y": 1.0, "grid_tsne_3d_x": 5.0, "grid_tsne_3d_y": 0.0, "grid_tsne_3d_z": 0.0, "tile_dir": "tiles/0064" }, "geometry": { "type": "Point", "coordinates": [ -77.402304417974037, -4.719085845596311 ] } },
{ "type": "Feature", "properties": { "index": 65, "lon": 18.530839891804391, "lat": 0.238663672090695, "classification": 112, "subregion_name": "Sub-Saharan Africa", "umap_1d_x": -6.5874581, "umap_2d_x": 31.096169, "umap_2d_y": 42.132828, "umap_3d_x": 27.760925, "umap_3d_y": 35.681816, "umap_3d_z": 10.057568, "tsne_1d_x": 38.056747, "tsne_2d_x": 39.222717, "tsne_2d_y": -35.40704, "tsne_3d_x": 47.506767, "tsne_3d_y": -34.582176, "tsne_3d_z": -23.575666, "grid_umap_1d_x": 65.0, "grid_umap_2d_x": 12.0, "grid_umap_2d_y": 13.0, "grid_umap_3d_x": 5.0, "grid_umap_3d_y": 4.0, "grid_umap_3d_z": 3.0, "grid_tsne_1d_x": 47.0, "grid_tsne_2d_x": 10.0, "grid_tsne_2d_y": 4.0, "grid_tsne_3d_x": 5.0, "grid_tsne_3d_y": 3.0, "grid_tsne_3d_z": 0.0, "tile_dir": "tiles/0065" }, "geometry": { "type": "Point", "coordinates": [ 18.530839891804391, 0.238663672090695 ] } },
{ "type": "Feature", "properties": { "index": 66, "lon": -122.53589542715933, "lat": 38.820026825101237, "classification": 30, "subregion_name": "Unknown", "umap_1d_x": 6.3193364, "umap_2d_x": -13.962009, "umap_2d_y": 1.7206001, "umap_3d_x": -22.301275, "umap_3d_y": -3.3036003, "umap_3d_z": 10.053627, "tsne_1d_x": -2.4373994, "tsne_2d_x": 3.5572166, "tsne_2d_y": 14.957458, "tsne_3d_x": -24.640358, "tsne_3d_y": -16.395893, "tsne_3d_z": 12.230797, "grid_umap_1d_x": 66.0, "grid_umap_2d_x": 3.0, "grid_umap_2d_y": 5.0, "grid_umap_3d_x": 1.0, "grid_umap_3d_y": 0.0, "grid_umap_3d_z": 5.0, "grid_tsne_1d_x": 48.0, "grid_tsne_2d_x": 4.0, "grid_tsne_2d_y": 14.0, "grid_tsne_3d_x": 0.0, "grid_tsne_3d_y": 1.0, "grid_tsne_3d_z": 4.0, "tile_dir": "tiles/0066" }, "geometry": { "type": "Point", "coordinates": [ -122.535895427159332, 38.820026825101237 ] } },
{ "type": "Feature", "properties": { "index": 67, "lon": 25.962825748031293, "lat": -3.4742692903708128, "classification": 112, "subregion_name": "Sub-Saharan Africa", "umap_1d_x": -6.6012197, "umap_2d_x": 31.692596, "umap_2d_y": 42.136177, "umap_3d_x": 28.14756, "umap_3d_y": 33.93084, "umap_3d_z": 8.9023514, "tsne_1d_x": 37.73069, "tsne_2d_x": 39.863457, "tsne_2d_y": -33.244812, "tsne_3d_x": 49.891251, "tsne_3d_y": -38.024124, "tsne_3d_z": -20.71699, "grid_umap_1d_x": 67.0, "grid_umap_2d_x": 13.0, "grid_umap_2d_y": 14.0, "grid_umap_3d_x": 4.0, "grid_umap_3d_y": 3.0, "grid_umap_3d_z": 2.0, "grid_tsne_1d_x": 49.0, "grid_tsne_2d_x": 12.0, "grid_tsne_2d_y": 2.0, "grid_tsne_3d_x": 5.0, "grid_tsne_3d_y": 2.0, "grid_tsne_3d_z": 2.0, "tile_dir": "tiles/0067" }, "geometry": { "type": "Point", "coordinates": [ 25.962825748031293, -3.474269290370813 ] } },
{ "type": "Feature", "properties": { "index": 68, "lon": 116.89159079100716, "lat": -31.066511458960779, "classification": 30, "subregion_name": "Unknown", "umap_1d_x": -19.455397, "umap_2d_x": 37.712547, "umap_2d_y": -43.362793, "umap_3d_x": 49.004967, "umap_3d_y": -39.903099, "umap_3d_z": 16.441689, "tsne_1d_x": 76.859039, "tsne_2d_x": 36.669456, "tsne_2d_y": 45.458122, "tsne_3d_x": -30.747374, "tsne_3d_y": -8.7235336, "tsne_3d_z": -28.921083, "grid_umap_1d_x": 68.0, "grid_umap_2d_x": 8.0, "grid_umap_2d_y": 2.0, "grid_umap_3d_x": 4.0, "grid_umap_3d_y": 0.0, "grid_umap_3d_z": 1.0, "grid_tsne_1d_x": 77.0, "grid_tsne_2d_x": 9.0, "grid_tsne_2d_y": 13.0, "grid_tsne_3d_x": 0.0, "grid_tsne_3d_y": 4.0, "grid_tsne_3d_z": 0.0, "tile_dir": "tiles/0068" }, "geometry": { "type": "Point", "coordinates": [ 116.891590791007161, -31.066511458960779 ] } },
{ "type": "Feature", "properties": { "index": 69, "lon": -67.061869703184911, "lat": -7.8247714588167696, "classification": 112, "subregion_name": "Latin America and the Caribbean", "umap_1d_x": -8.7222576, "umap_2d_x": 37.969322, "umap_2d_y": 28.269035, "umap_3d_x": 34.132591, "umap_3d_y": 39.993988, "umap_3d_z": -0.11463928, "tsne_1d_x": 43.548519, "tsne_2d_x": 44.697876, "tsne_2d_y": -24.51878, "tsne_3d_x": 27.826637, "tsne_3d_y": -42.507942, "tsne_3d_z": -28.090576, "grid_umap_1d_x": 69.0, "grid_umap_2d_x": 12.0, "grid_umap_2d_y": 9.0, "grid_umap_3d_x": 5.0, "grid_umap_3d_y": 4.0, "grid_umap_3d_z": 0.0, "grid_tsne_1d_x": 52.0, "grid_tsne_2d_x": 13.0, "grid_tsne_2d_y": 3.0, "grid_tsne_3d_x": 4.0, "grid_tsne_3d_y": 0.0, "grid_tsne_3d_z": 1.0, "tile_dir": "tiles/0069" }, "geometry": { "type": "Point", "coordinates": [ -67.061869703184911, -7.82477145881677 ] } },
{ "type": "Feature", "properties": { "index": 70, "lon": 142.410429043298, "lat": 48.020362543157944, "classification": 114, "subregion_name": "Eastern Europe", "umap_1d_x": 12.621311, "umap_2d_x": -31.312542, "umap_2d_y": 10.007103, "umap_3d_x": -39.875206, "umap_3d_y": 4.0441437, "umap_3d_z": -18.18639, "tsne_1d_x": -28.436247, "tsne_2d_x": -13.017834, "tsne_2d_y": -5.0176888, "tsne_3d_x": 18.035042, "tsne_3d_y": 17.851082, "tsne_3d_z": -4.5712738, "grid_umap_1d_x": 70.0, "grid_umap_2d_x": 1.0, "grid_umap_2d_y": 9.0, "grid_umap_3d_x": 1.0, "grid_umap_3d_y": 2.0, "grid_umap_3d_z": 2.0, "grid_tsne_1d_x": 55.0, "grid_tsne_2d_x": 2.0, "grid_tsne_2d_y": 3.0, "grid_tsne_3d_x": 5.0, "grid_tsne_3d_y": 5.0, "grid_tsne_3d_z": 0.0, "tile_dir": "tiles/0070" }, "geometry": { "type": "Point", "coordinates": [ 142.410429043297995, 48.020362543157944 ] } },
{ "type": "Feature", "properties": { "index": 71, "lon": -73.320862514839462, "lat": -50.122113248576518, "classification": 124, "subregion_name": "Latin America and the Caribbean", "umap_1d_x": 9.4121237, "umap_2d_x": 33.171013, "umap_2d_y": -23.455542, "umap_3d_x": 42.986778, "umap_3d_y": -17.558296, "umap_3d_z": 4.6895103, "tsne_1d_x": 69.972733, "tsne_2d_x": 24.669205, "tsne_2d_y": 43.589813, "tsne_3d_x": -2.6771164, "tsne_3d_y": 2.4423294, "tsne_3d_z": -37.104256, "grid_umap_1d_x": 71.0, "grid_umap_2d_x": 10.0, "grid_umap_2d_y": 1.0, "grid_umap_3d_x": 5.0, "grid_umap_3d_y": 0.0, "grid_umap_3d_z": 0.0, "grid_tsne_1d_x": 70.0, "grid_tsne_2d_x": 8.0, "grid_tsne_2d_y": 13.0, "grid_tsne_3d_x": 3.0, "grid_tsne_3d_y": 4.0, "grid_tsne_3d_z": 0.0, "tile_dir": "tiles/0071" }, "geometry": { "type": "Point", "coordinates": [ -73.320862514839462, -50.122113248576518 ] } },
{ "type": "Feature", "properties": { "index": 72, "lon": 94.364284806427975, "lat": 55.23761315533811, "classification": 114, "subregion_name": "Eastern Europe", "umap_1d_x": 12.507576, "umap_2d_x": -33.555782, "umap_2d_y": 14.668961, "umap_3d_x": -39.555859, "umap_3d_y": 12.725037, "umap_3d_z": -13.767544, "tsne_1d_x": -40.464447, "tsne_2d_x": -33.22665, "tsne_2d_y": -2.6217461, "tsne_3d_x": 16.695251, "tsne_3d_y": 20.835342, "tsne_3d_z": 7.111496, "grid_umap_1d_x": 72.0, "grid_umap_2d_x": 1.0, "grid_umap_2d_y": 11.0, "grid_umap_3d_x": 1.0, "grid_umap_3d_y": 3.0, "grid_umap_3d_z": 2.0, "grid_tsne_1d_x": 57.0, "grid_tsne_2d_x": 2.0, "grid_tsne_2d_y": 5.0, "grid_tsne_3d_x": 5.0, "grid_tsne_3d_y": 5.0, "grid_tsne_3d_z": 3.0, "tile_dir": "tiles/0072" }, "geometry": { "type": "Point", "coordinates": [ 94.364284806427975, 55.23761315533811 ] } },
{ "type": "Feature", "properties": { "index": 73, "lon": 108.74679946716907, "lat": 25.950960354279971, "classification": 111, "subregion_name": "Unknown", "umap_1d_x": 4.5587015, "umap_2d_x": -7.0578384, "umap_2d_y": 32.352547, "umap_3d_x": -6.4041748, "umap_3d_y": 29.062279, "umap_3d_z": -0.43450165, "tsne_1d_x": 5.3363075, "tsne_2d_x": -2.6050873, "tsne_2d_y": -35.611149, "tsne_3d_x": 44.569763, "tsne_3d_y": -9.681282, "tsne_3d_z": 5.654644, "grid_umap_1d_x": 73.0, "grid_umap_2d_x": 2.0, "grid_umap_2d_y": 14.0, "grid_umap_3d_x": 3.0, "grid_umap_3d_y": 5.0, "grid_umap_3d_z": 1.0, "grid_tsne_1d_x": 58.0, "grid_tsne_2d_x": 4.0, "grid_tsne_2d_y": 0.0, "grid_tsne_3d_x": 5.0, "grid_tsne_3d_y": 3.0, "grid_tsne_3d_z": 2.0, "tile_dir": "tiles/0073" }, "geometry": { "type": "Point", "coordinates": [ 108.746799467169069, 25.950960354279971 ] } },
{ "type": "Feature", "properties": { "index": 74, "lon": 133.04653101348572, "lat": -29.228039459590935, "classification": 20, "subregion_name": "Unknown", "umap_1d_x": -20.54388, "umap_2d_x": 40.869362, "umap_2d_y": -48.743076, "umap_3d_x": 48.967484, "umap_3d_y": -48.431793, "umap_3d_z": 23.35038, "tsne_1d_x": 80.366463, "tsne_2d_x": 43.192833, "tsne_2d_y": 43.368111, "tsne_3d_x": -43.547558, "tsne_3d_y": -14.320858, "tsne_3d_z": -22.007215, "grid_umap_1d_x": 74.0, "grid_umap_2d_x": 7.0, "grid_umap_2d_y": 1.0, "grid_umap_3d_x": 3.0, "grid_umap_3d_y": 0.0, "grid_umap_3d_z": 3.0, "grid_tsne_1d_x": 82.0, "grid_tsne_2d_x": 11.0, "grid_tsne_2d_y": 13.0, "grid_tsne_3d_x": 0.0, "grid_tsne_3d_y": 3.0, "grid_tsne_3d_z": 1.0, "tile_dir": "tiles/0074" }, "geometry": { "type": "Point", "coordinates": [ 133.046531013485719, -29.228039459590935 ] } },
{ "type": "Feature", "properties": { "index": 75, "lon": 117.17132509071263, "lat": -28.702321305390527, "classification": 30, "subregion_name": "Unknown", "umap_1d_x": -20.376371, "umap_2d_x": 40.822128, "umap_2d_y": -48.599628, "umap_3d_x": 48.632576, "umap_3d_y": -46.656319, "umap_3d_z": 22.390839, "tsne_1d_x": 79.738388, "tsne_2d_x": 42.090439, "tsne_2d_y": 44.805603, "tsne_3d_x": -40.157398, "tsne_3d_y": -16.912029, "tsne_3d_z": -23.419619, "grid_umap_1d_x": 75.0, "grid_umap_2d_x": 8.0, "grid_umap_2d_y": 0.0, "grid_umap_3d_x": 3.0, "grid_umap_3d_y": 0.0, "grid_umap_3d_z": 1.0, "grid_tsne_1d_x": 80.0, "grid_tsne_2d_x": 10.0, "grid_tsne_2d_y": 13.0, "grid_tsne_3d_x": 0.0, "grid_tsne_3d_y": 2.0, "grid_tsne_3d_z": 1.0, "tile_dir": "tiles/0075" }, "geometry": { "type": "Point", "coordinates": [ 117.171325090712628, -28.702321305390527 ] } },
{ "type": "Feature", "properties": { "index": 76, "lon": 27.665547444555102, "lat": -16.033188202962464, "classification": 40, "subregion_name": "Sub-Saharan Africa", "umap_1d_x": -14.291917, "umap_2d_x": 45.729164, "umap_2d_y": -24.907816, "umap_3d_x": 39.445923, "umap_3d_y": -18.823475, "umap_3d_z": 29.33403, "tsne_1d_x": 54.572716, "tsne_2d_x": 39.008469, "tsne_2d_y": 23.881615, "tsne_3d_x": -18.107018, "tsne_3d_y": -35.502739, "tsne_3d_z": -17.171242, "grid_umap_1d_x": 76.0, "grid_umap_2d_x": 13.0, "grid_umap_2d_y": 2.0, "grid_umap_3d_x": 4.0, "grid_umap_3d_y": 0.0, "grid_umap_3d_z": 5.0, "grid_tsne_1d_x": 59.0, "grid_tsne_2d_x": 13.0, "grid_tsne_2d_y": 11.0, "grid_tsne_3d_x": 0.0, "grid_tsne_3d_y": 0.0, "grid_tsne_3d_z": 2.0, "tile_dir": "tiles/0076" }, "geometry": { "type": "Point", "coordinates": [ 27.665547444555102, -16.033188202962464 ] } },
{ "type": "Feature", "properties": { "index": 77, "lon": 108.66672438803909, "lat": 49.05572442691215, "classification": 113, "subregion_name": "Eastern Asia", "umap_1d_x": 13.169662, "umap_2d_x": -36.120766, "umap_2d_y": 14.16954, "umap_3d_x": -42.577423, "umap_3d_y": 14.903175, "umap_3d_z": -8.5049133, "tsne_1d_x": -41.163284, "tsne_2d_x": -36.63501, "tsne_2d_y": -8.8057442, "tsne_3d_x": 12.005074, "tsne_3d_y": 28.543587, "tsne_3d_z": -0.82888412, "grid_umap_1d_x": 77.0, "grid_umap_2d_x": 5.0, "grid_umap_2d_y": 10.0, "grid_umap_3d_x": 0.0, "grid_umap_3d_y": 4.0, "grid_umap_3d_z": 4.0, "grid_tsne_1d_x": 62.0, "grid_tsne_2d_x": 2.0, "grid_tsne_2d_y": 4.0, "grid_tsne_3d_x": 4.0, "grid_tsne_3d_y": 5.0, "grid_tsne_3d_z": 0.0, "tile_dir": "tiles/0077" }, "geometry": { "type": "Point", "coordinates": [ 108.666724388039086, 49.05572442691215 ] } },
{ "type": "Feature", "properties": { "index": 78, "lon": 104.97798805467062, "lat": 9.5200503612278879, "classification": 116, "subregion_name": "South-eastern Asia", "umap_1d_x": 0.46195742, "umap_2d_x": 10.107483, "umap_2d_y": 42.415176, "umap_3d_x": 6.6617126, "umap_3d_y": 46.83316, "umap_3d_z": 22.948654, "tsne_1d_x": 17.862293, "tsne_2d_x": 20.306938, "tsne_2d_y": -33.448837, "tsne_3d_x": 35.024704, "tsne_3d_y": -39.361462, "tsne_3d_z": 13.346146, "grid_umap_1d_x": 78.0, "grid_umap_2d_x": 9.0, "grid_umap_2d_y": 13.0, "grid_umap_3d_x": 3.0, "grid_umap_3d_y": 4.0, "grid_umap_3d_z": 2.0, "grid_tsne_1d_x": 63.0, "grid_tsne_2d_x": 9.0, "grid_tsne_2d_y": 1.0, "grid_tsne_3d_x": 5.0, "grid_tsne_3d_y": 1.0, "grid_tsne_3d_z": 3.0, "tile_dir": "tiles/0078" }, "geometry": { "type": "Point", "coordinates": [ 104.977988054670618, 9.520050361227888 ] } },
{ "type": "Feature", "properties": { "index": 79, "lon": 76.151240565655542, "lat": 20.309868238284722, "classification": 40, "subregion_name": "Southern Asia", "umap_1d_x": 0.092280664, "umap_2d_x": 5.7073936, "umap_2d_y": 41.776085, "umap_3d_x": 2.4493752, "umap_3d_y": 40.755463, "umap_3d_z": 29.399231, "tsne_1d_x": 15.244291, "tsne_2d_x": 11.976856, "tsne_2d_y": -39.319244, "tsne_3d_x": 23.011955, "tsne_3d_y": -30.941769, "tsne_3d_z": 28.08493, "grid_umap_1d_x": 79.0, "grid_umap_2d_x": 6.0, "grid_umap_2d_y": 13.0, "grid_umap_3d_x": 1.0, "grid_umap_3d_y": 5.0, "grid_umap_3d_z": 5.0, "grid_tsne_1d_x": 71.0, "grid_tsne_2d_x": 7.0, "grid_tsne_2d_y": 2.0, "grid_tsne_3d_x": 4.0, "grid_tsne_3d_y": 1.0, "grid_tsne_3d_z": 5.0, "tile_dir": "tiles/0079" }, "geometry": { "type": "Point", "coordinates": [ 76.151240565655542, 20.309868238284722 ] } },
{ "type": "Feature", "properties": { "index": 80, "lon": -95.924314322847749, "lat": 56.843819073393178, "classification": 121, "subregion_name": "Northern America", "umap_1d_x": 16.974461, "umap_2d_x": -40.491432, "umap_2d_y": -8.3117599, "umap_3d_x": -48.485954, "umap_3d_y": -1.3761368, "umap_3d_z": -31.721664, "tsne_1d_x": -52.70631, "tsne_2d_x": -30.501549, "tsne_2d_y": 15.277328, "tsne_3d_x": -4.6205673, "tsne_3d_y": 22.276428, "tsne_3d_z": 22.48777, "grid_umap_1d_x": 80.0, "grid_umap_2d_x": 5.0, "grid_umap_2d_y": 4.0, "grid_umap_3d_x": 1.0, "grid_umap_3d_y": 2.0, "grid_umap_3d_z": 1.0, "grid_tsne_1d_x": 75.0, "grid_tsne_2d_x": 5.0, "grid_tsne_2d_y": 8.0, "grid_tsne_3d_x": 2.0, "grid_tsne_3d_y": 4.0, "grid_tsne_3d_z": 4.0, "tile_dir": "tiles/0080" }, "geometry": { "type": "Point", "coordinates": [ -95.924314322847749, 56.843819073393178 ] } },
{ "type": "Feature", "properties": { "index": 81, "lon": 104.32466717477831, "lat": 52.073544135043136, "classification": 113, "subregion_name": "Eastern Europe", "umap_1d_x": 11.293355, "umap_2d_x": -32.240772, "umap_2d_y": 22.860977, "umap_3d_x": -39.178207, "umap_3d_y": 13.537418, "umap_3d_z": -34.021248, "tsne_1d_x": -63.063351, "tsne_2d_x": -27.569143, "tsne_2d_y": 37.771942, "tsne_3d_x": 21.199409, "tsne_3d_y": 21.890312, "tsne_3d_z": 23.295326, "grid_umap_1d_x": 81.0, "grid_umap_2d_x": 0.0, "grid_umap_2d_y": 13.0, "grid_umap_3d_x": 1.0, "grid_umap_3d_y": 3.0, "grid_umap_3d_z": 0.0, "grid_tsne_1d_x": 76.0, "grid_tsne_2d_x": 5.0, "grid_tsne_2d_y": 12.0, "grid_tsne_3d_x": 5.0, "grid_tsne_3d_y": 4.0, "grid_tsne_3d_z": 4.0, "tile_dir": "tiles/0081" }, "geometry": { "type": "Point", "coordinates": [ 104.324667174778313, 52.073544135043136 ] } },
{ "type": "Feature", "properties": { "index": 82, "lon": 123.49555343888437, "lat": 57.059510503586495, "classification": 116, "subregion_name": "Eastern Europe", "umap_1d_x": 18.386978, "umap_2d_x": -45.782509, "umap_2d_y": 5.3207817, "umap_3d_x": -46.681633, "umap_3d_y": 22.265358, "umap_3d_z": -32.318111, "tsne_1d_x": -67.279549, "tsne_2d_x": -40.277615, "tsne_2d_y": 10.016941, "tsne_3d_x": 18.641403, "tsne_3d_y": 36.314301, "tsne_3d_z": 19.140053, "grid_umap_1d_x": 82.0, "grid_umap_2d_x": 1.0, "grid_umap_2d_y": 7.0, "grid_umap_3d_x": 2.0, "grid_umap_3d_y": 4.0, "grid_umap_3d_z": 1.0, "grid_tsne_1d_x": 78.0, "grid_tsne_2d_x": 1.0, "grid_tsne_2d_y": 7.0, "grid_tsne_3d_x": 4.0, "grid_tsne_3d_y": 4.0, "grid_tsne_3d_z": 3.0, "tile_dir": "tiles/0082" }, "geometry": { "type": "Point", "coordinates": [ 123.495553438884372, 57.059510503586495 ] } },
{ "type": "Feature", "properties": { "index": 83, "lon": 134.01062978832817, "lat": -25.706016452978709, "classification": 20, "subregion_name": "Unknown", "umap_1d_x": -20.465403, "umap_2d_x": 41.01535, "umap_2d_y": -48.382973, "umap_3d_x": 48.620316, "umap_3d_y": -47.17049, "umap_3d_z": 23.219597, "tsne_1d_x": 80.111794, "tsne_2d_x": 42.780754, "tsne_2d_y": 44.630844, "tsne_3d_x": -41.930641, "tsne_3d_y": -17.203178, "tsne_3d_z": -21.914583, "grid_umap_1d_x": 83.0, "grid_umap_2d_x": 9.0, "grid_umap_2d_y": 0.0, "grid_umap_3d_x": 3.0, "grid_umap_3d_y": 1.0, "grid_umap_3d_z": 2.0, "grid_tsne_1d_x": 83.0, "grid_tsne_2d_x": 9.0, "grid_tsne_2d_y": 12.0, "grid_tsne_3d_x": 1.0, "grid_tsne_3d_y": 2.0, "grid_tsne_3d_z": 2.0, "tile_dir": "tiles/0083" }, "geometry": { "type": "Point", "coordinates": [ 134.010629788328174, -25.706016452978709 ] } },
{ "type": "Feature", "properties": { "index": 84, "lon": -79.125983418941786, "lat": -7.072378592660499, "classification": 20, "subregion_name": "Latin America and the Caribbean", "umap_1d_x": -13.167672, "umap_2d_x": 46.75766, "umap_2d_y": -15.912567, "umap_3d_x": 35.641434, "umap_3d_y": -9.2128525, "umap_3d_z": 22.322502, "tsne_1d_x": 49.352604, "tsne_2d_x": 32.592583, "tsne_2d_y": -1.1669159, "tsne_3d_x": 7.4173622, "tsne_3d_y": -34.6306, "tsne_3d_z": -9.4119568, "grid_umap_1d_x": 84.0, "grid_umap_2d_x": 10.0, "grid_umap_2d_y": 7.0, "grid_umap_3d_x": 4.0, "grid_umap_3d_y": 1.0, "grid_umap_3d_z": 3.0, "grid_tsne_1d_x": 84.0, "grid_tsne_2d_x": 13.0, "grid_tsne_2d_y": 5.0, "grid_tsne_3d_x": 3.0, "grid_tsne_3d_y": 0.0, "grid_tsne_3d_z": 2.0, "tile_dir": "tiles/0084" }, "geometry": { "type": "Point", "coordinates": [ -79.125983418941786, -7.072378592660499 ] } },
{ "type": "Feature", "properties": { "index": 85, "lon": 71.923090543822127, "lat": 30.454007638303167, "classification": 40, "subregion_name": "Southern Asia", "umap_1d_x": 1.2262964, "umap_2d_x": 4.2040749, "umap_2d_y": 48.203911, "umap_3d_x": -1.2124863, "umap_3d_y": 43.47081, "umap_3d_z": 28.56591, "tsne_1d_x": 13.428504, "tsne_2d_x": 12.364502, "tsne_2d_y": -46.998417, "tsne_3d_x": 33.295128, "tsne_3d_y": -24.324894, "tsne_3d_z": 34.134743, "grid_umap_1d_x": 85.0, "grid_umap_2d_x": 5.0, "grid_umap_2d_y": 13.0, "grid_umap_3d_x": 0.0, "grid_umap_3d_y": 5.0, "grid_umap_3d_z": 5.0, "grid_tsne_1d_x": 85.0, "grid_tsne_2d_x": 7.0, "grid_tsne_2d_y": 0.0, "grid_tsne_3d_x": 5.0, "grid_tsne_3d_y": 3.0, "grid_tsne_3d_z": 5.0, "tile_dir": "tiles/0085" }, "geometry": { "type": "Point", "coordinates": [ 71.923090543822127, 30.454007638303167 ] } },
{ "type": "Feature", "properties": { "index": 86, "lon": -64.919078051895667, "lat": -26.01346079842051, "classification": 20, "subregion_name": "Latin America and the Caribbean", "umap_1d_x": -15.684472, "umap_2d_x": 38.888428, "umap_2d_y": -20.829805, "umap_3d_x": 41.250237, "umap_3d_y": -13.303623, "umap_3d_z": 15.824516, "tsne_1d_x": 62.533043, "tsne_2d_x": 28.878166, "tsne_2d_y": 16.542267, "tsne_3d_x": 5.8540459, "tsne_3d_y": -14.32275, "tsne_3d_z": -29.797373, "grid_umap_1d_x": 86.0, "grid_umap_2d_x": 13.0, "grid_umap_2d_y": 1.0, "grid_umap_3d_x": 5.0, "grid_umap_3d_y": 1.0, "grid_umap_3d_z": 3.0, "grid_tsne_1d_x": 86.0, "grid_tsne_2d_x": 10.0, "grid_tsne_2d_y": 9.0, "grid_tsne_3d_x": 4.0, "grid_tsne_3d_y": 3.0, "grid_tsne_3d_z": 0.0, "tile_dir": "tiles/0086" }, "geometry": { "type": "Point", "coordinates": [ -64.919078051895667, -26.01346079842051 ] } },
{ "type": "Feature", "properties": { "index": 87, "lon": -103.00070075126169, "lat": 54.956206502447515, "classification": 126, "subregion_name": "Northern America", "umap_1d_x": 17.827158, "umap_2d_x": -44.729824, "umap_2d_y": -10.165565, "umap_3d_x": -45.366444, "umap_3d_y": 7.5826721, "umap_3d_z": -40.324345, "tsne_1d_x": -59.957832, "tsne_2d_x": -35.50238, "tsne_2d_y": 30.637856, "tsne_3d_x": 14.265594, "tsne_3d_y": 19.02478, "tsne_3d_z": 35.268295, "grid_umap_1d_x": 87.0, "grid_umap_2d_x": 2.0, "grid_umap_2d_y": 3.0, "grid_umap_3d_x": 2.0, "grid_umap_3d_y": 2.0, "grid_umap_3d_z": 1.0, "grid_tsne_1d_x": 87.0, "grid_tsne_2d_x": 1.0, "grid_tsne_2d_y": 13.0, "grid_tsne_3d_x": 4.0, "grid_tsne_3d_y": 3.0, "grid_tsne_3d_z": 5.0, "tile_dir": "tiles/0087" }, "geometry": { "type": "Point", "coordinates": [ -103.000700751261689, 54.956206502447515 ] } },
{ "type": "Feature", "properties": { "index": 88, "lon": -53.062883948847144, "lat": -5.1641554746567451, "classification": 112, "subregion_name": "Latin America and the Caribbean", "umap_1d_x": -8.8907738, "umap_2d_x": 38.196365, "umap_2d_y": 25.006714, "umap_3d_x": 36.048264, "umap_3d_y": 41.228149, "umap_3d_z": 0.29668808000001001, "tsne_1d_x": 44.753151, "tsne_2d_x": 48.786003, "tsne_2d_y": -23.031626, "tsne_3d_x": 25.810204, "tsne_3d_y": -42.241817, "tsne_3d_z": -38.065655, "grid_umap_1d_x": 88.0, "grid_umap_2d_x": 12.0, "grid_umap_2d_y": 8.0, "grid_umap_3d_x": 5.0, "grid_umap_3d_y": 3.0, "grid_umap_3d_z": 1.0, "grid_tsne_1d_x": 88.0, "grid_tsne_2d_x": 13.0, "grid_tsne_2d_y": 4.0, "grid_tsne_3d_x": 4.0, "grid_tsne_3d_y": 1.0, "grid_tsne_3d_z": 0.0, "tile_dir": "tiles/0088" }, "geometry": { "type": "Point", "coordinates": [ -53.062883948847144, -5.164155474656745 ] } },
{ "type": "Feature", "properties": { "index": 89, "lon": 65.574405160322613, "lat": 54.813317287468422, "classification": 30, "subregion_name": "Eastern Europe", "umap_1d_x": 11.756755, "umap_2d_x": -30.037266, "umap_2d_y": 18.78817, "umap_3d_x": -36.493912, "umap_3d_y": 9.1368256, "umap_3d_z": -24.500206, "tsne_1d_x": -54.161724, "tsne_2d_x": -22.45787, "tsne_2d_y": 31.738838, "tsne_3d_x": 11.100525, "tsne_3d_y": 12.450073, "tsne_3d_z": 17.438385, "grid_umap_1d_x": 89.0, "grid_umap_2d_x": 2.0, "grid_umap_2d_y": 12.0, "grid_umap_3d_x": 0.0, "grid_umap_3d_y": 3.0, "grid_umap_3d_z": 0.0, "grid_tsne_1d_x": 89.0, "grid_tsne_2d_x": 6.0, "grid_tsne_2d_y": 11.0, "grid_tsne_3d_x": 5.0, "grid_tsne_3d_y": 4.0, "grid_tsne_3d_z": 5.0, "tile_dir": "tiles/0089" }, "geometry": { "type": "Point", "coordinates": [ 65.574405160322613, 54.813317287468422 ] } },
{ "type": "Feature", "properties": { "index": 90, "lon": -14.718002047487431, "lat": 11.48908375540546, "classification": 126, "subregion_name": "Sub-Saharan Africa", "umap_1d_x": -1.7670246, "umap_2d_x": 8.9093323, "umap_2d_y": 30.964615, "umap_3d_x": 7.3619537, "umap_3d_y": 36.614479, "umap_3d_z": 29.963264, "tsne_1d_x": 20.136341, "tsne_2d_x": 17.816734, "tsne_2d_y": -21.091906, "tsne_3d_x": 19.430244, "tsne_3d_y": -36.495987, "tsne_3d_z": 17.509773, "grid_umap_1d_x": 90.0, "grid_umap_2d_x": 8.0, "grid_umap_2d_y": 12.0, "grid_umap_3d_x": 3.0, "grid_umap_3d_y": 3.0, "grid_umap_3d_z": 3.0, "grid_tsne_1d_x": 90.0, "grid_tsne_2d_x": 10.0, "grid_tsne_2d_y": 0.0, "grid_tsne_3d_x": 4.0, "grid_tsne_3d_y": 0.0, "grid_tsne_3d_z": 4.0, "tile_dir": "tiles/0090" }, "geometry": { "type": "Point", "coordinates": [ -14.718002047487431, 11.48908375540546 ] } },
{ "type": "Feature", "properties": { "index": 91, "lon": 40.217548045162687, "lat": -14.632698646919401, "classification": 126, "subregion_name": "Sub-Saharan Africa", "umap_1d_x": -14.720583, "umap_2d_x": 41.639778, "umap_2d_y": -18.277657, "umap_3d_x": 43.728233, "umap_3d_y": -9.5318832, "umap_3d_z": 26.097687, "tsne_1d_x": 59.476673, "tsne_2d_x": 44.874321, "tsne_2d_y": 15.126617, "tsne_3d_x": -7.109787, "tsne_3d_y": -29.189928, "tsne_3d_z": -33.335983, "grid_umap_1d_x": 91.0, "grid_umap_2d_x": 12.0, "grid_umap_2d_y": 4.0, "grid_umap_3d_x": 5.0, "grid_umap_3d_y": 2.0, "grid_umap_3d_z": 4.0, "grid_tsne_1d_x": 91.0, "grid_tsne_2d_x": 11.0, "grid_tsne_2d_y": 8.0, "grid_tsne_3d_x": 2.0, "grid_tsne_3d_y": 1.0, "grid_tsne_3d_z": 0.0, "tile_dir": "tiles/0091" }, "geometry": { "type": "Point", "coordinates": [ 40.217548045162687, -14.632698646919401 ] } },
{ "type": "Feature", "properties": { "index": 92, "lon": 45.944138651002419, "lat": -21.314562686065628, "classification": 30, "subregion_name": "Sub-Saharan Africa", "umap_1d_x": -14.525909, "umap_2d_x": 44.057739, "umap_2d_y": -24.24227, "umap_3d_x": 41.330826, "umap_3d_y": -16.723236, "umap_3d_z": 27.971344, "tsne_1d_x": 58.083748, "tsne_2d_x": 40.313797, "tsne_2d_y": 22.745148, "tsne_3d_x": -19.614252, "tsne_3d_y": -34.27198, "tsne_3d_z": -24.20826, "grid_umap_1d_x": 92.0, "grid_umap_2d_x": 9.0, "grid_umap_2d_y": 5.0, "grid_umap_3d_x": 3.0, "grid_umap_3d_y": 1.0, "grid_umap_3d_z": 3.0, "grid_tsne_1d_x": 92.0, "grid_tsne_2d_x": 12.0, "grid_tsne_2d_y": 10.0, "grid_tsne_3d_x": 0.0, "grid_tsne_3d_y": 0.0, "grid_tsne_3d_z": 1.0, "tile_dir": "tiles/0092" }, "geometry": { "type": "Point", "coordinates": [ 45.944138651002419, -21.314562686065628 ] } },
{ "type": "Feature", "properties": { "index": 93, "lon": -43.830511481000997, "lat": -18.604653699946198, "classification": 30, "subregion_name": "Latin America and the Caribbean", "umap_1d_x": -14.096758, "umap_2d_x": 44.43866, "umap_2d_y": -19.201773, "umap_3d_x": 40.785263, "umap_3d_y": -10.406151, "umap_3d_z": 28.958786, "tsne_1d_x": 56.564743, "tsne_2d_x": 38.614777, "tsne_2d_y": 12.374817, "tsne_3d_x": -4.7878609, "tsne_3d_y": -27.788046, "tsne_3d_z": -20.217075, "grid_umap_1d_x": 93.0, "grid_umap_2d_x": 14.0, "grid_umap_2d_y": 3.0, "grid_umap_3d_x": 5.0, "grid_umap_3d_y": 1.0, "grid_umap_3d_z": 5.0, "grid_tsne_1d_x": 93.0, "grid_tsne_2d_x": 13.0, "grid_tsne_2d_y": 8.0, "grid_tsne_3d_x": 2.0, "grid_tsne_3d_y": 0.0, "grid_tsne_3d_z": 0.0, "tile_dir": "tiles/0093" }, "geometry": { "type": "Point", "coordinates": [ -43.830511481000997, -18.604653699946198 ] } },
{ "type": "Feature", "properties": { "index": 94, "lon": 78.942582928781405, "lat": 21.642267446345087, "classification": 114, "subregion_name": "Southern Asia", "umap_1d_x": -0.16808459, "umap_2d_x": 5.187458, "umap_2d_y": 39.309731, "umap_3d_x": 3.2784805, "umap_3d_y": 38.273193, "umap_3d_z": 26.595131, "tsne_1d_x": 14.517976, "tsne_2d_x": 10.907547, "tsne_2d_y": -35.101418, "tsne_3d_x": 18.354553, "tsne_3d_y": -28.234413, "tsne_3d_z": 20.983047, "grid_umap_1d_x": 94.0, "grid_umap_2d_x": 6.0, "grid_umap_2d_y": 11.0, "grid_umap_3d_x": 2.0, "grid_umap_3d_y": 4.0, "grid_umap_3d_z": 4.0, "grid_tsne_1d_x": 94.0, "grid_tsne_2d_x": 6.0, "grid_tsne_2d_y": 4.0, "grid_tsne_3d_x": 3.0, "grid_tsne_3d_y": 2.0, "grid_tsne_3d_z": 4.0, "tile_dir": "tiles/0094" }, "geometry": { "type": "Point", "coordinates": [ 78.942582928781405, 21.642267446345087 ] } },
{ "type": "Feature", "properties": { "index": 95, "lon": 25.41332640662506, "lat": -33.578583522307667, "classification": 126, "subregion_name": "Sub-Saharan Africa", "umap_1d_x": -16.298372, "umap_2d_x": 36.356804, "umap_2d_y": -21.522533, "umap_3d_x": 43.81176, "umap_3d_y": -15.250168, "umap_3d_z": 10.412418, "tsne_1d_x": 63.334225, "tsne_2d_x": 27.555046, "tsne_2d_y": 21.080482, "tsne_3d_x": 1.3352814, "tsne_3d_y": -11.434109, "tsne_3d_z": -36.005474, "grid_umap_1d_x": 95.0, "grid_umap_2d_x": 12.0, "grid_umap_2d_y": 1.0, "grid_umap_3d_x": 4.0, "grid_umap_3d_y": 1.0, "grid_umap_3d_z": 1.0, "grid_tsne_1d_x": 95.0, "grid_tsne_2d_x": 8.0, "grid_tsne_2d_y": 9.0, "grid_tsne_3d_x": 3.0, "grid_tsne_3d_y": 4.0, "grid_tsne_3d_z": 1.0, "tile_dir": "tiles/0095" }, "geometry": { "type": "Point", "coordinates": [ 25.41332640662506, -33.578583522307667 ] } },
{ "type": "Feature", "properties": { "index": 96, "lon": 62.567213876498101, "lat": 55.305780896643483, "classification": 114, "subregion_name": "Eastern Europe", "umap_1d_x": 11.852613, "umap_2d_x": -30.368757, "umap_2d_y": 17.673218, "umap_3d_x": -36.734943, "umap_3d_y": 9.3679657, "umap_3d_z": -23.248625, "tsne_1d_x": -54.130741, "tsne_2d_x": -23.480612, "tsne_2d_y": 30.262909, "tsne_3d_x": 12.289207, "tsne_3d_y": 16.083321, "tsne_3d_z": 16.637871, "grid_umap_1d_x": 96.0, "grid_umap_2d_x": 1.0, "grid_umap_2d_y": 12.0, "grid_umap_3d_x": 1.0, "grid_umap_3d_y": 3.0, "grid_umap_3d_z": 1.0, "grid_tsne_1d_x": 96.0, "grid_tsne_2d_x": 1.0, "grid_tsne_2d_y": 14.0, "grid_tsne_3d_x": 5.0, "grid_tsne_3d_y": 5.0, "grid_tsne_3d_z": 5.0, "tile_dir": "tiles/0096" }, "geometry": { "type": "Point", "coordinates": [ 62.567213876498101, 55.305780896643483 ] } },
{ "type": "Feature", "properties": { "index": 97, "lon": -69.35801586114934, "lat": -14.276768888689254, "classification": 112, "subregion_name": "Latin America and the Caribbean", "umap_1d_x": -5.5107889, "umap_2d_x": 26.765099, "umap_2d_y": 32.634743, "umap_3d_x": 20.863358, "umap_3d_y": 33.37323, "umap_3d_z": 9.2855034, "tsne_1d_x": 32.436882, "tsne_2d_x": 29.415771, "tsne_2d_y": -21.424967, "tsne_3d_x": 24.189903, "tsne_3d_y": -26.189495, "tsne_3d_z": -7.6433945, "grid_umap_1d_x": 97.0, "grid_umap_2d_x": 11.0, "grid_umap_2d_y": 10.0, "grid_umap_3d_x": 5.0, "grid_umap_3d_y": 5.0, "grid_umap_3d_z": 4.0, "grid_tsne_1d_x": 97.0, "grid_tsne_2d_x": 11.0, "grid_tsne_2d_y": 3.0, "grid_tsne_3d_x": 5.0, "grid_tsne_3d_y": 1.0, "grid_tsne_3d_z": 2.0, "tile_dir": "tiles/0097" }, "geometry": { "type": "Point", "coordinates": [ -69.35801586114934, -14.276768888689254 ] } },
{ "type": "Feature", "properties": { "index": 98, "lon": 166.86432184341913, "lat": 67.345139817684611, "classification": 126, "subregion_name": "Eastern Europe", "umap_1d_x": 19.017313, "umap_2d_x": -48.82362, "umap_2d_y": -1.5920372, "umap_3d_x": -49.494877, "umap_3d_y": 19.391258, "umap_3d_z": -43.914074, "tsne_1d_x": -70.272064, "tsne_2d_x": -45.904152, "tsne_2d_y": 21.835258, "tsne_3d_x": 5.1636696, "tsne_3d_y": 35.233299, "tsne_3d_z": 38.744804, "grid_umap_1d_x": 98.0, "grid_umap_2d_x": 3.0, "grid_umap_2d_y": 6.0, "grid_umap_3d_x": 2.0, "grid_umap_3d_y": 4.0, "grid_umap_3d_z": 0.0, "grid_tsne_1d_x": 98.0, "grid_tsne_2d_x": 0.0, "grid_tsne_2d_y": 10.0, "grid_tsne_3d_x": 3.0, "grid_tsne_3d_y": 5.0, "grid_tsne_3d_z": 5.0, "tile_dir": "tiles/0098" }, "geometry": { "type": "Point", "coordinates": [ 166.864321843419134, 67.345139817684611 ] } },
{ "type": "Feature", "properties": { "index": 99, "lon": 66.092229826509794, "lat": 33.612016155369261, "classification": 30, "subregion_name": "Southern Asia", "umap_1d_x": 6.8237395, "umap_2d_x": -14.520798, "umap_2d_y": 7.9028053, "umap_3d_x": -21.230339, "umap_3d_y": 3.4364052, "umap_3d_z": 6.6362991, "tsne_1d_x": -4.3295889, "tsne_2d_x": 4.9755936, "tsne_2d_y": 18.961784, "tsne_3d_x": -15.893837, "tsne_3d_y": -9.7836037, "tsne_3d_z": 19.869469, "grid_umap_1d_x": 99.0, "grid_umap_2d_x": 4.0, "grid_umap_2d_y": 8.0, "grid_umap_3d_x": 0.0, "grid_umap_3d_y": 2.0, "grid_umap_3d_z": 4.0, "grid_tsne_1d_x": 99.0, "grid_tsne_2d_x": 6.0, "grid_tsne_2d_y": 13.0, "grid_tsne_3d_x": 1.0, "grid_tsne_3d_y": 2.0, "grid_tsne_3d_z": 4.0, "tile_dir": "tiles/0099" }, "geometry": { "type": "Point", "coordinates": [ 66.092229826509794, 33.612016155369261 ] } },
{ "type": "Feature", "properties": { "index": 100, "lon": 40.210555112500401, "lat": 5.3136213060705444, "classification": 20, "subregion_name": "Sub-Saharan Africa", "umap_1d_x": 3.0644443, "umap_2d_x": 6.4452095, "umap_2d_y": 2.4975243, "umap_3d_x": 13.193913, "umap_3d_y": 4.6054726, "umap_3d_z": 48.691246, "tsne_1d_x": 29.445395, "tsne_2d_x": 14.744713, "tsne_2d_y": 40.413651, "tsne_3d_x": -13.146122, "tsne_3d_y": -37.581657, "tsne_3d_z": 4.5669098, "grid_umap_1d_x": 100.0, "grid_umap_2d_x": 7.0, "grid_umap_2d_y": 3.0, "grid_umap_3d_x": 2.0, "grid_umap_3d_y": 1.0, "grid_umap_3d_z": 4.0, "grid_tsne_1d_x": 100.0, "grid_tsne_2d_x": 7.0, "grid_tsne_2d_y": 13.0, "grid_tsne_3d_x": 1.0, "grid_tsne_3d_y": 0.0, "grid_tsne_3d_z": 3.0, "tile_dir": "tiles/0100" }, "geometry": { "type": "Point", "coordinates": [ 40.210555112500401, 5.313621306070544 ] } },
{ "type": "Feature", "properties": { "index": 101, "lon": 11.973449948919182, "lat": -3.092101208527005, "classification": 30, "subregion_name": "Sub-Saharan Africa", "umap_1d_x": -12.187263, "umap_2d_x": 46.79361, "umap_2d_y": -11.835697, "umap_3d_x": 37.293854, "umap_3d_y": -2.685009, "umap_3d_z": 26.492668, "tsne_1d_x": 48.96682, "tsne_2d_x": 40.574768, "tsne_2d_y": -3.2475395, "tsne_3d_x": -2.812088, "tsne_3d_y": -48.018795, "tsne_3d_z": -27.087496, "grid_umap_1d_x": 101.0, "grid_umap_2d_x": 12.0, "grid_umap_2d_y": 7.0, "grid_umap_3d_x": 5.0, "grid_umap_3d_y": 3.0, "grid_umap_3d_z": 4.0, "grid_tsne_1d_x": 101.0, "grid_tsne_2d_x": 14.0, "grid_tsne_2d_y": 5.0, "grid_tsne_3d_x": 3.0, "grid_tsne_3d_y": 0.0, "grid_tsne_3d_z": 0.0, "tile_dir": "tiles/0101" }, "geometry": { "type": "Point", "coordinates": [ 11.973449948919182, -3.092101208527005 ] } },
{ "type": "Feature", "properties": { "index": 102, "lon": 116.248908065975, "lat": 1.375368717099114, "classification": 112, "subregion_name": "South-eastern Asia", "umap_1d_x": -6.104599, "umap_2d_x": 29.844543, "umap_2d_y": 37.852028, "umap_3d_x": 25.334, "umap_3d_y": 39.54306, "umap_3d_z": 7.3365974, "tsne_1d_x": 35.211178, "tsne_2d_x": 34.278831, "tsne_2d_y": -31.625261, "tsne_3d_x": 33.913376, "tsne_3d_y": -31.96324, "tsne_3d_z": -19.420811, "grid_umap_1d_x": 102.0, "grid_umap_2d_x": 10.0, "grid_umap_2d_y": 9.0, "grid_umap_3d_x": 4.0, "grid_umap_3d_y": 4.0, "grid_umap_3d_z": 2.0, "grid_tsne_1d_x": 102.0, "grid_tsne_2d_x": 9.0, "grid_tsne_2d_y": 5.0, "grid_tsne_3d_x": 5.0, "grid_tsne_3d_y": 2.0, "grid_tsne_3d_z": 1.0, "tile_dir": "tiles/0102" }, "geometry": { "type": "Point", "coordinates": [ 116.248908065975002, 1.375368717099114 ] } },
{ "type": "Feature", "properties": { "index": 103, "lon": -9.1959215882060619, "lat": 10.842312575760602, "classification": 40, "subregion_name": "Sub-Saharan Africa", "umap_1d_x": -2.357111, "umap_2d_x": 9.9032059, "umap_2d_y": 26.0224, "umap_3d_x": 8.4920578, "umap_3d_y": 34.765884, "umap_3d_z": 34.253929, "tsne_1d_x": 22.599909, "tsne_2d_x": 17.333046, "tsne_2d_y": -15.708714, "tsne_3d_x": 10.99416, "tsne_3d_y": -38.572151, "tsne_3d_z": 18.898117, "grid_umap_1d_x": 103.0, "grid_umap_2d_x": 9.0, "grid_umap_2d_y": 9.0, "grid_umap_3d_x": 4.0, "grid_umap_3d_y": 5.0, "grid_umap_3d_z": 5.0, "grid_tsne_1d_x": 103.0, "grid_tsne_2d_x": 10.0, "grid_tsne_2d_y": 1.0, "grid_tsne_3d_x": 3.0, "grid_tsne_3d_y": 1.0, "grid_tsne_3d_z": 4.0, "tile_dir": "tiles/0103" }, "geometry": { "type": "Point", "coordinates": [ -9.195921588206062, 10.842312575760602 ] } },
{ "type": "Feature", "properties": { "index": 104, "lon": 40.178576092744464, "lat": 2.652315695412014, "classification": 20, "subregion_name": "Sub-Saharan Africa", "umap_1d_x": 3.0631838, "umap_2d_x": 6.817234, "umap_2d_y": 3.3387947, "umap_3d_x": 12.894691, "umap_3d_y": 5.2776985, "umap_3d_z": 49.106606, "tsne_1d_x": 28.799711, "tsne_2d_x": 14.179962, "tsne_2d_y": 37.157616, "tsne_3d_x": -17.028633, "tsne_3d_y": -41.272903, "tsne_3d_z": 8.0061722, "grid_umap_1d_x": 104.0, "grid_umap_2d_x": 7.0, "grid_umap_2d_y": 4.0, "grid_umap_3d_x": 2.0, "grid_umap_3d_y": 1.0, "grid_umap_3d_z": 5.0, "grid_tsne_1d_x": 104.0, "grid_tsne_2d_x": 7.0, "grid_tsne_2d_y": 12.0, "grid_tsne_3d_x": 0.0, "grid_tsne_3d_y": 0.0, "grid_tsne_3d_z": 3.0, "tile_dir": "tiles/0104" }, "geometry": { "type": "Point", "coordinates": [ 40.178576092744464, 2.652315695412014 ] } },
{ "type": "Feature", "properties": { "index": 105, "lon": -77.189302341350157, "lat": -4.9509350975717297, "classification": 112, "subregion_name": "Latin America and the Caribbean", "umap_1d_x": -8.0967836, "umap_2d_x": 35.20475, "umap_2d_y": 31.115433, "umap_3d_x": 31.663773, "umap_3d_y": 41.961044, "umap_3d_z": 0.56191635, "tsne_1d_x": 41.823154, "tsne_2d_x": 43.43634, "tsne_2d_y": -27.981354, "tsne_3d_x": 34.187218, "tsne_3d_y": -41.820831, "tsne_3d_z": -26.221891, "grid_umap_1d_x": 105.0, "grid_umap_2d_x": 10.0, "grid_umap_2d_y": 8.0, "grid_umap_3d_x": 4.0, "grid_umap_3d_y": 3.0, "grid_umap_3d_z": 1.0, "grid_tsne_1d_x": 105.0, "grid_tsne_2d_x": 13.0, "grid_tsne_2d_y": 2.0, "grid_tsne_3d_x": 4.0, "grid_tsne_3d_y": 2.0, "grid_tsne_3d_z": 1.0, "tile_dir": "tiles/0105" }, "geometry": { "type": "Point", "coordinates": [ -77.189302341350157, -4.95093509757173 ] } },
{ "type": "Feature", "properties": { "index": 106, "lon": 110.10625728236494, "lat": -7.6665132505559654, "classification": 112, "subregion_name": "South-eastern Asia", "umap_1d_x": -13.002666, "umap_2d_x": 46.751152, "umap_2d_y": -14.656277, "umap_3d_x": 37.270981, "umap_3d_y": -7.7937469, "umap_3d_z": 25.703705, "tsne_1d_x": 49.182522, "tsne_2d_x": 34.503456, "tsne_2d_y": -3.1717072, "tsne_3d_x": 8.139019, "tsne_3d_y": -32.249577, "tsne_3d_z": -15.333408, "grid_umap_1d_x": 106.0, "grid_umap_2d_x": 14.0, "grid_umap_2d_y": 5.0, "grid_umap_3d_x": 3.0, "grid_umap_3d_y": 2.0, "grid_umap_3d_z": 3.0, "grid_tsne_1d_x": 106.0, "grid_tsne_2d_x": 14.0, "grid_tsne_2d_y": 4.0, "grid_tsne_3d_x": 3.0, "grid_tsne_3d_y": 2.0, "grid_tsne_3d_z": 2.0, "tile_dir": "tiles/0106" }, "geometry": { "type": "Point", "coordinates": [ 110.106257282364936, -7.666513250555965 ] } },
{ "type": "Feature", "properties": { "index": 107, "lon": 29.030729538413226, "lat": -31.999411022418464, "classification": 30, "subregion_name": "Sub-Saharan Africa", "umap_1d_x": -16.713129, "umap_2d_x": 34.683395, "umap_2d_y": -22.963737, "umap_3d_x": 44.897636, "umap_3d_y": -17.383728, "umap_3d_z": 8.0633087, "tsne_1d_x": 67.915367, "tsne_2d_x": 29.118042, "tsne_2d_y": 38.013115, "tsne_3d_x": -12.444626, "tsne_3d_y": -2.7157364, "tsne_3d_z": -36.786789, "grid_umap_1d_x": 107.0, "grid_umap_2d_x": 11.0, "grid_umap_2d_y": 1.0, "grid_umap_3d_x": 4.0, "grid_umap_3d_y": 0.0, "grid_umap_3d_z": 0.0, "grid_tsne_1d_x": 107.0, "grid_tsne_2d_x": 7.0, "grid_tsne_2d_y": 11.0, "grid_tsne_3d_x": 1.0, "grid_tsne_3d_y": 4.0, "grid_tsne_3d_z": 0.0, "tile_dir": "tiles/0107" }, "geometry": { "type": "Point", "coordinates": [ 29.030729538413226, -31.999411022418464 ] } },
{ "type": "Feature", "properties": { "index": 108, "lon": 30.627273546928592, "lat": 7.0346002262610909, "classification": 30, "subregion_name": "Unknown", "umap_1d_x": -2.3003328, "umap_2d_x": 10.462975, "umap_2d_y": 25.737366, "umap_3d_x": 9.3835106, "umap_3d_y": 31.667564, "umap_3d_z": 33.532387, "tsne_1d_x": 22.131725, "tsne_2d_x": 14.672264, "tsne_2d_y": -14.81419, "tsne_3d_x": 13.311672, "tsne_3d_y": -46.23975, "tsne_3d_z": 18.516235, "grid_umap_1d_x": 108.0, "grid_umap_2d_x": 10.0, "grid_umap_2d_y": 13.0, "grid_umap_3d_x": 4.0, "grid_umap_3d_y": 4.0, "grid_umap_3d_z": 5.0, "grid_tsne_1d_x": 108.0, "grid_tsne_2d_x": 8.0, "grid_tsne_2d_y": 4.0, "grid_tsne_3d_x": 3.0, "grid_tsne_3d_y": 0.0, "grid_tsne_3d_z": 4.0, "tile_dir": "tiles/0108" }, "geometry": { "type": "Point", "coordinates": [ 30.627273546928592, 7.034600226261091 ] } },
{ "type": "Feature", "properties": { "index": 109, "lon": 46.325801058609045, "lat": 6.6253974789221246, "classification": 20, "subregion_name": "Sub-Saharan Africa", "umap_1d_x": 2.9582829, "umap_2d_x": 7.5703506, "umap_2d_y": 5.5150642, "umap_3d_x": 11.991768, "umap_3d_y": 7.7623711, "umap_3d_z": 49.951271, "tsne_1d_x": 28.27725, "tsne_2d_x": 14.482925, "tsne_2d_y": 34.894974, "tsne_3d_x": -15.213142, "tsne_3d_y": -42.426441, "tsne_3d_z": 12.02631, "grid_umap_1d_x": 109.0, "grid_umap_2d_x": 8.0, "grid_umap_2d_y": 6.0, "grid_umap_3d_x": 3.0, "grid_umap_3d_y": 2.0, "grid_umap_3d_z": 5.0, "grid_tsne_1d_x": 109.0, "grid_tsne_2d_x": 8.0, "grid_tsne_2d_y": 14.0, "grid_tsne_3d_x": 1.0, "grid_tsne_3d_y": 1.0, "grid_tsne_3d_z": 3.0, "tile_dir": "tiles/0109" }, "geometry": { "type": "Point", "coordinates": [ 46.325801058609045, 6.625397478922125 ] } },
{ "type": "Feature", "properties": { "index": 110, "lon": 11.932621922849449, "lat": 13.321873556614364, "classification": 30, "subregion_name": "Sub-Saharan Africa", "umap_1d_x": 2.2641637, "umap_2d_x": 8.7457657, "umap_2d_y": 12.326859, "umap_3d_x": 8.9627037, "umap_3d_y": 20.726784, "umap_3d_z": 49.3843, "tsne_1d_x": 26.138525, "tsne_2d_x": 15.256142, "tsne_2d_y": -1.0150452, "tsne_3d_x": -8.2717552, "tsne_3d_y": -36.313744, "tsne_3d_z": 24.781708, "grid_umap_1d_x": 110.0, "grid_umap_2d_x": 9.0, "grid_umap_2d_y": 8.0, "grid_umap_3d_x": 4.0, "grid_umap_3d_y": 3.0, "grid_umap_3d_z": 5.0, "grid_tsne_1d_x": 110.0, "grid_tsne_2d_x": 9.0, "grid_tsne_2d_y": 6.0, "grid_tsne_3d_x": 2.0, "grid_tsne_3d_y": 2.0, "grid_tsne_3d_z": 4.0, "tile_dir": "tiles/0110" }, "geometry": { "type": "Point", "coordinates": [ 11.932621922849449, 13.321873556614364 ] } },
{ "type": "Feature", "properties": { "index": 111, "lon": -107.39950523011765, "lat": 27.544879050441651, "classification": 121, "subregion_name": "Latin America and the Caribbean", "umap_1d_x": -0.48071912, "umap_2d_x": 2.3794098, "umap_2d_y": 31.867447, "umap_3d_x": 1.6961403, "umap_3d_y": 31.372047, "umap_3d_z": 17.324059, "tsne_1d_x": 7.4996638, "tsne_2d_x": 5.5607681, "tsne_2d_y": -25.165825, "tsne_3d_x": 11.120476, "tsne_3d_y": -19.415209, "tsne_3d_z": 6.3211555, "grid_umap_1d_x": 111.0, "grid_umap_2d_x": 4.0, "grid_umap_2d_y": 14.0, "grid_umap_3d_x": 1.0, "grid_umap_3d_y": 5.0, "grid_umap_3d_z": 4.0, "grid_tsne_1d_x": 111.0, "grid_tsne_2d_x": 5.0, "grid_tsne_2d_y": 0.0, "grid_tsne_3d_x": 4.0, "grid_tsne_3d_y": 0.0, "grid_tsne_3d_z": 3.0, "tile_dir": "tiles/0111" }, "geometry": { "type": "Point", "coordinates": [ -107.399505230117654, 27.544879050441651 ] } },
{ "type": "Feature", "properties": { "index": 112, "lon": 129.42671298583525, "lat": 41.473606666607608, "classification": 114, "subregion_name": "Eastern Asia", "umap_1d_x": 8.9662218, "umap_2d_x": -13.186459, "umap_2d_y": 29.913269, "umap_3d_x": -12.137707, "umap_3d_y": 22.293106, "umap_3d_z": -8.1637459, "tsne_1d_x": -10.61086, "tsne_2d_x": -9.4925957, "tsne_2d_y": -30.041742, "tsne_3d_x": 32.872635, "tsne_3d_y": 6.2867889, "tsne_3d_z": 0.90023422000001, "grid_umap_1d_x": 112.0, "grid_umap_2d_x": 1.0, "grid_umap_2d_y": 14.0, "grid_umap_3d_x": 3.0, "grid_umap_3d_y": 5.0, "grid_umap_3d_z": 0.0, "grid_tsne_1d_x": 112.0, "grid_tsne_2d_x": 3.0, "grid_tsne_2d_y": 0.0, "grid_tsne_3d_x": 5.0, "grid_tsne_3d_y": 4.0, "grid_tsne_3d_z": 1.0, "tile_dir": "tiles/0112" }, "geometry": { "type": "Point", "coordinates": [ 129.426712985835252, 41.473606666607608 ] } },
{ "type": "Feature", "properties": { "index": 113, "lon": 131.44431041075489, "lat": -22.465429517466163, "classification": 30, "subregion_name": "Unknown", "umap_1d_x": -20.689846, "umap_2d_x": 42.676857, "umap_2d_y": -49.617477, "umap_3d_x": 47.95005, "umap_3d_y": -48.807068, "umap_3d_z": 26.747475, "tsne_1d_x": 80.71801, "tsne_2d_x": 45.456436, "tsne_2d_y": 43.650192, "tsne_3d_x": -46.081383, "tsne_3d_y": -17.134899, "tsne_3d_z": -17.235886, "grid_umap_1d_x": 113.0, "grid_umap_2d_x": 10.0, "grid_umap_2d_y": 0.0, "grid_umap_3d_x": 2.0, "grid_umap_3d_y": 0.0, "grid_umap_3d_z": 4.0, "grid_tsne_1d_x": 113.0, "grid_tsne_2d_x": 13.0, "grid_tsne_2d_y": 14.0, "grid_tsne_3d_x": 1.0, "grid_tsne_3d_y": 3.0, "grid_tsne_3d_z": 2.0, "tile_dir": "tiles/0113" }, "geometry": { "type": "Point", "coordinates": [ 131.444310410754895, -22.465429517466163 ] } },
{ "type": "Feature", "properties": { "index": 114, "lon": 118.38133348784629, "lat": 53.404673985222956, "classification": 113, "subregion_name": "Eastern Europe", "umap_1d_x": 13.039294, "umap_2d_x": -35.900455, "umap_2d_y": 15.257896, "umap_3d_x": -42.432739, "umap_3d_y": 15.659157, "umap_3d_z": -10.026722, "tsne_1d_x": -41.180218, "tsne_2d_x": -36.675781, "tsne_2d_y": -6.7598572, "tsne_3d_x": 15.222618, "tsne_3d_y": 26.992889, "tsne_3d_z": 0.33323288, "grid_umap_1d_x": 114.0, "grid_umap_2d_x": 2.0, "grid_umap_2d_y": 11.0, "grid_umap_3d_x": 0.0, "grid_umap_3d_y": 4.0, "grid_umap_3d_z": 3.0, "grid_tsne_1d_x": 114.0, "grid_tsne_2d_x": 0.0, "grid_tsne_2d_y": 4.0, "grid_tsne_3d_x": 5.0, "grid_tsne_3d_y": 5.0, "grid_tsne_3d_z": 1.0, "tile_dir": "tiles/0114" }, "geometry": { "type": "Point", "coordinates": [ 118.381333487846291, 53.404673985222956 ] } },
{ "type": "Feature", "properties": { "index": 115, "lon": -117.16221456803434, "lat": 65.418812838722687, "classification": 20, "subregion_name": "Northern America", "umap_1d_x": 19.261501, "umap_2d_x": -49.48267, "umap_2d_y": -5.0063057, "umap_3d_x": -47.577721, "umap_3d_y": 19.550797, "umap_3d_z": -48.491985, "tsne_1d_x": -70.994644, "tsne_2d_x": -40.576561, "tsne_2d_y": 27.681618, "tsne_3d_x": 20.329674, "tsne_3d_y": 37.178459, "tsne_3d_z": 40.625938, "grid_umap_1d_x": 115.0, "grid_umap_2d_x": 1.0, "grid_umap_2d_y": 5.0, "grid_umap_3d_x": 3.0, "grid_umap_3d_y": 4.0, "grid_umap_3d_z": 0.0, "grid_tsne_1d_x": 115.0, "grid_tsne_2d_x": 2.0, "grid_tsne_2d_y": 11.0, "grid_tsne_3d_x": 4.0, "grid_tsne_3d_y": 4.0, "grid_tsne_3d_z": 4.0, "tile_dir": "tiles/0115" }, "geometry": { "type": "Point", "coordinates": [ -117.162214568034344, 65.418812838722687 ] } },
{ "type": "Feature", "properties": { "index": 116, "lon": -89.405375897281559, "lat": 52.199257543820863, "classification": 20, "subregion_name": "Northern America", "umap_1d_x": 17.384377, "umap_2d_x": -42.440605, "umap_2d_y": -14.68478, "umap_3d_x": -44.504311, "umap_3d_y": -1.4249153, "umap_3d_z": -40.076622, "tsne_1d_x": -57.04665, "tsne_2d_x": -28.096277, "tsne_2d_y": 27.993454, "tsne_3d_x": -5.7494926, "tsne_3d_y": 15.529434, "tsne_3d_z": 27.793602, "grid_umap_1d_x": 116.0, "grid_umap_2d_x": 6.0, "grid_umap_2d_y": 3.0, "grid_umap_3d_x": 2.0, "grid_umap_3d_y": 1.0, "grid_umap_3d_z": 0.0, "grid_tsne_1d_x": 116.0, "grid_tsne_2d_x": 0.0, "grid_tsne_2d_y": 14.0, "grid_tsne_3d_x": 2.0, "grid_tsne_3d_y": 3.0, "grid_tsne_3d_z": 4.0, "tile_dir": "tiles/0116" }, "geometry": { "type": "Point", "coordinates": [ -89.405375897281559, 52.199257543820863 ] } },
{ "type": "Feature", "properties": { "index": 117, "lon": 135.5403279207012, "lat": 59.811238262102748, "classification": 113, "subregion_name": "Eastern Europe", "umap_1d_x": 15.694526, "umap_2d_x": -41.449287, "umap_2d_y": 13.188911, "umap_3d_x": -47.955891, "umap_3d_y": 20.862923, "umap_3d_z": -15.338772, "tsne_1d_x": -43.469086, "tsne_2d_x": -41.42564, "tsne_2d_y": 0.83044052000001045, "tsne_3d_x": 8.4159622, "tsne_3d_y": 38.994377, "tsne_3d_z": 11.621159, "grid_umap_1d_x": 117.0, "grid_umap_2d_x": 1.0, "grid_umap_2d_y": 10.0, "grid_umap_3d_x": 1.0, "grid_umap_3d_y": 4.0, "grid_umap_3d_z": 2.0, "grid_tsne_1d_x": 117.0, "grid_tsne_2d_x": 2.0, "grid_tsne_2d_y": 6.0, "grid_tsne_3d_x": 3.0, "grid_tsne_3d_y": 5.0, "grid_tsne_3d_z": 3.0, "tile_dir": "tiles/0117" }, "geometry": { "type": "Point", "coordinates": [ 135.540327920701202, 59.811238262102748 ] } },
{ "type": "Feature", "properties": { "index": 118, "lon": 49.337468619635132, "lat": 58.335034420661856, "classification": 115, "subregion_name": "Eastern Europe", "umap_1d_x": 21.022064, "umap_2d_x": -29.173433, "umap_2d_y": -7.2792892, "umap_3d_x": -41.71825, "umap_3d_y": -11.360844, "umap_3d_z": -4.5889015, "tsne_1d_x": -31.122829, "tsne_2d_x": -22.689035, "tsne_2d_y": -9.6189766, "tsne_3d_x": -26.268656, "tsne_3d_y": 23.866585, "tsne_3d_z": 1.7252846, "grid_umap_1d_x": 118.0, "grid_umap_2d_x": 1.0, "grid_umap_2d_y": 2.0, "grid_umap_3d_x": 1.0, "grid_umap_3d_y": 0.0, "grid_umap_3d_z": 3.0, "grid_tsne_1d_x": 118.0, "grid_tsne_2d_x": 0.0, "grid_tsne_2d_y": 2.0, "grid_tsne_3d_x": 0.0, "grid_tsne_3d_y": 5.0, "grid_tsne_3d_z": 2.0, "tile_dir": "tiles/0118" }, "geometry": { "type": "Point", "coordinates": [ 49.337468619635132, 58.335034420661856 ] } },
{ "type": "Feature", "properties": { "index": 119, "lon": 131.37028776622043, "lat": 58.185666905018664, "classification": 113, "subregion_name": "Eastern Europe", "umap_1d_x": 18.878912, "umap_2d_x": -46.203232, "umap_2d_y": 1.8766212, "umap_3d_x": -48.528328, "umap_3d_y": 18.303535, "umap_3d_z": -35.07967, "tsne_1d_x": -66.175407, "tsne_2d_x": -47.871262, "tsne_2d_y": 17.885246, "tsne_3d_x": -0.18638992, "tsne_3d_y": 43.442543, "tsne_3d_z": 30.711784, "grid_umap_1d_x": 119.0, "grid_umap_2d_x": 2.0, "grid_umap_2d_y": 6.0, "grid_umap_3d_x": 0.0, "grid_umap_3d_y": 4.0, "grid_umap_3d_z": 0.0, "grid_tsne_1d_x": 119.0, "grid_tsne_2d_x": 3.0, "grid_tsne_2d_y": 8.0, "grid_tsne_3d_x": 2.0, "grid_tsne_3d_y": 5.0, "grid_tsne_3d_z": 4.0, "tile_dir": "tiles/0119" }, "geometry": { "type": "Point", "coordinates": [ 131.370287766220429, 58.185666905018664 ] } },
{ "type": "Feature", "properties": { "index": 120, "lon": -67.684522800001531, "lat": -5.198502885857792, "classification": 112, "subregion_name": "Latin America and the Caribbean", "umap_1d_x": -8.393796, "umap_2d_x": 36.348328, "umap_2d_y": 27.77594, "umap_3d_x": 33.731453, "umap_3d_y": 44.896301, "umap_3d_z": -2.2580299, "tsne_1d_x": 42.746212, "tsne_2d_x": 46.240669, "tsne_2d_y": -27.072113, "tsne_3d_x": 32.012756, "tsne_3d_y": -46.339619, "tsne_3d_z": -31.630224, "grid_umap_1d_x": 120.0, "grid_umap_2d_x": 13.0, "grid_umap_2d_y": 10.0, "grid_umap_3d_x": 4.0, "grid_umap_3d_y": 4.0, "grid_umap_3d_z": 0.0, "grid_tsne_1d_x": 120.0, "grid_tsne_2d_x": 14.0, "grid_tsne_2d_y": 2.0, "grid_tsne_3d_x": 4.0, "grid_tsne_3d_y": 1.0, "grid_tsne_3d_z": 1.0, "tile_dir": "tiles/0120" }, "geometry": { "type": "Point", "coordinates": [ -67.684522800001531, -5.198502885857792 ] } },
{ "type": "Feature", "properties": { "index": 121, "lon": -77.182362881767915, "lat": 51.556029264827956, "classification": 20, "subregion_name": "Northern America", "umap_1d_x": 17.466875, "umap_2d_x": -41.171356, "umap_2d_y": -15.934589, "umap_3d_x": -46.510834, "umap_3d_y": -2.1110497, "umap_3d_z": -40.80307, "tsne_1d_x": -55.831207, "tsne_2d_x": -27.698965, "tsne_2d_y": 22.9963, "tsne_3d_x": -11.58144, "tsne_3d_y": 23.113678, "tsne_3d_z": 38.456619, "grid_umap_1d_x": 121.0, "grid_umap_2d_x": 3.0, "grid_umap_2d_y": 1.0, "grid_umap_3d_x": 3.0, "grid_umap_3d_y": 1.0, "grid_umap_3d_z": 1.0, "grid_tsne_1d_x": 121.0, "grid_tsne_2d_x": 5.0, "grid_tsne_2d_y": 10.0, "grid_tsne_3d_x": 1.0, "grid_tsne_3d_y": 4.0, "grid_tsne_3d_z": 5.0, "tile_dir": "tiles/0121" }, "geometry": { "type": "Point", "coordinates": [ -77.182362881767915, 51.556029264827956 ] } },
{ "type": "Feature", "properties": { "index": 122, "lon": 157.08558645799138, "lat": 68.17026621979241, "classification": 116, "subregion_name": "Eastern Europe", "umap_1d_x": 18.454578, "umap_2d_x": -47.871937, "umap_2d_y": 7.9360237, "umap_3d_x": -49.533703, "umap_3d_y": 24.798706, "umap_3d_z": -33.529137, "tsne_1d_x": -67.537155, "tsne_2d_x": -44.640213, "tsne_2d_y": 11.223782, "tsne_3d_x": 14.736084, "tsne_3d_y": 43.822906, "tsne_3d_z": 22.397171, "grid_umap_1d_x": 122.0, "grid_umap_2d_x": 1.0, "grid_umap_2d_y": 8.0, "grid_umap_3d_x": 0.0, "grid_umap_3d_y": 5.0, "grid_umap_3d_z": 0.0, "grid_tsne_1d_x": 122.0, "grid_tsne_2d_x": 2.0, "grid_tsne_2d_y": 7.0, "grid_tsne_3d_x": 3.0, "grid_tsne_3d_y": 4.0, "grid_tsne_3d_z": 3.0, "tile_dir": "tiles/0122" }, "geometry": { "type": "Point", "coordinates": [ 157.085586457991383, 68.17026621979241 ] } },
{ "type": "Feature", "properties": { "index": 123, "lon": -3.3813166228694058, "lat": 38.569369942213967, "classification": 126, "subregion_name": "Southern Europe", "umap_1d_x": 6.506454, "umap_2d_x": -14.816719, "umap_2d_y": 1.1918411, "umap_3d_x": -23.422873, "umap_3d_y": -3.5719299, "umap_3d_z": 9.4263496, "tsne_1d_x": -3.1237936, "tsne_2d_x": 1.1455727, "tsne_2d_y": 13.921803, "tsne_3d_x": -20.648783, "tsne_3d_y": -14.118847, "tsne_3d_z": 6.6411781, "grid_umap_1d_x": 123.0, "grid_umap_2d_x": 5.0, "grid_umap_2d_y": 5.0, "grid_umap_3d_x": 0.0, "grid_umap_3d_y": 1.0, "grid_umap_3d_z": 5.0, "grid_tsne_1d_x": 123.0, "grid_tsne_2d_x": 4.0, "grid_tsne_2d_y": 12.0, "grid_tsne_3d_x": 0.0, "grid_tsne_3d_y": 1.0, "grid_tsne_3d_z": 3.0, "tile_dir": "tiles/0123" }, "geometry": { "type": "Point", "coordinates": [ -3.381316622869406, 38.569369942213967 ] } },
{ "type": "Feature", "properties": { "index": 124, "lon": 123.91089265923796, "lat": 64.468922917970033, "classification": 113, "subregion_name": "Eastern Europe", "umap_1d_x": 18.296164, "umap_2d_x": -46.433693, "umap_2d_y": 6.0990753, "umap_3d_x": -48.550602, "umap_3d_y": 21.849365, "umap_3d_z": -31.362524, "tsne_1d_x": -67.915764, "tsne_2d_x": -42.490013, "tsne_2d_y": 11.780231, "tsne_3d_x": 12.650108, "tsne_3d_y": 36.705627, "tsne_3d_z": 23.055504, "grid_umap_1d_x": 124.0, "grid_umap_2d_x": 7.0, "grid_umap_2d_y": 8.0, "grid_umap_3d_x": 1.0, "grid_umap_3d_y": 4.0, "grid_umap_3d_z": 1.0, "grid_tsne_1d_x": 124.0, "grid_tsne_2d_x": 1.0, "grid_tsne_2d_y": 8.0, "grid_tsne_3d_x": 4.0, "grid_tsne_3d_y": 5.0, "grid_tsne_3d_z": 4.0, "tile_dir": "tiles/0124" }, "geometry": { "type": "Point", "coordinates": [ 123.910892659237959, 64.468922917970033 ] } },
{ "type": "Feature", "properties": { "index": 125, "lon": 14.572165552045163, "lat": 67.02450397320402, "classification": 115, "subregion_name": "Northern Europe", "umap_1d_x": 20.171726, "umap_2d_x": -35.474232, "umap_2d_y": -14.112637, "umap_3d_x": -42.077862, "umap_3d_y": -5.1242599, "umap_3d_z": -26.401093, "tsne_1d_x": -48.815609, "tsne_2d_x": -23.36092, "tsne_2d_y": 15.162552, "tsne_3d_x": -29.683699, "tsne_3d_y": 28.187111, "tsne_3d_z": 28.721123, "grid_umap_1d_x": 125.0, "grid_umap_2d_x": 6.0, "grid_umap_2d_y": 2.0, "grid_umap_3d_x": 0.0, "grid_umap_3d_y": 1.0, "grid_umap_3d_z": 1.0, "grid_tsne_1d_x": 125.0, "grid_tsne_2d_x": 3.0, "grid_tsne_2d_y": 9.0, "grid_tsne_3d_x": 0.0, "grid_tsne_3d_y": 4.0, "grid_tsne_3d_z": 5.0, "tile_dir": "tiles/0125" }, "geometry": { "type": "Point", "coordinates": [ 14.572165552045163, 67.02450397320402 ] } },
{ "type": "Feature", "properties": { "index": 126, "lon": 29.632671167955522, "lat": -14.296876340038331, "classification": 124, "subregion_name": "Sub-Saharan Africa", "umap_1d_x": -14.180738, "umap_2d_x": 45.429588, "umap_2d_y": -23.405439, "umap_3d_x": 39.949959, "umap_3d_y": -15.85186, "umap_3d_z": 28.452682, "tsne_1d_x": 54.40382, "tsne_2d_x": 38.62838, "tsne_2d_y": 19.937874, "tsne_3d_x": -12.727928, "tsne_3d_y": -34.246292, "tsne_3d_z": -19.538155, "grid_umap_1d_x": 126.0, "grid_umap_2d_x": 11.0, "grid_umap_2d_y": 4.0, "grid_umap_3d_x": 5.0, "grid_umap_3d_y": 0.0, "grid_umap_3d_z": 5.0, "grid_tsne_1d_x": 126.0, "grid_tsne_2d_x": 13.0, "grid_tsne_2d_y": 10.0, "grid_tsne_3d_x": 1.0, "grid_tsne_3d_y": 1.0, "grid_tsne_3d_z": 2.0, "tile_dir": "tiles/0126" }, "geometry": { "type": "Point", "coordinates": [ 29.632671167955522, -14.296876340038331 ] } },
{ "type": "Feature", "properties": { "index": 127, "lon": 110.06868580727269, "lat": 61.98230536742426, "classification": 113, "subregion_name": "Eastern Europe", "umap_1d_x": 15.591252, "umap_2d_x": -40.801723, "umap_2d_y": 14.011452, "umap_3d_x": -47.789894, "umap_3d_y": 20.930344, "umap_3d_z": -13.80225, "tsne_1d_x": -43.276028, "tsne_2d_x": -41.457447, "tsne_2d_y": -0.067192077999997935, "tsne_3d_x": 8.6255188, "tsne_3d_y": 37.959793, "tsne_3d_z": 10.13028, "grid_umap_1d_x": 127.0, "grid_umap_2d_x": 3.0, "grid_umap_2d_y": 10.0, "grid_umap_3d_x": 0.0, "grid_umap_3d_y": 5.0, "grid_umap_3d_z": 2.0, "grid_tsne_1d_x": 127.0, "grid_tsne_2d_x": 3.0, "grid_tsne_2d_y": 6.0, "grid_tsne_3d_x": 4.0, "grid_tsne_3d_y": 5.0, "grid_tsne_3d_z": 2.0, "tile_dir": "tiles/0127" }, "geometry": { "type": "Point", "coordinates": [ 110.068685807272686, 61.98230536742426 ] } },
{ "type": "Feature", "properties": { "index": 128, "lon": -116.34027998137974, "lat": 56.506826908097239, "classification": 111, "subregion_name": "Northern America", "umap_1d_x": 14.534114, "umap_2d_x": -36.292496, "umap_2d_y": -0.46612549, "umap_3d_x": -46.351772, "umap_3d_y": 1.2511368, "umap_3d_z": -10.154606, "tsne_1d_x": -34.966824, "tsne_2d_x": -28.939693, "tsne_2d_y": -18.724213, "tsne_3d_x": -5.415287, "tsne_3d_y": 21.930008, "tsne_3d_z": 7.7468758, "grid_umap_1d_x": 128.0, "grid_umap_2d_x": 4.0, "grid_umap_2d_y": 6.0, "grid_umap_3d_x": 2.0, "grid_umap_3d_y": 2.0, "grid_umap_3d_z": 3.0, "grid_tsne_1d_x": 128.0, "grid_tsne_2d_x": 1.0, "grid_tsne_2d_y": 1.0, "grid_tsne_3d_x": 2.0, "grid_tsne_3d_y": 4.0, "grid_tsne_3d_z": 3.0, "tile_dir": "tiles/0128" }, "geometry": { "type": "Point", "coordinates": [ -116.340279981379737, 56.506826908097239 ] } },
{ "type": "Feature", "properties": { "index": 129, "lon": -13.805074740449953, "lat": 11.479726026819705, "classification": 126, "subregion_name": "Sub-Saharan Africa", "umap_1d_x": -1.8914918, "umap_2d_x": 9.0748596, "umap_2d_y": 30.406914, "umap_3d_x": 7.4732971, "umap_3d_y": 36.190994, "umap_3d_z": 29.44416, "tsne_1d_x": 20.328316, "tsne_2d_x": 17.080299, "tsne_2d_y": -20.650526, "tsne_3d_x": 18.434616, "tsne_3d_y": -37.56802, "tsne_3d_z": 17.317169, "grid_umap_1d_x": 129.0, "grid_umap_2d_x": 8.0, "grid_umap_2d_y": 11.0, "grid_umap_3d_x": 4.0, "grid_umap_3d_y": 4.0, "grid_umap_3d_z": 4.0, "grid_tsne_1d_x": 129.0, "grid_tsne_2d_x": 8.0, "grid_tsne_2d_y": 5.0, "grid_tsne_3d_x": 3.0, "grid_tsne_3d_y": 2.0, "grid_tsne_3d_z": 3.0, "tile_dir": "tiles/0129" }, "geometry": { "type": "Point", "coordinates": [ -13.805074740449953, 11.479726026819705 ] } },
{ "type": "Feature", "properties": { "index": 130, "lon": -158.36338022163392, "lat": 62.567004583476972, "classification": 116, "subregion_name": "Unknown", "umap_1d_x": 20.241499, "umap_2d_x": -34.320042, "umap_2d_y": -12.767292, "umap_3d_x": -42.127502, "umap_3d_y": -9.1379509, "umap_3d_z": -23.995213, "tsne_1d_x": -47.701553, "tsne_2d_x": -21.912268, "tsne_2d_y": 9.2923355, "tsne_3d_x": -21.889088, "tsne_3d_y": 22.646858, "tsne_3d_z": 20.849899, "grid_umap_1d_x": 130.0, "grid_umap_2d_x": 2.0, "grid_umap_2d_y": 1.0, "grid_umap_3d_x": 2.0, "grid_umap_3d_y": 1.0, "grid_umap_3d_z": 2.0, "grid_tsne_1d_x": 130.0, "grid_tsne_2d_x": 3.0, "grid_tsne_2d_y": 7.0, "grid_tsne_3d_x": 0.0, "grid_tsne_3d_y": 5.0, "grid_tsne_3d_z": 4.0, "tile_dir": "tiles/0130" }, "geometry": { "type": "Point", "coordinates": [ -158.363380221633918, 62.567004583476972 ] } },
{ "type": "Feature", "properties": { "index": 131, "lon": -99.225864402327801, "lat": 30.312044354172713, "classification": 20, "subregion_name": "Unknown", "umap_1d_x": 3.6345627, "umap_2d_x": 0.2479744, "umap_2d_y": 25.243446, "umap_3d_x": -1.7496033, "umap_3d_y": 29.565407, "umap_3d_z": 18.104065, "tsne_1d_x": 2.710238, "tsne_2d_x": 14.942505, "tsne_2d_y": 14.021011, "tsne_3d_x": 4.9278984, "tsne_3d_y": -15.287487, "tsne_3d_z": -3.7725143, "grid_umap_1d_x": 131.0, "grid_umap_2d_x": 4.0, "grid_umap_2d_y": 13.0, "grid_umap_3d_x": 0.0, "grid_umap_3d_y": 5.0, "grid_umap_3d_z": 4.0, "grid_tsne_1d_x": 131.0, "grid_tsne_2d_x": 12.0, "grid_tsne_2d_y": 12.0, "grid_tsne_3d_x": 3.0, "grid_tsne_3d_y": 1.0, "grid_tsne_3d_z": 2.0, "tile_dir": "tiles/0131" }, "geometry": { "type": "Point", "coordinates": [ -99.225864402327801, 30.312044354172713 ] } },
{ "type": "Feature", "properties": { "index": 132, "lon": 160.17706167878634, "lat": -9.073939532536329, "classification": 112, "subregion_name": "Unknown", "umap_1d_x": -5.1791234, "umap_2d_x": 26.041397, "umap_2d_y": 36.522728, "umap_3d_x": 20.996216, "umap_3d_y": 39.121681, "umap_3d_z": 9.2729912, "tsne_1d_x": 33.527122, "tsne_2d_x": 29.285416, "tsne_2d_y": -29.901566, "tsne_3d_x": 31.943436, "tsne_3d_y": -35.877754, "tsne_3d_z": -7.6702766, "grid_umap_1d_x": 132.0, "grid_umap_2d_x": 12.0, "grid_umap_2d_y": 14.0, "grid_umap_3d_x": 4.0, "grid_umap_3d_y": 5.0, "grid_umap_3d_z": 3.0, "grid_tsne_1d_x": 132.0, "grid_tsne_2d_x": 10.0, "grid_tsne_2d_y": 3.0, "grid_tsne_3d_x": 5.0, "grid_tsne_3d_y": 0.0, "grid_tsne_3d_z": 2.0, "tile_dir": "tiles/0132" }, "geometry": { "type": "Point", "coordinates": [ 160.177061678786345, -9.073939532536329 ] } },
{ "type": "Feature", "properties": { "index": 133, "lon": 37.867240863445261, "lat": -5.289574093382619, "classification": 20, "subregion_name": "Sub-Saharan Africa", "umap_1d_x": -13.532897, "umap_2d_x": 47.097847, "umap_2d_y": -22.392576, "umap_3d_x": 37.375305, "umap_3d_y": -14.79982, "umap_3d_z": 31.224091, "tsne_1d_x": 53.578232, "tsne_2d_x": 33.649948, "tsne_2d_y": 7.6546021, "tsne_3d_x": -12.031036, "tsne_3d_y": -36.524006, "tsne_3d_z": -8.7954865, "grid_umap_1d_x": 133.0, "grid_umap_2d_x": 9.0, "grid_umap_2d_y": 6.0, "grid_umap_3d_x": 3.0, "grid_umap_3d_y": 0.0, "grid_umap_3d_z": 5.0, "grid_tsne_1d_x": 133.0, "grid_tsne_2d_x": 11.0, "grid_tsne_2d_y": 7.0, "grid_tsne_3d_x": 1.0, "grid_tsne_3d_y": 0.0, "grid_tsne_3d_z": 2.0, "tile_dir": "tiles/0133" }, "geometry": { "type": "Point", "coordinates": [ 37.867240863445261, -5.289574093382619 ] } },
{ "type": "Feature", "properties": { "index": 134, "lon": -121.97338424192986, "lat": 49.36663623942691, "classification": 111, "subregion_name": "Northern America", "umap_1d_x": 13.28898, "umap_2d_x": -24.238195, "umap_2d_y": -0.1488533, "umap_3d_x": -34.1408, "umap_3d_y": -3.4811707, "umap_3d_z": 1.21064, "tsne_1d_x": -24.369827, "tsne_2d_x": -9.7913551, "tsne_2d_y": 4.9023209, "tsne_3d_x": -19.958767, "tsne_3d_y": 1.3359261, "tsne_3d_z": -2.1497841, "grid_umap_1d_x": 134.0, "grid_umap_2d_x": 7.0, "grid_umap_2d_y": 6.0, "grid_umap_3d_x": 0.0, "grid_umap_3d_y": 1.0, "grid_umap_3d_z": 4.0, "grid_tsne_1d_x": 134.0, "grid_tsne_2d_x": 0.0, "grid_tsne_2d_y": 6.0, "grid_tsne_3d_x": 0.0, "grid_tsne_3d_y": 3.0, "grid_tsne_3d_z": 2.0, "tile_dir": "tiles/0134" }, "geometry": { "type": "Point", "coordinates": [ -121.973384241929864, 49.36663623942691 ] } },
{ "type": "Feature", "properties": { "index": 135, "lon": -102.96902901617018, "lat": 19.059678287831616, "classification": 20, "subregion_name": "Latin America and the Caribbean", "umap_1d_x": -0.41786236, "umap_2d_x": 3.8047981, "umap_2d_y": 36.597977, "umap_3d_x": 3.1217041, "umap_3d_y": 35.874023, "umap_3d_z": 20.868309, "tsne_1d_x": 10.993283, "tsne_2d_x": 10.019672, "tsne_2d_y": -31.607958, "tsne_3d_x": 15.492775, "tsne_3d_y": -24.226055, "tsne_3d_z": 16.259033, "grid_umap_1d_x": 135.0, "grid_umap_2d_x": 5.0, "grid_umap_2d_y": 12.0, "grid_umap_3d_x": 2.0, "grid_umap_3d_y": 4.0, "grid_umap_3d_z": 3.0, "grid_tsne_1d_x": 135.0, "grid_tsne_2d_x": 6.0, "grid_tsne_2d_y": 1.0, "grid_tsne_3d_x": 4.0, "grid_tsne_3d_y": 0.0, "grid_tsne_3d_z": 5.0, "tile_dir": "tiles/0135" }, "geometry": { "type": "Point", "coordinates": [ -102.969029016170182, 19.059678287831616 ] } },
{ "type": "Feature", "properties": { "index": 136, "lon": 30.981963821469947, "lat": 7.7824520786135309, "classification": 30, "subregion_name": "Unknown", "umap_1d_x": -2.6677599, "umap_2d_x": 11.351788, "umap_2d_y": 24.395233, "umap_3d_x": 7.7608185, "umap_3d_y": 31.436966, "umap_3d_z": 37.076881, "tsne_1d_x": 22.697981, "tsne_2d_x": 12.712914, "tsne_2d_y": -11.629452, "tsne_3d_x": 14.672783, "tsne_3d_y": -49.227917, "tsne_3d_z": 25.311592, "grid_umap_1d_x": 136.0, "grid_umap_2d_x": 11.0, "grid_umap_2d_y": 13.0, "grid_umap_3d_x": 2.0, "grid_umap_3d_y": 3.0, "grid_umap_3d_z": 5.0, "grid_tsne_1d_x": 136.0, "grid_tsne_2d_x": 7.0, "grid_tsne_2d_y": 7.0, "grid_tsne_3d_x": 3.0, "grid_tsne_3d_y": 0.0, "grid_tsne_3d_z": 5.0, "tile_dir": "tiles/0136" }, "geometry": { "type": "Point", "coordinates": [ 30.981963821469947, 7.782452078613531 ] } },
{ "type": "Feature", "properties": { "index": 137, "lon": -140.64217789233717, "lat": 62.974647102262807, "classification": 126, "subregion_name": "Northern America", "umap_1d_x": 17.651577, "umap_2d_x": -43.104416, "umap_2d_y": -6.7037964, "umap_3d_x": -46.317978, "umap_3d_y": 6.259697, "umap_3d_z": -34.863811, "tsne_1d_x": -59.78112, "tsne_2d_x": -35.851292, "tsne_2d_y": 23.885666, "tsne_3d_x": 10.871601, "tsne_3d_y": 22.730179, "tsne_3d_z": 29.228592, "grid_umap_1d_x": 137.0, "grid_umap_2d_x": 3.0, "grid_umap_2d_y": 4.0, "grid_umap_3d_x": 3.0, "grid_umap_3d_y": 2.0, "grid_umap_3d_z": 2.0, "grid_tsne_1d_x": 137.0, "grid_tsne_2d_x": 1.0, "grid_tsne_2d_y": 11.0, "grid_tsne_3d_x": 4.0, "grid_tsne_3d_y": 3.0, "grid_tsne_3d_z": 4.0, "tile_dir": "tiles/0137" }, "geometry": { "type": "Point", "coordinates": [ -140.642177892337173, 62.974647102262807 ] } },
{ "type": "Feature", "properties": { "index": 138, "lon": 105.87820657292195, "lat": 24.068931376788356, "classification": 126, "subregion_name": "Unknown", "umap_1d_x": 4.3870959, "umap_2d_x": -5.8792191, "umap_2d_y": 33.783707, "umap_3d_x": -6.1509361, "umap_3d_y": 30.742722, "umap_3d_z": 1.637249, "tsne_1d_x": 5.7312679, "tsne_2d_x": -0.32060623, "tsne_2d_y": -35.298378, "tsne_3d_x": 38.802628, "tsne_3d_y": -12.523006, "tsne_3d_z": 7.7149391, "grid_umap_1d_x": 138.0, "grid_umap_2d_x": 4.0, "grid_umap_2d_y": 12.0, "grid_umap_3d_x": 2.0, "grid_umap_3d_y": 5.0, "grid_umap_3d_z": 2.0, "grid_tsne_1d_x": 138.0, "grid_tsne_2d_x": 5.0, "grid_tsne_2d_y": 2.0, "grid_tsne_3d_x": 5.0, "grid_tsne_3d_y": 2.0, "grid_tsne_3d_z": 3.0, "tile_dir": "tiles/0138" }, "geometry": { "type": "Point", "coordinates": [ 105.878206572921954, 24.068931376788356 ] } },
{ "type": "Feature", "properties": { "index": 139, "lon": 124.76623975286009, "lat": 42.961187694726704, "classification": 40, "subregion_name": "Unknown", "umap_1d_x": 8.6642475, "umap_2d_x": -15.960651, "umap_2d_y": 30.412987, "umap_3d_x": -15.128082, "umap_3d_y": 23.97316, "umap_3d_z": -7.3679237, "tsne_1d_x": -8.5318785, "tsne_2d_x": -8.3441925, "tsne_2d_y": -22.664377, "tsne_3d_x": 35.423462, "tsne_3d_y": 9.4591866, "tsne_3d_z": 12.238808, "grid_umap_1d_x": 139.0, "grid_umap_2d_x": 0.0, "grid_umap_2d_y": 14.0, "grid_umap_3d_x": 1.0, "grid_umap_3d_y": 5.0, "grid_umap_3d_z": 1.0, "grid_tsne_1d_x": 139.0, "grid_tsne_2d_x": 2.0, "grid_tsne_2d_y": 0.0, "grid_tsne_3d_x": 5.0, "grid_tsne_3d_y": 4.0, "grid_tsne_3d_z": 3.0, "tile_dir": "tiles/0139" }, "geometry": { "type": "Point", "coordinates": [ 124.766239752860088, 42.961187694726704 ] } },
{ "type": "Feature", "properties": { "index": 140, "lon": 24.004942090846868, "lat": -12.377670675134084, "classification": 114, "subregion_name": "Sub-Saharan Africa", "umap_1d_x": -13.163532, "umap_2d_x": 47.507339, "umap_2d_y": -17.978165, "umap_3d_x": 36.686325, "umap_3d_y": -11.034431, "umap_3d_z": 27.385086, "tsne_1d_x": 52.513565, "tsne_2d_x": 38.329338, "tsne_2d_y": 6.3540154, "tsne_3d_x": -1.8853569, "tsne_3d_y": -35.547466, "tsne_3d_z": -18.683159, "grid_umap_1d_x": 140.0, "grid_umap_2d_x": 11.0, "grid_umap_2d_y": 6.0, "grid_umap_3d_x": 4.0, "grid_umap_3d_y": 1.0, "grid_umap_3d_z": 5.0, "grid_tsne_1d_x": 140.0, "grid_tsne_2d_x": 12.0, "grid_tsne_2d_y": 7.0, "grid_tsne_3d_x": 2.0, "grid_tsne_3d_y": 1.0, "grid_tsne_3d_z": 2.0, "tile_dir": "tiles/0140" }, "geometry": { "type": "Point", "coordinates": [ 24.004942090846868, -12.377670675134084 ] } },
{ "type": "Feature", "properties": { "index": 141, "lon": -101.3747352000813, "lat": 59.512868711157154, "classification": 20, "subregion_name": "Northern America", "umap_1d_x": 16.993702, "umap_2d_x": -40.935234, "umap_2d_y": -8.2263031, "umap_3d_x": -48.783825, "umap_3d_y": -0.12825394, "umap_3d_z": -32.392349, "tsne_1d_x": -52.852501, "tsne_2d_x": -31.666214, "tsne_2d_y": 16.397629, "tsne_3d_x": -3.052536, "tsne_3d_y": 24.901169, "tsne_3d_z": 23.18692, "grid_umap_1d_x": 141.0, "grid_umap_2d_x": 1.0, "grid_umap_2d_y": 3.0, "grid_umap_3d_x": 0.0, "grid_umap_3d_y": 2.0, "grid_umap_3d_z": 0.0, "grid_tsne_1d_x": 141.0, "grid_tsne_2d_x": 6.0, "grid_tsne_2d_y": 8.0, "grid_tsne_3d_x": 2.0, "grid_tsne_3d_y": 5.0, "grid_tsne_3d_z": 5.0, "tile_dir": "tiles/0141" }, "geometry": { "type": "Point", "coordinates": [ -101.374735200081304, 59.512868711157154 ] } },
{ "type": "Feature", "properties": { "index": 142, "lon": 127.14493989614277, "lat": 63.145550545471124, "classification": 113, "subregion_name": "Eastern Europe", "umap_1d_x": 15.724154, "umap_2d_x": -41.829201, "umap_2d_y": 13.371719, "umap_3d_x": -48.103397, "umap_3d_y": 21.409569, "umap_3d_z": -15.434879, "tsne_1d_x": -43.535629, "tsne_2d_x": -41.85289, "tsne_2d_y": 0.89597702, "tsne_3d_x": 9.2994156, "tsne_3d_y": 39.662476, "tsne_3d_z": 11.952496, "grid_umap_1d_x": 142.0, "grid_umap_2d_x": 2.0, "grid_umap_2d_y": 10.0, "grid_umap_3d_x": 0.0, "grid_umap_3d_y": 5.0, "grid_umap_3d_z": 1.0, "grid_tsne_1d_x": 142.0, "grid_tsne_2d_x": 1.0, "grid_tsne_2d_y": 6.0, "grid_tsne_3d_x": 3.0, "grid_tsne_3d_y": 4.0, "grid_tsne_3d_z": 2.0, "tile_dir": "tiles/0142" }, "geometry": { "type": "Point", "coordinates": [ 127.144939896142773, 63.145550545471124 ] } },
{ "type": "Feature", "properties": { "index": 143, "lon": 29.894253000331389, "lat": 53.534275957316197, "classification": 111, "subregion_name": "Eastern Europe", "umap_1d_x": 20.969011, "umap_2d_x": -27.695574, "umap_2d_y": -7.044323, "umap_3d_x": -39.843723, "umap_3d_y": -13.757591, "umap_3d_z": -2.7857857, "tsne_1d_x": -27.20153, "tsne_2d_x": -19.662725, "tsne_2d_y": -13.766659, "tsne_3d_x": -32.006275, "tsne_3d_y": 22.721321, "tsne_3d_z": -4.1880531, "grid_umap_1d_x": 143.0, "grid_umap_2d_x": 5.0, "grid_umap_2d_y": 3.0, "grid_umap_3d_x": 1.0, "grid_umap_3d_y": 0.0, "grid_umap_3d_z": 4.0, "grid_tsne_1d_x": 143.0, "grid_tsne_2d_x": 4.0, "grid_tsne_2d_y": 3.0, "grid_tsne_3d_x": 0.0, "grid_tsne_3d_y": 5.0, "grid_tsne_3d_z": 0.0, "tile_dir": "tiles/0143" }, "geometry": { "type": "Point", "coordinates": [ 29.894253000331389, 53.534275957316197 ] } },
{ "type": "Feature", "properties": { "index": 144, "lon": 112.57097270097898, "lat": 55.796992143419686, "classification": 30, "subregion_name": "Eastern Europe", "umap_1d_x": 19.613508, "umap_2d_x": -46.081047, "umap_2d_y": -2.7226601, "umap_3d_x": -45.924595, "umap_3d_y": 17.31781, "umap_3d_z": -40.153351, "tsne_1d_x": -75.428886, "tsne_2d_x": -48.483025, "tsne_2d_y": 30.413193, "tsne_3d_x": 5.2802391, "tsne_3d_y": 43.03907, "tsne_3d_z": 49.46917, "grid_umap_1d_x": 144.0, "grid_umap_2d_x": 5.0, "grid_umap_2d_y": 6.0, "grid_umap_3d_x": 3.0, "grid_umap_3d_y": 3.0, "grid_umap_3d_z": 1.0, "grid_tsne_1d_x": 144.0, "grid_tsne_2d_x": 4.0, "grid_tsne_2d_y": 10.0, "grid_tsne_3d_x": 3.0, "grid_tsne_3d_y": 4.0, "grid_tsne_3d_z": 5.0, "tile_dir": "tiles/0144" }, "geometry": { "type": "Point", "coordinates": [ 112.570972700978984, 55.796992143419686 ] } },
{ "type": "Feature", "properties": { "index": 145, "lon": -70.677106117385463, "lat": 54.972308168096419, "classification": 121, "subregion_name": "Northern America", "umap_1d_x": 17.189053, "umap_2d_x": -40.221916, "umap_2d_y": -13.591183, "umap_3d_x": -46.903988, "umap_3d_y": -2.9962616, "umap_3d_z": -36.52319, "tsne_1d_x": -55.059761, "tsne_2d_x": -29.230659, "tsne_2d_y": 20.50972, "tsne_3d_x": -11.727558, "tsne_3d_y": 25.170746, "tsne_3d_z": 30.558411, "grid_umap_1d_x": 145.0, "grid_umap_2d_x": 3.0, "grid_umap_2d_y": 2.0, "grid_umap_3d_x": 1.0, "grid_umap_3d_y": 1.0, "grid_umap_3d_z": 0.0, "grid_tsne_1d_x": 145.0, "grid_tsne_2d_x": 3.0, "grid_tsne_2d_y": 10.0, "grid_tsne_3d_x": 2.0, "grid_tsne_3d_y": 3.0, "grid_tsne_3d_z": 3.0, "tile_dir": "tiles/0145" }, "geometry": { "type": "Point", "coordinates": [ -70.677106117385463, 54.972308168096419 ] } },
{ "type": "Feature", "properties": { "index": 146, "lon": -122.06464665872628, "lat": 55.722762218508109, "classification": 111, "subregion_name": "Northern America", "umap_1d_x": 14.076158, "umap_2d_x": -33.734127, "umap_2d_y": 5.210434, "umap_3d_x": -43.925667, "umap_3d_y": 4.0783157, "umap_3d_z": -4.650959, "tsne_1d_x": -36.236057, "tsne_2d_x": -32.289639, "tsne_2d_y": -23.137001, "tsne_3d_x": -1.7821693, "tsne_3d_y": 19.638428, "tsne_3d_z": -8.0583382, "grid_umap_1d_x": 146.0, "grid_umap_2d_x": 4.0, "grid_umap_2d_y": 7.0, "grid_umap_3d_x": 0.0, "grid_umap_3d_y": 2.0, "grid_umap_3d_z": 3.0, "grid_tsne_1d_x": 146.0, "grid_tsne_2d_x": 0.0, "grid_tsne_2d_y": 0.0, "grid_tsne_3d_x": 2.0, "grid_tsne_3d_y": 5.0, "grid_tsne_3d_z": 0.0, "tile_dir": "tiles/0146" }, "geometry": { "type": "Point", "coordinates": [ -122.064646658726275, 55.722762218508109 ] } },
{ "type": "Feature", "properties": { "index": 147, "lon": 37.014330928844259, "lat": 64.835540083827965, "classification": 111, "subregion_name": "Eastern Europe", "umap_1d_x": 20.443804, "umap_2d_x": -33.128017, "umap_2d_y": -15.057476, "umap_3d_x": -40.649719, "umap_3d_y": -9.7719765, "umap_3d_z": -23.570009, "tsne_1d_x": -47.999741, "tsne_2d_x": -21.118864, "tsne_2d_y": 13.34557, "tsne_3d_x": -27.89637, "tsne_3d_y": 21.505669, "tsne_3d_z": 22.049828, "grid_umap_1d_x": 147.0, "grid_umap_2d_x": 3.0, "grid_umap_2d_y": 0.0, "grid_umap_3d_x": 0.0, "grid_umap_3d_y": 0.0, "grid_umap_3d_z": 0.0, "grid_tsne_1d_x": 147.0, "grid_tsne_2d_x": 0.0, "grid_tsne_2d_y": 9.0, "grid_tsne_3d_x": 0.0, "grid_tsne_3d_y": 4.0, "grid_tsne_3d_z": 4.0, "tile_dir": "tiles/0147" }, "geometry": { "type": "Point", "coordinates": [ 37.014330928844259, 64.835540083827965 ] } },
{ "type": "Feature", "properties": { "index": 148, "lon": -55.715132042844473, "lat": 5.4040836921009401, "classification": 112, "subregion_name": "Latin America and the Caribbean", "umap_1d_x": -7.7054729, "umap_2d_x": 35.194145, "umap_2d_y": 33.46376, "umap_3d_x": 30.600815, "umap_3d_y": 47.52269, "umap_3d_z": 1.819931, "tsne_1d_x": 40.716434, "tsne_2d_x": 46.001801, "tsne_2d_y": -32.402397, "tsne_3d_x": 43.974228, "tsne_3d_y": -45.492535, "tsne_3d_z": -33.393349, "grid_umap_1d_x": 148.0, "grid_umap_2d_x": 13.0, "grid_umap_2d_y": 12.0, "grid_umap_3d_x": 4.0, "grid_umap_3d_y": 5.0, "grid_umap_3d_z": 0.0, "grid_tsne_1d_x": 148.0, "grid_tsne_2d_x": 12.0, "grid_tsne_2d_y": 3.0, "grid_tsne_3d_x": 4.0, "grid_tsne_3d_y": 3.0, "grid_tsne_3d_z": 1.0, "tile_dir": "tiles/0148" }, "geometry": { "type": "Point", "coordinates": [ -55.715132042844473, 5.40408369210094 ] } },
{ "type": "Feature", "properties": { "index": 149, "lon": 107.94203684503412, "lat": 24.013335394315902, "classification": 112, "subregion_name": "Unknown", "umap_1d_x": 4.5676403, "umap_2d_x": -6.746769, "umap_2d_y": 32.929031, "umap_3d_x": -6.831337, "umap_3d_y": 30.676598, "umap_3d_z": 1.4131432, "tsne_1d_x": 5.2613535, "tsne_2d_x": -1.6916618, "tsne_2d_y": -36.2901, "tsne_3d_x": 43.026283, "tsne_3d_y": -10.866577, "tsne_3d_z": 8.2431145, "grid_umap_1d_x": 149.0, "grid_umap_2d_x": 3.0, "grid_umap_2d_y": 13.0, "grid_umap_3d_x": 1.0, "grid_umap_3d_y": 5.0, "grid_umap_3d_z": 3.0, "grid_tsne_1d_x": 149.0, "grid_tsne_2d_x": 5.0, "grid_tsne_2d_y": 4.0, "grid_tsne_3d_x": 5.0, "grid_tsne_3d_y": 3.0, "grid_tsne_3d_z": 3.0, "tile_dir": "tiles/0149" }, "geometry": { "type": "Point", "coordinates": [ 107.942036845034124, 24.013335394315902 ] } },
{ "type": "Feature", "properties": { "index": 150, "lon": -74.966260812305748, "lat": 41.304162575484554, "classification": 114, "subregion_name": "Unknown", "umap_1d_x": 9.9047527, "umap_2d_x": -24.754101, "umap_2d_y": 15.067879, "umap_3d_x": -24.071451, "umap_3d_y": 5.3002663, "umap_3d_z": -26.853439, "tsne_1d_x": -13.787339, "tsne_2d_x": -7.7111206, "tsne_2d_y": -3.4310493, "tsne_3d_x": 13.599384, "tsne_3d_y": 6.8296356, "tsne_3d_z": -4.2439842, "grid_umap_1d_x": 150.0, "grid_umap_2d_x": 3.0, "grid_umap_2d_y": 11.0, "grid_umap_3d_x": 4.0, "grid_umap_3d_y": 2.0, "grid_umap_3d_z": 0.0, "grid_tsne_1d_x": 150.0, "grid_tsne_2d_x": 3.0, "grid_tsne_2d_y": 3.0, "grid_tsne_3d_x": 5.0, "grid_tsne_3d_y": 4.0, "grid_tsne_3d_z": 0.0, "tile_dir": "tiles/0150" }, "geometry": { "type": "Point", "coordinates": [ -74.966260812305748, 41.304162575484554 ] } },
{ "type": "Feature", "properties": { "index": 151, "lon": 33.161354078528007, "lat": 36.22089944820803, "classification": 111, "subregion_name": "Western Asia", "umap_1d_x": 6.7175989, "umap_2d_x": -16.241741, "umap_2d_y": 1.0087852, "umap_3d_x": -25.259272, "umap_3d_y": -4.1408234, "umap_3d_z": 7.5293617, "tsne_1d_x": -3.5969412, "tsne_2d_x": -0.50064468, "tsne_2d_y": 12.670944, "tsne_3d_x": -21.989277, "tsne_3d_y": -10.539253, "tsne_3d_z": 2.5127754, "grid_umap_1d_x": 151.0, "grid_umap_2d_x": 4.0, "grid_umap_2d_y": 5.0, "grid_umap_3d_x": 0.0, "grid_umap_3d_y": 0.0, "grid_umap_3d_z": 5.0, "grid_tsne_1d_x": 151.0, "grid_tsne_2d_x": 1.0, "grid_tsne_2d_y": 12.0, "grid_tsne_3d_x": 1.0, "grid_tsne_3d_y": 2.0, "grid_tsne_3d_z": 3.0, "tile_dir": "tiles/0151" }, "geometry": { "type": "Point", "coordinates": [ 33.161354078528007, 36.22089944820803 ] } },
{ "type": "Feature", "properties": { "index": 152, "lon": 100.21088871085635, "lat": 17.412516851478031, "classification": 40, "subregion_name": "South-eastern Asia", "umap_1d_x": 0.51586765, "umap_2d_x": 8.162056, "umap_2d_y": 43.397995, "umap_3d_x": 3.9211617, "umap_3d_y": 46.148315, "umap_3d_z": 27.531097, "tsne_1d_x": 16.445107, "tsne_2d_x": 16.560898, "tsne_2d_y": -38.765381, "tsne_3d_x": 32.090126, "tsne_3d_y": -34.797787, "tsne_3d_z": 23.75222, "grid_umap_1d_x": 152.0, "grid_umap_2d_x": 7.0, "grid_umap_2d_y": 10.0, "grid_umap_3d_x": 2.0, "grid_umap_3d_y": 5.0, "grid_umap_3d_z": 4.0, "grid_tsne_1d_x": 152.0, "grid_tsne_2d_x": 8.0, "grid_tsne_2d_y": 1.0, "grid_tsne_3d_x": 4.0, "grid_tsne_3d_y": 2.0, "grid_tsne_3d_z": 4.0, "tile_dir": "tiles/0152" }, "geometry": { "type": "Point", "coordinates": [ 100.210888710856352, 17.412516851478031 ] } },
{ "type": "Feature", "properties": { "index": 153, "lon": 121.67612906084798, "lat": -23.536887846592926, "classification": 30, "subregion_name": "Unknown", "umap_1d_x": -20.737867, "umap_2d_x": 42.232498, "umap_2d_y": -49.272179, "umap_3d_x": 48.041496, "umap_3d_y": -48.631977, "umap_3d_z": 26.436714, "tsne_1d_x": 80.652191, "tsne_2d_x": 45.334801, "tsne_2d_y": 44.065125, "tsne_3d_x": -45.524948, "tsne_3d_y": -17.491371, "tsne_3d_z": -17.65189, "grid_umap_1d_x": 153.0, "grid_umap_2d_x": 9.0, "grid_umap_2d_y": 1.0, "grid_umap_3d_x": 3.0, "grid_umap_3d_y": 0.0, "grid_umap_3d_z": 4.0, "grid_tsne_1d_x": 153.0, "grid_tsne_2d_x": 10.0, "grid_tsne_2d_y": 12.0, "grid_tsne_3d_x": 0.0, "grid_tsne_3d_y": 2.0, "grid_tsne_3d_z": 2.0, "tile_dir": "tiles/0153" }, "geometry": { "type": "Point", "coordinates": [ 121.676129060847984, -23.536887846592926 ] } },
{ "type": "Feature", "properties": { "index": 154, "lon": 109.44273307770652, "lat": 30.074697200703284, "classification": 40, "subregion_name": "Unknown", "umap_1d_x": 4.5367546, "umap_2d_x": -6.7307663, "umap_2d_y": 33.560455, "umap_3d_x": -6.6592522, "umap_3d_y": 30.450371, "umap_3d_z": 1.0291405, "tsne_1d_x": 5.2302132, "tsne_2d_x": -0.85045242, "tsne_2d_y": -35.161091, "tsne_3d_x": 38.87957, "tsne_3d_y": -10.12339, "tsne_3d_z": 7.813858, "grid_umap_1d_x": 154.0, "grid_umap_2d_x": 3.0, "grid_umap_2d_y": 14.0, "grid_umap_3d_x": 2.0, "grid_umap_3d_y": 4.0, "grid_umap_3d_z": 2.0, "grid_tsne_1d_x": 154.0, "grid_tsne_2d_x": 5.0, "grid_tsne_2d_y": 3.0, "grid_tsne_3d_x": 4.0, "grid_tsne_3d_y": 3.0, "grid_tsne_3d_z": 3.0, "tile_dir": "tiles/0154" }, "geometry": { "type": "Point", "coordinates": [ 109.442733077706521, 30.074697200703284 ] } },
{ "type": "Feature", "properties": { "index": 155, "lon": 34.602114354892052, "lat": -17.769643285978653, "classification": 124, "subregion_name": "Sub-Saharan Africa", "umap_1d_x": -14.69318, "umap_2d_x": 41.402832, "umap_2d_y": -18.230036, "umap_3d_x": 43.74865, "umap_3d_y": -9.3371773, "umap_3d_z": 25.195404, "tsne_1d_x": 59.46154, "tsne_2d_x": 44.238625, "tsne_2d_y": 16.500641, "tsne_3d_x": -8.3988724, "tsne_3d_y": -29.20657, "tsne_3d_z": -30.899309, "grid_umap_1d_x": 155.0, "grid_umap_2d_x": 13.0, "grid_umap_2d_y": 3.0, "grid_umap_3d_x": 4.0, "grid_umap_3d_y": 3.0, "grid_umap_3d_z": 3.0, "grid_tsne_1d_x": 155.0, "grid_tsne_2d_x": 10.0, "grid_tsne_2d_y": 8.0, "grid_tsne_3d_x": 2.0, "grid_tsne_3d_y": 2.0, "grid_tsne_3d_z": 1.0, "tile_dir": "tiles/0155" }, "geometry": { "type": "Point", "coordinates": [ 34.602114354892052, -17.769643285978653 ] } },
{ "type": "Feature", "properties": { "index": 156, "lon": 98.461221763018727, "lat": 8.8676336368521476, "classification": 112, "subregion_name": "South-eastern Asia", "umap_1d_x": -1.1585984, "umap_2d_x": 5.8103981, "umap_2d_y": 33.906624, "umap_3d_x": 6.0991402, "umap_3d_y": 35.022827, "umap_3d_z": 15.825798, "tsne_1d_x": 10.009809, "tsne_2d_x": 15.734154, "tsne_2d_y": -27.219019, "tsne_3d_x": 26.045456, "tsne_3d_y": -31.905798, "tsne_3d_z": 1.1461067, "grid_umap_1d_x": 156.0, "grid_umap_2d_x": 6.0, "grid_umap_2d_y": 14.0, "grid_umap_3d_x": 3.0, "grid_umap_3d_y": 5.0, "grid_umap_3d_z": 2.0, "grid_tsne_1d_x": 156.0, "grid_tsne_2d_x": 8.0, "grid_tsne_2d_y": 2.0, "grid_tsne_3d_x": 5.0, "grid_tsne_3d_y": 0.0, "grid_tsne_3d_z": 3.0, "tile_dir": "tiles/0156" }, "geometry": { "type": "Point", "coordinates": [ 98.461221763018727, 8.867633636852148 ] } },
{ "type": "Feature", "properties": { "index": 157, "lon": 34.141738896137923, "lat": -7.8085829282694021, "classification": 124, "subregion_name": "Sub-Saharan Africa", "umap_1d_x": -13.393725, "umap_2d_x": 46.671761, "umap_2d_y": -19.522043, "umap_3d_x": 38.027687, "umap_3d_y": -12.296852, "umap_3d_z": 27.981331, "tsne_1d_x": 52.998672, "tsne_2d_x": 37.754356, "tsne_2d_y": 8.1218491, "tsne_3d_x": -5.0984726, "tsne_3d_y": -33.537865, "tsne_3d_z": -18.013134, "grid_umap_1d_x": 157.0, "grid_umap_2d_x": 13.0, "grid_umap_2d_y": 4.0, "grid_umap_3d_x": 4.0, "grid_umap_3d_y": 1.0, "grid_umap_3d_z": 4.0, "grid_tsne_1d_x": 157.0, "grid_tsne_2d_x": 9.0, "grid_tsne_2d_y": 7.0, "grid_tsne_3d_x": 1.0, "grid_tsne_3d_y": 0.0, "grid_tsne_3d_z": 1.0, "tile_dir": "tiles/0157" }, "geometry": { "type": "Point", "coordinates": [ 34.141738896137923, -7.808582928269402 ] } },
{ "type": "Feature", "properties": { "index": 158, "lon": -14.82180335759719, "lat": 11.319533653737878, "classification": 20, "subregion_name": "Sub-Saharan Africa", "umap_1d_x": -1.8840083, "umap_2d_x": 9.1149254, "umap_2d_y": 30.52137, "umap_3d_x": 7.2516136, "umap_3d_y": 36.752579, "umap_3d_z": 30.41967, "tsne_1d_x": 19.921932, "tsne_2d_x": 18.132034, "tsne_2d_y": -21.705538, "tsne_3d_x": 20.099846, "tsne_3d_y": -35.399216, "tsne_3d_z": 18.058266, "grid_umap_1d_x": 158.0, "grid_umap_2d_x": 8.0, "grid_umap_2d_y": 10.0, "grid_umap_3d_x": 3.0, "grid_umap_3d_y": 4.0, "grid_umap_3d_z": 4.0, "grid_tsne_1d_x": 158.0, "grid_tsne_2d_x": 8.0, "grid_tsne_2d_y": 6.0, "grid_tsne_3d_x": 4.0, "grid_tsne_3d_y": 1.0, "grid_tsne_3d_z": 4.0, "tile_dir": "tiles/0158" }, "geometry": { "type": "Point", "coordinates": [ -14.82180335759719, 11.319533653737878 ] } },
{ "type": "Feature", "properties": { "index": 159, "lon": 74.087342136807877, "lat": 27.053249265262068, "classification": 40, "subregion_name": "Southern Asia", "umap_1d_x": 1.0023674, "umap_2d_x": 4.6086502, "umap_2d_y": 47.131439, "umap_3d_x": -0.7677536, "umap_3d_y": 43.326736, "umap_3d_z": 28.693573, "tsne_1d_x": 13.839857, "tsne_2d_x": 11.80835, "tsne_2d_y": -44.970928, "tsne_3d_x": 28.45433, "tsne_3d_y": -23.924473, "tsne_3d_z": 31.351997, "grid_umap_1d_x": 159.0, "grid_umap_2d_x": 5.0, "grid_umap_2d_y": 14.0, "grid_umap_3d_x": 0.0, "grid_umap_3d_y": 4.0, "grid_umap_3d_z": 5.0, "grid_tsne_1d_x": 159.0, "grid_tsne_2d_x": 6.0, "grid_tsne_2d_y": 2.0, "grid_tsne_3d_x": 5.0, "grid_tsne_3d_y": 2.0, "grid_tsne_3d_z": 5.0, "tile_dir": "tiles/0159" }, "geometry": { "type": "Point", "coordinates": [ 74.087342136807877, 27.053249265262068 ] } },
{ "type": "Feature", "properties": { "index": 160, "lon": 100.44052376404022, "lat": 31.618358380875179, "classification": 111, "subregion_name": "Unknown", "umap_1d_x": 7.9968858, "umap_2d_x": -13.208141, "umap_2d_y": 25.443726, "umap_3d_x": -13.164108, "umap_3d_y": 22.369118, "umap_3d_z": 0.44707108000001, "tsne_1d_x": 1.3459007, "tsne_2d_x": -1.4255028, "tsne_2d_y": -22.958405, "tsne_3d_x": 33.506241, "tsne_3d_y": -6.6075668, "tsne_3d_z": -5.2416611, "grid_umap_1d_x": 160.0, "grid_umap_2d_x": 1.0, "grid_umap_2d_y": 13.0, "grid_umap_3d_x": 0.0, "grid_umap_3d_y": 5.0, "grid_umap_3d_z": 3.0, "grid_tsne_1d_x": 160.0, "grid_tsne_2d_x": 4.0, "grid_tsne_2d_y": 1.0, "grid_tsne_3d_x": 5.0, "grid_tsne_3d_y": 3.0, "grid_tsne_3d_z": 1.0, "tile_dir": "tiles/0160" }, "geometry": { "type": "Point", "coordinates": [ 100.440523764040222, 31.618358380875179 ] } },
{ "type": "Feature", "properties": { "index": 161, "lon": 135.9392797428452, "lat": 45.108745483018708, "classification": 115, "subregion_name": "Eastern Europe", "umap_1d_x": 13.303241, "umap_2d_x": -36.388988, "umap_2d_y": 11.674206, "umap_3d_x": -43.755638, "umap_3d_y": 14.472015, "umap_3d_z": -8.5219688, "tsne_1d_x": -38.929211, "tsne_2d_x": -37.492184, "tsne_2d_y": -13.174789, "tsne_3d_x": 13.75692, "tsne_3d_y": 33.650414, "tsne_3d_z": -6.6807327, "grid_umap_1d_x": 161.0, "grid_umap_2d_x": 4.0, "grid_umap_2d_y": 9.0, "grid_umap_3d_x": 1.0, "grid_umap_3d_y": 3.0, "grid_umap_3d_z": 3.0, "grid_tsne_1d_x": 161.0, "grid_tsne_2d_x": 0.0, "grid_tsne_2d_y": 3.0, "grid_tsne_3d_x": 3.0, "grid_tsne_3d_y": 5.0, "grid_tsne_3d_z": 0.0, "tile_dir": "tiles/0161" }, "geometry": { "type": "Point", "coordinates": [ 135.939279742845201, 45.108745483018708 ] } },
{ "type": "Feature", "properties": { "index": 162, "lon": -75.906946568946779, "lat": 50.392122985172136, "classification": 126, "subregion_name": "Northern America", "umap_1d_x": 17.406813, "umap_2d_x": -40.069069, "umap_2d_y": -16.800999, "umap_3d_x": -45.51162, "umap_3d_y": -5.7674446, "umap_3d_z": -39.115009, "tsne_1d_x": -55.634712, "tsne_2d_x": -25.881569, "tsne_2d_y": 24.05201, "tsne_3d_x": -14.418404, "tsne_3d_y": 17.679375, "tsne_3d_z": 37.982422, "grid_umap_1d_x": 162.0, "grid_umap_2d_x": 2.0, "grid_umap_2d_y": 0.0, "grid_umap_3d_x": 2.0, "grid_umap_3d_y": 0.0, "grid_umap_3d_z": 0.0, "grid_tsne_1d_x": 162.0, "grid_tsne_2d_x": 4.0, "grid_tsne_2d_y": 11.0, "grid_tsne_3d_x": 1.0, "grid_tsne_3d_y": 3.0, "grid_tsne_3d_z": 4.0, "tile_dir": "tiles/0162" }, "geometry": { "type": "Point", "coordinates": [ -75.906946568946779, 50.392122985172136 ] } },
{ "type": "Feature", "properties": { "index": 163, "lon": -61.85835644694609, "lat": -28.24922571174239, "classification": 30, "subregion_name": "Latin America and the Caribbean", "umap_1d_x": -17.056505, "umap_2d_x": 34.443604, "umap_2d_y": -16.940823, "umap_3d_x": 46.973549, "umap_3d_y": -12.177876, "umap_3d_z": 5.9118385, "tsne_1d_x": 66.113731, "tsne_2d_x": 27.892731, "tsne_2d_y": 29.604446, "tsne_3d_x": -10.869358, "tsne_3d_y": -16.227661, "tsne_3d_z": -45.602795, "grid_umap_1d_x": 163.0, "grid_umap_2d_x": 12.0, "grid_umap_2d_y": 2.0, "grid_umap_3d_x": 5.0, "grid_umap_3d_y": 2.0, "grid_umap_3d_z": 0.0, "grid_tsne_1d_x": 163.0, "grid_tsne_2d_x": 12.0, "grid_tsne_2d_y": 14.0, "grid_tsne_3d_x": 2.0, "grid_tsne_3d_y": 3.0, "grid_tsne_3d_z": 1.0, "tile_dir": "tiles/0163" }, "geometry": { "type": "Point", "coordinates": [ -61.85835644694609, -28.24922571174239 ] } },
{ "type": "Feature", "properties": { "index": 164, "lon": 135.66891784342175, "lat": -18.224215572002571, "classification": 30, "subregion_name": "Unknown", "umap_1d_x": -18.87196, "umap_2d_x": 40.256706, "umap_2d_y": -38.025467, "umap_3d_x": 48.73893, "umap_3d_y": -33.602249, "umap_3d_z": 25.428444, "tsne_1d_x": 74.936081, "tsne_2d_x": 45.102036, "tsne_2d_y": 35.013947, "tsne_3d_x": -34.023376, "tsne_3d_y": -22.757673, "tsne_3d_z": -29.017935, "grid_umap_1d_x": 164.0, "grid_umap_2d_x": 8.0, "grid_umap_2d_y": 3.0, "grid_umap_3d_x": 4.0, "grid_umap_3d_y": 0.0, "grid_umap_3d_z": 3.0, "grid_tsne_1d_x": 164.0, "grid_tsne_2d_x": 9.0, "grid_tsne_2d_y": 10.0, "grid_tsne_3d_x": 0.0, "grid_tsne_3d_y": 2.0, "grid_tsne_3d_z": 0.0, "tile_dir": "tiles/0164" }, "geometry": { "type": "Point", "coordinates": [ 135.668917843421752, -18.224215572002571 ] } },
{ "type": "Feature", "properties": { "index": 165, "lon": 35.181799348764628, "lat": 67.17208865271715, "classification": 111, "subregion_name": "Eastern Europe", "umap_1d_x": 20.1726, "umap_2d_x": -34.065178, "umap_2d_y": -12.180153, "umap_3d_x": -42.532597, "umap_3d_y": -8.3961296, "umap_3d_z": -22.343222, "tsne_1d_x": -47.477417, "tsne_2d_x": -23.192373, "tsne_2d_y": 10.000664, "tsne_3d_x": -25.039001, "tsne_3d_y": 26.314018, "tsne_3d_z": 18.766563, "grid_umap_1d_x": 165.0, "grid_umap_2d_x": 1.0, "grid_umap_2d_y": 1.0, "grid_umap_3d_x": 1.0, "grid_umap_3d_y": 1.0, "grid_umap_3d_z": 2.0, "grid_tsne_1d_x": 165.0, "grid_tsne_2d_x": 0.0, "grid_tsne_2d_y": 8.0, "grid_tsne_3d_x": 1.0, "grid_tsne_3d_y": 4.0, "grid_tsne_3d_z": 3.0, "tile_dir": "tiles/0165" }, "geometry": { "type": "Point", "coordinates": [ 35.181799348764628, 67.17208865271715 ] } },
{ "type": "Feature", "properties": { "index": 166, "lon": -47.934166214890354, "lat": -15.631330728120808, "classification": 30, "subregion_name": "Latin America and the Caribbean", "umap_1d_x": -13.991806, "umap_2d_x": 44.200691, "umap_2d_y": -17.313206, "umap_3d_x": 40.89537, "umap_3d_y": -9.4613113, "umap_3d_z": 30.12841, "tsne_1d_x": 56.550323, "tsne_2d_x": 38.196136, "tsne_2d_y": 12.59256, "tsne_3d_x": -5.3672409, "tsne_3d_y": -27.025967, "tsne_3d_z": -19.520035, "grid_umap_1d_x": 166.0, "grid_umap_2d_x": 9.0, "grid_umap_2d_y": 7.0, "grid_umap_3d_x": 4.0, "grid_umap_3d_y": 2.0, "grid_umap_3d_z": 4.0, "grid_tsne_1d_x": 166.0, "grid_tsne_2d_x": 12.0, "grid_tsne_2d_y": 8.0, "grid_tsne_3d_x": 2.0, "grid_tsne_3d_y": 1.0, "grid_tsne_3d_z": 1.0, "tile_dir": "tiles/0166" }, "geometry": { "type": "Point", "coordinates": [ -47.934166214890354, -15.631330728120808 ] } },
{ "type": "Feature", "properties": { "index": 167, "lon": 9.4161231282718063, "lat": -1.8357294534989419, "classification": 112, "subregion_name": "Sub-Saharan Africa", "umap_1d_x": -6.7932429, "umap_2d_x": 31.584503, "umap_2d_y": 36.656036, "umap_3d_x": 28.001282, "umap_3d_y": 39.224731, "umap_3d_z": 4.4628792, "tsne_1d_x": 36.550316, "tsne_2d_x": 39.665535, "tsne_2d_y": -28.882898, "tsne_3d_x": 38.651726, "tsne_3d_y": -39.923023, "tsne_3d_z": -20.017851, "grid_umap_1d_x": 167.0, "grid_umap_2d_x": 12.0, "grid_umap_2d_y": 11.0, "grid_umap_3d_x": 5.0, "grid_umap_3d_y": 4.0, "grid_umap_3d_z": 2.0, "grid_tsne_1d_x": 167.0, "grid_tsne_2d_x": 14.0, "grid_tsne_2d_y": 0.0, "grid_tsne_3d_x": 5.0, "grid_tsne_3d_y": 0.0, "grid_tsne_3d_z": 1.0, "tile_dir": "tiles/0167" }, "geometry": { "type": "Point", "coordinates": [ 9.416123128271806, -1.835729453498942 ] } },
{ "type": "Feature", "properties": { "index": 168, "lon": 118.44089061313394, "lat": 65.952702675111425, "classification": 113, "subregion_name": "Eastern Europe", "umap_1d_x": 18.591476, "umap_2d_x": -48.411766, "umap_2d_y": 3.4264221, "umap_3d_x": -48.943954, "umap_3d_y": 22.053696, "umap_3d_z": -39.323959, "tsne_1d_x": -69.027138, "tsne_2d_x": -44.248318, "tsne_2d_y": 20.646324, "tsne_3d_x": 14.195633, "tsne_3d_y": 35.571053, "tsne_3d_z": 30.476959, "grid_umap_1d_x": 168.0, "grid_umap_2d_x": 5.0, "grid_umap_2d_y": 7.0, "grid_umap_3d_x": 3.0, "grid_umap_3d_y": 4.0, "grid_umap_3d_z": 1.0, "grid_tsne_1d_x": 168.0, "grid_tsne_2d_x": 4.0, "grid_tsne_2d_y": 9.0, "grid_tsne_3d_x": 4.0, "grid_tsne_3d_y": 5.0, "grid_tsne_3d_z": 5.0, "tile_dir": "tiles/0168" }, "geometry": { "type": "Point", "coordinates": [ 118.440890613133945, 65.952702675111425 ] } },
{ "type": "Feature", "properties": { "index": 169, "lon": 84.447521564451279, "lat": 52.522900267341754, "classification": 115, "subregion_name": "Eastern Europe", "umap_1d_x": 14.800659, "umap_2d_x": -33.395039, "umap_2d_y": -3.7516785, "umap_3d_x": -44.846344, "umap_3d_y": -5.0033417, "umap_3d_z": -5.878582, "tsne_1d_x": -33.346733, "tsne_2d_x": -23.879395, "tsne_2d_y": -18.537172, "tsne_3d_x": -16.079407, "tsne_3d_y": 36.384117, "tsne_3d_z": -3.7212181, "grid_umap_1d_x": 169.0, "grid_umap_2d_x": 2.0, "grid_umap_2d_y": 4.0, "grid_umap_3d_x": 0.0, "grid_umap_3d_y": 1.0, "grid_umap_3d_z": 3.0, "grid_tsne_1d_x": 169.0, "grid_tsne_2d_x": 2.0, "grid_tsne_2d_y": 1.0, "grid_tsne_3d_x": 1.0, "grid_tsne_3d_y": 5.0, "grid_tsne_3d_z": 0.0, "tile_dir": "tiles/0169" }, "geometry": { "type": "Point", "coordinates": [ 84.447521564451279, 52.522900267341754 ] } },
{ "type": "Feature", "properties": { "index": 170, "lon": 28.153212987119929, "lat": -32.572534287356568, "classification": 114, "subregion_name": "Sub-Saharan Africa", "umap_1d_x": -16.02597, "umap_2d_x": 37.140228, "umap_2d_y": -20.327494, "umap_3d_x": 43.090897, "umap_3d_y": -12.909191, "umap_3d_z": 12.263668, "tsne_1d_x": 63.222279, "tsne_2d_x": 27.648605, "tsne_2d_y": 20.909912, "tsne_3d_x": 1.6367798, "tsne_3d_y": -11.80547, "tsne_3d_z": -35.929573, "grid_umap_1d_x": 170.0, "grid_umap_2d_x": 10.0, "grid_umap_2d_y": 3.0, "grid_umap_3d_x": 4.0, "grid_umap_3d_y": 2.0, "grid_umap_3d_z": 1.0, "grid_tsne_1d_x": 170.0, "grid_tsne_2d_x": 10.0, "grid_tsne_2d_y": 10.0, "grid_tsne_3d_x": 3.0, "grid_tsne_3d_y": 3.0, "grid_tsne_3d_z": 0.0, "tile_dir": "tiles/0170" }, "geometry": { "type": "Point", "coordinates": [ 28.153212987119929, -32.572534287356568 ] } },
{ "type": "Feature", "properties": { "index": 171, "lon": -68.689641986918787, "lat": 46.46531557095031, "classification": 114, "subregion_name": "Unknown", "umap_1d_x": 17.325226, "umap_2d_x": -38.251602, "umap_2d_y": -15.402588, "umap_3d_x": -44.263878, "umap_3d_y": -6.5060577, "umap_3d_z": -33.086517, "tsne_1d_x": -55.102509, "tsne_2d_x": -24.291462, "tsne_2d_y": 22.779175, "tsne_3d_x": -19.196827, "tsne_3d_y": 16.354156, "tsne_3d_z": 37.174805, "grid_umap_1d_x": 171.0, "grid_umap_2d_x": 4.0, "grid_umap_2d_y": 1.0, "grid_umap_3d_x": 1.0, "grid_umap_3d_y": 0.0, "grid_umap_3d_z": 0.0, "grid_tsne_1d_x": 171.0, "grid_tsne_2d_x": 6.0, "grid_tsne_2d_y": 10.0, "grid_tsne_3d_x": 0.0, "grid_tsne_3d_y": 3.0, "grid_tsne_3d_z": 5.0, "tile_dir": "tiles/0171" }, "geometry": { "type": "Point", "coordinates": [ -68.689641986918787, 46.46531557095031 ] } },
{ "type": "Feature", "properties": { "index": 172, "lon": -66.681399210666399, "lat": -33.320221879228122, "classification": 30, "subregion_name": "Latin America and the Caribbean", "umap_1d_x": -16.450769, "umap_2d_x": 37.067009, "umap_2d_y": -23.751759, "umap_3d_x": 47.146965, "umap_3d_y": -17.55793, "umap_3d_z": 13.405315, "tsne_1d_x": 65.250259, "tsne_2d_x": 32.589874, "tsne_2d_y": 32.008087, "tsne_3d_x": -18.996939, "tsne_3d_y": -15.927513, "tsne_3d_z": -36.379906, "grid_umap_1d_x": 172.0, "grid_umap_2d_x": 9.0, "grid_umap_2d_y": 3.0, "grid_umap_3d_x": 4.0, "grid_umap_3d_y": 1.0, "grid_umap_3d_z": 2.0, "grid_tsne_1d_x": 172.0, "grid_tsne_2d_x": 7.0, "grid_tsne_2d_y": 9.0, "grid_tsne_3d_x": 1.0, "grid_tsne_3d_y": 3.0, "grid_tsne_3d_z": 1.0, "tile_dir": "tiles/0172" }, "geometry": { "type": "Point", "coordinates": [ -66.681399210666399, -33.320221879228122 ] } },
{ "type": "Feature", "properties": { "index": 173, "lon": -53.195204229915504, "lat": -5.8247914009841324, "classification": 112, "subregion_name": "Latin America and the Caribbean", "umap_1d_x": -8.8518763, "umap_2d_x": 38.439224, "umap_2d_y": 24.450974, "umap_3d_x": 36.161041, "umap_3d_y": 41.487312, "umap_3d_z": 0.42247772, "tsne_1d_x": 45.033981, "tsne_2d_x": 49.138847, "tsne_2d_y": -22.299942, "tsne_3d_x": 24.473419, "tsne_3d_y": -42.134277, "tsne_3d_z": -39.147064, "grid_umap_1d_x": 173.0, "grid_umap_2d_x": 13.0, "grid_umap_2d_y": 8.0, "grid_umap_3d_x": 5.0, "grid_umap_3d_y": 4.0, "grid_umap_3d_z": 1.0, "grid_tsne_1d_x": 173.0, "grid_tsne_2d_x": 12.0, "grid_tsne_2d_y": 5.0, "grid_tsne_3d_x": 4.0, "grid_tsne_3d_y": 2.0, "grid_tsne_3d_z": 0.0, "tile_dir": "tiles/0173" }, "geometry": { "type": "Point", "coordinates": [ -53.195204229915504, -5.824791400984132 ] } },
{ "type": "Feature", "properties": { "index": 174, "lon": 64.529733640403435, "lat": 33.453654457435462, "classification": 40, "subregion_name": "Southern Asia", "umap_1d_x": 6.9427552, "umap_2d_x": -14.787292, "umap_2d_y": 9.7448349, "umap_3d_x": -21.650496, "umap_3d_y": 4.8973503, "umap_3d_z": 5.6835365, "tsne_1d_x": -4.4522214, "tsne_2d_x": 5.0954704, "tsne_2d_y": 19.173546, "tsne_3d_x": -15.390179, "tsne_3d_y": -9.6152611, "tsne_3d_z": 20.287392, "grid_umap_1d_x": 174.0, "grid_umap_2d_x": 2.0, "grid_umap_2d_y": 9.0, "grid_umap_3d_x": 0.0, "grid_umap_3d_y": 3.0, "grid_umap_3d_z": 4.0, "grid_tsne_1d_x": 174.0, "grid_tsne_2d_x": 6.0, "grid_tsne_2d_y": 14.0, "grid_tsne_3d_x": 1.0, "grid_tsne_3d_y": 2.0, "grid_tsne_3d_z": 5.0, "tile_dir": "tiles/0174" }, "geometry": { "type": "Point", "coordinates": [ 64.529733640403435, 33.453654457435462 ] } },
{ "type": "Feature", "properties": { "index": 175, "lon": -42.636971431772281, "lat": -6.8066473237523164, "classification": 126, "subregion_name": "Latin America and the Caribbean", "umap_1d_x": -14.031956, "umap_2d_x": 43.056641, "umap_2d_y": -14.489132, "umap_3d_x": 42.261711, "umap_3d_y": -7.0023041, "umap_3d_z": 31.957985, "tsne_1d_x": 57.240768, "tsne_2d_x": 37.146599, "tsne_2d_y": 15.780838, "tsne_3d_x": -6.2264366, "tsne_3d_y": -21.400013, "tsne_3d_z": -23.51985, "grid_umap_1d_x": 175.0, "grid_umap_2d_x": 13.0, "grid_umap_2d_y": 5.0, "grid_umap_3d_x": 4.0, "grid_umap_3d_y": 3.0, "grid_umap_3d_z": 4.0, "grid_tsne_1d_x": 175.0, "grid_tsne_2d_x": 13.0, "grid_tsne_2d_y": 9.0, "grid_tsne_3d_x": 1.0, "grid_tsne_3d_y": 1.0, "grid_tsne_3d_z": 0.0, "tile_dir": "tiles/0175" }, "geometry": { "type": "Point", "coordinates": [ -42.636971431772281, -6.806647323752316 ] } },
{ "type": "Feature", "properties": { "index": 176, "lon": -77.403691335861851, "lat": -1.950647444408538, "classification": 112, "subregion_name": "Latin America and the Caribbean", "umap_1d_x": -8.1015406, "umap_2d_x": 35.652908, "umap_2d_y": 31.784752, "umap_3d_x": 31.317802, "umap_3d_y": 41.725388, "umap_3d_z": 1.3894615, "tsne_1d_x": 41.60405, "tsne_2d_x": 43.010193, "tsne_2d_y": -29.588381, "tsne_3d_x": 34.226273, "tsne_3d_y": -38.318825, "tsne_3d_z": -27.774815, "grid_umap_1d_x": 176.0, "grid_umap_2d_x": 11.0, "grid_umap_2d_y": 9.0, "grid_umap_3d_x": 5.0, "grid_umap_3d_y": 5.0, "grid_umap_3d_z": 1.0, "grid_tsne_1d_x": 176.0, "grid_tsne_2d_x": 10.0, "grid_tsne_2d_y": 5.0, "grid_tsne_3d_x": 5.0, "grid_tsne_3d_y": 1.0, "grid_tsne_3d_z": 0.0, "tile_dir": "tiles/0176" }, "geometry": { "type": "Point", "coordinates": [ -77.403691335861851, -1.950647444408538 ] } },
{ "type": "Feature", "properties": { "index": 177, "lon": 90.247801514247442, "lat": 57.999648866606577, "classification": 114, "subregion_name": "Eastern Europe", "umap_1d_x": 12.462898, "umap_2d_x": -32.32357, "umap_2d_y": 14.1297, "umap_3d_x": -38.605839, "umap_3d_y": 9.189476, "umap_3d_z": -13.915127, "tsne_1d_x": -39.985474, "tsne_2d_x": -31.548323, "tsne_2d_y": -2.4664612, "tsne_3d_x": 12.588673, "tsne_3d_y": 19.107529, "tsne_3d_z": 6.1509438, "grid_umap_1d_x": 177.0, "grid_umap_2d_x": 0.0, "grid_umap_2d_y": 11.0, "grid_umap_3d_x": 0.0, "grid_umap_3d_y": 2.0, "grid_umap_3d_z": 2.0, "grid_tsne_1d_x": 177.0, "grid_tsne_2d_x": 3.0, "grid_tsne_2d_y": 5.0, "grid_tsne_3d_x": 4.0, "grid_tsne_3d_y": 4.0, "grid_tsne_3d_z": 2.0, "tile_dir": "tiles/0177" }, "geometry": { "type": "Point", "coordinates": [ 90.247801514247442, 57.999648866606577 ] } },
{ "type": "Feature", "properties": { "index": 178, "lon": -41.519420412093837, "lat": -10.773833587931051, "classification": 20, "subregion_name": "Latin America and the Caribbean", "umap_1d_x": -13.977221, "umap_2d_x": 43.643478, "umap_2d_y": -15.599056, "umap_3d_x": 41.928383, "umap_3d_y": -7.9240341, "umap_3d_z": 32.754585, "tsne_1d_x": 57.145306, "tsne_2d_x": 35.125992, "tsne_2d_y": 15.479408, "tsne_3d_x": -8.1096992, "tsne_3d_y": -19.197247, "tsne_3d_z": -18.04001, "grid_umap_1d_x": 178.0, "grid_umap_2d_x": 14.0, "grid_umap_2d_y": 4.0, "grid_umap_3d_x": 5.0, "grid_umap_3d_y": 2.0, "grid_umap_3d_z": 5.0, "grid_tsne_1d_x": 178.0, "grid_tsne_2d_x": 12.0, "grid_tsne_2d_y": 9.0, "grid_tsne_3d_x": 1.0, "grid_tsne_3d_y": 1.0, "grid_tsne_3d_z": 1.0, "tile_dir": "tiles/0178" }, "geometry": { "type": "Point", "coordinates": [ -41.519420412093837, -10.773833587931051 ] } },
{ "type": "Feature", "properties": { "index": 179, "lon": 4.7072693168527726, "lat": 9.4305332560722661, "classification": 40, "subregion_name": "Sub-Saharan Africa", "umap_1d_x": -2.6934459, "umap_2d_x": 10.9389, "umap_2d_y": 22.196991, "umap_3d_x": 8.1558418, "umap_3d_y": 33.256882, "umap_3d_z": 39.557877, "tsne_1d_x": 23.748878, "tsne_2d_x": 16.891136, "tsne_2d_y": -10.476501, "tsne_3d_x": 8.5281258, "tsne_3d_y": -41.278061, "tsne_3d_z": 26.369675, "grid_umap_1d_x": 179.0, "grid_umap_2d_x": 10.0, "grid_umap_2d_y": 11.0, "grid_umap_3d_x": 1.0, "grid_umap_3d_y": 3.0, "grid_umap_3d_z": 5.0, "grid_tsne_1d_x": 179.0, "grid_tsne_2d_x": 9.0, "grid_tsne_2d_y": 4.0, "grid_tsne_3d_x": 2.0, "grid_tsne_3d_y": 0.0, "grid_tsne_3d_z": 5.0, "tile_dir": "tiles/0179" }, "geometry": { "type": "Point", "coordinates": [ 4.707269316852773, 9.430533256072266 ] } },
{ "type": "Feature", "properties": { "index": 180, "lon": -51.944133309727306, "lat": -29.415512108241437, "classification": 126, "subregion_name": "Latin America and the Caribbean", "umap_1d_x": -17.015505, "umap_2d_x": 34.14444, "umap_2d_y": -17.320518, "umap_3d_x": 46.719711, "umap_3d_y": -13.766125, "umap_3d_z": 5.946003, "tsne_1d_x": 66.591995, "tsne_2d_x": 28.794594, "tsne_2d_y": 31.698456, "tsne_3d_x": -16.205189, "tsne_3d_y": -16.233582, "tsne_3d_z": -46.558132, "grid_umap_1d_x": 180.0, "grid_umap_2d_x": 14.0, "grid_umap_2d_y": 0.0, "grid_umap_3d_x": 4.0, "grid_umap_3d_y": 1.0, "grid_umap_3d_z": 0.0, "grid_tsne_1d_x": 180.0, "grid_tsne_2d_x": 11.0, "grid_tsne_2d_y": 14.0, "grid_tsne_3d_x": 1.0, "grid_tsne_3d_y": 3.0, "grid_tsne_3d_z": 0.0, "tile_dir": "tiles/0180" }, "geometry": { "type": "Point", "coordinates": [ -51.944133309727306, -29.415512108241437 ] } },
{ "type": "Feature", "properties": { "index": 181, "lon": 121.09530080334508, "lat": 1.196332524172085, "classification": 112, "subregion_name": "South-eastern Asia", "umap_1d_x": -5.8422241, "umap_2d_x": 28.423576, "umap_2d_y": 36.694267, "umap_3d_x": 23.354485, "umap_3d_y": 38.904572, "umap_3d_z": 7.5590591, "tsne_1d_x": 34.362186, "tsne_2d_x": 32.614571, "tsne_2d_y": -29.745739, "tsne_3d_x": 31.56752, "tsne_3d_y": -31.438581, "tsne_3d_z": -15.207401, "grid_umap_1d_x": 181.0, "grid_umap_2d_x": 11.0, "grid_umap_2d_y": 11.0, "grid_umap_3d_x": 4.0, "grid_umap_3d_y": 5.0, "grid_umap_3d_z": 2.0, "grid_tsne_1d_x": 181.0, "grid_tsne_2d_x": 11.0, "grid_tsne_2d_y": 2.0, "grid_tsne_3d_x": 4.0, "grid_tsne_3d_y": 2.0, "grid_tsne_3d_z": 2.0, "tile_dir": "tiles/0181" }, "geometry": { "type": "Point", "coordinates": [ 121.095300803345083, 1.196332524172085 ] } },
{ "type": "Feature", "properties": { "index": 182, "lon": 30.810239613051493, "lat": -24.350966596942051, "classification": 126, "subregion_name": "Sub-Saharan Africa", "umap_1d_x": -14.804708, "umap_2d_x": 41.483604, "umap_2d_y": -19.720352, "umap_3d_x": 44.584793, "umap_3d_y": -10.721443, "umap_3d_z": 26.49437, "tsne_1d_x": 60.080906, "tsne_2d_x": 44.490204, "tsne_2d_y": 19.996819, "tsne_3d_x": -13.616535, "tsne_3d_y": -25.753086, "tsne_3d_z": -29.697296, "grid_umap_1d_x": 182.0, "grid_umap_2d_x": 10.0, "grid_umap_2d_y": 5.0, "grid_umap_3d_x": 4.0, "grid_umap_3d_y": 2.0, "grid_umap_3d_z": 3.0, "grid_tsne_1d_x": 182.0, "grid_tsne_2d_x": 11.0, "grid_tsne_2d_y": 9.0, "grid_tsne_3d_x": 1.0, "grid_tsne_3d_y": 2.0, "grid_tsne_3d_z": 1.0, "tile_dir": "tiles/0182" }, "geometry": { "type": "Point", "coordinates": [ 30.810239613051493, -24.350966596942051 ] } },
{ "type": "Feature", "properties": { "index": 183, "lon": -58.551435833873001, "lat": -25.912906638156372, "classification": 126, "subregion_name": "Latin America and the Caribbean", "umap_1d_x": -16.893396, "umap_2d_x": 34.673279, "umap_2d_y": -16.663315, "umap_3d_x": 46.665581, "umap_3d_y": -11.892464, "umap_3d_z": 7.2412262, "tsne_1d_x": 66.003288, "tsne_2d_x": 28.25824, "tsne_2d_y": 28.285271, "tsne_3d_x": -8.0241547, "tsne_3d_y": -16.264172, "tsne_3d_z": -44.044853, "grid_umap_1d_x": 183.0, "grid_umap_2d_x": 10.0, "grid_umap_2d_y": 4.0, "grid_umap_3d_x": 5.0, "grid_umap_3d_y": 2.0, "grid_umap_3d_z": 1.0, "grid_tsne_1d_x": 183.0, "grid_tsne_2d_x": 9.0, "grid_tsne_2d_y": 11.0, "grid_tsne_3d_x": 2.0, "grid_tsne_3d_y": 3.0, "grid_tsne_3d_z": 0.0, "tile_dir": "tiles/0183" }, "geometry": { "type": "Point", "coordinates": [ -58.551435833873001, -25.912906638156372 ] } },
{ "type": "Feature", "properties": { "index": 184, "lon": 86.836883654173562, "lat": 68.798423101291831, "classification": 90, "subregion_name": "Eastern Europe", "umap_1d_x": 18.207344, "umap_2d_x": -46.514553, "umap_2d_y": -11.696529, "umap_3d_x": -46.419659, "umap_3d_y": 7.6486816, "umap_3d_z": -46.89888, "tsne_1d_x": -64.748276, "tsne_2d_x": -39.640594, "tsne_2d_y": 31.083588, "tsne_3d_x": 0.95346451, "tsne_3d_y": 26.027992, "tsne_3d_z": 42.132698, "grid_umap_1d_x": 184.0, "grid_umap_2d_x": 3.0, "grid_umap_2d_y": 3.0, "grid_umap_3d_x": 2.0, "grid_umap_3d_y": 2.0, "grid_umap_3d_z": 0.0, "grid_tsne_1d_x": 184.0, "grid_tsne_2d_x": 5.0, "grid_tsne_2d_y": 11.0, "grid_tsne_3d_x": 3.0, "grid_tsne_3d_y": 3.0, "grid_tsne_3d_z": 4.0, "tile_dir": "tiles/0184" }, "geometry": { "type": "Point", "coordinates": [ 86.836883654173562, 68.798423101291831 ] } },
{ "type": "Feature", "properties": { "index": 185, "lon": 76.908841005809052, "lat": 20.574752881966788, "classification": 40, "subregion_name": "Southern Asia", "umap_1d_x": 0.13393132, "umap_2d_x": 5.7306633, "umap_2d_y": 42.473625, "umap_3d_x": 2.2200928, "umap_3d_y": 41.188774, "umap_3d_z": 29.58992, "tsne_1d_x": 15.232491, "tsne_2d_x": 11.840939, "tsne_2d_y": -39.794044, "tsne_3d_x": 22.880417, "tsne_3d_y": -31.346918, "tsne_3d_z": 28.67627, "grid_umap_1d_x": 185.0, "grid_umap_2d_x": 7.0, "grid_umap_2d_y": 9.0, "grid_umap_3d_x": 1.0, "grid_umap_3d_y": 4.0, "grid_umap_3d_z": 4.0, "grid_tsne_1d_x": 185.0, "grid_tsne_2d_x": 7.0, "grid_tsne_2d_y": 1.0, "grid_tsne_3d_x": 4.0, "grid_tsne_3d_y": 2.0, "grid_tsne_3d_z": 5.0, "tile_dir": "tiles/0185" }, "geometry": { "type": "Point", "coordinates": [ 76.908841005809052, 20.574752881966788 ] } },
{ "type": "Feature", "properties": { "index": 186, "lon": 133.87003209848353, "lat": 67.172909974354639, "classification": 113, "subregion_name": "Eastern Europe", "umap_1d_x": 18.708368, "umap_2d_x": -48.349255, "umap_2d_y": 2.2076073, "umap_3d_x": -49.755398, "umap_3d_y": 20.203522, "umap_3d_z": -37.971344, "tsne_1d_x": -69.103592, "tsne_2d_x": -45.127991, "tsne_2d_y": 19.10672, "tsne_3d_x": 7.0697021, "tsne_3d_y": 35.362717, "tsne_3d_z": 30.764664, "grid_umap_1d_x": 186.0, "grid_umap_2d_x": 0.0, "grid_umap_2d_y": 6.0, "grid_umap_3d_x": 2.0, "grid_umap_3d_y": 3.0, "grid_umap_3d_z": 1.0, "grid_tsne_1d_x": 186.0, "grid_tsne_2d_x": 1.0, "grid_tsne_2d_y": 9.0, "grid_tsne_3d_x": 3.0, "grid_tsne_3d_y": 5.0, "grid_tsne_3d_z": 4.0, "tile_dir": "tiles/0186" }, "geometry": { "type": "Point", "coordinates": [ 133.870032098483534, 67.172909974354639 ] } },
{ "type": "Feature", "properties": { "index": 187, "lon": 143.61506695811244, "lat": -38.523350746155316, "classification": 112, "subregion_name": "Unknown", "umap_1d_x": -16.581406, "umap_2d_x": 34.695717, "umap_2d_y": -22.023483, "umap_3d_x": 43.676804, "umap_3d_y": -16.073746, "umap_3d_z": 7.8895226, "tsne_1d_x": 68.850143, "tsne_2d_x": 27.57605, "tsne_2d_y": 40.272881, "tsne_3d_x": -5.4591141, "tsne_3d_y": -7.3799858, "tsne_3d_z": -37.63522, "grid_umap_1d_x": 187.0, "grid_umap_2d_x": 10.0, "grid_umap_2d_y": 2.0, "grid_umap_3d_x": 5.0, "grid_umap_3d_y": 1.0, "grid_umap_3d_z": 1.0, "grid_tsne_1d_x": 187.0, "grid_tsne_2d_x": 9.0, "grid_tsne_2d_y": 14.0, "grid_tsne_3d_x": 2.0, "grid_tsne_3d_y": 4.0, "grid_tsne_3d_z": 0.0, "tile_dir": "tiles/0187" }, "geometry": { "type": "Point", "coordinates": [ 143.615066958112436, -38.523350746155316 ] } },
{ "type": "Feature", "properties": { "index": 188, "lon": 5.1066049244373906, "lat": 14.141042345808216, "classification": 30, "subregion_name": "Sub-Saharan Africa", "umap_1d_x": 2.1534429, "umap_2d_x": 9.1396332, "umap_2d_y": 13.360977, "umap_3d_x": 8.8059921, "umap_3d_y": 23.442703, "umap_3d_z": 47.97773, "tsne_1d_x": 25.812008, "tsne_2d_x": 15.569405, "tsne_2d_y": -2.158329, "tsne_3d_x": -5.8774681, "tsne_3d_y": -37.113037, "tsne_3d_z": 25.146828, "grid_umap_1d_x": 188.0, "grid_umap_2d_x": 9.0, "grid_umap_2d_y": 11.0, "grid_umap_3d_x": 3.0, "grid_umap_3d_y": 3.0, "grid_umap_3d_z": 5.0, "grid_tsne_1d_x": 188.0, "grid_tsne_2d_x": 13.0, "grid_tsne_2d_y": 1.0, "grid_tsne_3d_x": 2.0, "grid_tsne_3d_y": 1.0, "grid_tsne_3d_z": 5.0, "tile_dir": "tiles/0188" }, "geometry": { "type": "Point", "coordinates": [ 5.106604924437391, 14.141042345808216 ] } },
{ "type": "Feature", "properties": { "index": 189, "lon": -114.56346904319717, "lat": 33.359545306196296, "classification": 20, "subregion_name": "Unknown", "umap_1d_x": 5.8020053, "umap_2d_x": -10.849045, "umap_2d_y": 5.022789, "umap_3d_x": -19.898207, "umap_3d_y": -0.54153061, "umap_3d_z": 12.985111, "tsne_1d_x": -0.0022599681, "tsne_2d_x": 10.5173, "tsne_2d_y": 14.031517, "tsne_3d_x": -13.963463, "tsne_3d_y": -25.645493, "tsne_3d_z": 12.853188, "grid_umap_1d_x": 189.0, "grid_umap_2d_x": 1.0, "grid_umap_2d_y": 6.0, "grid_umap_3d_x": 1.0, "grid_umap_3d_y": 1.0, "grid_umap_3d_z": 5.0, "grid_tsne_1d_x": 189.0, "grid_tsne_2d_x": 7.0, "grid_tsne_2d_y": 10.0, "grid_tsne_3d_x": 1.0, "grid_tsne_3d_y": 1.0, "grid_tsne_3d_z": 4.0, "tile_dir": "tiles/0189" }, "geometry": { "type": "Point", "coordinates": [ -114.563469043197173, 33.359545306196296 ] } },
{ "type": "Feature", "properties": { "index": 190, "lon": 26.618387681008528, "lat": -7.057915484543102, "classification": 114, "subregion_name": "Sub-Saharan Africa", "umap_1d_x": -12.910425, "umap_2d_x": 48.839005, "umap_2d_y": -15.907654, "umap_3d_x": 35.161125, "umap_3d_y": -7.1958885, "umap_3d_z": 28.071144, "tsne_1d_x": 51.774174, "tsne_2d_x": 39.223076, "tsne_2d_y": 3.9791412, "tsne_3d_x": 1.168148, "tsne_3d_y": -39.505787, "tsne_3d_z": -20.613321, "grid_umap_1d_x": 190.0, "grid_umap_2d_x": 12.0, "grid_umap_2d_y": 6.0, "grid_umap_3d_x": 3.0, "grid_umap_3d_y": 2.0, "grid_umap_3d_z": 4.0, "grid_tsne_1d_x": 190.0, "grid_tsne_2d_x": 13.0, "grid_tsne_2d_y": 6.0, "grid_tsne_3d_x": 3.0, "grid_tsne_3d_y": 1.0, "grid_tsne_3d_z": 1.0, "tile_dir": "tiles/0190" }, "geometry": { "type": "Point", "coordinates": [ 26.618387681008528, -7.057915484543102 ] } },
{ "type": "Feature", "properties": { "index": 191, "lon": 35.381940888326938, "lat": 7.9299847399252172, "classification": 112, "subregion_name": "Sub-Saharan Africa", "umap_1d_x": -1.4517875, "umap_2d_x": 6.6806717, "umap_2d_y": 30.659454, "umap_3d_x": 7.1508484, "umap_3d_y": 32.386703, "umap_3d_z": 24.259918, "tsne_1d_x": 19.393579, "tsne_2d_x": 11.126743, "tsne_2d_y": -20.156652, "tsne_3d_x": 13.275391, "tsne_3d_y": -38.409664, "tsne_3d_z": 5.6416626, "grid_umap_1d_x": 191.0, "grid_umap_2d_x": 7.0, "grid_umap_2d_y": 13.0, "grid_umap_3d_x": 4.0, "grid_umap_3d_y": 5.0, "grid_umap_3d_z": 4.0, "grid_tsne_1d_x": 191.0, "grid_tsne_2d_x": 7.0, "grid_tsne_2d_y": 5.0, "grid_tsne_3d_x": 4.0, "grid_tsne_3d_y": 0.0, "grid_tsne_3d_z": 2.0, "tile_dir": "tiles/0191" }, "geometry": { "type": "Point", "coordinates": [ 35.381940888326938, 7.929984739925217 ] } },
{ "type": "Feature", "properties": { "index": 192, "lon": -6.2725823021186784, "lat": 6.020165980949983, "classification": 116, "subregion_name": "Sub-Saharan Africa", "umap_1d_x": -2.3554313, "umap_2d_x": 11.244434, "umap_2d_y": 27.360168, "umap_3d_x": 8.9727173, "umap_3d_y": 36.768204, "umap_3d_z": 33.395035, "tsne_1d_x": 20.620134, "tsne_2d_x": 20.156189, "tsne_2d_y": -17.005386, "tsne_3d_x": 24.639221, "tsne_3d_y": -44.855904, "tsne_3d_z": 11.462696, "grid_umap_1d_x": 192.0, "grid_umap_2d_x": 10.0, "grid_umap_2d_y": 12.0, "grid_umap_3d_x": 5.0, "grid_umap_3d_y": 5.0, "grid_umap_3d_z": 5.0, "grid_tsne_1d_x": 192.0, "grid_tsne_2d_x": 11.0, "grid_tsne_2d_y": 0.0, "grid_tsne_3d_x": 4.0, "grid_tsne_3d_y": 1.0, "grid_tsne_3d_z": 3.0, "tile_dir": "tiles/0192" }, "geometry": { "type": "Point", "coordinates": [ -6.272582302118678, 6.020165980949983 ] } },
{ "type": "Feature", "properties": { "index": 193, "lon": -103.45728232914509, "lat": 36.979290185479343, "classification": 30, "subregion_name": "Unknown", "umap_1d_x": 7.1285253, "umap_2d_x": -15.125389, "umap_2d_y": 8.0860748, "umap_3d_x": -22.035471, "umap_3d_y": 3.994751, "umap_3d_z": 6.5384865, "tsne_1d_x": -4.5614562, "tsne_2d_x": 3.968586, "tsne_2d_y": 20.771423, "tsne_3d_x": -10.072979, "tsne_3d_y": -17.889805, "tsne_3d_z": 10.438156, "grid_umap_1d_x": 193.0, "grid_umap_2d_x": 3.0, "grid_umap_2d_y": 8.0, "grid_umap_3d_x": 1.0, "grid_umap_3d_y": 2.0, "grid_umap_3d_z": 4.0, "grid_tsne_1d_x": 193.0, "grid_tsne_2d_x": 6.0, "grid_tsne_2d_y": 12.0, "grid_tsne_3d_x": 0.0, "grid_tsne_3d_y": 0.0, "grid_tsne_3d_z": 4.0, "tile_dir": "tiles/0193" }, "geometry": { "type": "Point", "coordinates": [ -103.457282329145087, 36.979290185479343 ] } },
{ "type": "Feature", "properties": { "index": 194, "lon": 113.44522707760115, "lat": 2.34655788157847, "classification": 112, "subregion_name": "South-eastern Asia", "umap_1d_x": -6.1731496, "umap_2d_x": 29.999886, "umap_2d_y": 37.354439, "umap_3d_x": 25.519974, "umap_3d_y": 40.006218, "umap_3d_z": 6.9801941, "tsne_1d_x": 35.429081, "tsne_2d_x": 34.648392, "tsne_2d_y": -31.485098, "tsne_3d_x": 34.766418, "tsne_3d_y": -32.971397, "tsne_3d_z": -19.666063, "grid_umap_1d_x": 194.0, "grid_umap_2d_x": 13.0, "grid_umap_2d_y": 13.0, "grid_umap_3d_x": 5.0, "grid_umap_3d_y": 5.0, "grid_umap_3d_z": 2.0, "grid_tsne_1d_x": 194.0, "grid_tsne_2d_x": 12.0, "grid_tsne_2d_y": 1.0, "grid_tsne_3d_x": 5.0, "grid_tsne_3d_y": 1.0, "grid_tsne_3d_z": 1.0, "tile_dir": "tiles/0194" }, "geometry": { "type": "Point", "coordinates": [ 113.445227077601146, 2.34655788157847 ] } },
{ "type": "Feature", "properties": { "index": 195, "lon": 16.504288303077146, "lat": 8.5015573912604481, "classification": 40, "subregion_name": "Sub-Saharan Africa", "umap_1d_x": -2.6144309, "umap_2d_x": 11.03524, "umap_2d_y": 22.827164, "umap_3d_x": 8.2992859, "umap_3d_y": 32.60257, "umap_3d_z": 38.984932, "tsne_1d_x": 23.386312, "tsne_2d_x": 16.116119, "tsne_2d_y": -11.116222, "tsne_3d_x": 8.9417114, "tsne_3d_y": -43.656815, "tsne_3d_z": 24.784927, "grid_umap_1d_x": 195.0, "grid_umap_2d_x": 10.0, "grid_umap_2d_y": 10.0, "grid_umap_3d_x": 3.0, "grid_umap_3d_y": 3.0, "grid_umap_3d_z": 4.0, "grid_tsne_1d_x": 195.0, "grid_tsne_2d_x": 10.0, "grid_tsne_2d_y": 2.0, "grid_tsne_3d_x": 2.0, "grid_tsne_3d_y": 1.0, "grid_tsne_3d_z": 4.0, "tile_dir": "tiles/0195" }, "geometry": { "type": "Point", "coordinates": [ 16.504288303077146, 8.501557391260448 ] } },
{ "type": "Feature", "properties": { "index": 196, "lon": -100.8845512950096, "lat": 35.182382314787176, "classification": 30, "subregion_name": "Unknown", "umap_1d_x": 9.4630928, "umap_2d_x": -19.304365, "umap_2d_y": 15.521309, "umap_3d_x": -23.386372, "umap_3d_y": 4.4576225, "umap_3d_z": -12.576622, "tsne_1d_x": -11.417822, "tsne_2d_x": 2.1219978, "tsne_2d_y": 3.6309967, "tsne_3d_x": 9.5528259, "tsne_3d_y": -5.8042336, "tsne_3d_z": 10.094715, "grid_umap_1d_x": 196.0, "grid_umap_2d_x": 0.0, "grid_umap_2d_y": 12.0, "grid_umap_3d_x": 2.0, "grid_umap_3d_y": 2.0, "grid_umap_3d_z": 2.0, "grid_tsne_1d_x": 196.0, "grid_tsne_2d_x": 3.0, "grid_tsne_2d_y": 4.0, "grid_tsne_3d_x": 5.0, "grid_tsne_3d_y": 1.0, "grid_tsne_3d_z": 5.0, "tile_dir": "tiles/0196" }, "geometry": { "type": "Point", "coordinates": [ -100.884551295009601, 35.182382314787176 ] } },
{ "type": "Feature", "properties": { "index": 197, "lon": 6.1964207132754439, "lat": 49.984126349000874, "classification": 40, "subregion_name": "Western Europe", "umap_1d_x": 23.264004, "umap_2d_x": -19.687572, "umap_2d_y": -13.783325, "umap_3d_x": -28.545593, "umap_3d_y": -12.966545, "umap_3d_z": -13.374424, "tsne_1d_x": -18.449488, "tsne_2d_x": -6.7832756, "tsne_2d_y": 24.994774, "tsne_3d_x": -37.022697, "tsne_3d_y": -2.5076904, "tsne_3d_z": 22.38707, "grid_umap_1d_x": 197.0, "grid_umap_2d_x": 6.0, "grid_umap_2d_y": 1.0, "grid_umap_3d_x": 2.0, "grid_umap_3d_y": 0.0, "grid_umap_3d_z": 2.0, "grid_tsne_1d_x": 197.0, "grid_tsne_2d_x": 3.0, "grid_tsne_2d_y": 14.0, "grid_tsne_3d_x": 0.0, "grid_tsne_3d_y": 2.0, "grid_tsne_3d_z": 4.0, "tile_dir": "tiles/0197" }, "geometry": { "type": "Point", "coordinates": [ 6.196420713275444, 49.984126349000874 ] } },
{ "type": "Feature", "properties": { "index": 198, "lon": 15.81175836328427, "lat": 67.43240269228167, "classification": 30, "subregion_name": "Northern Europe", "umap_1d_x": 20.047182, "umap_2d_x": -35.988945, "umap_2d_y": -13.812649, "umap_3d_x": -42.431587, "umap_3d_y": -3.1238136, "umap_3d_z": -27.390436, "tsne_1d_x": -48.926918, "tsne_2d_x": -24.259134, "tsne_2d_y": 14.912758, "tsne_3d_x": -28.124792, "tsne_3d_y": 28.822166, "tsne_3d_z": 28.520569, "grid_umap_1d_x": 198.0, "grid_umap_2d_x": 0.0, "grid_umap_2d_y": 0.0, "grid_umap_3d_x": 1.0, "grid_umap_3d_y": 1.0, "grid_umap_3d_z": 1.0, "grid_tsne_1d_x": 198.0, "grid_tsne_2d_x": 2.0, "grid_tsne_2d_y": 9.0, "grid_tsne_3d_x": 0.0, "grid_tsne_3d_y": 5.0, "grid_tsne_3d_z": 5.0, "tile_dir": "tiles/0198" }, "geometry": { "type": "Point", "coordinates": [ 15.81175836328427, 67.43240269228167 ] } },
{ "type": "Feature", "properties": { "index": 199, "lon": -141.33528181202078, "lat": 64.704933407269323, "classification": 111, "subregion_name": "Unknown", "umap_1d_x": 15.185076, "umap_2d_x": -38.711681, "umap_2d_y": 8.8178177, "umap_3d_x": -45.65192, "umap_3d_y": 14.829079, "umap_3d_z": -13.81818, "tsne_1d_x": -42.324444, "tsne_2d_x": -41.962856, "tsne_2d_y": -8.5399742, "tsne_3d_x": 17.379379, "tsne_3d_y": 39.978828, "tsne_3d_z": 1.674408, "grid_umap_1d_x": 199.0, "grid_umap_2d_x": 0.0, "grid_umap_2d_y": 9.0, "grid_umap_3d_x": 0.0, "grid_umap_3d_y": 3.0, "grid_umap_3d_z": 2.0, "grid_tsne_1d_x": 199.0, "grid_tsne_2d_x": 4.0, "grid_tsne_2d_y": 5.0, "grid_tsne_3d_x": 4.0, "grid_tsne_3d_y": 4.0, "grid_tsne_3d_z": 1.0, "tile_dir": "tiles/0199" }, "geometry": { "type": "Point", "coordinates": [ -141.335281812020781, 64.704933407269323 ] } },
{ "type": "Feature", "properties": { "index": 200, "lon": -51.547360485997729, "lat": -25.373965597326332, "classification": 112, "subregion_name": "Latin America and the Caribbean", "umap_1d_x": -15.84346, "umap_2d_x": 37.75531, "umap_2d_y": -18.750645, "umap_3d_x": 42.509033, "umap_3d_y": -11.80526, "umap_3d_z": 13.425594, "tsne_1d_x": 63.097897, "tsne_2d_x": 29.546875, "tsne_2d_y": 20.690338, "tsne_3d_x": 1.691391, "tsne_3d_y": -17.124908, "tsne_3d_z": -35.813286, "grid_umap_1d_x": 200.0, "grid_umap_2d_x": 14.0, "grid_umap_2d_y": 1.0, "grid_umap_3d_x": 4.0, "grid_umap_3d_y": 2.0, "grid_umap_3d_z": 2.0, "grid_tsne_1d_x": 200.0, "grid_tsne_2d_x": 7.0, "grid_tsne_2d_y": 8.0, "grid_tsne_3d_x": 3.0, "grid_tsne_3d_y": 2.0, "grid_tsne_3d_z": 0.0, "tile_dir": "tiles/0200" }, "geometry": { "type": "Point", "coordinates": [ -51.547360485997729, -25.373965597326332 ] } },
{ "type": "Feature", "properties": { "index": 201, "lon": -62.634392349789479, "lat": -24.545056270691752, "classification": 116, "subregion_name": "Latin America and the Caribbean", "umap_1d_x": -16.01722, "umap_2d_x": 36.973282, "umap_2d_y": -17.065361, "umap_3d_x": 46.116096, "umap_3d_y": -11.190536, "umap_3d_z": 13.057049, "tsne_1d_x": 64.219315, "tsne_2d_x": 30.399414, "tsne_2d_y": 26.984032, "tsne_3d_x": -8.9254189, "tsne_3d_y": -20.191204, "tsne_3d_z": -38.970024, "grid_umap_1d_x": 201.0, "grid_umap_2d_x": 12.0, "grid_umap_2d_y": 3.0, "grid_umap_3d_x": 5.0, "grid_umap_3d_y": 3.0, "grid_umap_3d_z": 2.0, "grid_tsne_1d_x": 201.0, "grid_tsne_2d_x": 10.0, "grid_tsne_2d_y": 11.0, "grid_tsne_3d_x": 2.0, "grid_tsne_3d_y": 2.0, "grid_tsne_3d_z": 0.0, "tile_dir": "tiles/0201" }, "geometry": { "type": "Point", "coordinates": [ -62.634392349789479, -24.545056270691752 ] } },
{ "type": "Feature", "properties": { "index": 202, "lon": 45.319804994337318, "lat": 9.7368342047976171, "classification": 30, "subregion_name": "Unknown", "umap_1d_x": 2.5108938, "umap_2d_x": 8.0397377, "umap_2d_y": 9.7325439, "umap_3d_x": 9.6833992, "umap_3d_y": 16.742012, "umap_3d_z": 49.698837, "tsne_1d_x": 27.051386, "tsne_2d_x": 14.260956, "tsne_2d_y": 2.5009346, "tsne_3d_x": -14.705471, "tsne_3d_y": -37.985783, "tsne_3d_z": 19.355812, "grid_umap_1d_x": 202.0, "grid_umap_2d_x": 8.0, "grid_umap_2d_y": 9.0, "grid_umap_3d_x": 2.0, "grid_umap_3d_y": 2.0, "grid_umap_3d_z": 5.0, "grid_tsne_1d_x": 202.0, "grid_tsne_2d_x": 10.0, "grid_tsne_2d_y": 6.0, "grid_tsne_3d_x": 1.0, "grid_tsne_3d_y": 0.0, "grid_tsne_3d_z": 4.0, "tile_dir": "tiles/0202" }, "geometry": { "type": "Point", "coordinates": [ 45.319804994337318, 9.736834204797617 ] } },
{ "type": "Feature", "properties": { "index": 203, "lon": 17.970694223759409, "lat": 9.9676061273905106, "classification": 114, "subregion_name": "Sub-Saharan Africa", "umap_1d_x": -2.2681599, "umap_2d_x": 10.25523, "umap_2d_y": 25.69429, "umap_3d_x": 9.454567, "umap_3d_y": 31.815201, "umap_3d_z": 34.109818, "tsne_1d_x": 22.364216, "tsne_2d_x": 15.508133, "tsne_2d_y": -14.57769, "tsne_3d_x": 11.211853, "tsne_3d_y": -44.01218, "tsne_3d_z": 18.597763, "grid_umap_1d_x": 203.0, "grid_umap_2d_x": 10.0, "grid_umap_2d_y": 14.0, "grid_umap_3d_x": 5.0, "grid_umap_3d_y": 4.0, "grid_umap_3d_z": 5.0, "grid_tsne_1d_x": 203.0, "grid_tsne_2d_x": 9.0, "grid_tsne_2d_y": 3.0, "grid_tsne_3d_x": 2.0, "grid_tsne_3d_y": 0.0, "grid_tsne_3d_z": 4.0, "tile_dir": "tiles/0203" }, "geometry": { "type": "Point", "coordinates": [ 17.970694223759409, 9.967606127390511 ] } },
{ "type": "Feature", "properties": { "index": 204, "lon": 116.97477984078517, "lat": 4.8577761631195671, "classification": 112, "subregion_name": "South-eastern Asia", "umap_1d_x": -5.5927372, "umap_2d_x": 27.473465, "umap_2d_y": 34.74807, "umap_3d_x": 21.881119, "umap_3d_y": 36.362267, "umap_3d_z": 8.551239, "tsne_1d_x": 33.117237, "tsne_2d_x": 31.594505, "tsne_2d_y": -24.832466, "tsne_3d_x": 29.66394, "tsne_3d_y": -26.87575, "tsne_3d_z": -12.504814, "grid_umap_1d_x": 204.0, "grid_umap_2d_x": 12.0, "grid_umap_2d_y": 12.0, "grid_umap_3d_x": 5.0, "grid_umap_3d_y": 5.0, "grid_umap_3d_z": 3.0, "grid_tsne_1d_x": 204.0, "grid_tsne_2d_x": 13.0, "grid_tsne_2d_y": 0.0, "grid_tsne_3d_x": 4.0, "grid_tsne_3d_y": 3.0, "grid_tsne_3d_z": 2.0, "tile_dir": "tiles/0204" }, "geometry": { "type": "Point", "coordinates": [ 116.974779840785175, 4.857776163119567 ] } },
{ "type": "Feature", "properties": { "index": 205, "lon": 70.438885729816633, "lat": 22.607629320200289, "classification": 40, "subregion_name": "Southern Asia", "umap_1d_x": 0.14611733, "umap_2d_x": 5.9533463, "umap_2d_y": 42.76886, "umap_3d_x": 2.38731, "umap_3d_y": 41.771523, "umap_3d_z": 30.497513, "tsne_1d_x": 15.467976, "tsne_2d_x": 11.407059, "tsne_2d_y": -40.765835, "tsne_3d_x": 22.734108, "tsne_3d_y": -33.253746, "tsne_3d_z": 30.110558, "grid_umap_1d_x": 205.0, "grid_umap_2d_x": 7.0, "grid_umap_2d_y": 11.0, "grid_umap_3d_x": 1.0, "grid_umap_3d_y": 4.0, "grid_umap_3d_z": 5.0, "grid_tsne_1d_x": 205.0, "grid_tsne_2d_x": 6.0, "grid_tsne_2d_y": 3.0, "grid_tsne_3d_x": 3.0, "grid_tsne_3d_y": 2.0, "grid_tsne_3d_z": 5.0, "tile_dir": "tiles/0205" }, "geometry": { "type": "Point", "coordinates": [ 70.438885729816633, 22.607629320200289 ] } },
{ "type": "Feature", "properties": { "index": 206, "lon": 82.031406689111975, "lat": 64.084499288198927, "classification": 111, "subregion_name": "Eastern Europe", "umap_1d_x": 15.890955, "umap_2d_x": -41.638371, "umap_2d_y": 6.0098991, "umap_3d_x": -48.686493, "umap_3d_y": 13.672359, "umap_3d_z": -18.203331, "tsne_1d_x": -45.896255, "tsne_2d_x": -36.94088, "tsne_2d_y": 2.0362968, "tsne_3d_x": -5.2834625, "tsne_3d_y": 40.226746, "tsne_3d_z": 11.870384, "grid_umap_1d_x": 206.0, "grid_umap_2d_x": 0.0, "grid_umap_2d_y": 7.0, "grid_umap_3d_x": 0.0, "grid_umap_3d_y": 3.0, "grid_umap_3d_z": 1.0, "grid_tsne_1d_x": 206.0, "grid_tsne_2d_x": 6.0, "grid_tsne_2d_y": 7.0, "grid_tsne_3d_x": 2.0, "grid_tsne_3d_y": 4.0, "grid_tsne_3d_z": 2.0, "tile_dir": "tiles/0206" }, "geometry": { "type": "Point", "coordinates": [ 82.031406689111975, 64.084499288198927 ] } },
{ "type": "Feature", "properties": { "index": 207, "lon": 103.03696420820376, "lat": 18.158472206750417, "classification": 40, "subregion_name": "South-eastern Asia", "umap_1d_x": 0.45489496, "umap_2d_x": 8.4039345, "umap_2d_y": 42.75753, "umap_3d_x": 4.4152069, "umap_3d_y": 45.987961, "umap_3d_z": 26.8666, "tsne_1d_x": 16.533367, "tsne_2d_x": 16.085037, "tsne_2d_y": -37.827126, "tsne_3d_x": 31.317001, "tsne_3d_y": -34.755974, "tsne_3d_z": 21.773132, "grid_umap_1d_x": 207.0, "grid_umap_2d_x": 8.0, "grid_umap_2d_y": 14.0, "grid_umap_3d_x": 3.0, "grid_umap_3d_y": 5.0, "grid_umap_3d_z": 4.0, "grid_tsne_1d_x": 207.0, "grid_tsne_2d_x": 8.0, "grid_tsne_2d_y": 0.0, "grid_tsne_3d_x": 5.0, "grid_tsne_3d_y": 0.0, "grid_tsne_3d_z": 5.0, "tile_dir": "tiles/0207" }, "geometry": { "type": "Point", "coordinates": [ 103.036964208203756, 18.158472206750417 ] } },
{ "type": "Feature", "properties": { "index": 208, "lon": 48.327356555459204, "lat": 61.82011398131047, "classification": 114, "subregion_name": "Eastern Europe", "umap_1d_x": 15.104497, "umap_2d_x": -31.911682, "umap_2d_y": -7.7704086, "umap_3d_x": -42.570232, "umap_3d_y": -7.616703, "umap_3d_z": -10.129269, "tsne_1d_x": -30.838865, "tsne_2d_x": -26.610321, "tsne_2d_y": -5.1551971, "tsne_3d_x": -24.237665, "tsne_3d_y": 25.860229, "tsne_3d_z": 9.5527954, "grid_umap_1d_x": 208.0, "grid_umap_2d_x": 4.0, "grid_umap_2d_y": 3.0, "grid_umap_3d_x": 2.0, "grid_umap_3d_y": 1.0, "grid_umap_3d_z": 3.0, "grid_tsne_1d_x": 208.0, "grid_tsne_2d_x": 1.0, "grid_tsne_2d_y": 4.0, "grid_tsne_3d_x": 0.0, "grid_tsne_3d_y": 5.0, "grid_tsne_3d_z": 3.0, "tile_dir": "tiles/0208" }, "geometry": { "type": "Point", "coordinates": [ 48.327356555459204, 61.82011398131047 ] } },
{ "type": "Feature", "properties": { "index": 209, "lon": 128.43391020941851, "lat": 51.356573803740218, "classification": 30, "subregion_name": "Eastern Europe", "umap_1d_x": 12.39908, "umap_2d_x": -34.057327, "umap_2d_y": 17.245369, "umap_3d_x": -39.845085, "umap_3d_y": 14.514389, "umap_3d_z": -14.798962, "tsne_1d_x": -41.032154, "tsne_2d_x": -35.050133, "tsne_2d_y": -2.0156059, "tsne_3d_x": 23.599144, "tsne_3d_y": 21.061752, "tsne_3d_z": 6.7673187, "grid_umap_1d_x": 209.0, "grid_umap_2d_x": 4.0, "grid_umap_2d_y": 11.0, "grid_umap_3d_x": 0.0, "grid_umap_3d_y": 4.0, "grid_umap_3d_z": 1.0, "grid_tsne_1d_x": 209.0, "grid_tsne_2d_x": 1.0, "grid_tsne_2d_y": 5.0, "grid_tsne_3d_x": 5.0, "grid_tsne_3d_y": 5.0, "grid_tsne_3d_z": 2.0, "tile_dir": "tiles/0209" }, "geometry": { "type": "Point", "coordinates": [ 128.433910209418514, 51.356573803740218 ] } },
{ "type": "Feature", "properties": { "index": 210, "lon": 98.27554435360031, "lat": 59.415513257914156, "classification": 111, "subregion_name": "Eastern Europe", "umap_1d_x": 14.485415, "umap_2d_x": -36.728821, "umap_2d_y": 6.5006065, "umap_3d_x": -46.832863, "umap_3d_y": 8.0265808, "umap_3d_z": -5.8458748, "tsne_1d_x": -37.97599, "tsne_2d_x": -33.727238, "tsne_2d_y": -12.696968, "tsne_3d_x": -5.5430069, "tsne_3d_y": 33.263924, "tsne_3d_z": 2.803421, "grid_umap_1d_x": 210.0, "grid_umap_2d_x": 6.0, "grid_umap_2d_y": 8.0, "grid_umap_3d_x": 1.0, "grid_umap_3d_y": 3.0, "grid_umap_3d_z": 4.0, "grid_tsne_1d_x": 210.0, "grid_tsne_2d_x": 4.0, "grid_tsne_2d_y": 4.0, "grid_tsne_3d_x": 2.0, "grid_tsne_3d_y": 5.0, "grid_tsne_3d_z": 1.0, "tile_dir": "tiles/0210" }, "geometry": { "type": "Point", "coordinates": [ 98.27554435360031, 59.415513257914156 ] } },
{ "type": "Feature", "properties": { "index": 211, "lon": 89.753280474725273, "lat": 69.272094992929226, "classification": 90, "subregion_name": "Eastern Europe", "umap_1d_x": 18.231209, "umap_2d_x": -46.391434, "umap_2d_y": -11.305073, "umap_3d_x": -46.694, "umap_3d_y": 7.1874809, "umap_3d_z": -46.378742, "tsne_1d_x": -64.791878, "tsne_2d_x": -39.512478, "tsne_2d_y": 31.999275, "tsne_3d_x": -0.96655655, "tsne_3d_y": 26.560287, "tsne_3d_z": 41.79631, "grid_umap_1d_x": 211.0, "grid_umap_2d_x": 6.0, "grid_umap_2d_y": 4.0, "grid_umap_3d_x": 1.0, "grid_umap_3d_y": 2.0, "grid_umap_3d_z": 0.0, "grid_tsne_1d_x": 211.0, "grid_tsne_2d_x": 3.0, "grid_tsne_2d_y": 12.0, "grid_tsne_3d_x": 2.0, "grid_tsne_3d_y": 4.0, "grid_tsne_3d_z": 5.0, "tile_dir": "tiles/0211" }, "geometry": { "type": "Point", "coordinates": [ 89.753280474725273, 69.272094992929226 ] } },
{ "type": "Feature", "properties": { "index": 212, "lon": 38.769653633130133, "lat": 14.710765269946805, "classification": 40, "subregion_name": "Sub-Saharan Africa", "umap_1d_x": -1.0542758, "umap_2d_x": 5.3389969, "umap_2d_y": 31.68541, "umap_3d_x": 4.4019508, "umap_3d_y": 32.298508, "umap_3d_z": 25.142349, "tsne_1d_x": 18.827436, "tsne_2d_x": 7.8680038, "tsne_2d_y": -18.504339, "tsne_3d_x": 8.0934067, "tsne_3d_y": -32.071091, "tsne_3d_z": 7.4543076, "grid_umap_1d_x": 212.0, "grid_umap_2d_x": 6.0, "grid_umap_2d_y": 10.0, "grid_umap_3d_x": 2.0, "grid_umap_3d_y": 5.0, "grid_umap_3d_z": 5.0, "grid_tsne_1d_x": 212.0, "grid_tsne_2d_x": 6.0, "grid_tsne_2d_y": 0.0, "grid_tsne_3d_x": 3.0, "grid_tsne_3d_y": 0.0, "grid_tsne_3d_z": 3.0, "tile_dir": "tiles/0212" }, "geometry": { "type": "Point", "coordinates": [ 38.769653633130133, 14.710765269946805 ] } },
{ "type": "Feature", "properties": { "index": 213, "lon": 147.567527412488, "lat": 69.538321326669035, "classification": 90, "subregion_name": "Eastern Europe", "umap_1d_x": 18.534348, "umap_2d_x": -48.176041, "umap_2d_y": 7.0662804, "umap_3d_x": -49.460281, "umap_3d_y": 24.577744, "umap_3d_z": -35.098446, "tsne_1d_x": -67.766052, "tsne_2d_x": -44.882645, "tsne_2d_y": 11.915058, "tsne_3d_x": 16.092293, "tsne_3d_y": 44.096886, "tsne_3d_z": 23.581215, "grid_umap_1d_x": 213.0, "grid_umap_2d_x": 5.0, "grid_umap_2d_y": 8.0, "grid_umap_3d_x": 1.0, "grid_umap_3d_y": 5.0, "grid_umap_3d_z": 0.0, "grid_tsne_1d_x": 213.0, "grid_tsne_2d_x": 4.0, "grid_tsne_2d_y": 7.0, "grid_tsne_3d_x": 4.0, "grid_tsne_3d_y": 5.0, "grid_tsne_3d_z": 3.0, "tile_dir": "tiles/0213" }, "geometry": { "type": "Point", "coordinates": [ 147.567527412488005, 69.538321326669035 ] } },
{ "type": "Feature", "properties": { "index": 214, "lon": 30.372450463090615, "lat": 14.479944731609891, "classification": 60, "subregion_name": "Northern Africa", "umap_1d_x": 2.3814261, "umap_2d_x": 8.2530861, "umap_2d_y": 11.142082, "umap_3d_x": 8.9642448, "umap_3d_y": 19.713249, "umap_3d_z": 49.625031, "tsne_1d_x": 26.473919, "tsne_2d_x": 15.265587, "tsne_2d_y": 1.0910912, "tsne_3d_x": -11.233646, "tsne_3d_y": -35.878006, "tsne_3d_z": 22.600861, "grid_umap_1d_x": 214.0, "grid_umap_2d_x": 8.0, "grid_umap_2d_y": 8.0, "grid_umap_3d_x": 2.0, "grid_umap_3d_y": 2.0, "grid_umap_3d_z": 4.0, "grid_tsne_1d_x": 214.0, "grid_tsne_2d_x": 12.0, "grid_tsne_2d_y": 4.0, "grid_tsne_3d_x": 1.0, "grid_tsne_3d_y": 0.0, "grid_tsne_3d_z": 5.0, "tile_dir": "tiles/0214" }, "geometry": { "type": "Point", "coordinates": [ 30.372450463090615, 14.479944731609891 ] } },
{ "type": "Feature", "properties": { "index": 215, "lon": 88.507961889328215, "lat": 63.604282427557138, "classification": 116, "subregion_name": "Eastern Europe", "umap_1d_x": 15.125479, "umap_2d_x": -35.199505, "umap_2d_y": -3.0989761, "umap_3d_x": -47.31752, "umap_3d_y": -3.7341881, "umap_3d_z": -8.437027, "tsne_1d_x": -32.960846, "tsne_2d_x": -28.299818, "tsne_2d_y": -9.7086525, "tsne_3d_x": -12.046478, "tsne_3d_y": 34.558205, "tsne_3d_z": 7.4779625, "grid_umap_1d_x": 215.0, "grid_umap_2d_x": 1.0, "grid_umap_2d_y": 4.0, "grid_umap_3d_x": 1.0, "grid_umap_3d_y": 1.0, "grid_umap_3d_z": 3.0, "grid_tsne_1d_x": 215.0, "grid_tsne_2d_x": 1.0, "grid_tsne_2d_y": 3.0, "grid_tsne_3d_x": 1.0, "grid_tsne_3d_y": 5.0, "grid_tsne_3d_z": 2.0, "tile_dir": "tiles/0215" }, "geometry": { "type": "Point", "coordinates": [ 88.507961889328215, 63.604282427557138 ] } }
]
}
