{
"type": "FeatureCollection",
"name": "web_grid_data_1024",
"crs": { "type": "name", "properties": { "name": "urn:ogc:def:crs:OGC:1.3:CRS84" } },
"features": [
{ "type": "Feature", "properties": { "index": 0, "lon": -131.18402489695137, "lat": 59.611055315170134, "classification": 126, "subregion_name": "Northern America", "umap_1d_x": 16.784231, "umap_2d_x": -40.799011, "umap_2d_y": -2.7987022, "umap_3d_x": -45.941341, "umap_3d_y": 4.6413116, "umap_3d_z": -26.571562, "tsne_1d_x": -49.619076, "tsne_2d_x": -26.663736, "tsne_2d_y": 13.954807, "tsne_3d_x": -16.747684, "tsne_3d_y": 38.547501, "tsne_3d_z": 29.680862, "grid_umap_1d_x": 17.0, "grid_umap_2d_x": 7.0, "grid_umap_2d_y": 11.0, "grid_umap_3d_x": 0.0, "grid_umap_3d_y": 5.0, "grid_umap_3d_z": 1.0, "grid_tsne_1d_x": 0.0, "grid_tsne_2d_x": 15.0, "grid_tsne_2d_y": 21.0, "grid_tsne_3d_x": 3.0, "grid_tsne_3d_y": 8.0, "grid_tsne_3d_z": 5.0, "patch_file_embed": "patch_0000_embed.png", "patch_file_rgb": "patch_0000_rgb.png" }, "geometry": { "type": "Point", "coordinates": [ -131.184024896951371, 59.611055315170134 ] } },
{ "type": "Feature", "properties": { "index": 1, "lon": -62.623883749037333, "lat": 9.0173454830158875, "classification": 30, "subregion_name": "Latin America and the Caribbean", "umap_1d_x": 0.63910246, "umap_2d_x": 10.030628, "umap_2d_y": 43.123466, "umap_3d_x": 6.1113014, "umap_3d_y": 49.059601, "umap_3d_z": 24.983414, "tsne_1d_x": 17.551109, "tsne_2d_x": 19.866989, "tsne_2d_y": -37.949833, "tsne_3d_x": 36.957924, "tsne_3d_y": -40.670971, "tsne_3d_z": 20.553169, "grid_umap_1d_x": 1.0, "grid_umap_2d_x": 20.0, "grid_umap_2d_y": 30.0, "grid_umap_3d_x": 6.0, "grid_umap_3d_y": 9.0, "grid_umap_3d_z": 5.0, "grid_tsne_1d_x": 19.0, "grid_tsne_2d_x": 22.0, "grid_tsne_2d_y": 6.0, "grid_tsne_3d_x": 9.0, "grid_tsne_3d_y": 2.0, "grid_tsne_3d_z": 6.0, "patch_file_embed": "patch_0001_embed.png", "patch_file_rgb": "patch_0001_rgb.png" }, "geometry": { "type": "Point", "coordinates": [ -62.623883749037333, 9.017345483015887 ] } },
{ "type": "Feature", "properties": { "index": 2, "lon": 11.678798453991277, "lat": -3.6112736378482571, "classification": 30, "subregion_name": "Sub-Saharan Africa", "umap_1d_x": -12.320284, "umap_2d_x": 48.158806, "umap_2d_y": -12.502239, "umap_3d_x": 36.104492, "umap_3d_y": -3.9007645, "umap_3d_z": 27.594849, "tsne_1d_x": 49.514023, "tsne_2d_x": 40.090767, "tsne_2d_y": -2.8410454, "tsne_3d_x": -2.7764244, "tsne_3d_y": -47.970524, "tsne_3d_z": -25.487997, "grid_umap_1d_x": 0.0, "grid_umap_2d_x": 29.0, "grid_umap_2d_y": 18.0, "grid_umap_3d_x": 10.0, "grid_umap_3d_y": 6.0, "grid_umap_3d_z": 7.0, "grid_tsne_1d_x": 50.0, "grid_tsne_2d_x": 26.0, "grid_tsne_2d_y": 14.0, "grid_tsne_3d_x": 5.0, "grid_tsne_3d_y": 2.0, "grid_tsne_3d_z": 2.0, "patch_file_embed": "patch_0002_embed.png", "patch_file_rgb": "patch_0002_rgb.png" }, "geometry": { "type": "Point", "coordinates": [ 11.678798453991277, -3.611273637848257 ] } },
{ "type": "Feature", "properties": { "index": 3, "lon": 10.361996318211908, "lat": 45.732221473162198, "classification": 115, "subregion_name": "Southern Europe", "umap_1d_x": 13.234972, "umap_2d_x": -24.740774, "umap_2d_y": -2.0402527, "umap_3d_x": -35.001968, "umap_3d_y": -5.3823433, "umap_3d_z": -0.8898201, "tsne_1d_x": -24.178932, "tsne_2d_x": -10.349129, "tsne_2d_y": 7.7882767, "tsne_3d_x": -24.24486, "tsne_3d_y": 5.8832092, "tsne_3d_z": 0.029479980000004957, "grid_umap_1d_x": 14.0, "grid_umap_2d_x": 13.0, "grid_umap_2d_y": 10.0, "grid_umap_3d_x": 2.0, "grid_umap_3d_y": 2.0, "grid_umap_3d_z": 6.0, "grid_tsne_1d_x": 1.0, "grid_tsne_2d_x": 1.0, "grid_tsne_2d_y": 12.0, "grid_tsne_3d_x": 0.0, "grid_tsne_3d_y": 6.0, "grid_tsne_3d_z": 3.0, "patch_file_embed": "patch_0003_embed.png", "patch_file_rgb": "patch_0003_rgb.png" }, "geometry": { "type": "Point", "coordinates": [ 10.361996318211908, 45.732221473162198 ] } },
{ "type": "Feature", "properties": { "index": 4, "lon": 32.748271054603435, "lat": 58.383271269244545, "classification": 126, "subregion_name": "Eastern Europe", "umap_1d_x": 21.671848, "umap_2d_x": -27.601662, "umap_2d_y": -13.733841, "umap_3d_x": -35.775017, "umap_3d_y": -11.860596, "umap_3d_z": -15.688488, "tsne_1d_x": -22.066343, "tsne_2d_x": -14.942474, "tsne_2d_y": 15.959877, "tsne_3d_x": -30.494827, "tsne_3d_y": 11.660652, "tsne_3d_z": 16.022049, "grid_umap_1d_x": 22.0, "grid_umap_2d_x": 11.0, "grid_umap_2d_y": 2.0, "grid_umap_3d_x": 3.0, "grid_umap_3d_y": 1.0, "grid_umap_3d_z": 3.0, "grid_tsne_1d_x": 2.0, "grid_tsne_2d_x": 9.0, "grid_tsne_2d_y": 20.0, "grid_tsne_3d_x": 3.0, "grid_tsne_3d_y": 6.0, "grid_tsne_3d_z": 5.0, "patch_file_embed": "patch_0004_embed.png", "patch_file_rgb": "patch_0004_rgb.png" }, "geometry": { "type": "Point", "coordinates": [ 32.748271054603435, 58.383271269244545 ] } },
{ "type": "Feature", "properties": { "index": 5, "lon": -157.58390939711236, "lat": 65.17565160674306, "classification": 90, "subregion_name": "Unknown", "umap_1d_x": 17.806704, "umap_2d_x": -44.699066, "umap_2d_y": -16.810043, "umap_3d_x": -42.901676, "umap_3d_y": 2.6384888, "umap_3d_z": -44.694881, "tsne_1d_x": -58.265682, "tsne_2d_x": -31.941742, "tsne_2d_y": 32.653877, "tsne_3d_x": 2.9549484, "tsne_3d_y": 15.060303, "tsne_3d_z": 38.198868, "grid_umap_1d_x": 18.0, "grid_umap_2d_x": 0.0, "grid_umap_2d_y": 0.0, "grid_umap_3d_x": 7.0, "grid_umap_3d_y": 3.0, "grid_umap_3d_z": 0.0, "grid_tsne_1d_x": 3.0, "grid_tsne_2d_x": 5.0, "grid_tsne_2d_y": 30.0, "grid_tsne_3d_x": 4.0, "grid_tsne_3d_y": 5.0, "grid_tsne_3d_z": 7.0, "patch_file_embed": "patch_0005_embed.png", "patch_file_rgb": "patch_0005_rgb.png" }, "geometry": { "type": "Point", "coordinates": [ -157.583909397112365, 65.17565160674306 ] } },
{ "type": "Feature", "properties": { "index": 6, "lon": 126.49524758116115, "lat": -7.7473533825519283, "classification": 112, "subregion_name": "Unknown", "umap_1d_x": -5.2334523, "umap_2d_x": 26.046822, "umap_2d_y": 36.362289, "umap_3d_x": 21.212669, "umap_3d_y": 38.681229, "umap_3d_z": 9.3242645, "tsne_1d_x": 33.585602, "tsne_2d_x": 29.140602, "tsne_2d_y": -28.562157, "tsne_3d_x": 28.291878, "tsne_3d_y": -35.536945, "tsne_3d_z": -8.337204, "grid_umap_1d_x": 2.0, "grid_umap_2d_x": 23.0, "grid_umap_2d_y": 28.0, "grid_umap_3d_x": 7.0, "grid_umap_3d_y": 7.0, "grid_umap_3d_z": 4.0, "grid_tsne_1d_x": 34.0, "grid_tsne_2d_x": 23.0, "grid_tsne_2d_y": 6.0, "grid_tsne_3d_x": 7.0, "grid_tsne_3d_y": 1.0, "grid_tsne_3d_z": 3.0, "patch_file_embed": "patch_0006_embed.png", "patch_file_rgb": "patch_0006_rgb.png" }, "geometry": { "type": "Point", "coordinates": [ 126.495247581161152, -7.747353382551928 ] } },
{ "type": "Feature", "properties": { "index": 7, "lon": -60.559199396934574, "lat": -9.1621168160118955, "classification": 112, "subregion_name": "Latin America and the Caribbean", "umap_1d_x": -8.9365721, "umap_2d_x": 38.613609, "umap_2d_y": 26.443062, "umap_3d_x": 35.40274, "umap_3d_y": 39.283745, "umap_3d_z": -0.15858078, "tsne_1d_x": 44.053436, "tsne_2d_x": 46.917664, "tsne_2d_y": -22.627541, "tsne_3d_x": 24.748405, "tsne_3d_y": -46.284798, "tsne_3d_z": -32.683697, "grid_umap_1d_x": 3.0, "grid_umap_2d_x": 26.0, "grid_umap_2d_y": 19.0, "grid_umap_3d_x": 10.0, "grid_umap_3d_y": 6.0, "grid_umap_3d_z": 0.0, "grid_tsne_1d_x": 45.0, "grid_tsne_2d_x": 26.0, "grid_tsne_2d_y": 12.0, "grid_tsne_3d_x": 6.0, "grid_tsne_3d_y": 3.0, "grid_tsne_3d_z": 2.0, "patch_file_embed": "patch_0007_embed.png", "patch_file_rgb": "patch_0007_rgb.png" }, "geometry": { "type": "Point", "coordinates": [ -60.559199396934574, -9.162116816011896 ] } },
{ "type": "Feature", "properties": { "index": 8, "lon": -110.79753785998055, "lat": 33.630555413786169, "classification": 20, "subregion_name": "Unknown", "umap_1d_x": 6.6804304, "umap_2d_x": -14.232742, "umap_2d_y": 6.2004929, "umap_3d_x": -21.73452, "umap_3d_y": 1.2427826, "umap_3d_z": 8.274662, "tsne_1d_x": -4.1228843, "tsne_2d_x": 3.7339973, "tsne_2d_y": 19.898422, "tsne_3d_x": -12.748016, "tsne_3d_y": -17.180771, "tsne_3d_z": 11.545078, "grid_umap_1d_x": 7.0, "grid_umap_2d_x": 17.0, "grid_umap_2d_y": 15.0, "grid_umap_3d_x": 0.0, "grid_umap_3d_y": 2.0, "grid_umap_3d_z": 7.0, "grid_tsne_1d_x": 4.0, "grid_tsne_2d_x": 18.0, "grid_tsne_2d_y": 22.0, "grid_tsne_3d_x": 0.0, "grid_tsne_3d_y": 0.0, "grid_tsne_3d_z": 6.0, "patch_file_embed": "patch_0008_embed.png", "patch_file_rgb": "patch_0008_rgb.png" }, "geometry": { "type": "Point", "coordinates": [ -110.797537859980551, 33.630555413786169 ] } },
{ "type": "Feature", "properties": { "index": 9, "lon": -62.809316173250267, "lat": -7.7734235029434373, "classification": 112, "subregion_name": "Latin America and the Caribbean", "umap_1d_x": -8.4970951, "umap_2d_x": 36.712852, "umap_2d_y": 26.328148, "umap_3d_x": 34.597984, "umap_3d_y": 44.493401, "umap_3d_z": -2.3514252, "tsne_1d_x": 43.094471, "tsne_2d_x": 47.466316, "tsne_2d_y": -26.036634, "tsne_3d_x": 30.110657, "tsne_3d_y": -46.982319, "tsne_3d_z": -34.743721, "grid_umap_1d_x": 4.0, "grid_umap_2d_x": 30.0, "grid_umap_2d_y": 22.0, "grid_umap_3d_x": 10.0, "grid_umap_3d_y": 9.0, "grid_umap_3d_z": 0.0, "grid_tsne_1d_x": 44.0, "grid_tsne_2d_x": 27.0, "grid_tsne_2d_y": 10.0, "grid_tsne_3d_x": 7.0, "grid_tsne_3d_y": 2.0, "grid_tsne_3d_z": 1.0, "patch_file_embed": "patch_0009_embed.png", "patch_file_rgb": "patch_0009_rgb.png" }, "geometry": { "type": "Point", "coordinates": [ -62.809316173250267, -7.773423502943437 ] } },
{ "type": "Feature", "properties": { "index": 10, "lon": 146.94513291445736, "lat": 61.529970596381403, "classification": 113, "subregion_name": "Eastern Europe", "umap_1d_x": 15.601893, "umap_2d_x": -40.534248, "umap_2d_y": 12.777412, "umap_3d_x": -47.168957, "umap_3d_y": 19.881874, "umap_3d_z": -13.755428, "tsne_1d_x": -42.999237, "tsne_2d_x": -42.873554, "tsne_2d_y": -2.2109566, "tsne_3d_x": 12.70327, "tsne_3d_y": 41.384277, "tsne_3d_z": 7.4300117, "grid_umap_1d_x": 16.0, "grid_umap_2d_x": 16.0, "grid_umap_2d_y": 22.0, "grid_umap_3d_x": 0.0, "grid_umap_3d_y": 9.0, "grid_umap_3d_z": 5.0, "grid_tsne_1d_x": 5.0, "grid_tsne_2d_x": 2.0, "grid_tsne_2d_y": 13.0, "grid_tsne_3d_x": 7.0, "grid_tsne_3d_y": 10.0, "grid_tsne_3d_z": 2.0, "patch_file_embed": "patch_0010_embed.png", "patch_file_rgb": "patch_0010_rgb.png" }, "geometry": { "type": "Point", "coordinates": [ 146.945132914457361, 61.529970596381403 ] } },
{ "type": "Feature", "properties": { "index": 11, "lon": 0.95097479554655695, "lat": 34.24992652088514, "classification": 60, "subregion_name": "Northern Africa", "umap_1d_x": 5.6052785, "umap_2d_x": -9.5533752, "umap_2d_y": 5.9256439, "umap_3d_x": -17.999004, "umap_3d_y": 0.99185562, "umap_3d_z": 15.099884, "tsne_1d_x": -0.17826821, "tsne_2d_x": 10.541142, "tsne_2d_y": 8.6655502, "tsne_3d_x": -14.000412, "tsne_3d_y": -29.70507, "tsne_3d_z": 21.074417, "grid_umap_1d_x": 6.0, "grid_umap_2d_x": 22.0, "grid_umap_2d_y": 15.0, "grid_umap_3d_x": 2.0, "grid_umap_3d_y": 4.0, "grid_umap_3d_z": 8.0, "grid_tsne_1d_x": 6.0, "grid_tsne_2d_x": 14.0, "grid_tsne_2d_y": 11.0, "grid_tsne_3d_x": 2.0, "grid_tsne_3d_y": 1.0, "grid_tsne_3d_z": 7.0, "patch_file_embed": "patch_0011_embed.png", "patch_file_rgb": "patch_0011_rgb.png" }, "geometry": { "type": "Point", "coordinates": [ 0.950974795546557, 34.24992652088514 ] } },
{ "type": "Feature", "properties": { "index": 12, "lon": 132.00268937221205, "lat": -14.470777994387468, "classification": 124, "subregion_name": "Unknown", "umap_1d_x": -18.346872, "umap_2d_x": 40.449249, "umap_2d_y": -32.292564, "umap_3d_x": 47.967949, "umap_3d_y": -27.206923, "umap_3d_z": 25.99559, "tsne_1d_x": 73.731018, "tsne_2d_x": 45.452385, "tsne_2d_y": 28.245979, "tsne_3d_x": -24.758839, "tsne_3d_y": -27.676538, "tsne_3d_z": -31.347864, "grid_umap_1d_x": 5.0, "grid_umap_2d_x": 23.0, "grid_umap_2d_y": 10.0, "grid_umap_3d_x": 9.0, "grid_umap_3d_y": 1.0, "grid_umap_3d_z": 5.0, "grid_tsne_1d_x": 74.0, "grid_tsne_2d_x": 29.0, "grid_tsne_2d_y": 24.0, "grid_tsne_3d_x": 1.0, "grid_tsne_3d_y": 2.0, "grid_tsne_3d_z": 0.0, "patch_file_embed": "patch_0012_embed.png", "patch_file_rgb": "patch_0012_rgb.png" }, "geometry": { "type": "Point", "coordinates": [ 132.002689372212046, -14.470777994387468 ] } },
{ "type": "Feature", "properties": { "index": 13, "lon": -64.07543519235378, "lat": -29.89822853601709, "classification": 20, "subregion_name": "Latin America and the Caribbean", "umap_1d_x": -16.142159, "umap_2d_x": 37.806343, "umap_2d_y": -22.611418, "umap_3d_x": 46.584442, "umap_3d_y": -16.364399, "umap_3d_z": 13.835758, "tsne_1d_x": 64.845367, "tsne_2d_x": 32.506813, "tsne_2d_y": 29.146271, "tsne_3d_x": -14.186985, "tsne_3d_y": -17.198147, "tsne_3d_z": -34.836872, "grid_umap_1d_x": 8.0, "grid_umap_2d_x": 24.0, "grid_umap_2d_y": 10.0, "grid_umap_3d_x": 10.0, "grid_umap_3d_y": 2.0, "grid_umap_3d_z": 3.0, "grid_tsne_1d_x": 65.0, "grid_tsne_2d_x": 30.0, "grid_tsne_2d_y": 28.0, "grid_tsne_3d_x": 4.0, "grid_tsne_3d_y": 6.0, "grid_tsne_3d_z": 3.0, "patch_file_embed": "patch_0013_embed.png", "patch_file_rgb": "patch_0013_rgb.png" }, "geometry": { "type": "Point", "coordinates": [ -64.07543519235378, -29.89822853601709 ] } },
{ "type": "Feature", "properties": { "index": 14, "lon": 122.96991375058582, "lat": -26.597251782422653, "classification": 20, "subregion_name": "Unknown", "umap_1d_x": -20.649744, "umap_2d_x": 41.690155, "umap_2d_y": -49.519207, "umap_3d_x": 49.549431, "umap_3d_y": -49.337238, "umap_3d_z": 23.66021, "tsne_1d_x": 80.985001, "tsne_2d_x": 43.617508, "tsne_2d_y": 41.451408, "tsne_3d_x": -47.503685, "tsne_3d_y": -14.503075, "tsne_3d_z": -23.088133, "grid_umap_1d_x": 9.0, "grid_umap_2d_x": 20.0, "grid_umap_2d_y": 5.0, "grid_umap_3d_x": 6.0, "grid_umap_3d_y": 0.0, "grid_umap_3d_z": 3.0, "grid_tsne_1d_x": 81.0, "grid_tsne_2d_x": 30.0, "grid_tsne_2d_y": 30.0, "grid_tsne_3d_x": 1.0, "grid_tsne_3d_y": 6.0, "grid_tsne_3d_z": 2.0, "patch_file_embed": "patch_0014_embed.png", "patch_file_rgb": "patch_0014_rgb.png" }, "geometry": { "type": "Point", "coordinates": [ 122.969913750585818, -26.597251782422653 ] } },
{ "type": "Feature", "properties": { "index": 15, "lon": 97.920996945562763, "lat": 59.94224066763492, "classification": 111, "subregion_name": "Eastern Europe", "umap_1d_x": 14.303179, "umap_2d_x": -37.983921, "umap_2d_y": 11.536057, "umap_3d_x": -45.972298, "umap_3d_y": 14.099472, "umap_3d_z": -8.1910629, "tsne_1d_x": -42.193542, "tsne_2d_x": -39.76606, "tsne_2d_y": -3.5039444, "tsne_3d_x": 5.6392441, "tsne_3d_y": 36.017166, "tsne_3d_z": 3.9013367, "grid_umap_1d_x": 15.0, "grid_umap_2d_x": 17.0, "grid_umap_2d_y": 21.0, "grid_umap_3d_x": 0.0, "grid_umap_3d_y": 8.0, "grid_umap_3d_z": 7.0, "grid_tsne_1d_x": 7.0, "grid_tsne_2d_x": 4.0, "grid_tsne_2d_y": 13.0, "grid_tsne_3d_x": 6.0, "grid_tsne_3d_y": 10.0, "grid_tsne_3d_z": 2.0, "patch_file_embed": "patch_0015_embed.png", "patch_file_rgb": "patch_0015_rgb.png" }, "geometry": { "type": "Point", "coordinates": [ 97.920996945562763, 59.94224066763492 ] } },
{ "type": "Feature", "properties": { "index": 16, "lon": -74.351473810246873, "lat": 9.0255167760401633, "classification": 30, "subregion_name": "Latin America and the Caribbean", "umap_1d_x": 0.6335783, "umap_2d_x": 10.169601, "umap_2d_y": 43.228287, "umap_3d_x": 6.1717033, "umap_3d_y": 48.559013, "umap_3d_z": 24.557327, "tsne_1d_x": 17.646626, "tsne_2d_x": 20.209251, "tsne_2d_y": -36.431702, "tsne_3d_x": 36.452126, "tsne_3d_y": -40.392982, "tsne_3d_z": 17.791115, "grid_umap_1d_x": 10.0, "grid_umap_2d_x": 20.0, "grid_umap_2d_y": 31.0, "grid_umap_3d_x": 6.0, "grid_umap_3d_y": 7.0, "grid_umap_3d_z": 4.0, "grid_tsne_1d_x": 18.0, "grid_tsne_2d_x": 22.0, "grid_tsne_2d_y": 2.0, "grid_tsne_3d_x": 10.0, "grid_tsne_3d_y": 1.0, "grid_tsne_3d_z": 6.0, "patch_file_embed": "patch_0016_embed.png", "patch_file_rgb": "patch_0016_rgb.png" }, "geometry": { "type": "Point", "coordinates": [ -74.351473810246873, 9.025516776040163 ] } },
{ "type": "Feature", "properties": { "index": 17, "lon": -67.702080491546951, "lat": 55.185151366741493, "classification": 111, "subregion_name": "Northern America", "umap_1d_x": 17.140059, "umap_2d_x": -40.393124, "umap_2d_y": -12.283157, "umap_3d_x": -47.051521, "umap_3d_y": -2.5857735, "umap_3d_z": -36.288727, "tsne_1d_x": -54.655392, "tsne_2d_x": -29.677114, "tsne_2d_y": 19.317757, "tsne_3d_x": -11.916763, "tsne_3d_y": 25.978798, "tsne_3d_z": 28.399277, "grid_umap_1d_x": 19.0, "grid_umap_2d_x": 8.0, "grid_umap_2d_y": 5.0, "grid_umap_3d_x": 2.0, "grid_umap_3d_y": 2.0, "grid_umap_3d_z": 0.0, "grid_tsne_1d_x": 8.0, "grid_tsne_2d_x": 1.0, "grid_tsne_2d_y": 22.0, "grid_tsne_3d_x": 1.0, "grid_tsne_3d_y": 9.0, "grid_tsne_3d_z": 8.0, "patch_file_embed": "patch_0017_embed.png", "patch_file_rgb": "patch_0017_rgb.png" }, "geometry": { "type": "Point", "coordinates": [ -67.702080491546951, 55.185151366741493 ] } },
{ "type": "Feature", "properties": { "index": 18, "lon": 129.8696844453861, "lat": 67.568666112546566, "classification": 126, "subregion_name": "Eastern Europe", "umap_1d_x": 19.314495, "umap_2d_x": -48.998184, "umap_2d_y": -5.208313, "umap_3d_x": -46.861744, "umap_3d_y": 18.750771, "umap_3d_z": -49.154568, "tsne_1d_x": -72.220917, "tsne_2d_x": -44.177773, "tsne_2d_y": 30.284843, "tsne_3d_x": 12.544674, "tsne_3d_y": 36.695671, "tsne_3d_z": 46.677116, "grid_umap_1d_x": 20.0, "grid_umap_2d_x": 14.0, "grid_umap_2d_y": 13.0, "grid_umap_3d_x": 8.0, "grid_umap_3d_y": 6.0, "grid_umap_3d_z": 0.0, "grid_tsne_1d_x": 9.0, "grid_tsne_2d_x": 12.0, "grid_tsne_2d_y": 28.0, "grid_tsne_3d_x": 6.0, "grid_tsne_3d_y": 7.0, "grid_tsne_3d_z": 6.0, "patch_file_embed": "patch_0018_embed.png", "patch_file_rgb": "patch_0018_rgb.png" }, "geometry": { "type": "Point", "coordinates": [ 129.869684445386099, 67.568666112546566 ] } },
{ "type": "Feature", "properties": { "index": 19, "lon": 21.697529439419128, "lat": -19.900342479338065, "classification": 20, "subregion_name": "Sub-Saharan Africa", "umap_1d_x": -15.153301, "umap_2d_x": 45.407036, "umap_2d_y": -33.2878, "umap_3d_x": 40.717613, "umap_3d_y": -27.940657, "umap_3d_z": 29.13578, "tsne_1d_x": 72.079483, "tsne_2d_x": 39.586823, "tsne_2d_y": 30.071083, "tsne_3d_x": -28.402611, "tsne_3d_y": -28.009037, "tsne_3d_z": -15.723083, "grid_umap_1d_x": 11.0, "grid_umap_2d_x": 25.0, "grid_umap_2d_y": 10.0, "grid_umap_3d_x": 5.0, "grid_umap_3d_y": 1.0, "grid_umap_3d_z": 6.0, "grid_tsne_1d_x": 73.0, "grid_tsne_2d_x": 27.0, "grid_tsne_2d_y": 25.0, "grid_tsne_3d_x": 0.0, "grid_tsne_3d_y": 1.0, "grid_tsne_3d_z": 2.0, "patch_file_embed": "patch_0019_embed.png", "patch_file_rgb": "patch_0019_rgb.png" }, "geometry": { "type": "Point", "coordinates": [ 21.697529439419128, -19.900342479338065 ] } },
{ "type": "Feature", "properties": { "index": 20, "lon": 11.866671031832539, "lat": 63.925305067871449, "classification": 126, "subregion_name": "Northern Europe", "umap_1d_x": 20.512077, "umap_2d_x": -32.747791, "umap_2d_y": -14.38736, "umap_3d_x": -40.100128, "umap_3d_y": -9.5014648, "umap_3d_z": -22.512569, "tsne_1d_x": -47.966679, "tsne_2d_x": -19.418699, "tsne_2d_y": 16.829491, "tsne_3d_x": -31.097103, "tsne_3d_y": 18.062714, "tsne_3d_z": 23.486824, "grid_umap_1d_x": 21.0, "grid_umap_2d_x": 15.0, "grid_umap_2d_y": 4.0, "grid_umap_3d_x": 5.0, "grid_umap_3d_y": 2.0, "grid_umap_3d_z": 3.0, "grid_tsne_1d_x": 10.0, "grid_tsne_2d_x": 3.0, "grid_tsne_2d_y": 20.0, "grid_tsne_3d_x": 1.0, "grid_tsne_3d_y": 7.0, "grid_tsne_3d_z": 6.0, "patch_file_embed": "patch_0020_embed.png", "patch_file_rgb": "patch_0020_rgb.png" }, "geometry": { "type": "Point", "coordinates": [ 11.866671031832539, 63.925305067871449 ] } },
{ "type": "Feature", "properties": { "index": 21, "lon": -67.000067675694936, "lat": 56.520365894572905, "classification": 121, "subregion_name": "Northern America", "umap_1d_x": 17.031069, "umap_2d_x": -40.657894, "umap_2d_y": -10.165035, "umap_3d_x": -47.96669, "umap_3d_y": -1.7142105, "umap_3d_z": -34.377831, "tsne_1d_x": -53.288025, "tsne_2d_x": -30.902267, "tsne_2d_y": 18.242661, "tsne_3d_x": -6.9342155, "tsne_3d_y": 26.111237, "tsne_3d_z": 25.749802, "grid_umap_1d_x": 24.0, "grid_umap_2d_x": 13.0, "grid_umap_2d_y": 8.0, "grid_umap_3d_x": 4.0, "grid_umap_3d_y": 3.0, "grid_umap_3d_z": 2.0, "grid_tsne_1d_x": 11.0, "grid_tsne_2d_x": 7.0, "grid_tsne_2d_y": 22.0, "grid_tsne_3d_x": 2.0, "grid_tsne_3d_y": 10.0, "grid_tsne_3d_z": 8.0, "patch_file_embed": "patch_0021_embed.png", "patch_file_rgb": "patch_0021_rgb.png" }, "geometry": { "type": "Point", "coordinates": [ -67.000067675694936, 56.520365894572905 ] } },
{ "type": "Feature", "properties": { "index": 22, "lon": 74.533283241064964, "lat": 34.569891084890315, "classification": 30, "subregion_name": "Southern Asia", "umap_1d_x": 7.5232177, "umap_2d_x": -25.657515, "umap_2d_y": 5.7595177, "umap_3d_x": -43.359894, "umap_3d_y": 20.595413, "umap_3d_z": -37.313244, "tsne_1d_x": -6.6883774, "tsne_2d_x": -0.3473053, "tsne_2d_y": 31.472496, "tsne_3d_x": 0.1976738, "tsne_3d_y": -7.3195419, "tsne_3d_z": 20.113548, "grid_umap_1d_x": 12.0, "grid_umap_2d_x": 1.0, "grid_umap_2d_y": 13.0, "grid_umap_3d_x": 5.0, "grid_umap_3d_y": 8.0, "grid_umap_3d_z": 2.0, "grid_tsne_1d_x": 12.0, "grid_tsne_2d_x": 3.0, "grid_tsne_2d_y": 31.0, "grid_tsne_3d_x": 4.0, "grid_tsne_3d_y": 3.0, "grid_tsne_3d_z": 8.0, "patch_file_embed": "patch_0022_embed.png", "patch_file_rgb": "patch_0022_rgb.png" }, "geometry": { "type": "Point", "coordinates": [ 74.533283241064964, 34.569891084890315 ] } },
{ "type": "Feature", "properties": { "index": 23, "lon": 28.895015635309448, "lat": 61.012316303254366, "classification": 115, "subregion_name": "Unknown", "umap_1d_x": 21.023874, "umap_2d_x": -28.651209, "umap_2d_y": -8.0117264, "umap_3d_x": -40.614895, "umap_3d_y": -14.3675, "umap_3d_z": -4.6115875, "tsne_1d_x": -27.282272, "tsne_2d_x": -21.175585, "tsne_2d_y": -10.615482, "tsne_3d_x": -33.124321, "tsne_3d_y": 25.484123, "tsne_3d_z": 1.8697433, "grid_umap_1d_x": 23.0, "grid_umap_2d_x": 2.0, "grid_umap_2d_y": 3.0, "grid_umap_3d_x": 3.0, "grid_umap_3d_y": 0.0, "grid_umap_3d_z": 6.0, "grid_tsne_1d_x": 13.0, "grid_tsne_2d_x": 3.0, "grid_tsne_2d_y": 5.0, "grid_tsne_3d_x": 1.0, "grid_tsne_3d_y": 8.0, "grid_tsne_3d_z": 3.0, "patch_file_embed": "patch_0023_embed.png", "patch_file_rgb": "patch_0023_rgb.png" }, "geometry": { "type": "Point", "coordinates": [ 28.895015635309448, 61.012316303254366 ] } },
{ "type": "Feature", "properties": { "index": 24, "lon": 29.97862421347395, "lat": -2.879264055562786, "classification": 40, "subregion_name": "Sub-Saharan Africa", "umap_1d_x": -13.202173, "umap_2d_x": 48.082634, "umap_2d_y": -20.665079, "umap_3d_x": 35.680542, "umap_3d_y": -13.122746, "umap_3d_z": 29.273758, "tsne_1d_x": 52.88044, "tsne_2d_x": 33.202911, "tsne_2d_y": 4.8042374, "tsne_3d_x": -6.8461037, "tsne_3d_y": -40.559425, "tsne_3d_z": -9.3125496, "grid_umap_1d_x": 13.0, "grid_umap_2d_x": 26.0, "grid_umap_2d_y": 17.0, "grid_umap_3d_x": 6.0, "grid_umap_3d_y": 2.0, "grid_umap_3d_z": 6.0, "grid_tsne_1d_x": 53.0, "grid_tsne_2d_x": 28.0, "grid_tsne_2d_y": 11.0, "grid_tsne_3d_x": 3.0, "grid_tsne_3d_y": 0.0, "grid_tsne_3d_z": 3.0, "patch_file_embed": "patch_0024_embed.png", "patch_file_rgb": "patch_0024_rgb.png" }, "geometry": { "type": "Point", "coordinates": [ 29.97862421347395, -2.879264055562786 ] } },
{ "type": "Feature", "properties": { "index": 25, "lon": -66.403273350047002, "lat": -32.925403581324062, "classification": 20, "subregion_name": "Latin America and the Caribbean", "umap_1d_x": -16.337374, "umap_2d_x": 37.074051, "umap_2d_y": -23.680588, "umap_3d_x": 47.165894, "umap_3d_y": -17.64336, "umap_3d_z": 13.270306, "tsne_1d_x": 65.210365, "tsne_2d_x": 32.627228, "tsne_2d_y": 32.076469, "tsne_3d_x": -18.552124, "tsne_3d_y": -15.566586, "tsne_3d_z": -36.114204, "grid_umap_1d_x": 25.0, "grid_umap_2d_x": 27.0, "grid_umap_2d_y": 1.0, "grid_umap_3d_x": 10.0, "grid_umap_3d_y": 1.0, "grid_umap_3d_z": 3.0, "grid_tsne_1d_x": 66.0, "grid_tsne_2d_x": 29.0, "grid_tsne_2d_y": 29.0, "grid_tsne_3d_x": 2.0, "grid_tsne_3d_y": 5.0, "grid_tsne_3d_z": 0.0, "patch_file_embed": "patch_0025_embed.png", "patch_file_rgb": "patch_0025_rgb.png" }, "geometry": { "type": "Point", "coordinates": [ -66.403273350047002, -32.925403581324062 ] } },
{ "type": "Feature", "properties": { "index": 26, "lon": 113.48061342503661, "lat": 56.866816714848781, "classification": 30, "subregion_name": "Eastern Europe", "umap_1d_x": 19.63723, "umap_2d_x": -47.221443, "umap_2d_y": -5.2132339, "umap_3d_x": -45.711617, "umap_3d_y": 18.393501, "umap_3d_z": -43.168678, "tsne_1d_x": -75.193306, "tsne_2d_x": -47.363735, "tsne_2d_y": 30.946358, "tsne_3d_x": 9.3946915, "tsne_3d_y": 43.653091, "tsne_3d_z": 49.66526, "grid_umap_1d_x": 26.0, "grid_umap_2d_x": 6.0, "grid_umap_2d_y": 10.0, "grid_umap_3d_x": 4.0, "grid_umap_3d_y": 7.0, "grid_umap_3d_z": 0.0, "grid_tsne_1d_x": 14.0, "grid_tsne_2d_x": 16.0, "grid_tsne_2d_y": 28.0, "grid_tsne_3d_x": 5.0, "grid_tsne_3d_y": 6.0, "grid_tsne_3d_z": 4.0, "patch_file_embed": "patch_0026_embed.png", "patch_file_rgb": "patch_0026_rgb.png" }, "geometry": { "type": "Point", "coordinates": [ 113.480613425036609, 56.866816714848781 ] } },
{ "type": "Feature", "properties": { "index": 27, "lon": -50.626160214676418, "lat": -14.144160093187296, "classification": 112, "subregion_name": "Latin America and the Caribbean", "umap_1d_x": -13.598662, "umap_2d_x": 42.567215, "umap_2d_y": -11.648876, "umap_3d_x": 41.280754, "umap_3d_y": -3.4360542, "umap_3d_z": 22.006042, "tsne_1d_x": 55.836834, "tsne_2d_x": 43.386093, "tsne_2d_y": 5.9353218, "tsne_3d_x": 4.2233047, "tsne_3d_y": -31.791527, "tsne_3d_z": -29.612293, "grid_umap_1d_x": 27.0, "grid_umap_2d_x": 31.0, "grid_umap_2d_y": 8.0, "grid_umap_3d_x": 10.0, "grid_umap_3d_y": 5.0, "grid_umap_3d_z": 5.0, "grid_tsne_1d_x": 56.0, "grid_tsne_2d_x": 26.0, "grid_tsne_2d_y": 17.0, "grid_tsne_3d_x": 5.0, "grid_tsne_3d_y": 2.0, "grid_tsne_3d_z": 0.0, "patch_file_embed": "patch_0027_embed.png", "patch_file_rgb": "patch_0027_rgb.png" }, "geometry": { "type": "Point", "coordinates": [ -50.626160214676418, -14.144160093187296 ] } },
{ "type": "Feature", "properties": { "index": 28, "lon": -54.464971912112802, "lat": -31.60014847463296, "classification": 40, "subregion_name": "Latin America and the Caribbean", "umap_1d_x": -17.123884, "umap_2d_x": 33.632088, "umap_2d_y": -17.146519, "umap_3d_x": 47.091064, "umap_3d_y": -13.716427, "umap_3d_z": 4.3846321, "tsne_1d_x": 66.51416, "tsne_2d_x": 27.147827, "tsne_2d_y": 31.311378, "tsne_3d_x": -12.385715, "tsne_3d_y": -13.028679, "tsne_3d_z": -47.077629, "grid_umap_1d_x": 28.0, "grid_umap_2d_x": 25.0, "grid_umap_2d_y": 4.0, "grid_umap_3d_x": 10.0, "grid_umap_3d_y": 3.0, "grid_umap_3d_z": 0.0, "grid_tsne_1d_x": 67.0, "grid_tsne_2d_x": 20.0, "grid_tsne_2d_y": 25.0, "grid_tsne_3d_x": 4.0, "grid_tsne_3d_y": 7.0, "grid_tsne_3d_z": 1.0, "patch_file_embed": "patch_0028_embed.png", "patch_file_rgb": "patch_0028_rgb.png" }, "geometry": { "type": "Point", "coordinates": [ -54.464971912112802, -31.60014847463296 ] } },
{ "type": "Feature", "properties": { "index": 29, "lon": 92.528887071078429, "lat": 61.760505450806278, "classification": 116, "subregion_name": "Eastern Europe", "umap_1d_x": 15.779706, "umap_2d_x": -41.321411, "umap_2d_y": 7.9517288, "umap_3d_x": -48.613346, "umap_3d_y": 15.373756, "umap_3d_z": -17.370285, "tsne_1d_x": -45.484261, "tsne_2d_x": -38.887245, "tsne_2d_y": 2.0304375, "tsne_3d_x": -0.59870148, "tsne_3d_y": 40.408936, "tsne_3d_z": 11.885464, "grid_umap_1d_x": 29.0, "grid_umap_2d_x": 7.0, "grid_umap_2d_y": 18.0, "grid_umap_3d_x": 1.0, "grid_umap_3d_y": 7.0, "grid_umap_3d_z": 3.0, "grid_tsne_1d_x": 15.0, "grid_tsne_2d_x": 17.0, "grid_tsne_2d_y": 19.0, "grid_tsne_3d_x": 4.0, "grid_tsne_3d_y": 10.0, "grid_tsne_3d_z": 3.0, "patch_file_embed": "patch_0029_embed.png", "patch_file_rgb": "patch_0029_rgb.png" }, "geometry": { "type": "Point", "coordinates": [ 92.528887071078429, 61.760505450806278 ] } },
{ "type": "Feature", "properties": { "index": 30, "lon": -74.144519703905345, "lat": 9.9418245314889617, "classification": 126, "subregion_name": "Latin America and the Caribbean", "umap_1d_x": 0.63089746, "umap_2d_x": 9.4908485, "umap_2d_y": 43.077972, "umap_3d_x": 5.6538887, "umap_3d_y": 47.938255, "umap_3d_z": 25.690834, "tsne_1d_x": 17.429529, "tsne_2d_x": 19.055473, "tsne_2d_y": -37.810265, "tsne_3d_x": 34.381447, "tsne_3d_y": -40.305195, "tsne_3d_z": 21.318916, "grid_umap_1d_x": 30.0, "grid_umap_2d_x": 20.0, "grid_umap_2d_y": 29.0, "grid_umap_3d_x": 6.0, "grid_umap_3d_y": 8.0, "grid_umap_3d_z": 5.0, "grid_tsne_1d_x": 20.0, "grid_tsne_2d_x": 22.0, "grid_tsne_2d_y": 9.0, "grid_tsne_3d_x": 9.0, "grid_tsne_3d_y": 0.0, "grid_tsne_3d_z": 6.0, "patch_file_embed": "patch_0030_embed.png", "patch_file_rgb": "patch_0030_rgb.png" }, "geometry": { "type": "Point", "coordinates": [ -74.144519703905345, 9.941824531488962 ] } },
{ "type": "Feature", "properties": { "index": 31, "lon": -88.351277436391854, "lat": 34.342834650828962, "classification": 116, "subregion_name": "Unknown", "umap_1d_x": 10.077671, "umap_2d_x": -23.300339, "umap_2d_y": 12.734615, "umap_3d_x": -22.329247, "umap_3d_y": 5.1250877, "umap_3d_z": -23.143753, "tsne_1d_x": -12.645929, "tsne_2d_x": -4.2276154, "tsne_2d_y": -6.3323288, "tsne_3d_x": 5.8333626, "tsne_3d_y": -0.027755737, "tsne_3d_z": -8.9039726, "grid_umap_1d_x": 31.0, "grid_umap_2d_x": 19.0, "grid_umap_2d_y": 21.0, "grid_umap_3d_x": 5.0, "grid_umap_3d_y": 4.0, "grid_umap_3d_z": 1.0, "grid_tsne_1d_x": 16.0, "grid_tsne_2d_x": 6.0, "grid_tsne_2d_y": 2.0, "grid_tsne_3d_x": 6.0, "grid_tsne_3d_y": 6.0, "grid_tsne_3d_z": 1.0, "patch_file_embed": "patch_0031_embed.png", "patch_file_rgb": "patch_0031_rgb.png" }, "geometry": { "type": "Point", "coordinates": [ -88.351277436391854, 34.342834650828962 ] } },
{ "type": "Feature", "properties": { "index": 32, "lon": 120.23026319128957, "lat": 56.624371026381013, "classification": 113, "subregion_name": "Eastern Europe", "umap_1d_x": 18.486866, "umap_2d_x": -45.614002, "umap_2d_y": 3.2910461, "umap_3d_x": -46.934803, "umap_3d_y": 20.63179, "umap_3d_z": -35.574577, "tsne_1d_x": -65.281624, "tsne_2d_x": -38.713722, "tsne_2d_y": 12.978523, "tsne_3d_x": 22.917, "tsne_3d_y": 33.485435, "tsne_3d_z": 22.429459, "grid_umap_1d_x": 32.0, "grid_umap_2d_x": 10.0, "grid_umap_2d_y": 17.0, "grid_umap_3d_x": 2.0, "grid_umap_3d_y": 8.0, "grid_umap_3d_z": 1.0, "grid_tsne_1d_x": 17.0, "grid_tsne_2d_x": 6.0, "grid_tsne_2d_y": 20.0, "grid_tsne_3d_x": 10.0, "grid_tsne_3d_y": 10.0, "grid_tsne_3d_z": 5.0, "patch_file_embed": "patch_0032_embed.png", "patch_file_rgb": "patch_0032_rgb.png" }, "geometry": { "type": "Point", "coordinates": [ 120.230263191289566, 56.624371026381013 ] } },
{ "type": "Feature", "properties": { "index": 33, "lon": 19.60277646641984, "lat": 10.827131506678072, "classification": 30, "subregion_name": "Sub-Saharan Africa", "umap_1d_x": -2.2525721, "umap_2d_x": 9.8895798, "umap_2d_y": 26.175995, "umap_3d_x": 9.3867607, "umap_3d_y": 32.210693, "umap_3d_z": 33.28949, "tsne_1d_x": 22.03587, "tsne_2d_x": 15.109795, "tsne_2d_y": -15.416275, "tsne_3d_x": 13.976433, "tsne_3d_y": -44.780151, "tsne_3d_z": 18.036179, "grid_umap_1d_x": 33.0, "grid_umap_2d_x": 11.0, "grid_umap_2d_y": 26.0, "grid_umap_3d_x": 8.0, "grid_umap_3d_y": 7.0, "grid_umap_3d_z": 6.0, "grid_tsne_1d_x": 23.0, "grid_tsne_2d_x": 18.0, "grid_tsne_2d_y": 7.0, "grid_tsne_3d_x": 6.0, "grid_tsne_3d_y": 0.0, "grid_tsne_3d_z": 6.0, "patch_file_embed": "patch_0033_embed.png", "patch_file_rgb": "patch_0033_rgb.png" }, "geometry": { "type": "Point", "coordinates": [ 19.60277646641984, 10.827131506678072 ] } },
{ "type": "Feature", "properties": { "index": 34, "lon": 37.897634021888052, "lat": 8.1828147036540173, "classification": 40, "subregion_name": "Sub-Saharan Africa", "umap_1d_x": -1.2111721, "umap_2d_x": 5.6172485, "umap_2d_y": 30.442078, "umap_3d_x": 5.1411324, "umap_3d_y": 30.312447, "umap_3d_z": 25.097229, "tsne_1d_x": 18.995258, "tsne_2d_x": 8.9067688, "tsne_2d_y": -18.802271, "tsne_3d_x": 7.1708908, "tsne_3d_y": -33.72361, "tsne_3d_z": 4.7179298, "grid_umap_1d_x": 34.0, "grid_umap_2d_x": 9.0, "grid_umap_2d_y": 28.0, "grid_umap_3d_x": 4.0, "grid_umap_3d_y": 9.0, "grid_umap_3d_z": 8.0, "grid_tsne_1d_x": 21.0, "grid_tsne_2d_x": 14.0, "grid_tsne_2d_y": 3.0, "grid_tsne_3d_x": 5.0, "grid_tsne_3d_y": 1.0, "grid_tsne_3d_z": 4.0, "patch_file_embed": "patch_0034_embed.png", "patch_file_rgb": "patch_0034_rgb.png" }, "geometry": { "type": "Point", "coordinates": [ 37.897634021888052, 8.182814703654017 ] } },
{ "type": "Feature", "properties": { "index": 35, "lon": 33.323265853635434, "lat": -18.585226313617177, "classification": 126, "subregion_name": "Sub-Saharan Africa", "umap_1d_x": -14.728443, "umap_2d_x": 41.962059, "umap_2d_y": -19.747873, "umap_3d_x": 43.625214, "umap_3d_y": -10.705105, "umap_3d_z": 26.534225, "tsne_1d_x": 59.436401, "tsne_2d_x": 43.521103, "tsne_2d_y": 17.675308, "tsne_3d_x": -11.097763, "tsne_3d_y": -30.459099, "tsne_3d_z": -30.536913, "grid_umap_1d_x": 35.0, "grid_umap_2d_x": 27.0, "grid_umap_2d_y": 8.0, "grid_umap_3d_x": 10.0, "grid_umap_3d_y": 3.0, "grid_umap_3d_z": 5.0, "grid_tsne_1d_x": 60.0, "grid_tsne_2d_x": 30.0, "grid_tsne_2d_y": 20.0, "grid_tsne_3d_x": 4.0, "grid_tsne_3d_y": 5.0, "grid_tsne_3d_z": 3.0, "patch_file_embed": "patch_0035_embed.png", "patch_file_rgb": "patch_0035_rgb.png" }, "geometry": { "type": "Point", "coordinates": [ 33.323265853635434, -18.585226313617177 ] } },
{ "type": "Feature", "properties": { "index": 36, "lon": 139.18317452505346, "lat": -25.499304965377554, "classification": 30, "subregion_name": "Unknown", "umap_1d_x": -19.878902, "umap_2d_x": 39.020638, "umap_2d_y": -47.16581, "umap_3d_x": 46.862564, "umap_3d_y": -43.637489, "umap_3d_z": 21.434929, "tsne_1d_x": 78.198448, "tsne_2d_x": 40.085396, "tsne_2d_y": 49.562164, "tsne_3d_x": -30.881538, "tsne_3d_y": -12.52758, "tsne_3d_z": -19.249531, "grid_umap_1d_x": 36.0, "grid_umap_2d_x": 18.0, "grid_umap_2d_y": 2.0, "grid_umap_3d_x": 8.0, "grid_umap_3d_y": 1.0, "grid_umap_3d_z": 3.0, "grid_tsne_1d_x": 79.0, "grid_tsne_2d_x": 22.0, "grid_tsne_2d_y": 28.0, "grid_tsne_3d_x": 2.0, "grid_tsne_3d_y": 5.0, "grid_tsne_3d_z": 2.0, "patch_file_embed": "patch_0036_embed.png", "patch_file_rgb": "patch_0036_rgb.png" }, "geometry": { "type": "Point", "coordinates": [ 139.18317452505346, -25.499304965377554 ] } },
{ "type": "Feature", "properties": { "index": 37, "lon": 2.2177275359247521, "lat": 8.3794721982313547, "classification": 126, "subregion_name": "Sub-Saharan Africa", "umap_1d_x": -2.6214292, "umap_2d_x": 11.318718, "umap_2d_y": 24.535599, "umap_3d_x": 8.1315765, "umap_3d_y": 35.691284, "umap_3d_z": 38.551498, "tsne_1d_x": 23.367445, "tsne_2d_x": 18.690987, "tsne_2d_y": -12.889843, "tsne_3d_x": 13.892895, "tsne_3d_y": -40.174797, "tsne_3d_z": 26.020035, "grid_umap_1d_x": 37.0, "grid_umap_2d_x": 14.0, "grid_umap_2d_y": 24.0, "grid_umap_3d_x": 5.0, "grid_umap_3d_y": 7.0, "grid_umap_3d_z": 7.0, "grid_tsne_1d_x": 24.0, "grid_tsne_2d_x": 21.0, "grid_tsne_2d_y": 12.0, "grid_tsne_3d_x": 5.0, "grid_tsne_3d_y": 3.0, "grid_tsne_3d_z": 7.0, "patch_file_embed": "patch_0037_embed.png", "patch_file_rgb": "patch_0037_rgb.png" }, "geometry": { "type": "Point", "coordinates": [ 2.217727535924752, 8.379472198231355 ] } },
{ "type": "Feature", "properties": { "index": 38, "lon": 41.247340970507253, "lat": 64.650472558032064, "classification": 111, "subregion_name": "Eastern Europe", "umap_1d_x": 14.837972, "umap_2d_x": -30.863857, "umap_2d_y": -5.2024078, "umap_3d_x": -44.247356, "umap_3d_y": -9.881176, "umap_3d_z": -3.2433853, "tsne_1d_x": -31.926067, "tsne_2d_x": -24.495703, "tsne_2d_y": -13.538742, "tsne_3d_x": -23.439968, "tsne_3d_y": 31.443474, "tsne_3d_z": 0.26698685000001, "grid_umap_1d_x": 38.0, "grid_umap_2d_x": 10.0, "grid_umap_2d_y": 8.0, "grid_umap_3d_x": 0.0, "grid_umap_3d_y": 1.0, "grid_umap_3d_z": 5.0, "grid_tsne_1d_x": 22.0, "grid_tsne_2d_x": 5.0, "grid_tsne_2d_y": 6.0, "grid_tsne_3d_x": 1.0, "grid_tsne_3d_y": 9.0, "grid_tsne_3d_z": 2.0, "patch_file_embed": "patch_0038_embed.png", "patch_file_rgb": "patch_0038_rgb.png" }, "geometry": { "type": "Point", "coordinates": [ 41.247340970507253, 64.650472558032064 ] } },
{ "type": "Feature", "properties": { "index": 39, "lon": -120.81139835376254, "lat": 47.154806380086853, "classification": 126, "subregion_name": "Unknown", "umap_1d_x": 6.7273846, "umap_2d_x": -20.303476, "umap_2d_y": -2.3182373, "umap_3d_x": -29.633028, "umap_3d_y": -6.3273354, "umap_3d_z": 0.44709014999999397, "tsne_1d_x": -11.213278, "tsne_2d_x": -3.7645378, "tsne_2d_y": 11.907215, "tsne_3d_x": -23.331121, "tsne_3d_y": -2.9955025, "tsne_3d_z": 2.2322884, "grid_umap_1d_x": 39.0, "grid_umap_2d_x": 2.0, "grid_umap_2d_y": 5.0, "grid_umap_3d_x": 1.0, "grid_umap_3d_y": 1.0, "grid_umap_3d_z": 6.0, "grid_tsne_1d_x": 25.0, "grid_tsne_2d_x": 3.0, "grid_tsne_2d_y": 14.0, "grid_tsne_3d_x": 0.0, "grid_tsne_3d_y": 4.0, "grid_tsne_3d_z": 4.0, "patch_file_embed": "patch_0039_embed.png", "patch_file_rgb": "patch_0039_rgb.png" }, "geometry": { "type": "Point", "coordinates": [ -120.811398353762542, 47.154806380086853 ] } },
{ "type": "Feature", "properties": { "index": 40, "lon": -78.65401779719916, "lat": 50.899046254510282, "classification": 126, "subregion_name": "Northern America", "umap_1d_x": 17.374952, "umap_2d_x": -41.064598, "umap_2d_y": -16.815002, "umap_3d_x": -45.627312, "umap_3d_y": -3.1751289, "umap_3d_z": -40.55669, "tsne_1d_x": -56.19051, "tsne_2d_x": -27.21945, "tsne_2d_y": 25.198524, "tsne_3d_x": -10.038414, "tsne_3d_y": 18.631454, "tsne_3d_z": 37.397285, "grid_umap_1d_x": 40.0, "grid_umap_2d_x": 3.0, "grid_umap_2d_y": 0.0, "grid_umap_3d_x": 6.0, "grid_umap_3d_y": 1.0, "grid_umap_3d_z": 1.0, "grid_tsne_1d_x": 26.0, "grid_tsne_2d_x": 5.0, "grid_tsne_2d_y": 26.0, "grid_tsne_3d_x": 3.0, "grid_tsne_3d_y": 5.0, "grid_tsne_3d_z": 7.0, "patch_file_embed": "patch_0040_embed.png", "patch_file_rgb": "patch_0040_rgb.png" }, "geometry": { "type": "Point", "coordinates": [ -78.65401779719916, 50.899046254510282 ] } },
{ "type": "Feature", "properties": { "index": 41, "lon": 101.97585138962808, "lat": 23.730154626026973, "classification": 30, "subregion_name": "Unknown", "umap_1d_x": -0.91751838, "umap_2d_x": 2.3796692, "umap_2d_y": 34.486572, "umap_3d_x": 2.608387, "umap_3d_y": 33.891167, "umap_3d_z": 15.354385, "tsne_1d_x": 8.2793007, "tsne_2d_x": 6.8513756, "tsne_2d_y": -29.171549, "tsne_3d_x": 19.960114, "tsne_3d_y": -16.394806, "tsne_3d_z": 13.642662, "grid_umap_1d_x": 41.0, "grid_umap_2d_x": 10.0, "grid_umap_2d_y": 29.0, "grid_umap_3d_x": 3.0, "grid_umap_3d_y": 10.0, "grid_umap_3d_z": 5.0, "grid_tsne_1d_x": 27.0, "grid_tsne_2d_x": 16.0, "grid_tsne_2d_y": 11.0, "grid_tsne_3d_x": 7.0, "grid_tsne_3d_y": 4.0, "grid_tsne_3d_z": 5.0, "patch_file_embed": "patch_0041_embed.png", "patch_file_rgb": "patch_0041_rgb.png" }, "geometry": { "type": "Point", "coordinates": [ 101.975851389628076, 23.730154626026973 ] } },
{ "type": "Feature", "properties": { "index": 42, "lon": 100.6205559935558, "lat": 59.961509456900927, "classification": 113, "subregion_name": "Eastern Europe", "umap_1d_x": 15.335196, "umap_2d_x": -39.314323, "umap_2d_y": 12.185947, "umap_3d_x": -46.599445, "umap_3d_y": 16.979485, "umap_3d_z": -12.294224, "tsne_1d_x": -42.716667, "tsne_2d_x": -39.561432, "tsne_2d_y": -1.2062416, "tsne_3d_x": 4.7003212, "tsne_3d_y": 36.257843, "tsne_3d_z": 8.1256638, "grid_umap_1d_x": 42.0, "grid_umap_2d_x": 22.0, "grid_umap_2d_y": 22.0, "grid_umap_3d_x": 0.0, "grid_umap_3d_y": 8.0, "grid_umap_3d_z": 4.0, "grid_tsne_1d_x": 28.0, "grid_tsne_2d_x": 0.0, "grid_tsne_2d_y": 12.0, "grid_tsne_3d_x": 5.0, "grid_tsne_3d_y": 10.0, "grid_tsne_3d_z": 3.0, "patch_file_embed": "patch_0042_embed.png", "patch_file_rgb": "patch_0042_rgb.png" }, "geometry": { "type": "Point", "coordinates": [ 100.620555993555797, 59.961509456900927 ] } },
{ "type": "Feature", "properties": { "index": 43, "lon": -60.348698769397814, "lat": -19.183086291912417, "classification": 112, "subregion_name": "Latin America and the Caribbean", "umap_1d_x": -15.621945, "umap_2d_x": 39.045143, "umap_2d_y": -15.517971, "umap_3d_x": 44.654663, "umap_3d_y": -8.8993568, "umap_3d_z": 16.860588, "tsne_1d_x": 63.714157, "tsne_2d_x": 30.978676, "tsne_2d_y": 25.326553, "tsne_3d_x": -6.5742836, "tsne_3d_y": -22.779236, "tsne_3d_z": -36.479141, "grid_umap_1d_x": 43.0, "grid_umap_2d_x": 25.0, "grid_umap_2d_y": 11.0, "grid_umap_3d_x": 10.0, "grid_umap_3d_y": 4.0, "grid_umap_3d_z": 3.0, "grid_tsne_1d_x": 64.0, "grid_tsne_2d_x": 30.0, "grid_tsne_2d_y": 25.0, "grid_tsne_3d_x": 5.0, "grid_tsne_3d_y": 6.0, "grid_tsne_3d_z": 3.0, "patch_file_embed": "patch_0043_embed.png", "patch_file_rgb": "patch_0043_rgb.png" }, "geometry": { "type": "Point", "coordinates": [ -60.348698769397814, -19.183086291912417 ] } },
{ "type": "Feature", "properties": { "index": 44, "lon": 16.646467834671057, "lat": 47.51253937097259, "classification": 40, "subregion_name": "Eastern Europe", "umap_1d_x": 23.288546, "umap_2d_x": -19.634476, "umap_2d_y": -13.820477, "umap_3d_x": -28.464415, "umap_3d_y": -13.26564, "umap_3d_z": -13.659363, "tsne_1d_x": -18.422943, "tsne_2d_x": -6.7983894, "tsne_2d_y": 25.058044, "tsne_3d_x": -36.57766, "tsne_3d_y": -3.1362381, "tsne_3d_z": 22.586472, "grid_umap_1d_x": 44.0, "grid_umap_2d_x": 17.0, "grid_umap_2d_y": 3.0, "grid_umap_3d_x": 4.0, "grid_umap_3d_y": 0.0, "grid_umap_3d_z": 2.0, "grid_tsne_1d_x": 29.0, "grid_tsne_2d_x": 17.0, "grid_tsne_2d_y": 26.0, "grid_tsne_3d_x": 0.0, "grid_tsne_3d_y": 4.0, "grid_tsne_3d_z": 7.0, "patch_file_embed": "patch_0044_embed.png", "patch_file_rgb": "patch_0044_rgb.png" }, "geometry": { "type": "Point", "coordinates": [ 16.646467834671057, 47.51253937097259 ] } },
{ "type": "Feature", "properties": { "index": 45, "lon": 38.536363619346361, "lat": 58.058210833369557, "classification": 115, "subregion_name": "Eastern Europe", "umap_1d_x": 21.491213, "umap_2d_x": -27.352589, "umap_2d_y": -10.081284, "umap_3d_x": -37.690033, "umap_3d_y": -11.605076, "umap_3d_z": -9.2822647, "tsne_1d_x": -25.829657, "tsne_2d_x": -22.190704, "tsne_2d_y": -4.5101547, "tsne_3d_x": -29.382322, "tsne_3d_y": 17.133629, "tsne_3d_z": 7.7174797, "grid_umap_1d_x": 45.0, "grid_umap_2d_x": 2.0, "grid_umap_2d_y": 1.0, "grid_umap_3d_x": 2.0, "grid_umap_3d_y": 1.0, "grid_umap_3d_z": 4.0, "grid_tsne_1d_x": 30.0, "grid_tsne_2d_x": 2.0, "grid_tsne_2d_y": 8.0, "grid_tsne_3d_x": 0.0, "grid_tsne_3d_y": 8.0, "grid_tsne_3d_z": 4.0, "patch_file_embed": "patch_0045_embed.png", "patch_file_rgb": "patch_0045_rgb.png" }, "geometry": { "type": "Point", "coordinates": [ 38.536363619346361, 58.058210833369557 ] } },
{ "type": "Feature", "properties": { "index": 46, "lon": 46.038307991115261, "lat": -24.429766223575811, "classification": 30, "subregion_name": "Sub-Saharan Africa", "umap_1d_x": -14.956573, "umap_2d_x": 43.421593, "umap_2d_y": -25.548492, "umap_3d_x": 42.329437, "umap_3d_y": -18.964478, "umap_3d_z": 27.471046, "tsne_1d_x": 60.866985, "tsne_2d_x": 40.909424, "tsne_2d_y": 23.7771, "tsne_3d_x": -21.404537, "tsne_3d_y": -31.376562, "tsne_3d_z": -25.368107, "grid_umap_1d_x": 46.0, "grid_umap_2d_x": 30.0, "grid_umap_2d_y": 1.0, "grid_umap_3d_x": 10.0, "grid_umap_3d_y": 0.0, "grid_umap_3d_z": 6.0, "grid_tsne_1d_x": 61.0, "grid_tsne_2d_x": 30.0, "grid_tsne_2d_y": 23.0, "grid_tsne_3d_x": 0.0, "grid_tsne_3d_y": 0.0, "grid_tsne_3d_z": 0.0, "patch_file_embed": "patch_0046_embed.png", "patch_file_rgb": "patch_0046_rgb.png" }, "geometry": { "type": "Point", "coordinates": [ 46.038307991115261, -24.429766223575811 ] } },
{ "type": "Feature", "properties": { "index": 47, "lon": -99.280121736759639, "lat": 52.643788489981418, "classification": 111, "subregion_name": "Northern America", "umap_1d_x": 14.731166, "umap_2d_x": -36.794174, "umap_2d_y": -2.2462387, "umap_3d_x": -47.153938, "umap_3d_y": -1.1866951, "umap_3d_z": -15.270447, "tsne_1d_x": -34.558453, "tsne_2d_x": -27.093939, "tsne_2d_y": -20.23271, "tsne_3d_x": -9.1570358, "tsne_3d_y": 22.891151, "tsne_3d_z": 9.3945808, "grid_umap_1d_x": 47.0, "grid_umap_2d_x": 13.0, "grid_umap_2d_y": 12.0, "grid_umap_3d_x": 1.0, "grid_umap_3d_y": 4.0, "grid_umap_3d_z": 3.0, "grid_tsne_1d_x": 31.0, "grid_tsne_2d_x": 9.0, "grid_tsne_2d_y": 6.0, "grid_tsne_3d_x": 2.0, "grid_tsne_3d_y": 10.0, "grid_tsne_3d_z": 5.0, "patch_file_embed": "patch_0047_embed.png", "patch_file_rgb": "patch_0047_rgb.png" }, "geometry": { "type": "Point", "coordinates": [ -99.280121736759639, 52.643788489981418 ] } },
{ "type": "Feature", "properties": { "index": 48, "lon": -2.5536137322072818, "lat": 47.689727488310467, "classification": 40, "subregion_name": "Unknown", "umap_1d_x": 23.171967, "umap_2d_x": -20.752922, "umap_2d_y": -15.828152, "umap_3d_x": -28.371092, "umap_3d_y": -13.496098, "umap_3d_z": -10.353497, "tsne_1d_x": -18.354437, "tsne_2d_x": -7.1589165, "tsne_2d_y": 20.969101, "tsne_3d_x": -41.202965, "tsne_3d_y": -2.0328712, "tsne_3d_z": 18.974892, "grid_umap_1d_x": 48.0, "grid_umap_2d_x": 16.0, "grid_umap_2d_y": 1.0, "grid_umap_3d_x": 2.0, "grid_umap_3d_y": 0.0, "grid_umap_3d_z": 2.0, "grid_tsne_1d_x": 32.0, "grid_tsne_2d_x": 4.0, "grid_tsne_2d_y": 22.0, "grid_tsne_3d_x": 0.0, "grid_tsne_3d_y": 5.0, "grid_tsne_3d_z": 6.0, "patch_file_embed": "patch_0048_embed.png", "patch_file_rgb": "patch_0048_rgb.png" }, "geometry": { "type": "Point", "coordinates": [ -2.553613732207282, 47.689727488310467 ] } },
{ "type": "Feature", "properties": { "index": 49, "lon": -114.56766738688782, "lat": 54.851127958280557, "classification": 111, "subregion_name": "Northern America", "umap_1d_x": 14.114901, "umap_2d_x": -34.38633, "umap_2d_y": 3.6436844, "umap_3d_x": -45.049263, "umap_3d_y": 2.683918, "umap_3d_z": -5.4355927, "tsne_1d_x": -35.888054, "tsne_2d_x": -29.830778, "tsne_2d_y": -18.742245, "tsne_3d_x": -4.5355949, "tsne_3d_y": 22.44696, "tsne_3d_z": 0.865345, "grid_umap_1d_x": 49.0, "grid_umap_2d_x": 8.0, "grid_umap_2d_y": 15.0, "grid_umap_3d_x": 3.0, "grid_umap_3d_y": 4.0, "grid_umap_3d_z": 5.0, "grid_tsne_1d_x": 33.0, "grid_tsne_2d_x": 10.0, "grid_tsne_2d_y": 8.0, "grid_tsne_3d_x": 3.0, "grid_tsne_3d_y": 10.0, "grid_tsne_3d_z": 1.0, "patch_file_embed": "patch_0049_embed.png", "patch_file_rgb": "patch_0049_rgb.png" }, "geometry": { "type": "Point", "coordinates": [ -114.56766738688782, 54.851127958280557 ] } },
{ "type": "Feature", "properties": { "index": 50, "lon": 121.46020070272681, "lat": 37.027512243319123, "classification": 40, "subregion_name": "Unknown", "umap_1d_x": 8.6619444, "umap_2d_x": -14.374466, "umap_2d_y": 31.638718, "umap_3d_x": -13.842712, "umap_3d_y": 25.067696, "umap_3d_z": -6.8708382, "tsne_1d_x": -9.1059856, "tsne_2d_x": -7.0824547, "tsne_2d_y": -24.679926, "tsne_3d_x": 37.455597, "tsne_3d_y": 4.7680244, "tsne_3d_z": 11.470245, "grid_umap_1d_x": 50.0, "grid_umap_2d_x": 1.0, "grid_umap_2d_y": 28.0, "grid_umap_3d_x": 2.0, "grid_umap_3d_y": 10.0, "grid_umap_3d_z": 2.0, "grid_tsne_1d_x": 35.0, "grid_tsne_2d_x": 7.0, "grid_tsne_2d_y": 0.0, "grid_tsne_3d_x": 9.0, "grid_tsne_3d_y": 7.0, "grid_tsne_3d_z": 4.0, "patch_file_embed": "patch_0050_embed.png", "patch_file_rgb": "patch_0050_rgb.png" }, "geometry": { "type": "Point", "coordinates": [ 121.460200702726809, 37.027512243319123 ] } },
{ "type": "Feature", "properties": { "index": 51, "lon": 30.818253803894208, "lat": 63.775449055942602, "classification": 111, "subregion_name": "Eastern Europe", "umap_1d_x": 17.957838, "umap_2d_x": -45.029392, "umap_2d_y": -17.90107, "umap_3d_x": -41.667557, "umap_3d_y": 3.6871185, "umap_3d_z": -43.909973, "tsne_1d_x": -58.854641, "tsne_2d_x": -33.106461, "tsne_2d_y": 36.831696, "tsne_3d_x": 6.1886292, "tsne_3d_y": 13.397564, "tsne_3d_z": 44.694611, "grid_umap_1d_x": 51.0, "grid_umap_2d_x": 15.0, "grid_umap_2d_y": 5.0, "grid_umap_3d_x": 8.0, "grid_umap_3d_y": 3.0, "grid_umap_3d_z": 0.0, "grid_tsne_1d_x": 36.0, "grid_tsne_2d_x": 4.0, "grid_tsne_2d_y": 31.0, "grid_tsne_3d_x": 4.0, "grid_tsne_3d_y": 4.0, "grid_tsne_3d_z": 8.0, "patch_file_embed": "patch_0051_embed.png", "patch_file_rgb": "patch_0051_rgb.png" }, "geometry": { "type": "Point", "coordinates": [ 30.818253803894208, 63.775449055942602 ] } },
{ "type": "Feature", "properties": { "index": 52, "lon": -54.670559079773156, "lat": 0.86517015697788902, "classification": 112, "subregion_name": "Latin America and the Caribbean", "umap_1d_x": -7.9122205, "umap_2d_x": 36.13575, "umap_2d_y": 33.687691, "umap_3d_x": 32.055435, "umap_3d_y": 49.260277, "umap_3d_z": 3.5647469, "tsne_1d_x": 41.003582, "tsne_2d_x": 47.612091, "tsne_2d_y": -34.111202, "tsne_3d_x": 35.343155, "tsne_3d_y": -38.424671, "tsne_3d_z": -37.297585, "grid_umap_1d_x": 52.0, "grid_umap_2d_x": 28.0, "grid_umap_2d_y": 24.0, "grid_umap_3d_x": 9.0, "grid_umap_3d_y": 10.0, "grid_umap_3d_z": 3.0, "grid_tsne_1d_x": 42.0, "grid_tsne_2d_x": 29.0, "grid_tsne_2d_y": 4.0, "grid_tsne_3d_x": 8.0, "grid_tsne_3d_y": 5.0, "grid_tsne_3d_z": 0.0, "patch_file_embed": "patch_0052_embed.png", "patch_file_rgb": "patch_0052_rgb.png" }, "geometry": { "type": "Point", "coordinates": [ -54.670559079773156, 0.865170156977889 ] } },
{ "type": "Feature", "properties": { "index": 53, "lon": -51.451191477708704, "lat": -28.660335907290911, "classification": 112, "subregion_name": "Latin America and the Caribbean", "umap_1d_x": -15.935365, "umap_2d_x": 37.579964, "umap_2d_y": -19.407404, "umap_3d_x": 42.685226, "umap_3d_y": -11.977341, "umap_3d_z": 12.7523, "tsne_1d_x": 63.096722, "tsne_2d_x": 28.53363, "tsne_2d_y": 20.49942, "tsne_3d_x": 2.0745583, "tsne_3d_y": -14.250584, "tsne_3d_z": -35.842445, "grid_umap_1d_x": 53.0, "grid_umap_2d_x": 26.0, "grid_umap_2d_y": 6.0, "grid_umap_3d_x": 9.0, "grid_umap_3d_y": 4.0, "grid_umap_3d_z": 2.0, "grid_tsne_1d_x": 69.0, "grid_tsne_2d_x": 25.0, "grid_tsne_2d_y": 21.0, "grid_tsne_3d_x": 6.0, "grid_tsne_3d_y": 6.0, "grid_tsne_3d_z": 0.0, "patch_file_embed": "patch_0053_embed.png", "patch_file_rgb": "patch_0053_rgb.png" }, "geometry": { "type": "Point", "coordinates": [ -51.451191477708704, -28.660335907290911 ] } },
{ "type": "Feature", "properties": { "index": 54, "lon": -67.954413123873806, "lat": 63.388848486405564, "classification": 100, "subregion_name": "Unknown", "umap_1d_x": 19.210043, "umap_2d_x": -48.848572, "umap_2d_y": -5.5364189, "umap_3d_x": -46.843071, "umap_3d_y": 17.367218, "umap_3d_z": -48.001469, "tsne_1d_x": -73.612572, "tsne_2d_x": -44.701199, "tsne_2d_y": 32.611633, "tsne_3d_x": 10.626434, "tsne_3d_y": 50.0, "tsne_3d_z": 44.003212, "grid_umap_1d_x": 54.0, "grid_umap_2d_x": 2.0, "grid_umap_2d_y": 9.0, "grid_umap_3d_x": 7.0, "grid_umap_3d_y": 6.0, "grid_umap_3d_z": 1.0, "grid_tsne_1d_x": 37.0, "grid_tsne_2d_x": 1.0, "grid_tsne_2d_y": 30.0, "grid_tsne_3d_x": 6.0, "grid_tsne_3d_y": 8.0, "grid_tsne_3d_z": 5.0, "patch_file_embed": "patch_0054_embed.png", "patch_file_rgb": "patch_0054_rgb.png" }, "geometry": { "type": "Point", "coordinates": [ -67.954413123873806, 63.388848486405564 ] } },
{ "type": "Feature", "properties": { "index": 55, "lon": 23.216687363256767, "lat": -13.169608974028385, "classification": 114, "subregion_name": "Sub-Saharan Africa", "umap_1d_x": -13.269246, "umap_2d_x": 47.377998, "umap_2d_y": -18.430244, "umap_3d_x": 36.847321, "umap_3d_y": -11.437889, "umap_3d_z": 27.549187, "tsne_1d_x": 52.599815, "tsne_2d_x": 37.468811, "tsne_2d_y": 6.4841194, "tsne_3d_x": -4.8457642, "tsne_3d_y": -36.809372, "tsne_3d_z": -18.936651, "grid_umap_1d_x": 55.0, "grid_umap_2d_x": 27.0, "grid_umap_2d_y": 16.0, "grid_umap_3d_x": 6.0, "grid_umap_3d_y": 3.0, "grid_umap_3d_z": 5.0, "grid_tsne_1d_x": 54.0, "grid_tsne_2d_x": 27.0, "grid_tsne_2d_y": 15.0, "grid_tsne_3d_x": 4.0, "grid_tsne_3d_y": 2.0, "grid_tsne_3d_z": 2.0, "patch_file_embed": "patch_0055_embed.png", "patch_file_rgb": "patch_0055_rgb.png" }, "geometry": { "type": "Point", "coordinates": [ 23.216687363256767, -13.169608974028385 ] } },
{ "type": "Feature", "properties": { "index": 56, "lon": 14.389772733590178, "lat": -6.6541444265347707, "classification": 124, "subregion_name": "Sub-Saharan Africa", "umap_1d_x": -12.678031, "umap_2d_x": 49.232986, "umap_2d_y": -14.641781, "umap_3d_x": 34.814491, "umap_3d_y": -6.0692863, "umap_3d_z": 27.619896, "tsne_1d_x": 50.419647, "tsne_2d_x": 40.619453, "tsne_2d_y": 1.362133, "tsne_3d_x": 5.1457405, "tsne_3d_y": -44.681847, "tsne_3d_z": -20.784101, "grid_umap_1d_x": 56.0, "grid_umap_2d_x": 31.0, "grid_umap_2d_y": 14.0, "grid_umap_3d_x": 9.0, "grid_umap_3d_y": 4.0, "grid_umap_3d_z": 7.0, "grid_tsne_1d_x": 51.0, "grid_tsne_2d_x": 27.0, "grid_tsne_2d_y": 14.0, "grid_tsne_3d_x": 6.0, "grid_tsne_3d_y": 1.0, "grid_tsne_3d_z": 2.0, "patch_file_embed": "patch_0056_embed.png", "patch_file_rgb": "patch_0056_rgb.png" }, "geometry": { "type": "Point", "coordinates": [ 14.389772733590178, -6.654144426534771 ] } },
{ "type": "Feature", "properties": { "index": 57, "lon": 33.827035026754004, "lat": 3.237935272644513, "classification": 126, "subregion_name": "Sub-Saharan Africa", "umap_1d_x": -1.6178079, "umap_2d_x": 7.4165764, "umap_2d_y": 27.903275, "umap_3d_x": 6.5590324, "umap_3d_y": 29.520813, "umap_3d_z": 28.682365, "tsne_1d_x": 19.424568, "tsne_2d_x": 9.9998245, "tsne_2d_y": -15.823807, "tsne_3d_x": 3.8994293, "tsne_3d_y": -38.412094, "tsne_3d_z": 5.6737785, "grid_umap_1d_x": 57.0, "grid_umap_2d_x": 9.0, "grid_umap_2d_y": 27.0, "grid_umap_3d_x": 4.0, "grid_umap_3d_y": 6.0, "grid_umap_3d_z": 6.0, "grid_tsne_1d_x": 38.0, "grid_tsne_2d_x": 17.0, "grid_tsne_2d_y": 14.0, "grid_tsne_3d_x": 4.0, "grid_tsne_3d_y": 1.0, "grid_tsne_3d_z": 5.0, "patch_file_embed": "patch_0057_embed.png", "patch_file_rgb": "patch_0057_rgb.png" }, "geometry": { "type": "Point", "coordinates": [ 33.827035026754004, 3.237935272644513 ] } },
{ "type": "Feature", "properties": { "index": 58, "lon": 115.57849458857538, "lat": 61.108587953773124, "classification": 113, "subregion_name": "Eastern Europe", "umap_1d_x": 15.58827, "umap_2d_x": -40.826763, "umap_2d_y": 12.810307, "umap_3d_x": -47.820541, "umap_3d_y": 19.973686, "umap_3d_z": -14.179276, "tsne_1d_x": -43.318604, "tsne_2d_x": -40.81134, "tsne_2d_y": -0.91966248, "tsne_3d_x": 6.1414185, "tsne_3d_y": 40.430031, "tsne_3d_z": 8.3729134, "grid_umap_1d_x": 58.0, "grid_umap_2d_x": 9.0, "grid_umap_2d_y": 21.0, "grid_umap_3d_x": 0.0, "grid_umap_3d_y": 9.0, "grid_umap_3d_z": 4.0, "grid_tsne_1d_x": 39.0, "grid_tsne_2d_x": 11.0, "grid_tsne_2d_y": 16.0, "grid_tsne_3d_x": 6.0, "grid_tsne_3d_y": 8.0, "grid_tsne_3d_z": 2.0, "patch_file_embed": "patch_0058_embed.png", "patch_file_rgb": "patch_0058_rgb.png" }, "geometry": { "type": "Point", "coordinates": [ 115.578494588575381, 61.108587953773124 ] } },
{ "type": "Feature", "properties": { "index": 59, "lon": 27.352005395043591, "lat": -24.231954540860642, "classification": 126, "subregion_name": "Sub-Saharan Africa", "umap_1d_x": -15.157745, "umap_2d_x": 45.390686, "umap_2d_y": -31.487286, "umap_3d_x": 40.614731, "umap_3d_y": -25.462645, "umap_3d_z": 29.151627, "tsne_1d_x": 71.722908, "tsne_2d_x": 38.800186, "tsne_2d_y": 27.902946, "tsne_3d_x": -25.119644, "tsne_3d_y": -30.396833, "tsne_3d_z": -18.543854, "grid_umap_1d_x": 59.0, "grid_umap_2d_x": 29.0, "grid_umap_2d_y": 2.0, "grid_umap_3d_x": 9.0, "grid_umap_3d_y": 0.0, "grid_umap_3d_z": 6.0, "grid_tsne_1d_x": 72.0, "grid_tsne_2d_x": 27.0, "grid_tsne_2d_y": 24.0, "grid_tsne_3d_x": 0.0, "grid_tsne_3d_y": 1.0, "grid_tsne_3d_z": 1.0, "patch_file_embed": "patch_0059_embed.png", "patch_file_rgb": "patch_0059_rgb.png" }, "geometry": { "type": "Point", "coordinates": [ 27.352005395043591, -24.231954540860642 ] } },
{ "type": "Feature", "properties": { "index": 60, "lon": 71.662597598830786, "lat": 40.862977646267211, "classification": 40, "subregion_name": "Central Asia", "umap_1d_x": 6.3415618, "umap_2d_x": -12.898521, "umap_2d_y": 7.9429741, "umap_3d_x": -19.597507, "umap_3d_y": 3.4553757, "umap_3d_z": 8.1483231, "tsne_1d_x": -1.6010634, "tsne_2d_x": 6.6313629, "tsne_2d_y": 17.424187, "tsne_3d_x": -18.989143, "tsne_3d_y": -15.146164, "tsne_3d_z": 21.934059, "grid_umap_1d_x": 60.0, "grid_umap_2d_x": 20.0, "grid_umap_2d_y": 17.0, "grid_umap_3d_x": 3.0, "grid_umap_3d_y": 5.0, "grid_umap_3d_z": 7.0, "grid_tsne_1d_x": 40.0, "grid_tsne_2d_x": 9.0, "grid_tsne_2d_y": 18.0, "grid_tsne_3d_x": 2.0, "grid_tsne_3d_y": 3.0, "grid_tsne_3d_z": 7.0, "patch_file_embed": "patch_0060_embed.png", "patch_file_rgb": "patch_0060_rgb.png" }, "geometry": { "type": "Point", "coordinates": [ 71.662597598830786, 40.862977646267211 ] } },
{ "type": "Feature", "properties": { "index": 61, "lon": 18.293803078548166, "lat": -33.089358150413283, "classification": 30, "subregion_name": "Sub-Saharan Africa", "umap_1d_x": -16.742493, "umap_2d_x": 35.326424, "umap_2d_y": -24.046976, "umap_3d_x": 46.578033, "umap_3d_y": -19.359171, "umap_3d_z": 9.122612, "tsne_1d_x": 67.516632, "tsne_2d_x": 30.507645, "tsne_2d_y": 35.691223, "tsne_3d_x": -17.606812, "tsne_3d_y": -8.2743721, "tsne_3d_z": -38.950989, "grid_umap_1d_x": 61.0, "grid_umap_2d_x": 22.0, "grid_umap_2d_y": 9.0, "grid_umap_3d_x": 9.0, "grid_umap_3d_y": 1.0, "grid_umap_3d_z": 1.0, "grid_tsne_1d_x": 68.0, "grid_tsne_2d_x": 24.0, "grid_tsne_2d_y": 29.0, "grid_tsne_3d_x": 2.0, "grid_tsne_3d_y": 6.0, "grid_tsne_3d_z": 0.0, "patch_file_embed": "patch_0061_embed.png", "patch_file_rgb": "patch_0061_rgb.png" }, "geometry": { "type": "Point", "coordinates": [ 18.293803078548166, -33.089358150413283 ] } },
{ "type": "Feature", "properties": { "index": 62, "lon": 126.40139895653869, "lat": 43.865096381739292, "classification": 114, "subregion_name": "Unknown", "umap_1d_x": 8.7559767, "umap_2d_x": -14.259384, "umap_2d_y": 31.482552, "umap_3d_x": -13.006783, "umap_3d_y": 24.284698, "umap_3d_z": -7.3292389, "tsne_1d_x": -9.4881153, "tsne_2d_x": -8.6456909, "tsne_2d_y": -25.529936, "tsne_3d_x": 35.772621, "tsne_3d_y": 6.7606812, "tsne_3d_z": 7.6810417, "grid_umap_1d_x": 62.0, "grid_umap_2d_x": 5.0, "grid_umap_2d_y": 27.0, "grid_umap_3d_x": 3.0, "grid_umap_3d_y": 10.0, "grid_umap_3d_z": 1.0, "grid_tsne_1d_x": 41.0, "grid_tsne_2d_x": 9.0, "grid_tsne_2d_y": 4.0, "grid_tsne_3d_x": 10.0, "grid_tsne_3d_y": 8.0, "grid_tsne_3d_z": 3.0, "patch_file_embed": "patch_0062_embed.png", "patch_file_rgb": "patch_0062_rgb.png" }, "geometry": { "type": "Point", "coordinates": [ 126.401398956538685, 43.865096381739292 ] } },
{ "type": "Feature", "properties": { "index": 63, "lon": 31.174177872996921, "lat": 2.4854102989387741, "classification": 40, "subregion_name": "Sub-Saharan Africa", "umap_1d_x": -1.5186067, "umap_2d_x": 6.978756, "umap_2d_y": 28.366158, "umap_3d_x": 6.1956749, "umap_3d_y": 29.445, "umap_3d_z": 28.133934, "tsne_1d_x": 19.360798, "tsne_2d_x": 9.851532, "tsne_2d_y": -16.124905, "tsne_3d_x": 4.0579872, "tsne_3d_y": -38.03397, "tsne_3d_z": 5.5690346, "grid_umap_1d_x": 63.0, "grid_umap_2d_x": 8.0, "grid_umap_2d_y": 28.0, "grid_umap_3d_x": 4.0, "grid_umap_3d_y": 8.0, "grid_umap_3d_z": 8.0, "grid_tsne_1d_x": 43.0, "grid_tsne_2d_x": 14.0, "grid_tsne_2d_y": 2.0, "grid_tsne_3d_x": 4.0, "grid_tsne_3d_y": 0.0, "grid_tsne_3d_z": 5.0, "patch_file_embed": "patch_0063_embed.png", "patch_file_rgb": "patch_0063_rgb.png" }, "geometry": { "type": "Point", "coordinates": [ 31.174177872996921, 2.485410298938774 ] } },
{ "type": "Feature", "properties": { "index": 64, "lon": -77.402304417974037, "lat": -4.7190858455963109, "classification": 112, "subregion_name": "Latin America and the Caribbean", "umap_1d_x": -8.0470943, "umap_2d_x": 34.700516, "umap_2d_y": 31.590195, "umap_3d_x": 30.79422, "umap_3d_y": 41.700539, "umap_3d_z": 1.0858116, "tsne_1d_x": 41.743755, "tsne_2d_x": 43.19281, "tsne_2d_y": -27.800303, "tsne_3d_x": 34.576195, "tsne_3d_y": -42.129864, "tsne_3d_z": -25.291292, "grid_umap_1d_x": 64.0, "grid_umap_2d_x": 29.0, "grid_umap_2d_y": 25.0, "grid_umap_3d_x": 10.0, "grid_umap_3d_y": 10.0, "grid_umap_3d_z": 1.0, "grid_tsne_1d_x": 46.0, "grid_tsne_2d_x": 27.0, "grid_tsne_2d_y": 7.0, "grid_tsne_3d_x": 9.0, "grid_tsne_3d_y": 1.0, "grid_tsne_3d_z": 1.0, "patch_file_embed": "patch_0064_embed.png", "patch_file_rgb": "patch_0064_rgb.png" }, "geometry": { "type": "Point", "coordinates": [ -77.402304417974037, -4.719085845596311 ] } },
{ "type": "Feature", "properties": { "index": 65, "lon": 18.530839891804391, "lat": 0.238663672090695, "classification": 112, "subregion_name": "Sub-Saharan Africa", "umap_1d_x": -6.5874581, "umap_2d_x": 31.096169, "umap_2d_y": 42.132828, "umap_3d_x": 27.760925, "umap_3d_y": 35.681816, "umap_3d_z": 10.057568, "tsne_1d_x": 38.056747, "tsne_2d_x": 39.222717, "tsne_2d_y": -35.40704, "tsne_3d_x": 47.506767, "tsne_3d_y": -34.582176, "tsne_3d_z": -23.575666, "grid_umap_1d_x": 65.0, "grid_umap_2d_x": 23.0, "grid_umap_2d_y": 22.0, "grid_umap_3d_x": 10.0, "grid_umap_3d_y": 9.0, "grid_umap_3d_z": 6.0, "grid_tsne_1d_x": 47.0, "grid_tsne_2d_x": 27.0, "grid_tsne_2d_y": 1.0, "grid_tsne_3d_x": 10.0, "grid_tsne_3d_y": 4.0, "grid_tsne_3d_z": 1.0, "patch_file_embed": "patch_0065_embed.png", "patch_file_rgb": "patch_0065_rgb.png" }, "geometry": { "type": "Point", "coordinates": [ 18.530839891804391, 0.238663672090695 ] } },
{ "type": "Feature", "properties": { "index": 66, "lon": -122.53589542715933, "lat": 38.820026825101237, "classification": 30, "subregion_name": "Unknown", "umap_1d_x": 6.3193364, "umap_2d_x": -13.962009, "umap_2d_y": 1.7206001, "umap_3d_x": -22.301275, "umap_3d_y": -3.3036003, "umap_3d_z": 10.053627, "tsne_1d_x": -2.4373994, "tsne_2d_x": 3.5572166, "tsne_2d_y": 14.957458, "tsne_3d_x": -24.640358, "tsne_3d_y": -16.395893, "tsne_3d_z": 12.230797, "grid_umap_1d_x": 66.0, "grid_umap_2d_x": 15.0, "grid_umap_2d_y": 11.0, "grid_umap_3d_x": 1.0, "grid_umap_3d_y": 1.0, "grid_umap_3d_z": 8.0, "grid_tsne_1d_x": 48.0, "grid_tsne_2d_x": 7.0, "grid_tsne_2d_y": 16.0, "grid_tsne_3d_x": 2.0, "grid_tsne_3d_y": 3.0, "grid_tsne_3d_z": 5.0, "patch_file_embed": "patch_0066_embed.png", "patch_file_rgb": "patch_0066_rgb.png" }, "geometry": { "type": "Point", "coordinates": [ -122.535895427159332, 38.820026825101237 ] } },
{ "type": "Feature", "properties": { "index": 67, "lon": 25.962825748031293, "lat": -3.4742692903708128, "classification": 112, "subregion_name": "Sub-Saharan Africa", "umap_1d_x": -6.6012197, "umap_2d_x": 31.692596, "umap_2d_y": 42.136177, "umap_3d_x": 28.14756, "umap_3d_y": 33.93084, "umap_3d_z": 8.9023514, "tsne_1d_x": 37.73069, "tsne_2d_x": 39.863457, "tsne_2d_y": -33.244812, "tsne_3d_x": 49.891251, "tsne_3d_y": -38.024124, "tsne_3d_z": -20.71699, "grid_umap_1d_x": 67.0, "grid_umap_2d_x": 25.0, "grid_umap_2d_y": 24.0, "grid_umap_3d_x": 10.0, "grid_umap_3d_y": 7.0, "grid_umap_3d_z": 5.0, "grid_tsne_1d_x": 49.0, "grid_tsne_2d_x": 25.0, "grid_tsne_2d_y": 8.0, "grid_tsne_3d_x": 9.0, "grid_tsne_3d_y": 5.0, "grid_tsne_3d_z": 3.0, "patch_file_embed": "patch_0067_embed.png", "patch_file_rgb": "patch_0067_rgb.png" }, "geometry": { "type": "Point", "coordinates": [ 25.962825748031293, -3.474269290370813 ] } },
{ "type": "Feature", "properties": { "index": 68, "lon": 116.89159079100716, "lat": -31.066511458960779, "classification": 30, "subregion_name": "Unknown", "umap_1d_x": -19.455397, "umap_2d_x": 37.712547, "umap_2d_y": -43.362793, "umap_3d_x": 49.004967, "umap_3d_y": -39.903099, "umap_3d_z": 16.441689, "tsne_1d_x": 76.859039, "tsne_2d_x": 36.669456, "tsne_2d_y": 45.458122, "tsne_3d_x": -30.747374, "tsne_3d_y": -8.7235336, "tsne_3d_z": -28.921083, "grid_umap_1d_x": 68.0, "grid_umap_2d_x": 19.0, "grid_umap_2d_y": 1.0, "grid_umap_3d_x": 9.0, "grid_umap_3d_y": 0.0, "grid_umap_3d_z": 1.0, "grid_tsne_1d_x": 77.0, "grid_tsne_2d_x": 23.0, "grid_tsne_2d_y": 29.0, "grid_tsne_3d_x": 1.0, "grid_tsne_3d_y": 6.0, "grid_tsne_3d_z": 0.0, "patch_file_embed": "patch_0068_embed.png", "patch_file_rgb": "patch_0068_rgb.png" }, "geometry": { "type": "Point", "coordinates": [ 116.891590791007161, -31.066511458960779 ] } },
{ "type": "Feature", "properties": { "index": 69, "lon": -67.061869703184911, "lat": -7.8247714588167696, "classification": 112, "subregion_name": "Latin America and the Caribbean", "umap_1d_x": -8.7222576, "umap_2d_x": 37.969322, "umap_2d_y": 28.269035, "umap_3d_x": 34.132591, "umap_3d_y": 39.993988, "umap_3d_z": -0.11463928, "tsne_1d_x": 43.548519, "tsne_2d_x": 44.697876, "tsne_2d_y": -24.51878, "tsne_3d_x": 27.826637, "tsne_3d_y": -42.507942, "tsne_3d_z": -28.090576, "grid_umap_1d_x": 69.0, "grid_umap_2d_x": 28.0, "grid_umap_2d_y": 22.0, "grid_umap_3d_x": 9.0, "grid_umap_3d_y": 7.0, "grid_umap_3d_z": 0.0, "grid_tsne_1d_x": 52.0, "grid_tsne_2d_x": 30.0, "grid_tsne_2d_y": 3.0, "grid_tsne_3d_x": 7.0, "grid_tsne_3d_y": 2.0, "grid_tsne_3d_z": 2.0, "patch_file_embed": "patch_0069_embed.png", "patch_file_rgb": "patch_0069_rgb.png" }, "geometry": { "type": "Point", "coordinates": [ -67.061869703184911, -7.82477145881677 ] } },
{ "type": "Feature", "properties": { "index": 70, "lon": 142.410429043298, "lat": 48.020362543157944, "classification": 114, "subregion_name": "Eastern Europe", "umap_1d_x": 12.621311, "umap_2d_x": -31.312542, "umap_2d_y": 10.007103, "umap_3d_x": -39.875206, "umap_3d_y": 4.0441437, "umap_3d_z": -18.18639, "tsne_1d_x": -28.436247, "tsne_2d_x": -13.017834, "tsne_2d_y": -5.0176888, "tsne_3d_x": 18.035042, "tsne_3d_y": 17.851082, "tsne_3d_z": -4.5712738, "grid_umap_1d_x": 70.0, "grid_umap_2d_x": 17.0, "grid_umap_2d_y": 20.0, "grid_umap_3d_x": 1.0, "grid_umap_3d_y": 5.0, "grid_umap_3d_z": 2.0, "grid_tsne_1d_x": 55.0, "grid_tsne_2d_x": 1.0, "grid_tsne_2d_y": 4.0, "grid_tsne_3d_x": 10.0, "grid_tsne_3d_y": 10.0, "grid_tsne_3d_z": 0.0, "patch_file_embed": "patch_0070_embed.png", "patch_file_rgb": "patch_0070_rgb.png" }, "geometry": { "type": "Point", "coordinates": [ 142.410429043297995, 48.020362543157944 ] } },
{ "type": "Feature", "properties": { "index": 71, "lon": -73.320862514839462, "lat": -50.122113248576518, "classification": 124, "subregion_name": "Latin America and the Caribbean", "umap_1d_x": 9.4121237, "umap_2d_x": 33.171013, "umap_2d_y": -23.455542, "umap_3d_x": 42.986778, "umap_3d_y": -17.558296, "umap_3d_z": 4.6895103, "tsne_1d_x": 69.972733, "tsne_2d_x": 24.669205, "tsne_2d_y": 43.589813, "tsne_3d_x": -2.6771164, "tsne_3d_y": 2.4423294, "tsne_3d_z": -37.104256, "grid_umap_1d_x": 71.0, "grid_umap_2d_x": 21.0, "grid_umap_2d_y": 8.0, "grid_umap_3d_x": 10.0, "grid_umap_3d_y": 0.0, "grid_umap_3d_z": 0.0, "grid_tsne_1d_x": 70.0, "grid_tsne_2d_x": 19.0, "grid_tsne_2d_y": 29.0, "grid_tsne_3d_x": 6.0, "grid_tsne_3d_y": 8.0, "grid_tsne_3d_z": 0.0, "patch_file_embed": "patch_0071_embed.png", "patch_file_rgb": "patch_0071_rgb.png" }, "geometry": { "type": "Point", "coordinates": [ -73.320862514839462, -50.122113248576518 ] } },
{ "type": "Feature", "properties": { "index": 72, "lon": 94.364284806427975, "lat": 55.23761315533811, "classification": 114, "subregion_name": "Eastern Europe", "umap_1d_x": 12.507576, "umap_2d_x": -33.555782, "umap_2d_y": 14.668961, "umap_3d_x": -39.555859, "umap_3d_y": 12.725037, "umap_3d_z": -13.767544, "tsne_1d_x": -40.464447, "tsne_2d_x": -33.22665, "tsne_2d_y": -2.6217461, "tsne_3d_x": 16.695251, "tsne_3d_y": 20.835342, "tsne_3d_z": 7.111496, "grid_umap_1d_x": 72.0, "grid_umap_2d_x": 19.0, "grid_umap_2d_y": 23.0, "grid_umap_3d_x": 1.0, "grid_umap_3d_y": 6.0, "grid_umap_3d_z": 3.0, "grid_tsne_1d_x": 57.0, "grid_tsne_2d_x": 19.0, "grid_tsne_2d_y": 18.0, "grid_tsne_3d_x": 10.0, "grid_tsne_3d_y": 10.0, "grid_tsne_3d_z": 3.0, "patch_file_embed": "patch_0072_embed.png", "patch_file_rgb": "patch_0072_rgb.png" }, "geometry": { "type": "Point", "coordinates": [ 94.364284806427975, 55.23761315533811 ] } },
{ "type": "Feature", "properties": { "index": 73, "lon": 108.74679946716907, "lat": 25.950960354279971, "classification": 111, "subregion_name": "Unknown", "umap_1d_x": 4.5587015, "umap_2d_x": -7.0578384, "umap_2d_y": 32.352547, "umap_3d_x": -6.4041748, "umap_3d_y": 29.062279, "umap_3d_z": -0.43450165, "tsne_1d_x": 5.3363075, "tsne_2d_x": -2.6050873, "tsne_2d_y": -35.611149, "tsne_3d_x": 44.569763, "tsne_3d_y": -9.681282, "tsne_3d_z": 5.654644, "grid_umap_1d_x": 73.0, "grid_umap_2d_x": 7.0, "grid_umap_2d_y": 27.0, "grid_umap_3d_x": 6.0, "grid_umap_3d_y": 10.0, "grid_umap_3d_z": 1.0, "grid_tsne_1d_x": 58.0, "grid_tsne_2d_x": 10.0, "grid_tsne_2d_y": 0.0, "grid_tsne_3d_x": 10.0, "grid_tsne_3d_y": 5.0, "grid_tsne_3d_z": 4.0, "patch_file_embed": "patch_0073_embed.png", "patch_file_rgb": "patch_0073_rgb.png" }, "geometry": { "type": "Point", "coordinates": [ 108.746799467169069, 25.950960354279971 ] } },
{ "type": "Feature", "properties": { "index": 74, "lon": 133.04653101348572, "lat": -29.228039459590935, "classification": 20, "subregion_name": "Unknown", "umap_1d_x": -20.54388, "umap_2d_x": 40.869362, "umap_2d_y": -48.743076, "umap_3d_x": 48.967484, "umap_3d_y": -48.431793, "umap_3d_z": 23.35038, "tsne_1d_x": 80.366463, "tsne_2d_x": 43.192833, "tsne_2d_y": 43.368111, "tsne_3d_x": -43.547558, "tsne_3d_y": -14.320858, "tsne_3d_z": -22.007215, "grid_umap_1d_x": 74.0, "grid_umap_2d_x": 19.0, "grid_umap_2d_y": 4.0, "grid_umap_3d_x": 6.0, "grid_umap_3d_y": 1.0, "grid_umap_3d_z": 3.0, "grid_tsne_1d_x": 82.0, "grid_tsne_2d_x": 30.0, "grid_tsne_2d_y": 31.0, "grid_tsne_3d_x": 0.0, "grid_tsne_3d_y": 5.0, "grid_tsne_3d_z": 1.0, "patch_file_embed": "patch_0074_embed.png", "patch_file_rgb": "patch_0074_rgb.png" }, "geometry": { "type": "Point", "coordinates": [ 133.046531013485719, -29.228039459590935 ] } },
{ "type": "Feature", "properties": { "index": 75, "lon": 117.17132509071263, "lat": -28.702321305390527, "classification": 30, "subregion_name": "Unknown", "umap_1d_x": -20.376371, "umap_2d_x": 40.822128, "umap_2d_y": -48.599628, "umap_3d_x": 48.632576, "umap_3d_y": -46.656319, "umap_3d_z": 22.390839, "tsne_1d_x": 79.738388, "tsne_2d_x": 42.090439, "tsne_2d_y": 44.805603, "tsne_3d_x": -40.157398, "tsne_3d_y": -16.912029, "tsne_3d_z": -23.419619, "grid_umap_1d_x": 75.0, "grid_umap_2d_x": 20.0, "grid_umap_2d_y": 2.0, "grid_umap_3d_x": 8.0, "grid_umap_3d_y": 0.0, "grid_umap_3d_z": 3.0, "grid_tsne_1d_x": 80.0, "grid_tsne_2d_x": 24.0, "grid_tsne_2d_y": 28.0, "grid_tsne_3d_x": 0.0, "grid_tsne_3d_y": 4.0, "grid_tsne_3d_z": 1.0, "patch_file_embed": "patch_0075_embed.png", "patch_file_rgb": "patch_0075_rgb.png" }, "geometry": { "type": "Point", "coordinates": [ 117.171325090712628, -28.702321305390527 ] } },
{ "type": "Feature", "properties": { "index": 76, "lon": 27.665547444555102, "lat": -16.033188202962464, "classification": 40, "subregion_name": "Sub-Saharan Africa", "umap_1d_x": -14.291917, "umap_2d_x": 45.729164, "umap_2d_y": -24.907816, "umap_3d_x": 39.445923, "umap_3d_y": -18.823475, "umap_3d_z": 29.33403, "tsne_1d_x": 54.572716, "tsne_2d_x": 39.008469, "tsne_2d_y": 23.881615, "tsne_3d_x": -18.107018, "tsne_3d_y": -35.502739, "tsne_3d_z": -17.171242, "grid_umap_1d_x": 76.0, "grid_umap_2d_x": 30.0, "grid_umap_2d_y": 4.0, "grid_umap_3d_x": 6.0, "grid_umap_3d_y": 2.0, "grid_umap_3d_z": 5.0, "grid_tsne_1d_x": 59.0, "grid_tsne_2d_x": 29.0, "grid_tsne_2d_y": 23.0, "grid_tsne_3d_x": 1.0, "grid_tsne_3d_y": 0.0, "grid_tsne_3d_z": 2.0, "patch_file_embed": "patch_0076_embed.png", "patch_file_rgb": "patch_0076_rgb.png" }, "geometry": { "type": "Point", "coordinates": [ 27.665547444555102, -16.033188202962464 ] } },
{ "type": "Feature", "properties": { "index": 77, "lon": 108.66672438803909, "lat": 49.05572442691215, "classification": 113, "subregion_name": "Eastern Asia", "umap_1d_x": 13.169662, "umap_2d_x": -36.120766, "umap_2d_y": 14.16954, "umap_3d_x": -42.577423, "umap_3d_y": 14.903175, "umap_3d_z": -8.5049133, "tsne_1d_x": -41.163284, "tsne_2d_x": -36.63501, "tsne_2d_y": -8.8057442, "tsne_3d_x": 12.005074, "tsne_3d_y": 28.543587, "tsne_3d_z": -0.82888412, "grid_umap_1d_x": 77.0, "grid_umap_2d_x": 7.0, "grid_umap_2d_y": 21.0, "grid_umap_3d_x": 0.0, "grid_umap_3d_y": 8.0, "grid_umap_3d_z": 6.0, "grid_tsne_1d_x": 62.0, "grid_tsne_2d_x": 4.0, "grid_tsne_2d_y": 10.0, "grid_tsne_3d_x": 7.0, "grid_tsne_3d_y": 10.0, "grid_tsne_3d_z": 0.0, "patch_file_embed": "patch_0077_embed.png", "patch_file_rgb": "patch_0077_rgb.png" }, "geometry": { "type": "Point", "coordinates": [ 108.666724388039086, 49.05572442691215 ] } },
{ "type": "Feature", "properties": { "index": 78, "lon": 104.97798805467062, "lat": 9.5200503612278879, "classification": 116, "subregion_name": "South-eastern Asia", "umap_1d_x": 0.46195742, "umap_2d_x": 10.107483, "umap_2d_y": 42.415176, "umap_3d_x": 6.6617126, "umap_3d_y": 46.83316, "umap_3d_z": 22.948654, "tsne_1d_x": 17.862293, "tsne_2d_x": 20.306938, "tsne_2d_y": -33.448837, "tsne_3d_x": 35.024704, "tsne_3d_y": -39.361462, "tsne_3d_z": 13.346146, "grid_umap_1d_x": 78.0, "grid_umap_2d_x": 21.0, "grid_umap_2d_y": 28.0, "grid_umap_3d_x": 7.0, "grid_umap_3d_y": 9.0, "grid_umap_3d_z": 5.0, "grid_tsne_1d_x": 63.0, "grid_tsne_2d_x": 22.0, "grid_tsne_2d_y": 3.0, "grid_tsne_3d_x": 9.0, "grid_tsne_3d_y": 1.0, "grid_tsne_3d_z": 5.0, "patch_file_embed": "patch_0078_embed.png", "patch_file_rgb": "patch_0078_rgb.png" }, "geometry": { "type": "Point", "coordinates": [ 104.977988054670618, 9.520050361227888 ] } },
{ "type": "Feature", "properties": { "index": 79, "lon": 76.151240565655542, "lat": 20.309868238284722, "classification": 40, "subregion_name": "Southern Asia", "umap_1d_x": 0.092280664, "umap_2d_x": 5.7073936, "umap_2d_y": 41.776085, "umap_3d_x": 2.4493752, "umap_3d_y": 40.755463, "umap_3d_z": 29.399231, "tsne_1d_x": 15.244291, "tsne_2d_x": 11.976856, "tsne_2d_y": -39.319244, "tsne_3d_x": 23.011955, "tsne_3d_y": -30.941769, "tsne_3d_z": 28.08493, "grid_umap_1d_x": 79.0, "grid_umap_2d_x": 17.0, "grid_umap_2d_y": 28.0, "grid_umap_3d_x": 3.0, "grid_umap_3d_y": 9.0, "grid_umap_3d_z": 8.0, "grid_tsne_1d_x": 71.0, "grid_tsne_2d_x": 18.0, "grid_tsne_2d_y": 8.0, "grid_tsne_3d_x": 7.0, "grid_tsne_3d_y": 3.0, "grid_tsne_3d_z": 7.0, "patch_file_embed": "patch_0079_embed.png", "patch_file_rgb": "patch_0079_rgb.png" }, "geometry": { "type": "Point", "coordinates": [ 76.151240565655542, 20.309868238284722 ] } },
{ "type": "Feature", "properties": { "index": 80, "lon": -95.924314322847749, "lat": 56.843819073393178, "classification": 121, "subregion_name": "Northern America", "umap_1d_x": 16.974461, "umap_2d_x": -40.491432, "umap_2d_y": -8.3117599, "umap_3d_x": -48.485954, "umap_3d_y": -1.3761368, "umap_3d_z": -31.721664, "tsne_1d_x": -52.70631, "tsne_2d_x": -30.501549, "tsne_2d_y": 15.277328, "tsne_3d_x": -4.6205673, "tsne_3d_y": 22.276428, "tsne_3d_z": 22.48777, "grid_umap_1d_x": 80.0, "grid_umap_2d_x": 7.0, "grid_umap_2d_y": 7.0, "grid_umap_3d_x": 5.0, "grid_umap_3d_y": 3.0, "grid_umap_3d_z": 3.0, "grid_tsne_1d_x": 75.0, "grid_tsne_2d_x": 11.0, "grid_tsne_2d_y": 21.0, "grid_tsne_3d_x": 3.0, "grid_tsne_3d_y": 9.0, "grid_tsne_3d_z": 7.0, "patch_file_embed": "patch_0080_embed.png", "patch_file_rgb": "patch_0080_rgb.png" }, "geometry": { "type": "Point", "coordinates": [ -95.924314322847749, 56.843819073393178 ] } },
{ "type": "Feature", "properties": { "index": 81, "lon": 104.32466717477831, "lat": 52.073544135043136, "classification": 113, "subregion_name": "Eastern Europe", "umap_1d_x": 11.293355, "umap_2d_x": -32.240772, "umap_2d_y": 22.860977, "umap_3d_x": -39.178207, "umap_3d_y": 13.537418, "umap_3d_z": -34.021248, "tsne_1d_x": -63.063351, "tsne_2d_x": -27.569143, "tsne_2d_y": 37.771942, "tsne_3d_x": 21.199409, "tsne_3d_y": 21.890312, "tsne_3d_z": 23.295326, "grid_umap_1d_x": 81.0, "grid_umap_2d_x": 2.0, "grid_umap_2d_y": 24.0, "grid_umap_3d_x": 3.0, "grid_umap_3d_y": 6.0, "grid_umap_3d_z": 1.0, "grid_tsne_1d_x": 76.0, "grid_tsne_2d_x": 7.0, "grid_tsne_2d_y": 31.0, "grid_tsne_3d_x": 10.0, "grid_tsne_3d_y": 9.0, "grid_tsne_3d_z": 7.0, "patch_file_embed": "patch_0081_embed.png", "patch_file_rgb": "patch_0081_rgb.png" }, "geometry": { "type": "Point", "coordinates": [ 104.324667174778313, 52.073544135043136 ] } },
{ "type": "Feature", "properties": { "index": 82, "lon": 123.49555343888437, "lat": 57.059510503586495, "classification": 116, "subregion_name": "Eastern Europe", "umap_1d_x": 18.386978, "umap_2d_x": -45.782509, "umap_2d_y": 5.3207817, "umap_3d_x": -46.681633, "umap_3d_y": 22.265358, "umap_3d_z": -32.318111, "tsne_1d_x": -67.279549, "tsne_2d_x": -40.277615, "tsne_2d_y": 10.016941, "tsne_3d_x": 18.641403, "tsne_3d_y": 36.314301, "tsne_3d_z": 19.140053, "grid_umap_1d_x": 82.0, "grid_umap_2d_x": 1.0, "grid_umap_2d_y": 16.0, "grid_umap_3d_x": 0.0, "grid_umap_3d_y": 9.0, "grid_umap_3d_z": 0.0, "grid_tsne_1d_x": 78.0, "grid_tsne_2d_x": 17.0, "grid_tsne_2d_y": 21.0, "grid_tsne_3d_x": 9.0, "grid_tsne_3d_y": 10.0, "grid_tsne_3d_z": 5.0, "patch_file_embed": "patch_0082_embed.png", "patch_file_rgb": "patch_0082_rgb.png" }, "geometry": { "type": "Point", "coordinates": [ 123.495553438884372, 57.059510503586495 ] } },
{ "type": "Feature", "properties": { "index": 83, "lon": 134.01062978832817, "lat": -25.706016452978709, "classification": 20, "subregion_name": "Unknown", "umap_1d_x": -20.465403, "umap_2d_x": 41.01535, "umap_2d_y": -48.382973, "umap_3d_x": 48.620316, "umap_3d_y": -47.17049, "umap_3d_z": 23.219597, "tsne_1d_x": 80.111794, "tsne_2d_x": 42.780754, "tsne_2d_y": 44.630844, "tsne_3d_x": -41.930641, "tsne_3d_y": -17.203178, "tsne_3d_z": -21.914583, "grid_umap_1d_x": 83.0, "grid_umap_2d_x": 20.0, "grid_umap_2d_y": 3.0, "grid_umap_3d_x": 8.0, "grid_umap_3d_y": 0.0, "grid_umap_3d_z": 4.0, "grid_tsne_1d_x": 83.0, "grid_tsne_2d_x": 26.0, "grid_tsne_2d_y": 29.0, "grid_tsne_3d_x": 1.0, "grid_tsne_3d_y": 4.0, "grid_tsne_3d_z": 2.0, "patch_file_embed": "patch_0083_embed.png", "patch_file_rgb": "patch_0083_rgb.png" }, "geometry": { "type": "Point", "coordinates": [ 134.010629788328174, -25.706016452978709 ] } },
{ "type": "Feature", "properties": { "index": 84, "lon": -79.125983418941786, "lat": -7.072378592660499, "classification": 20, "subregion_name": "Latin America and the Caribbean", "umap_1d_x": -13.167672, "umap_2d_x": 46.75766, "umap_2d_y": -15.912567, "umap_3d_x": 35.641434, "umap_3d_y": -9.2128525, "umap_3d_z": 22.322502, "tsne_1d_x": 49.352604, "tsne_2d_x": 32.592583, "tsne_2d_y": -1.1669159, "tsne_3d_x": 7.4173622, "tsne_3d_y": -34.6306, "tsne_3d_z": -9.4119568, "grid_umap_1d_x": 84.0, "grid_umap_2d_x": 29.0, "grid_umap_2d_y": 14.0, "grid_umap_3d_x": 8.0, "grid_umap_3d_y": 3.0, "grid_umap_3d_z": 4.0, "grid_tsne_1d_x": 84.0, "grid_tsne_2d_x": 21.0, "grid_tsne_2d_y": 20.0, "grid_tsne_3d_x": 6.0, "grid_tsne_3d_y": 2.0, "grid_tsne_3d_z": 3.0, "patch_file_embed": "patch_0084_embed.png", "patch_file_rgb": "patch_0084_rgb.png" }, "geometry": { "type": "Point", "coordinates": [ -79.125983418941786, -7.072378592660499 ] } },
{ "type": "Feature", "properties": { "index": 85, "lon": 71.923090543822127, "lat": 30.454007638303167, "classification": 40, "subregion_name": "Southern Asia", "umap_1d_x": 1.2262964, "umap_2d_x": 4.2040749, "umap_2d_y": 48.203911, "umap_3d_x": -1.2124863, "umap_3d_y": 43.47081, "umap_3d_z": 28.56591, "tsne_1d_x": 13.428504, "tsne_2d_x": 12.364502, "tsne_2d_y": -46.998417, "tsne_3d_x": 33.295128, "tsne_3d_y": -24.324894, "tsne_3d_z": 34.134743, "grid_umap_1d_x": 85.0, "grid_umap_2d_x": 22.0, "grid_umap_2d_y": 23.0, "grid_umap_3d_x": 1.0, "grid_umap_3d_y": 8.0, "grid_umap_3d_z": 7.0, "grid_tsne_1d_x": 85.0, "grid_tsne_2d_x": 20.0, "grid_tsne_2d_y": 16.0, "grid_tsne_3d_x": 9.0, "grid_tsne_3d_y": 5.0, "grid_tsne_3d_z": 7.0, "patch_file_embed": "patch_0085_embed.png", "patch_file_rgb": "patch_0085_rgb.png" }, "geometry": { "type": "Point", "coordinates": [ 71.923090543822127, 30.454007638303167 ] } },
{ "type": "Feature", "properties": { "index": 86, "lon": -64.919078051895667, "lat": -26.01346079842051, "classification": 20, "subregion_name": "Latin America and the Caribbean", "umap_1d_x": -15.684472, "umap_2d_x": 38.888428, "umap_2d_y": -20.829805, "umap_3d_x": 41.250237, "umap_3d_y": -13.303623, "umap_3d_z": 15.824516, "tsne_1d_x": 62.533043, "tsne_2d_x": 28.878166, "tsne_2d_y": 16.542267, "tsne_3d_x": 5.8540459, "tsne_3d_y": -14.32275, "tsne_3d_z": -29.797373, "grid_umap_1d_x": 86.0, "grid_umap_2d_x": 25.0, "grid_umap_2d_y": 9.0, "grid_umap_3d_x": 8.0, "grid_umap_3d_y": 3.0, "grid_umap_3d_z": 3.0, "grid_tsne_1d_x": 86.0, "grid_tsne_2d_x": 28.0, "grid_tsne_2d_y": 17.0, "grid_tsne_3d_x": 6.0, "grid_tsne_3d_y": 5.0, "grid_tsne_3d_z": 0.0, "patch_file_embed": "patch_0086_embed.png", "patch_file_rgb": "patch_0086_rgb.png" }, "geometry": { "type": "Point", "coordinates": [ -64.919078051895667, -26.01346079842051 ] } },
{ "type": "Feature", "properties": { "index": 87, "lon": -103.00070075126169, "lat": 54.956206502447515, "classification": 126, "subregion_name": "Northern America", "umap_1d_x": 17.827158, "umap_2d_x": -44.729824, "umap_2d_y": -10.165565, "umap_3d_x": -45.366444, "umap_3d_y": 7.5826721, "umap_3d_z": -40.324345, "tsne_1d_x": -59.957832, "tsne_2d_x": -35.50238, "tsne_2d_y": 30.637856, "tsne_3d_x": 14.265594, "tsne_3d_y": 19.02478, "tsne_3d_z": 35.268295, "grid_umap_1d_x": 87.0, "grid_umap_2d_x": 11.0, "grid_umap_2d_y": 8.0, "grid_umap_3d_x": 4.0, "grid_umap_3d_y": 5.0, "grid_umap_3d_z": 1.0, "grid_tsne_1d_x": 87.0, "grid_tsne_2d_x": 3.0, "grid_tsne_2d_y": 29.0, "grid_tsne_3d_x": 7.0, "grid_tsne_3d_y": 6.0, "grid_tsne_3d_z": 7.0, "patch_file_embed": "patch_0087_embed.png", "patch_file_rgb": "patch_0087_rgb.png" }, "geometry": { "type": "Point", "coordinates": [ -103.000700751261689, 54.956206502447515 ] } },
{ "type": "Feature", "properties": { "index": 88, "lon": -53.062883948847144, "lat": -5.1641554746567451, "classification": 112, "subregion_name": "Latin America and the Caribbean", "umap_1d_x": -8.8907738, "umap_2d_x": 38.196365, "umap_2d_y": 25.006714, "umap_3d_x": 36.048264, "umap_3d_y": 41.228149, "umap_3d_z": 0.29668808000001001, "tsne_1d_x": 44.753151, "tsne_2d_x": 48.786003, "tsne_2d_y": -23.031626, "tsne_3d_x": 25.810204, "tsne_3d_y": -42.241817, "tsne_3d_z": -38.065655, "grid_umap_1d_x": 88.0, "grid_umap_2d_x": 30.0, "grid_umap_2d_y": 20.0, "grid_umap_3d_x": 10.0, "grid_umap_3d_y": 7.0, "grid_umap_3d_z": 2.0, "grid_tsne_1d_x": 88.0, "grid_tsne_2d_x": 31.0, "grid_tsne_2d_y": 5.0, "grid_tsne_3d_x": 7.0, "grid_tsne_3d_y": 2.0, "grid_tsne_3d_z": 0.0, "patch_file_embed": "patch_0088_embed.png", "patch_file_rgb": "patch_0088_rgb.png" }, "geometry": { "type": "Point", "coordinates": [ -53.062883948847144, -5.164155474656745 ] } },
{ "type": "Feature", "properties": { "index": 89, "lon": 65.574405160322613, "lat": 54.813317287468422, "classification": 30, "subregion_name": "Eastern Europe", "umap_1d_x": 11.756755, "umap_2d_x": -30.037266, "umap_2d_y": 18.78817, "umap_3d_x": -36.493912, "umap_3d_y": 9.1368256, "umap_3d_z": -24.500206, "tsne_1d_x": -54.161724, "tsne_2d_x": -22.45787, "tsne_2d_y": 31.738838, "tsne_3d_x": 11.100525, "tsne_3d_y": 12.450073, "tsne_3d_z": 17.438385, "grid_umap_1d_x": 89.0, "grid_umap_2d_x": 6.0, "grid_umap_2d_y": 23.0, "grid_umap_3d_x": 6.0, "grid_umap_3d_y": 5.0, "grid_umap_3d_z": 4.0, "grid_tsne_1d_x": 89.0, "grid_tsne_2d_x": 4.0, "grid_tsne_2d_y": 30.0, "grid_tsne_3d_x": 8.0, "grid_tsne_3d_y": 7.0, "grid_tsne_3d_z": 7.0, "patch_file_embed": "patch_0089_embed.png", "patch_file_rgb": "patch_0089_rgb.png" }, "geometry": { "type": "Point", "coordinates": [ 65.574405160322613, 54.813317287468422 ] } },
{ "type": "Feature", "properties": { "index": 90, "lon": -14.718002047487431, "lat": 11.48908375540546, "classification": 126, "subregion_name": "Sub-Saharan Africa", "umap_1d_x": -1.7670246, "umap_2d_x": 8.9093323, "umap_2d_y": 30.964615, "umap_3d_x": 7.3619537, "umap_3d_y": 36.614479, "umap_3d_z": 29.963264, "tsne_1d_x": 20.136341, "tsne_2d_x": 17.816734, "tsne_2d_y": -21.091906, "tsne_3d_x": 19.430244, "tsne_3d_y": -36.495987, "tsne_3d_z": 17.509773, "grid_umap_1d_x": 90.0, "grid_umap_2d_x": 15.0, "grid_umap_2d_y": 27.0, "grid_umap_3d_x": 6.0, "grid_umap_3d_y": 8.0, "grid_umap_3d_z": 6.0, "grid_tsne_1d_x": 90.0, "grid_tsne_2d_x": 21.0, "grid_tsne_2d_y": 13.0, "grid_tsne_3d_x": 7.0, "grid_tsne_3d_y": 1.0, "grid_tsne_3d_z": 6.0, "patch_file_embed": "patch_0090_embed.png", "patch_file_rgb": "patch_0090_rgb.png" }, "geometry": { "type": "Point", "coordinates": [ -14.718002047487431, 11.48908375540546 ] } },
{ "type": "Feature", "properties": { "index": 91, "lon": 40.217548045162687, "lat": -14.632698646919401, "classification": 126, "subregion_name": "Sub-Saharan Africa", "umap_1d_x": -14.720583, "umap_2d_x": 41.639778, "umap_2d_y": -18.277657, "umap_3d_x": 43.728233, "umap_3d_y": -9.5318832, "umap_3d_z": 26.097687, "tsne_1d_x": 59.476673, "tsne_2d_x": 44.874321, "tsne_2d_y": 15.126617, "tsne_3d_x": -7.109787, "tsne_3d_y": -29.189928, "tsne_3d_z": -33.335983, "grid_umap_1d_x": 91.0, "grid_umap_2d_x": 29.0, "grid_umap_2d_y": 5.0, "grid_umap_3d_x": 7.0, "grid_umap_3d_y": 5.0, "grid_umap_3d_z": 3.0, "grid_tsne_1d_x": 91.0, "grid_tsne_2d_x": 26.0, "grid_tsne_2d_y": 20.0, "grid_tsne_3d_x": 5.0, "grid_tsne_3d_y": 5.0, "grid_tsne_3d_z": 2.0, "patch_file_embed": "patch_0091_embed.png", "patch_file_rgb": "patch_0091_rgb.png" }, "geometry": { "type": "Point", "coordinates": [ 40.217548045162687, -14.632698646919401 ] } },
{ "type": "Feature", "properties": { "index": 92, "lon": 45.944138651002419, "lat": -21.314562686065628, "classification": 30, "subregion_name": "Sub-Saharan Africa", "umap_1d_x": -14.525909, "umap_2d_x": 44.057739, "umap_2d_y": -24.24227, "umap_3d_x": 41.330826, "umap_3d_y": -16.723236, "umap_3d_z": 27.971344, "tsne_1d_x": 58.083748, "tsne_2d_x": 40.313797, "tsne_2d_y": 22.745148, "tsne_3d_x": -19.614252, "tsne_3d_y": -34.27198, "tsne_3d_z": -24.20826, "grid_umap_1d_x": 92.0, "grid_umap_2d_x": 31.0, "grid_umap_2d_y": 0.0, "grid_umap_3d_x": 9.0, "grid_umap_3d_y": 1.0, "grid_umap_3d_z": 6.0, "grid_tsne_1d_x": 92.0, "grid_tsne_2d_x": 30.0, "grid_tsne_2d_y": 22.0, "grid_tsne_3d_x": 1.0, "grid_tsne_3d_y": 1.0, "grid_tsne_3d_z": 1.0, "patch_file_embed": "patch_0092_embed.png", "patch_file_rgb": "patch_0092_rgb.png" }, "geometry": { "type": "Point", "coordinates": [ 45.944138651002419, -21.314562686065628 ] } },
{ "type": "Feature", "properties": { "index": 93, "lon": -43.830511481000997, "lat": -18.604653699946198, "classification": 30, "subregion_name": "Latin America and the Caribbean", "umap_1d_x": -14.096758, "umap_2d_x": 44.43866, "umap_2d_y": -19.201773, "umap_3d_x": 40.785263, "umap_3d_y": -10.406151, "umap_3d_z": 28.958786, "tsne_1d_x": 56.564743, "tsne_2d_x": 38.614777, "tsne_2d_y": 12.374817, "tsne_3d_x": -4.7878609, "tsne_3d_y": -27.788046, "tsne_3d_z": -20.217075, "grid_umap_1d_x": 93.0, "grid_umap_2d_x": 26.0, "grid_umap_2d_y": 13.0, "grid_umap_3d_x": 9.0, "grid_umap_3d_y": 3.0, "grid_umap_3d_z": 6.0, "grid_tsne_1d_x": 93.0, "grid_tsne_2d_x": 26.0, "grid_tsne_2d_y": 18.0, "grid_tsne_3d_x": 4.0, "grid_tsne_3d_y": 1.0, "grid_tsne_3d_z": 1.0, "patch_file_embed": "patch_0093_embed.png", "patch_file_rgb": "patch_0093_rgb.png" }, "geometry": { "type": "Point", "coordinates": [ -43.830511481000997, -18.604653699946198 ] } },
{ "type": "Feature", "properties": { "index": 94, "lon": 78.942582928781405, "lat": 21.642267446345087, "classification": 114, "subregion_name": "Southern Asia", "umap_1d_x": -0.16808459, "umap_2d_x": 5.187458, "umap_2d_y": 39.309731, "umap_3d_x": 3.2784805, "umap_3d_y": 38.273193, "umap_3d_z": 26.595131, "tsne_1d_x": 14.517976, "tsne_2d_x": 10.907547, "tsne_2d_y": -35.101418, "tsne_3d_x": 18.354553, "tsne_3d_y": -28.234413, "tsne_3d_z": 20.983047, "grid_umap_1d_x": 94.0, "grid_umap_2d_x": 13.0, "grid_umap_2d_y": 31.0, "grid_umap_3d_x": 4.0, "grid_umap_3d_y": 7.0, "grid_umap_3d_z": 6.0, "grid_tsne_1d_x": 94.0, "grid_tsne_2d_x": 16.0, "grid_tsne_2d_y": 3.0, "grid_tsne_3d_x": 7.0, "grid_tsne_3d_y": 1.0, "grid_tsne_3d_z": 7.0, "patch_file_embed": "patch_0094_embed.png", "patch_file_rgb": "patch_0094_rgb.png" }, "geometry": { "type": "Point", "coordinates": [ 78.942582928781405, 21.642267446345087 ] } },
{ "type": "Feature", "properties": { "index": 95, "lon": 25.41332640662506, "lat": -33.578583522307667, "classification": 126, "subregion_name": "Sub-Saharan Africa", "umap_1d_x": -16.298372, "umap_2d_x": 36.356804, "umap_2d_y": -21.522533, "umap_3d_x": 43.81176, "umap_3d_y": -15.250168, "umap_3d_z": 10.412418, "tsne_1d_x": 63.334225, "tsne_2d_x": 27.555046, "tsne_2d_y": 21.080482, "tsne_3d_x": 1.3352814, "tsne_3d_y": -11.434109, "tsne_3d_z": -36.005474, "grid_umap_1d_x": 95.0, "grid_umap_2d_x": 26.0, "grid_umap_2d_y": 4.0, "grid_umap_3d_x": 10.0, "grid_umap_3d_y": 2.0, "grid_umap_3d_z": 2.0, "grid_tsne_1d_x": 95.0, "grid_tsne_2d_x": 22.0, "grid_tsne_2d_y": 22.0, "grid_tsne_3d_x": 6.0, "grid_tsne_3d_y": 7.0, "grid_tsne_3d_z": 1.0, "patch_file_embed": "patch_0095_embed.png", "patch_file_rgb": "patch_0095_rgb.png" }, "geometry": { "type": "Point", "coordinates": [ 25.41332640662506, -33.578583522307667 ] } },
{ "type": "Feature", "properties": { "index": 96, "lon": 62.567213876498101, "lat": 55.305780896643483, "classification": 114, "subregion_name": "Eastern Europe", "umap_1d_x": 11.852613, "umap_2d_x": -30.368757, "umap_2d_y": 17.673218, "umap_3d_x": -36.734943, "umap_3d_y": 9.3679657, "umap_3d_z": -23.248625, "tsne_1d_x": -54.130741, "tsne_2d_x": -23.480612, "tsne_2d_y": 30.262909, "tsne_3d_x": 12.289207, "tsne_3d_y": 16.083321, "tsne_3d_z": 16.637871, "grid_umap_1d_x": 96.0, "grid_umap_2d_x": 10.0, "grid_umap_2d_y": 23.0, "grid_umap_3d_x": 1.0, "grid_umap_3d_y": 6.0, "grid_umap_3d_z": 1.0, "grid_tsne_1d_x": 96.0, "grid_tsne_2d_x": 4.0, "grid_tsne_2d_y": 29.0, "grid_tsne_3d_x": 9.0, "grid_tsne_3d_y": 9.0, "grid_tsne_3d_z": 7.0, "patch_file_embed": "patch_0096_embed.png", "patch_file_rgb": "patch_0096_rgb.png" }, "geometry": { "type": "Point", "coordinates": [ 62.567213876498101, 55.305780896643483 ] } },
{ "type": "Feature", "properties": { "index": 97, "lon": -69.35801586114934, "lat": -14.276768888689254, "classification": 112, "subregion_name": "Latin America and the Caribbean", "umap_1d_x": -5.5107889, "umap_2d_x": 26.765099, "umap_2d_y": 32.634743, "umap_3d_x": 20.863358, "umap_3d_y": 33.37323, "umap_3d_z": 9.2855034, "tsne_1d_x": 32.436882, "tsne_2d_x": 29.415771, "tsne_2d_y": -21.424967, "tsne_3d_x": 24.189903, "tsne_3d_y": -26.189495, "tsne_3d_z": -7.6433945, "grid_umap_1d_x": 97.0, "grid_umap_2d_x": 24.0, "grid_umap_2d_y": 26.0, "grid_umap_3d_x": 9.0, "grid_umap_3d_y": 10.0, "grid_umap_3d_z": 6.0, "grid_tsne_1d_x": 97.0, "grid_tsne_2d_x": 24.0, "grid_tsne_2d_y": 3.0, "grid_tsne_3d_x": 7.0, "grid_tsne_3d_y": 2.0, "grid_tsne_3d_z": 3.0, "patch_file_embed": "patch_0097_embed.png", "patch_file_rgb": "patch_0097_rgb.png" }, "geometry": { "type": "Point", "coordinates": [ -69.35801586114934, -14.276768888689254 ] } },
{ "type": "Feature", "properties": { "index": 98, "lon": 166.86432184341913, "lat": 67.345139817684611, "classification": 126, "subregion_name": "Eastern Europe", "umap_1d_x": 19.017313, "umap_2d_x": -48.82362, "umap_2d_y": -1.5920372, "umap_3d_x": -49.494877, "umap_3d_y": 19.391258, "umap_3d_z": -43.914074, "tsne_1d_x": -70.272064, "tsne_2d_x": -45.904152, "tsne_2d_y": 21.835258, "tsne_3d_x": 5.1636696, "tsne_3d_y": 35.233299, "tsne_3d_z": 38.744804, "grid_umap_1d_x": 98.0, "grid_umap_2d_x": 19.0, "grid_umap_2d_y": 17.0, "grid_umap_3d_x": 5.0, "grid_umap_3d_y": 7.0, "grid_umap_3d_z": 2.0, "grid_tsne_1d_x": 98.0, "grid_tsne_2d_x": 2.0, "grid_tsne_2d_y": 24.0, "grid_tsne_3d_x": 5.0, "grid_tsne_3d_y": 8.0, "grid_tsne_3d_z": 6.0, "patch_file_embed": "patch_0098_embed.png", "patch_file_rgb": "patch_0098_rgb.png" }, "geometry": { "type": "Point", "coordinates": [ 166.864321843419134, 67.345139817684611 ] } },
{ "type": "Feature", "properties": { "index": 99, "lon": 66.092229826509794, "lat": 33.612016155369261, "classification": 30, "subregion_name": "Southern Asia", "umap_1d_x": 6.8237395, "umap_2d_x": -14.520798, "umap_2d_y": 7.9028053, "umap_3d_x": -21.230339, "umap_3d_y": 3.4364052, "umap_3d_z": 6.6362991, "tsne_1d_x": -4.3295889, "tsne_2d_x": 4.9755936, "tsne_2d_y": 18.961784, "tsne_3d_x": -15.893837, "tsne_3d_y": -9.7836037, "tsne_3d_z": 19.869469, "grid_umap_1d_x": 99.0, "grid_umap_2d_x": 22.0, "grid_umap_2d_y": 18.0, "grid_umap_3d_x": 1.0, "grid_umap_3d_y": 5.0, "grid_umap_3d_z": 7.0, "grid_tsne_1d_x": 99.0, "grid_tsne_2d_x": 11.0, "grid_tsne_2d_y": 20.0, "grid_tsne_3d_x": 0.0, "grid_tsne_3d_y": 2.0, "grid_tsne_3d_z": 8.0, "patch_file_embed": "patch_0099_embed.png", "patch_file_rgb": "patch_0099_rgb.png" }, "geometry": { "type": "Point", "coordinates": [ 66.092229826509794, 33.612016155369261 ] } },
{ "type": "Feature", "properties": { "index": 100, "lon": 40.210555112500401, "lat": 5.3136213060705444, "classification": 20, "subregion_name": "Sub-Saharan Africa", "umap_1d_x": 3.0644443, "umap_2d_x": 6.4452095, "umap_2d_y": 2.4975243, "umap_3d_x": 13.193913, "umap_3d_y": 4.6054726, "umap_3d_z": 48.691246, "tsne_1d_x": 29.445395, "tsne_2d_x": 14.744713, "tsne_2d_y": 40.413651, "tsne_3d_x": -13.146122, "tsne_3d_y": -37.581657, "tsne_3d_z": 4.5669098, "grid_umap_1d_x": 100.0, "grid_umap_2d_x": 13.0, "grid_umap_2d_y": 5.0, "grid_umap_3d_x": 5.0, "grid_umap_3d_y": 2.0, "grid_umap_3d_z": 7.0, "grid_tsne_1d_x": 100.0, "grid_tsne_2d_x": 19.0, "grid_tsne_2d_y": 30.0, "grid_tsne_3d_x": 2.0, "grid_tsne_3d_y": 0.0, "grid_tsne_3d_z": 4.0, "patch_file_embed": "patch_0100_embed.png", "patch_file_rgb": "patch_0100_rgb.png" }, "geometry": { "type": "Point", "coordinates": [ 40.210555112500401, 5.313621306070544 ] } },
{ "type": "Feature", "properties": { "index": 101, "lon": 11.973449948919182, "lat": -3.092101208527005, "classification": 30, "subregion_name": "Sub-Saharan Africa", "umap_1d_x": -12.187263, "umap_2d_x": 46.79361, "umap_2d_y": -11.835697, "umap_3d_x": 37.293854, "umap_3d_y": -2.685009, "umap_3d_z": 26.492668, "tsne_1d_x": 48.96682, "tsne_2d_x": 40.574768, "tsne_2d_y": -3.2475395, "tsne_3d_x": -2.812088, "tsne_3d_y": -48.018795, "tsne_3d_z": -27.087496, "grid_umap_1d_x": 101.0, "grid_umap_2d_x": 30.0, "grid_umap_2d_y": 15.0, "grid_umap_3d_x": 10.0, "grid_umap_3d_y": 7.0, "grid_umap_3d_z": 7.0, "grid_tsne_1d_x": 101.0, "grid_tsne_2d_x": 27.0, "grid_tsne_2d_y": 13.0, "grid_tsne_3d_x": 5.0, "grid_tsne_3d_y": 1.0, "grid_tsne_3d_z": 1.0, "patch_file_embed": "patch_0101_embed.png", "patch_file_rgb": "patch_0101_rgb.png" }, "geometry": { "type": "Point", "coordinates": [ 11.973449948919182, -3.092101208527005 ] } },
{ "type": "Feature", "properties": { "index": 102, "lon": 116.248908065975, "lat": 1.375368717099114, "classification": 112, "subregion_name": "South-eastern Asia", "umap_1d_x": -6.104599, "umap_2d_x": 29.844543, "umap_2d_y": 37.852028, "umap_3d_x": 25.334, "umap_3d_y": 39.54306, "umap_3d_z": 7.3365974, "tsne_1d_x": 35.211178, "tsne_2d_x": 34.278831, "tsne_2d_y": -31.625261, "tsne_3d_x": 33.913376, "tsne_3d_y": -31.96324, "tsne_3d_z": -19.420811, "grid_umap_1d_x": 102.0, "grid_umap_2d_x": 26.0, "grid_umap_2d_y": 28.0, "grid_umap_3d_x": 9.0, "grid_umap_3d_y": 9.0, "grid_umap_3d_z": 4.0, "grid_tsne_1d_x": 102.0, "grid_tsne_2d_x": 25.0, "grid_tsne_2d_y": 3.0, "grid_tsne_3d_x": 9.0, "grid_tsne_3d_y": 2.0, "grid_tsne_3d_z": 1.0, "patch_file_embed": "patch_0102_embed.png", "patch_file_rgb": "patch_0102_rgb.png" }, "geometry": { "type": "Point", "coordinates": [ 116.248908065975002, 1.375368717099114 ] } },
{ "type": "Feature", "properties": { "index": 103, "lon": -9.1959215882060619, "lat": 10.842312575760602, "classification": 40, "subregion_name": "Sub-Saharan Africa", "umap_1d_x": -2.357111, "umap_2d_x": 9.9032059, "umap_2d_y": 26.0224, "umap_3d_x": 8.4920578, "umap_3d_y": 34.765884, "umap_3d_z": 34.253929, "tsne_1d_x": 22.599909, "tsne_2d_x": 17.333046, "tsne_2d_y": -15.708714, "tsne_3d_x": 10.99416, "tsne_3d_y": -38.572151, "tsne_3d_z": 18.898117, "grid_umap_1d_x": 103.0, "grid_umap_2d_x": 10.0, "grid_umap_2d_y": 26.0, "grid_umap_3d_x": 7.0, "grid_umap_3d_y": 8.0, "grid_umap_3d_z": 7.0, "grid_tsne_1d_x": 103.0, "grid_tsne_2d_x": 20.0, "grid_tsne_2d_y": 9.0, "grid_tsne_3d_x": 5.0, "grid_tsne_3d_y": 2.0, "grid_tsne_3d_z": 6.0, "patch_file_embed": "patch_0103_embed.png", "patch_file_rgb": "patch_0103_rgb.png" }, "geometry": { "type": "Point", "coordinates": [ -9.195921588206062, 10.842312575760602 ] } },
{ "type": "Feature", "properties": { "index": 104, "lon": 40.178576092744464, "lat": 2.652315695412014, "classification": 20, "subregion_name": "Sub-Saharan Africa", "umap_1d_x": 3.0631838, "umap_2d_x": 6.817234, "umap_2d_y": 3.3387947, "umap_3d_x": 12.894691, "umap_3d_y": 5.2776985, "umap_3d_z": 49.106606, "tsne_1d_x": 28.799711, "tsne_2d_x": 14.179962, "tsne_2d_y": 37.157616, "tsne_3d_x": -17.028633, "tsne_3d_y": -41.272903, "tsne_3d_z": 8.0061722, "grid_umap_1d_x": 104.0, "grid_umap_2d_x": 19.0, "grid_umap_2d_y": 8.0, "grid_umap_3d_x": 5.0, "grid_umap_3d_y": 3.0, "grid_umap_3d_z": 6.0, "grid_tsne_1d_x": 104.0, "grid_tsne_2d_x": 17.0, "grid_tsne_2d_y": 31.0, "grid_tsne_3d_x": 2.0, "grid_tsne_3d_y": 0.0, "grid_tsne_3d_z": 5.0, "patch_file_embed": "patch_0104_embed.png", "patch_file_rgb": "patch_0104_rgb.png" }, "geometry": { "type": "Point", "coordinates": [ 40.178576092744464, 2.652315695412014 ] } },
{ "type": "Feature", "properties": { "index": 105, "lon": -77.189302341350157, "lat": -4.9509350975717297, "classification": 112, "subregion_name": "Latin America and the Caribbean", "umap_1d_x": -8.0967836, "umap_2d_x": 35.20475, "umap_2d_y": 31.115433, "umap_3d_x": 31.663773, "umap_3d_y": 41.961044, "umap_3d_z": 0.56191635, "tsne_1d_x": 41.823154, "tsne_2d_x": 43.43634, "tsne_2d_y": -27.981354, "tsne_3d_x": 34.187218, "tsne_3d_y": -41.820831, "tsne_3d_z": -26.221891, "grid_umap_1d_x": 105.0, "grid_umap_2d_x": 29.0, "grid_umap_2d_y": 24.0, "grid_umap_3d_x": 8.0, "grid_umap_3d_y": 7.0, "grid_umap_3d_z": 1.0, "grid_tsne_1d_x": 105.0, "grid_tsne_2d_x": 29.0, "grid_tsne_2d_y": 3.0, "grid_tsne_3d_x": 9.0, "grid_tsne_3d_y": 0.0, "grid_tsne_3d_z": 0.0, "patch_file_embed": "patch_0105_embed.png", "patch_file_rgb": "patch_0105_rgb.png" }, "geometry": { "type": "Point", "coordinates": [ -77.189302341350157, -4.95093509757173 ] } },
{ "type": "Feature", "properties": { "index": 106, "lon": 110.10625728236494, "lat": -7.6665132505559654, "classification": 112, "subregion_name": "South-eastern Asia", "umap_1d_x": -13.002666, "umap_2d_x": 46.751152, "umap_2d_y": -14.656277, "umap_3d_x": 37.270981, "umap_3d_y": -7.7937469, "umap_3d_z": 25.703705, "tsne_1d_x": 49.182522, "tsne_2d_x": 34.503456, "tsne_2d_y": -3.1717072, "tsne_3d_x": 8.139019, "tsne_3d_y": -32.249577, "tsne_3d_z": -15.333408, "grid_umap_1d_x": 106.0, "grid_umap_2d_x": 27.0, "grid_umap_2d_y": 18.0, "grid_umap_3d_x": 8.0, "grid_umap_3d_y": 4.0, "grid_umap_3d_z": 5.0, "grid_tsne_1d_x": 106.0, "grid_tsne_2d_x": 31.0, "grid_tsne_2d_y": 3.0, "grid_tsne_3d_x": 6.0, "grid_tsne_3d_y": 0.0, "grid_tsne_3d_z": 1.0, "patch_file_embed": "patch_0106_embed.png", "patch_file_rgb": "patch_0106_rgb.png" }, "geometry": { "type": "Point", "coordinates": [ 110.106257282364936, -7.666513250555965 ] } },
{ "type": "Feature", "properties": { "index": 107, "lon": 29.030729538413226, "lat": -31.999411022418464, "classification": 30, "subregion_name": "Sub-Saharan Africa", "umap_1d_x": -16.713129, "umap_2d_x": 34.683395, "umap_2d_y": -22.963737, "umap_3d_x": 44.897636, "umap_3d_y": -17.383728, "umap_3d_z": 8.0633087, "tsne_1d_x": 67.915367, "tsne_2d_x": 29.118042, "tsne_2d_y": 38.013115, "tsne_3d_x": -12.444626, "tsne_3d_y": -2.7157364, "tsne_3d_z": -36.786789, "grid_umap_1d_x": 107.0, "grid_umap_2d_x": 25.0, "grid_umap_2d_y": 1.0, "grid_umap_3d_x": 10.0, "grid_umap_3d_y": 1.0, "grid_umap_3d_z": 1.0, "grid_tsne_1d_x": 107.0, "grid_tsne_2d_x": 20.0, "grid_tsne_2d_y": 27.0, "grid_tsne_3d_x": 3.0, "grid_tsne_3d_y": 8.0, "grid_tsne_3d_z": 0.0, "patch_file_embed": "patch_0107_embed.png", "patch_file_rgb": "patch_0107_rgb.png" }, "geometry": { "type": "Point", "coordinates": [ 29.030729538413226, -31.999411022418464 ] } },
{ "type": "Feature", "properties": { "index": 108, "lon": 30.627273546928592, "lat": 7.0346002262610909, "classification": 30, "subregion_name": "Unknown", "umap_1d_x": -2.3003328, "umap_2d_x": 10.462975, "umap_2d_y": 25.737366, "umap_3d_x": 9.3835106, "umap_3d_y": 31.667564, "umap_3d_z": 33.532387, "tsne_1d_x": 22.131725, "tsne_2d_x": 14.672264, "tsne_2d_y": -14.81419, "tsne_3d_x": 13.311672, "tsne_3d_y": -46.23975, "tsne_3d_z": 18.516235, "grid_umap_1d_x": 108.0, "grid_umap_2d_x": 14.0, "grid_umap_2d_y": 25.0, "grid_umap_3d_x": 8.0, "grid_umap_3d_y": 7.0, "grid_umap_3d_z": 7.0, "grid_tsne_1d_x": 108.0, "grid_tsne_2d_x": 18.0, "grid_tsne_2d_y": 11.0, "grid_tsne_3d_x": 5.0, "grid_tsne_3d_y": 3.0, "grid_tsne_3d_z": 5.0, "patch_file_embed": "patch_0108_embed.png", "patch_file_rgb": "patch_0108_rgb.png" }, "geometry": { "type": "Point", "coordinates": [ 30.627273546928592, 7.034600226261091 ] } },
{ "type": "Feature", "properties": { "index": 109, "lon": 46.325801058609045, "lat": 6.6253974789221246, "classification": 20, "subregion_name": "Sub-Saharan Africa", "umap_1d_x": 2.9582829, "umap_2d_x": 7.5703506, "umap_2d_y": 5.5150642, "umap_3d_x": 11.991768, "umap_3d_y": 7.7623711, "umap_3d_z": 49.951271, "tsne_1d_x": 28.27725, "tsne_2d_x": 14.482925, "tsne_2d_y": 34.894974, "tsne_3d_x": -15.213142, "tsne_3d_y": -42.426441, "tsne_3d_z": 12.02631, "grid_umap_1d_x": 109.0, "grid_umap_2d_x": 9.0, "grid_umap_2d_y": 6.0, "grid_umap_3d_x": 4.0, "grid_umap_3d_y": 4.0, "grid_umap_3d_z": 8.0, "grid_tsne_1d_x": 109.0, "grid_tsne_2d_x": 16.0, "grid_tsne_2d_y": 31.0, "grid_tsne_3d_x": 3.0, "grid_tsne_3d_y": 1.0, "grid_tsne_3d_z": 5.0, "patch_file_embed": "patch_0109_embed.png", "patch_file_rgb": "patch_0109_rgb.png" }, "geometry": { "type": "Point", "coordinates": [ 46.325801058609045, 6.625397478922125 ] } },
{ "type": "Feature", "properties": { "index": 110, "lon": 11.932621922849449, "lat": 13.321873556614364, "classification": 30, "subregion_name": "Sub-Saharan Africa", "umap_1d_x": 2.2641637, "umap_2d_x": 8.7457657, "umap_2d_y": 12.326859, "umap_3d_x": 8.9627037, "umap_3d_y": 20.726784, "umap_3d_z": 49.3843, "tsne_1d_x": 26.138525, "tsne_2d_x": 15.256142, "tsne_2d_y": -1.0150452, "tsne_3d_x": -8.2717552, "tsne_3d_y": -36.313744, "tsne_3d_z": 24.781708, "grid_umap_1d_x": 110.0, "grid_umap_2d_x": 18.0, "grid_umap_2d_y": 15.0, "grid_umap_3d_x": 7.0, "grid_umap_3d_y": 5.0, "grid_umap_3d_z": 7.0, "grid_tsne_1d_x": 110.0, "grid_tsne_2d_x": 16.0, "grid_tsne_2d_y": 4.0, "grid_tsne_3d_x": 3.0, "grid_tsne_3d_y": 1.0, "grid_tsne_3d_z": 8.0, "patch_file_embed": "patch_0110_embed.png", "patch_file_rgb": "patch_0110_rgb.png" }, "geometry": { "type": "Point", "coordinates": [ 11.932621922849449, 13.321873556614364 ] } },
{ "type": "Feature", "properties": { "index": 111, "lon": -107.39950523011765, "lat": 27.544879050441651, "classification": 121, "subregion_name": "Latin America and the Caribbean", "umap_1d_x": -0.48071912, "umap_2d_x": 2.3794098, "umap_2d_y": 31.867447, "umap_3d_x": 1.6961403, "umap_3d_y": 31.372047, "umap_3d_z": 17.324059, "tsne_1d_x": 7.4996638, "tsne_2d_x": 5.5607681, "tsne_2d_y": -25.165825, "tsne_3d_x": 11.120476, "tsne_3d_y": -19.415209, "tsne_3d_z": 6.3211555, "grid_umap_1d_x": 111.0, "grid_umap_2d_x": 3.0, "grid_umap_2d_y": 31.0, "grid_umap_3d_x": 3.0, "grid_umap_3d_y": 10.0, "grid_umap_3d_z": 6.0, "grid_tsne_1d_x": 111.0, "grid_tsne_2d_x": 13.0, "grid_tsne_2d_y": 4.0, "grid_tsne_3d_x": 6.0, "grid_tsne_3d_y": 3.0, "grid_tsne_3d_z": 4.0, "patch_file_embed": "patch_0111_embed.png", "patch_file_rgb": "patch_0111_rgb.png" }, "geometry": { "type": "Point", "coordinates": [ -107.399505230117654, 27.544879050441651 ] } },
{ "type": "Feature", "properties": { "index": 112, "lon": 129.42671298583525, "lat": 41.473606666607608, "classification": 114, "subregion_name": "Eastern Asia", "umap_1d_x": 8.9662218, "umap_2d_x": -13.186459, "umap_2d_y": 29.913269, "umap_3d_x": -12.137707, "umap_3d_y": 22.293106, "umap_3d_z": -8.1637459, "tsne_1d_x": -10.61086, "tsne_2d_x": -9.4925957, "tsne_2d_y": -30.041742, "tsne_3d_x": 32.872635, "tsne_3d_y": 6.2867889, "tsne_3d_z": 0.90023422000001, "grid_umap_1d_x": 112.0, "grid_umap_2d_x": 3.0, "grid_umap_2d_y": 27.0, "grid_umap_3d_x": 3.0, "grid_umap_3d_y": 10.0, "grid_umap_3d_z": 0.0, "grid_tsne_1d_x": 112.0, "grid_tsne_2d_x": 10.0, "grid_tsne_2d_y": 5.0, "grid_tsne_3d_x": 10.0, "grid_tsne_3d_y": 8.0, "grid_tsne_3d_z": 2.0, "patch_file_embed": "patch_0112_embed.png", "patch_file_rgb": "patch_0112_rgb.png" }, "geometry": { "type": "Point", "coordinates": [ 129.426712985835252, 41.473606666607608 ] } },
{ "type": "Feature", "properties": { "index": 113, "lon": 131.44431041075489, "lat": -22.465429517466163, "classification": 30, "subregion_name": "Unknown", "umap_1d_x": -20.689846, "umap_2d_x": 42.676857, "umap_2d_y": -49.617477, "umap_3d_x": 47.95005, "umap_3d_y": -48.807068, "umap_3d_z": 26.747475, "tsne_1d_x": 80.71801, "tsne_2d_x": 45.456436, "tsne_2d_y": 43.650192, "tsne_3d_x": -46.081383, "tsne_3d_y": -17.134899, "tsne_3d_z": -17.235886, "grid_umap_1d_x": 113.0, "grid_umap_2d_x": 21.0, "grid_umap_2d_y": 7.0, "grid_umap_3d_x": 5.0, "grid_umap_3d_y": 0.0, "grid_umap_3d_z": 6.0, "grid_tsne_1d_x": 113.0, "grid_tsne_2d_x": 31.0, "grid_tsne_2d_y": 31.0, "grid_tsne_3d_x": 0.0, "grid_tsne_3d_y": 4.0, "grid_tsne_3d_z": 3.0, "patch_file_embed": "patch_0113_embed.png", "patch_file_rgb": "patch_0113_rgb.png" }, "geometry": { "type": "Point", "coordinates": [ 131.444310410754895, -22.465429517466163 ] } },
{ "type": "Feature", "properties": { "index": 114, "lon": 118.38133348784629, "lat": 53.404673985222956, "classification": 113, "subregion_name": "Eastern Europe", "umap_1d_x": 13.039294, "umap_2d_x": -35.900455, "umap_2d_y": 15.257896, "umap_3d_x": -42.432739, "umap_3d_y": 15.659157, "umap_3d_z": -10.026722, "tsne_1d_x": -41.180218, "tsne_2d_x": -36.675781, "tsne_2d_y": -6.7598572, "tsne_3d_x": 15.222618, "tsne_3d_y": 26.992889, "tsne_3d_z": 0.33323288, "grid_umap_1d_x": 114.0, "grid_umap_2d_x": 8.0, "grid_umap_2d_y": 22.0, "grid_umap_3d_x": 2.0, "grid_umap_3d_y": 7.0, "grid_umap_3d_z": 5.0, "grid_tsne_1d_x": 114.0, "grid_tsne_2d_x": 9.0, "grid_tsne_2d_y": 13.0, "grid_tsne_3d_x": 9.0, "grid_tsne_3d_y": 10.0, "grid_tsne_3d_z": 1.0, "patch_file_embed": "patch_0114_embed.png", "patch_file_rgb": "patch_0114_rgb.png" }, "geometry": { "type": "Point", "coordinates": [ 118.381333487846291, 53.404673985222956 ] } },
{ "type": "Feature", "properties": { "index": 115, "lon": -117.16221456803434, "lat": 65.418812838722687, "classification": 20, "subregion_name": "Northern America", "umap_1d_x": 19.261501, "umap_2d_x": -49.48267, "umap_2d_y": -5.0063057, "umap_3d_x": -47.577721, "umap_3d_y": 19.550797, "umap_3d_z": -48.491985, "tsne_1d_x": -70.994644, "tsne_2d_x": -40.576561, "tsne_2d_y": 27.681618, "tsne_3d_x": 20.329674, "tsne_3d_y": 37.178459, "tsne_3d_z": 40.625938, "grid_umap_1d_x": 115.0, "grid_umap_2d_x": 13.0, "grid_umap_2d_y": 13.0, "grid_umap_3d_x": 6.0, "grid_umap_3d_y": 7.0, "grid_umap_3d_z": 0.0, "grid_tsne_1d_x": 115.0, "grid_tsne_2d_x": 6.0, "grid_tsne_2d_y": 27.0, "grid_tsne_3d_x": 8.0, "grid_tsne_3d_y": 7.0, "grid_tsne_3d_z": 4.0, "patch_file_embed": "patch_0115_embed.png", "patch_file_rgb": "patch_0115_rgb.png" }, "geometry": { "type": "Point", "coordinates": [ -117.162214568034344, 65.418812838722687 ] } },
{ "type": "Feature", "properties": { "index": 116, "lon": -89.405375897281559, "lat": 52.199257543820863, "classification": 20, "subregion_name": "Northern America", "umap_1d_x": 17.384377, "umap_2d_x": -42.440605, "umap_2d_y": -14.68478, "umap_3d_x": -44.504311, "umap_3d_y": -1.4249153, "umap_3d_z": -40.076622, "tsne_1d_x": -57.04665, "tsne_2d_x": -28.096277, "tsne_2d_y": 27.993454, "tsne_3d_x": -5.7494926, "tsne_3d_y": 15.529434, "tsne_3d_z": 27.793602, "grid_umap_1d_x": 116.0, "grid_umap_2d_x": 7.0, "grid_umap_2d_y": 4.0, "grid_umap_3d_x": 5.0, "grid_umap_3d_y": 2.0, "grid_umap_3d_z": 1.0, "grid_tsne_1d_x": 116.0, "grid_tsne_2d_x": 16.0, "grid_tsne_2d_y": 27.0, "grid_tsne_3d_x": 3.0, "grid_tsne_3d_y": 6.0, "grid_tsne_3d_z": 7.0, "patch_file_embed": "patch_0116_embed.png", "patch_file_rgb": "patch_0116_rgb.png" }, "geometry": { "type": "Point", "coordinates": [ -89.405375897281559, 52.199257543820863 ] } },
{ "type": "Feature", "properties": { "index": 117, "lon": 135.5403279207012, "lat": 59.811238262102748, "classification": 113, "subregion_name": "Eastern Europe", "umap_1d_x": 15.694526, "umap_2d_x": -41.449287, "umap_2d_y": 13.188911, "umap_3d_x": -47.955891, "umap_3d_y": 20.862923, "umap_3d_z": -15.338772, "tsne_1d_x": -43.469086, "tsne_2d_x": -41.42564, "tsne_2d_y": 0.83044052000001045, "tsne_3d_x": 8.4159622, "tsne_3d_y": 38.994377, "tsne_3d_z": 11.621159, "grid_umap_1d_x": 117.0, "grid_umap_2d_x": 14.0, "grid_umap_2d_y": 22.0, "grid_umap_3d_x": 3.0, "grid_umap_3d_y": 8.0, "grid_umap_3d_z": 4.0, "grid_tsne_1d_x": 117.0, "grid_tsne_2d_x": 12.0, "grid_tsne_2d_y": 17.0, "grid_tsne_3d_x": 6.0, "grid_tsne_3d_y": 10.0, "grid_tsne_3d_z": 3.0, "patch_file_embed": "patch_0117_embed.png", "patch_file_rgb": "patch_0117_rgb.png" }, "geometry": { "type": "Point", "coordinates": [ 135.540327920701202, 59.811238262102748 ] } },
{ "type": "Feature", "properties": { "index": 118, "lon": 49.337468619635132, "lat": 58.335034420661856, "classification": 115, "subregion_name": "Eastern Europe", "umap_1d_x": 21.022064, "umap_2d_x": -29.173433, "umap_2d_y": -7.2792892, "umap_3d_x": -41.71825, "umap_3d_y": -11.360844, "umap_3d_z": -4.5889015, "tsne_1d_x": -31.122829, "tsne_2d_x": -22.689035, "tsne_2d_y": -9.6189766, "tsne_3d_x": -26.268656, "tsne_3d_y": 23.866585, "tsne_3d_z": 1.7252846, "grid_umap_1d_x": 118.0, "grid_umap_2d_x": 0.0, "grid_umap_2d_y": 3.0, "grid_umap_3d_x": 0.0, "grid_umap_3d_y": 0.0, "grid_umap_3d_z": 5.0, "grid_tsne_1d_x": 118.0, "grid_tsne_2d_x": 6.0, "grid_tsne_2d_y": 8.0, "grid_tsne_3d_x": 0.0, "grid_tsne_3d_y": 9.0, "grid_tsne_3d_z": 2.0, "patch_file_embed": "patch_0118_embed.png", "patch_file_rgb": "patch_0118_rgb.png" }, "geometry": { "type": "Point", "coordinates": [ 49.337468619635132, 58.335034420661856 ] } },
{ "type": "Feature", "properties": { "index": 119, "lon": 131.37028776622043, "lat": 58.185666905018664, "classification": 113, "subregion_name": "Eastern Europe", "umap_1d_x": 18.878912, "umap_2d_x": -46.203232, "umap_2d_y": 1.8766212, "umap_3d_x": -48.528328, "umap_3d_y": 18.303535, "umap_3d_z": -35.07967, "tsne_1d_x": -66.175407, "tsne_2d_x": -47.871262, "tsne_2d_y": 17.885246, "tsne_3d_x": -0.18638992, "tsne_3d_y": 43.442543, "tsne_3d_z": 30.711784, "grid_umap_1d_x": 119.0, "grid_umap_2d_x": 16.0, "grid_umap_2d_y": 18.0, "grid_umap_3d_x": 1.0, "grid_umap_3d_y": 7.0, "grid_umap_3d_z": 1.0, "grid_tsne_1d_x": 119.0, "grid_tsne_2d_x": 20.0, "grid_tsne_2d_y": 24.0, "grid_tsne_3d_x": 4.0, "grid_tsne_3d_y": 9.0, "grid_tsne_3d_z": 5.0, "patch_file_embed": "patch_0119_embed.png", "patch_file_rgb": "patch_0119_rgb.png" }, "geometry": { "type": "Point", "coordinates": [ 131.370287766220429, 58.185666905018664 ] } },
{ "type": "Feature", "properties": { "index": 120, "lon": -67.684522800001531, "lat": -5.198502885857792, "classification": 112, "subregion_name": "Latin America and the Caribbean", "umap_1d_x": -8.393796, "umap_2d_x": 36.348328, "umap_2d_y": 27.77594, "umap_3d_x": 33.731453, "umap_3d_y": 44.896301, "umap_3d_z": -2.2580299, "tsne_1d_x": 42.746212, "tsne_2d_x": 46.240669, "tsne_2d_y": -27.072113, "tsne_3d_x": 32.012756, "tsne_3d_y": -46.339619, "tsne_3d_z": -31.630224, "grid_umap_1d_x": 120.0, "grid_umap_2d_x": 29.0, "grid_umap_2d_y": 23.0, "grid_umap_3d_x": 9.0, "grid_umap_3d_y": 9.0, "grid_umap_3d_z": 0.0, "grid_tsne_1d_x": 120.0, "grid_tsne_2d_x": 29.0, "grid_tsne_2d_y": 5.0, "grid_tsne_3d_x": 7.0, "grid_tsne_3d_y": 3.0, "grid_tsne_3d_z": 2.0, "patch_file_embed": "patch_0120_embed.png", "patch_file_rgb": "patch_0120_rgb.png" }, "geometry": { "type": "Point", "coordinates": [ -67.684522800001531, -5.198502885857792 ] } },
{ "type": "Feature", "properties": { "index": 121, "lon": -77.182362881767915, "lat": 51.556029264827956, "classification": 20, "subregion_name": "Northern America", "umap_1d_x": 17.466875, "umap_2d_x": -41.171356, "umap_2d_y": -15.934589, "umap_3d_x": -46.510834, "umap_3d_y": -2.1110497, "umap_3d_z": -40.80307, "tsne_1d_x": -55.831207, "tsne_2d_x": -27.698965, "tsne_2d_y": 22.9963, "tsne_3d_x": -11.58144, "tsne_3d_y": 23.113678, "tsne_3d_z": 38.456619, "grid_umap_1d_x": 121.0, "grid_umap_2d_x": 19.0, "grid_umap_2d_y": 7.0, "grid_umap_3d_x": 3.0, "grid_umap_3d_y": 2.0, "grid_umap_3d_z": 0.0, "grid_tsne_1d_x": 121.0, "grid_tsne_2d_x": 18.0, "grid_tsne_2d_y": 25.0, "grid_tsne_3d_x": 2.0, "grid_tsne_3d_y": 8.0, "grid_tsne_3d_z": 8.0, "patch_file_embed": "patch_0121_embed.png", "patch_file_rgb": "patch_0121_rgb.png" }, "geometry": { "type": "Point", "coordinates": [ -77.182362881767915, 51.556029264827956 ] } },
{ "type": "Feature", "properties": { "index": 122, "lon": 157.08558645799138, "lat": 68.17026621979241, "classification": 116, "subregion_name": "Eastern Europe", "umap_1d_x": 18.454578, "umap_2d_x": -47.871937, "umap_2d_y": 7.9360237, "umap_3d_x": -49.533703, "umap_3d_y": 24.798706, "umap_3d_z": -33.529137, "tsne_1d_x": -67.537155, "tsne_2d_x": -44.640213, "tsne_2d_y": 11.223782, "tsne_3d_x": 14.736084, "tsne_3d_y": 43.822906, "tsne_3d_z": 22.397171, "grid_umap_1d_x": 122.0, "grid_umap_2d_x": 3.0, "grid_umap_2d_y": 18.0, "grid_umap_3d_x": 1.0, "grid_umap_3d_y": 9.0, "grid_umap_3d_z": 1.0, "grid_tsne_1d_x": 122.0, "grid_tsne_2d_x": 21.0, "grid_tsne_2d_y": 22.0, "grid_tsne_3d_x": 7.0, "grid_tsne_3d_y": 7.0, "grid_tsne_3d_z": 3.0, "patch_file_embed": "patch_0122_embed.png", "patch_file_rgb": "patch_0122_rgb.png" }, "geometry": { "type": "Point", "coordinates": [ 157.085586457991383, 68.17026621979241 ] } },
{ "type": "Feature", "properties": { "index": 123, "lon": -3.3813166228694058, "lat": 38.569369942213967, "classification": 126, "subregion_name": "Southern Europe", "umap_1d_x": 6.506454, "umap_2d_x": -14.816719, "umap_2d_y": 1.1918411, "umap_3d_x": -23.422873, "umap_3d_y": -3.5719299, "umap_3d_z": 9.4263496, "tsne_1d_x": -3.1237936, "tsne_2d_x": 1.1455727, "tsne_2d_y": 13.921803, "tsne_3d_x": -20.648783, "tsne_3d_y": -14.118847, "tsne_3d_z": 6.6411781, "grid_umap_1d_x": 123.0, "grid_umap_2d_x": 19.0, "grid_umap_2d_y": 12.0, "grid_umap_3d_x": 0.0, "grid_umap_3d_y": 0.0, "grid_umap_3d_z": 8.0, "grid_tsne_1d_x": 123.0, "grid_tsne_2d_x": 8.0, "grid_tsne_2d_y": 16.0, "grid_tsne_3d_x": 1.0, "grid_tsne_3d_y": 2.0, "grid_tsne_3d_z": 4.0, "patch_file_embed": "patch_0123_embed.png", "patch_file_rgb": "patch_0123_rgb.png" }, "geometry": { "type": "Point", "coordinates": [ -3.381316622869406, 38.569369942213967 ] } },
{ "type": "Feature", "properties": { "index": 124, "lon": 123.91089265923796, "lat": 64.468922917970033, "classification": 113, "subregion_name": "Eastern Europe", "umap_1d_x": 18.296164, "umap_2d_x": -46.433693, "umap_2d_y": 6.0990753, "umap_3d_x": -48.550602, "umap_3d_y": 21.849365, "umap_3d_z": -31.362524, "tsne_1d_x": -67.915764, "tsne_2d_x": -42.490013, "tsne_2d_y": 11.780231, "tsne_3d_x": 12.650108, "tsne_3d_y": 36.705627, "tsne_3d_z": 23.055504, "grid_umap_1d_x": 124.0, "grid_umap_2d_x": 0.0, "grid_umap_2d_y": 16.0, "grid_umap_3d_x": 4.0, "grid_umap_3d_y": 8.0, "grid_umap_3d_z": 3.0, "grid_tsne_1d_x": 124.0, "grid_tsne_2d_x": 14.0, "grid_tsne_2d_y": 21.0, "grid_tsne_3d_x": 7.0, "grid_tsne_3d_y": 10.0, "grid_tsne_3d_z": 5.0, "patch_file_embed": "patch_0124_embed.png", "patch_file_rgb": "patch_0124_rgb.png" }, "geometry": { "type": "Point", "coordinates": [ 123.910892659237959, 64.468922917970033 ] } },
{ "type": "Feature", "properties": { "index": 125, "lon": 14.572165552045163, "lat": 67.02450397320402, "classification": 115, "subregion_name": "Northern Europe", "umap_1d_x": 20.171726, "umap_2d_x": -35.474232, "umap_2d_y": -14.112637, "umap_3d_x": -42.077862, "umap_3d_y": -5.1242599, "umap_3d_z": -26.401093, "tsne_1d_x": -48.815609, "tsne_2d_x": -23.36092, "tsne_2d_y": 15.162552, "tsne_3d_x": -29.683699, "tsne_3d_y": 28.187111, "tsne_3d_z": 28.721123, "grid_umap_1d_x": 125.0, "grid_umap_2d_x": 12.0, "grid_umap_2d_y": 4.0, "grid_umap_3d_x": 2.0, "grid_umap_3d_y": 2.0, "grid_umap_3d_z": 1.0, "grid_tsne_1d_x": 125.0, "grid_tsne_2d_x": 13.0, "grid_tsne_2d_y": 21.0, "grid_tsne_3d_x": 1.0, "grid_tsne_3d_y": 8.0, "grid_tsne_3d_z": 7.0, "patch_file_embed": "patch_0125_embed.png", "patch_file_rgb": "patch_0125_rgb.png" }, "geometry": { "type": "Point", "coordinates": [ 14.572165552045163, 67.02450397320402 ] } },
{ "type": "Feature", "properties": { "index": 126, "lon": 29.632671167955522, "lat": -14.296876340038331, "classification": 124, "subregion_name": "Sub-Saharan Africa", "umap_1d_x": -14.180738, "umap_2d_x": 45.429588, "umap_2d_y": -23.405439, "umap_3d_x": 39.949959, "umap_3d_y": -15.85186, "umap_3d_z": 28.452682, "tsne_1d_x": 54.40382, "tsne_2d_x": 38.62838, "tsne_2d_y": 19.937874, "tsne_3d_x": -12.727928, "tsne_3d_y": -34.246292, "tsne_3d_z": -19.538155, "grid_umap_1d_x": 126.0, "grid_umap_2d_x": 30.0, "grid_umap_2d_y": 5.0, "grid_umap_3d_x": 7.0, "grid_umap_3d_y": 2.0, "grid_umap_3d_z": 5.0, "grid_tsne_1d_x": 126.0, "grid_tsne_2d_x": 31.0, "grid_tsne_2d_y": 21.0, "grid_tsne_3d_x": 2.0, "grid_tsne_3d_y": 1.0, "grid_tsne_3d_z": 2.0, "patch_file_embed": "patch_0126_embed.png", "patch_file_rgb": "patch_0126_rgb.png" }, "geometry": { "type": "Point", "coordinates": [ 29.632671167955522, -14.296876340038331 ] } },
{ "type": "Feature", "properties": { "index": 127, "lon": 110.06868580727269, "lat": 61.98230536742426, "classification": 113, "subregion_name": "Eastern Europe", "umap_1d_x": 15.591252, "umap_2d_x": -40.801723, "umap_2d_y": 14.011452, "umap_3d_x": -47.789894, "umap_3d_y": 20.930344, "umap_3d_z": -13.80225, "tsne_1d_x": -43.276028, "tsne_2d_x": -41.457447, "tsne_2d_y": -0.067192077999997935, "tsne_3d_x": 8.6255188, "tsne_3d_y": 37.959793, "tsne_3d_z": 10.13028, "grid_umap_1d_x": 127.0, "grid_umap_2d_x": 18.0, "grid_umap_2d_y": 23.0, "grid_umap_3d_x": 1.0, "grid_umap_3d_y": 9.0, "grid_umap_3d_z": 5.0, "grid_tsne_1d_x": 127.0, "grid_tsne_2d_x": 0.0, "grid_tsne_2d_y": 13.0, "grid_tsne_3d_x": 7.0, "grid_tsne_3d_y": 10.0, "grid_tsne_3d_z": 3.0, "patch_file_embed": "patch_0127_embed.png", "patch_file_rgb": "patch_0127_rgb.png" }, "geometry": { "type": "Point", "coordinates": [ 110.068685807272686, 61.98230536742426 ] } },
{ "type": "Feature", "properties": { "index": 128, "lon": -116.34027998137974, "lat": 56.506826908097239, "classification": 111, "subregion_name": "Northern America", "umap_1d_x": 14.534114, "umap_2d_x": -36.292496, "umap_2d_y": -0.46612549, "umap_3d_x": -46.351772, "umap_3d_y": 1.2511368, "umap_3d_z": -10.154606, "tsne_1d_x": -34.966824, "tsne_2d_x": -28.939693, "tsne_2d_y": -18.724213, "tsne_3d_x": -5.415287, "tsne_3d_y": 21.930008, "tsne_3d_z": 7.7468758, "grid_umap_1d_x": 128.0, "grid_umap_2d_x": 22.0, "grid_umap_2d_y": 16.0, "grid_umap_3d_x": 2.0, "grid_umap_3d_y": 4.0, "grid_umap_3d_z": 4.0, "grid_tsne_1d_x": 128.0, "grid_tsne_2d_x": 9.0, "grid_tsne_2d_y": 7.0, "grid_tsne_3d_x": 3.0, "grid_tsne_3d_y": 9.0, "grid_tsne_3d_z": 4.0, "patch_file_embed": "patch_0128_embed.png", "patch_file_rgb": "patch_0128_rgb.png" }, "geometry": { "type": "Point", "coordinates": [ -116.340279981379737, 56.506826908097239 ] } },
{ "type": "Feature", "properties": { "index": 129, "lon": -13.805074740449953, "lat": 11.479726026819705, "classification": 126, "subregion_name": "Sub-Saharan Africa", "umap_1d_x": -1.8914918, "umap_2d_x": 9.0748596, "umap_2d_y": 30.406914, "umap_3d_x": 7.4732971, "umap_3d_y": 36.190994, "umap_3d_z": 29.44416, "tsne_1d_x": 20.328316, "tsne_2d_x": 17.080299, "tsne_2d_y": -20.650526, "tsne_3d_x": 18.434616, "tsne_3d_y": -37.56802, "tsne_3d_z": 17.317169, "grid_umap_1d_x": 129.0, "grid_umap_2d_x": 17.0, "grid_umap_2d_y": 25.0, "grid_umap_3d_x": 8.0, "grid_umap_3d_y": 9.0, "grid_umap_3d_z": 6.0, "grid_tsne_1d_x": 129.0, "grid_tsne_2d_x": 20.0, "grid_tsne_2d_y": 7.0, "grid_tsne_3d_x": 7.0, "grid_tsne_3d_y": 0.0, "grid_tsne_3d_z": 6.0, "patch_file_embed": "patch_0129_embed.png", "patch_file_rgb": "patch_0129_rgb.png" }, "geometry": { "type": "Point", "coordinates": [ -13.805074740449953, 11.479726026819705 ] } },
{ "type": "Feature", "properties": { "index": 130, "lon": -158.36338022163392, "lat": 62.567004583476972, "classification": 116, "subregion_name": "Unknown", "umap_1d_x": 20.241499, "umap_2d_x": -34.320042, "umap_2d_y": -12.767292, "umap_3d_x": -42.127502, "umap_3d_y": -9.1379509, "umap_3d_z": -23.995213, "tsne_1d_x": -47.701553, "tsne_2d_x": -21.912268, "tsne_2d_y": 9.2923355, "tsne_3d_x": -21.889088, "tsne_3d_y": 22.646858, "tsne_3d_z": 20.849899, "grid_umap_1d_x": 130.0, "grid_umap_2d_x": 5.0, "grid_umap_2d_y": 2.0, "grid_umap_3d_x": 1.0, "grid_umap_3d_y": 1.0, "grid_umap_3d_z": 0.0, "grid_tsne_1d_x": 130.0, "grid_tsne_2d_x": 0.0, "grid_tsne_2d_y": 15.0, "grid_tsne_3d_x": 0.0, "grid_tsne_3d_y": 9.0, "grid_tsne_3d_z": 7.0, "patch_file_embed": "patch_0130_embed.png", "patch_file_rgb": "patch_0130_rgb.png" }, "geometry": { "type": "Point", "coordinates": [ -158.363380221633918, 62.567004583476972 ] } },
{ "type": "Feature", "properties": { "index": 131, "lon": -99.225864402327801, "lat": 30.312044354172713, "classification": 20, "subregion_name": "Unknown", "umap_1d_x": 3.6345627, "umap_2d_x": 0.2479744, "umap_2d_y": 25.243446, "umap_3d_x": -1.7496033, "umap_3d_y": 29.565407, "umap_3d_z": 18.104065, "tsne_1d_x": 2.710238, "tsne_2d_x": 14.942505, "tsne_2d_y": 14.021011, "tsne_3d_x": 4.9278984, "tsne_3d_y": -15.287487, "tsne_3d_z": -3.7725143, "grid_umap_1d_x": 131.0, "grid_umap_2d_x": 6.0, "grid_umap_2d_y": 25.0, "grid_umap_3d_x": 0.0, "grid_umap_3d_y": 10.0, "grid_umap_3d_z": 8.0, "grid_tsne_1d_x": 131.0, "grid_tsne_2d_x": 15.0, "grid_tsne_2d_y": 14.0, "grid_tsne_3d_x": 6.0, "grid_tsne_3d_y": 0.0, "grid_tsne_3d_z": 2.0, "patch_file_embed": "patch_0131_embed.png", "patch_file_rgb": "patch_0131_rgb.png" }, "geometry": { "type": "Point", "coordinates": [ -99.225864402327801, 30.312044354172713 ] } },
{ "type": "Feature", "properties": { "index": 132, "lon": 160.17706167878634, "lat": -9.073939532536329, "classification": 112, "subregion_name": "Unknown", "umap_1d_x": -5.1791234, "umap_2d_x": 26.041397, "umap_2d_y": 36.522728, "umap_3d_x": 20.996216, "umap_3d_y": 39.121681, "umap_3d_z": 9.2729912, "tsne_1d_x": 33.527122, "tsne_2d_x": 29.285416, "tsne_2d_y": -29.901566, "tsne_3d_x": 31.943436, "tsne_3d_y": -35.877754, "tsne_3d_z": -7.6702766, "grid_umap_1d_x": 132.0, "grid_umap_2d_x": 24.0, "grid_umap_2d_y": 31.0, "grid_umap_3d_x": 8.0, "grid_umap_3d_y": 10.0, "grid_umap_3d_z": 4.0, "grid_tsne_1d_x": 132.0, "grid_tsne_2d_x": 24.0, "grid_tsne_2d_y": 0.0, "grid_tsne_3d_x": 6.0, "grid_tsne_3d_y": 5.0, "grid_tsne_3d_z": 4.0, "patch_file_embed": "patch_0132_embed.png", "patch_file_rgb": "patch_0132_rgb.png" }, "geometry": { "type": "Point", "coordinates": [ 160.177061678786345, -9.073939532536329 ] } },
{ "type": "Feature", "properties": { "index": 133, "lon": 37.867240863445261, "lat": -5.289574093382619, "classification": 20, "subregion_name": "Sub-Saharan Africa", "umap_1d_x": -13.532897, "umap_2d_x": 47.097847, "umap_2d_y": -22.392576, "umap_3d_x": 37.375305, "umap_3d_y": -14.79982, "umap_3d_z": 31.224091, "tsne_1d_x": 53.578232, "tsne_2d_x": 33.649948, "tsne_2d_y": 7.6546021, "tsne_3d_x": -12.031036, "tsne_3d_y": -36.524006, "tsne_3d_z": -8.7954865, "grid_umap_1d_x": 133.0, "grid_umap_2d_x": 25.0, "grid_umap_2d_y": 16.0, "grid_umap_3d_x": 5.0, "grid_umap_3d_y": 2.0, "grid_umap_3d_z": 6.0, "grid_tsne_1d_x": 133.0, "grid_tsne_2d_x": 29.0, "grid_tsne_2d_y": 12.0, "grid_tsne_3d_x": 2.0, "grid_tsne_3d_y": 0.0, "grid_tsne_3d_z": 3.0, "patch_file_embed": "patch_0133_embed.png", "patch_file_rgb": "patch_0133_rgb.png" }, "geometry": { "type": "Point", "coordinates": [ 37.867240863445261, -5.289574093382619 ] } },
{ "type": "Feature", "properties": { "index": 134, "lon": -121.97338424192986, "lat": 49.36663623942691, "classification": 111, "subregion_name": "Northern America", "umap_1d_x": 13.28898, "umap_2d_x": -24.238195, "umap_2d_y": -0.1488533, "umap_3d_x": -34.1408, "umap_3d_y": -3.4811707, "umap_3d_z": 1.21064, "tsne_1d_x": -24.369827, "tsne_2d_x": -9.7913551, "tsne_2d_y": 4.9023209, "tsne_3d_x": -19.958767, "tsne_3d_y": 1.3359261, "tsne_3d_z": -2.1497841, "grid_umap_1d_x": 134.0, "grid_umap_2d_x": 5.0, "grid_umap_2d_y": 9.0, "grid_umap_3d_x": 0.0, "grid_umap_3d_y": 2.0, "grid_umap_3d_z": 6.0, "grid_tsne_1d_x": 134.0, "grid_tsne_2d_x": 2.0, "grid_tsne_2d_y": 10.0, "grid_tsne_3d_x": 1.0, "grid_tsne_3d_y": 6.0, "grid_tsne_3d_z": 3.0, "patch_file_embed": "patch_0134_embed.png", "patch_file_rgb": "patch_0134_rgb.png" }, "geometry": { "type": "Point", "coordinates": [ -121.973384241929864, 49.36663623942691 ] } },
{ "type": "Feature", "properties": { "index": 135, "lon": -102.96902901617018, "lat": 19.059678287831616, "classification": 20, "subregion_name": "Latin America and the Caribbean", "umap_1d_x": -0.41786236, "umap_2d_x": 3.8047981, "umap_2d_y": 36.597977, "umap_3d_x": 3.1217041, "umap_3d_y": 35.874023, "umap_3d_z": 20.868309, "tsne_1d_x": 10.993283, "tsne_2d_x": 10.019672, "tsne_2d_y": -31.607958, "tsne_3d_x": 15.492775, "tsne_3d_y": -24.226055, "tsne_3d_z": 16.259033, "grid_umap_1d_x": 135.0, "grid_umap_2d_x": 15.0, "grid_umap_2d_y": 28.0, "grid_umap_3d_x": 4.0, "grid_umap_3d_y": 9.0, "grid_umap_3d_z": 6.0, "grid_tsne_1d_x": 135.0, "grid_tsne_2d_x": 15.0, "grid_tsne_2d_y": 0.0, "grid_tsne_3d_x": 7.0, "grid_tsne_3d_y": 2.0, "grid_tsne_3d_z": 6.0, "patch_file_embed": "patch_0135_embed.png", "patch_file_rgb": "patch_0135_rgb.png" }, "geometry": { "type": "Point", "coordinates": [ -102.969029016170182, 19.059678287831616 ] } },
{ "type": "Feature", "properties": { "index": 136, "lon": 30.981963821469947, "lat": 7.7824520786135309, "classification": 30, "subregion_name": "Unknown", "umap_1d_x": -2.6677599, "umap_2d_x": 11.351788, "umap_2d_y": 24.395233, "umap_3d_x": 7.7608185, "umap_3d_y": 31.436966, "umap_3d_z": 37.076881, "tsne_1d_x": 22.697981, "tsne_2d_x": 12.712914, "tsne_2d_y": -11.629452, "tsne_3d_x": 14.672783, "tsne_3d_y": -49.227917, "tsne_3d_z": 25.311592, "grid_umap_1d_x": 136.0, "grid_umap_2d_x": 12.0, "grid_umap_2d_y": 24.0, "grid_umap_3d_x": 3.0, "grid_umap_3d_y": 7.0, "grid_umap_3d_z": 8.0, "grid_tsne_1d_x": 136.0, "grid_tsne_2d_x": 16.0, "grid_tsne_2d_y": 7.0, "grid_tsne_3d_x": 6.0, "grid_tsne_3d_y": 0.0, "grid_tsne_3d_z": 7.0, "patch_file_embed": "patch_0136_embed.png", "patch_file_rgb": "patch_0136_rgb.png" }, "geometry": { "type": "Point", "coordinates": [ 30.981963821469947, 7.782452078613531 ] } },
{ "type": "Feature", "properties": { "index": 137, "lon": -140.64217789233717, "lat": 62.974647102262807, "classification": 126, "subregion_name": "Northern America", "umap_1d_x": 17.651577, "umap_2d_x": -43.104416, "umap_2d_y": -6.7037964, "umap_3d_x": -46.317978, "umap_3d_y": 6.259697, "umap_3d_z": -34.863811, "tsne_1d_x": -59.78112, "tsne_2d_x": -35.851292, "tsne_2d_y": 23.885666, "tsne_3d_x": 10.871601, "tsne_3d_y": 22.730179, "tsne_3d_z": 29.228592, "grid_umap_1d_x": 137.0, "grid_umap_2d_x": 16.0, "grid_umap_2d_y": 12.0, "grid_umap_3d_x": 2.0, "grid_umap_3d_y": 5.0, "grid_umap_3d_z": 1.0, "grid_tsne_1d_x": 137.0, "grid_tsne_2d_x": 6.0, "grid_tsne_2d_y": 25.0, "grid_tsne_3d_x": 6.0, "grid_tsne_3d_y": 6.0, "grid_tsne_3d_z": 5.0, "patch_file_embed": "patch_0137_embed.png", "patch_file_rgb": "patch_0137_rgb.png" }, "geometry": { "type": "Point", "coordinates": [ -140.642177892337173, 62.974647102262807 ] } },
{ "type": "Feature", "properties": { "index": 138, "lon": 105.87820657292195, "lat": 24.068931376788356, "classification": 126, "subregion_name": "Unknown", "umap_1d_x": 4.3870959, "umap_2d_x": -5.8792191, "umap_2d_y": 33.783707, "umap_3d_x": -6.1509361, "umap_3d_y": 30.742722, "umap_3d_z": 1.637249, "tsne_1d_x": 5.7312679, "tsne_2d_x": -0.32060623, "tsne_2d_y": -35.298378, "tsne_3d_x": 38.802628, "tsne_3d_y": -12.523006, "tsne_3d_z": 7.7149391, "grid_umap_1d_x": 138.0, "grid_umap_2d_x": 3.0, "grid_umap_2d_y": 30.0, "grid_umap_3d_x": 4.0, "grid_umap_3d_y": 10.0, "grid_umap_3d_z": 3.0, "grid_tsne_1d_x": 138.0, "grid_tsne_2d_x": 13.0, "grid_tsne_2d_y": 6.0, "grid_tsne_3d_x": 10.0, "grid_tsne_3d_y": 4.0, "grid_tsne_3d_z": 4.0, "patch_file_embed": "patch_0138_embed.png", "patch_file_rgb": "patch_0138_rgb.png" }, "geometry": { "type": "Point", "coordinates": [ 105.878206572921954, 24.068931376788356 ] } },
{ "type": "Feature", "properties": { "index": 139, "lon": 124.76623975286009, "lat": 42.961187694726704, "classification": 40, "subregion_name": "Unknown", "umap_1d_x": 8.6642475, "umap_2d_x": -15.960651, "umap_2d_y": 30.412987, "umap_3d_x": -15.128082, "umap_3d_y": 23.97316, "umap_3d_z": -7.3679237, "tsne_1d_x": -8.5318785, "tsne_2d_x": -8.3441925, "tsne_2d_y": -22.664377, "tsne_3d_x": 35.423462, "tsne_3d_y": 9.4591866, "tsne_3d_z": 12.238808, "grid_umap_1d_x": 139.0, "grid_umap_2d_x": 8.0, "grid_umap_2d_y": 26.0, "grid_umap_3d_x": 3.0, "grid_umap_3d_y": 9.0, "grid_umap_3d_z": 2.0, "grid_tsne_1d_x": 139.0, "grid_tsne_2d_x": 6.0, "grid_tsne_2d_y": 0.0, "grid_tsne_3d_x": 9.0, "grid_tsne_3d_y": 8.0, "grid_tsne_3d_z": 3.0, "patch_file_embed": "patch_0139_embed.png", "patch_file_rgb": "patch_0139_rgb.png" }, "geometry": { "type": "Point", "coordinates": [ 124.766239752860088, 42.961187694726704 ] } },
{ "type": "Feature", "properties": { "index": 140, "lon": 24.004942090846868, "lat": -12.377670675134084, "classification": 114, "subregion_name": "Sub-Saharan Africa", "umap_1d_x": -13.163532, "umap_2d_x": 47.507339, "umap_2d_y": -17.978165, "umap_3d_x": 36.686325, "umap_3d_y": -11.034431, "umap_3d_z": 27.385086, "tsne_1d_x": 52.513565, "tsne_2d_x": 38.329338, "tsne_2d_y": 6.3540154, "tsne_3d_x": -1.8853569, "tsne_3d_y": -35.547466, "tsne_3d_z": -18.683159, "grid_umap_1d_x": 140.0, "grid_umap_2d_x": 29.0, "grid_umap_2d_y": 13.0, "grid_umap_3d_x": 9.0, "grid_umap_3d_y": 2.0, "grid_umap_3d_z": 7.0, "grid_tsne_1d_x": 140.0, "grid_tsne_2d_x": 31.0, "grid_tsne_2d_y": 12.0, "grid_tsne_3d_x": 5.0, "grid_tsne_3d_y": 4.0, "grid_tsne_3d_z": 3.0, "patch_file_embed": "patch_0140_embed.png", "patch_file_rgb": "patch_0140_rgb.png" }, "geometry": { "type": "Point", "coordinates": [ 24.004942090846868, -12.377670675134084 ] } },
{ "type": "Feature", "properties": { "index": 141, "lon": -101.3747352000813, "lat": 59.512868711157154, "classification": 20, "subregion_name": "Northern America", "umap_1d_x": 16.993702, "umap_2d_x": -40.935234, "umap_2d_y": -8.2263031, "umap_3d_x": -48.783825, "umap_3d_y": -0.12825394, "umap_3d_z": -32.392349, "tsne_1d_x": -52.852501, "tsne_2d_x": -31.666214, "tsne_2d_y": 16.397629, "tsne_3d_x": -3.052536, "tsne_3d_y": 24.901169, "tsne_3d_z": 23.18692, "grid_umap_1d_x": 141.0, "grid_umap_2d_x": 16.0, "grid_umap_2d_y": 10.0, "grid_umap_3d_x": 1.0, "grid_umap_3d_y": 3.0, "grid_umap_3d_z": 0.0, "grid_tsne_1d_x": 141.0, "grid_tsne_2d_x": 15.0, "grid_tsne_2d_y": 22.0, "grid_tsne_3d_x": 4.0, "grid_tsne_3d_y": 7.0, "grid_tsne_3d_z": 5.0, "patch_file_embed": "patch_0141_embed.png", "patch_file_rgb": "patch_0141_rgb.png" }, "geometry": { "type": "Point", "coordinates": [ -101.374735200081304, 59.512868711157154 ] } },
{ "type": "Feature", "properties": { "index": 142, "lon": 127.14493989614277, "lat": 63.145550545471124, "classification": 113, "subregion_name": "Eastern Europe", "umap_1d_x": 15.724154, "umap_2d_x": -41.829201, "umap_2d_y": 13.371719, "umap_3d_x": -48.103397, "umap_3d_y": 21.409569, "umap_3d_z": -15.434879, "tsne_1d_x": -43.535629, "tsne_2d_x": -41.85289, "tsne_2d_y": 0.89597702, "tsne_3d_x": 9.2994156, "tsne_3d_y": 39.662476, "tsne_3d_z": 11.952496, "grid_umap_1d_x": 142.0, "grid_umap_2d_x": 0.0, "grid_umap_2d_y": 20.0, "grid_umap_3d_x": 1.0, "grid_umap_3d_y": 9.0, "grid_umap_3d_z": 4.0, "grid_tsne_1d_x": 142.0, "grid_tsne_2d_x": 1.0, "grid_tsne_2d_y": 14.0, "grid_tsne_3d_x": 7.0, "grid_tsne_3d_y": 9.0, "grid_tsne_3d_z": 3.0, "patch_file_embed": "patch_0142_embed.png", "patch_file_rgb": "patch_0142_rgb.png" }, "geometry": { "type": "Point", "coordinates": [ 127.144939896142773, 63.145550545471124 ] } },
{ "type": "Feature", "properties": { "index": 143, "lon": 29.894253000331389, "lat": 53.534275957316197, "classification": 111, "subregion_name": "Eastern Europe", "umap_1d_x": 20.969011, "umap_2d_x": -27.695574, "umap_2d_y": -7.044323, "umap_3d_x": -39.843723, "umap_3d_y": -13.757591, "umap_3d_z": -2.7857857, "tsne_1d_x": -27.20153, "tsne_2d_x": -19.662725, "tsne_2d_y": -13.766659, "tsne_3d_x": -32.006275, "tsne_3d_y": 22.721321, "tsne_3d_z": -4.1880531, "grid_umap_1d_x": 143.0, "grid_umap_2d_x": 18.0, "grid_umap_2d_y": 9.0, "grid_umap_3d_x": 3.0, "grid_umap_3d_y": 0.0, "grid_umap_3d_z": 7.0, "grid_tsne_1d_x": 143.0, "grid_tsne_2d_x": 7.0, "grid_tsne_2d_y": 5.0, "grid_tsne_3d_x": 1.0, "grid_tsne_3d_y": 8.0, "grid_tsne_3d_z": 1.0, "patch_file_embed": "patch_0143_embed.png", "patch_file_rgb": "patch_0143_rgb.png" }, "geometry": { "type": "Point", "coordinates": [ 29.894253000331389, 53.534275957316197 ] } },
{ "type": "Feature", "properties": { "index": 144, "lon": 112.57097270097898, "lat": 55.796992143419686, "classification": 30, "subregion_name": "Eastern Europe", "umap_1d_x": 19.613508, "umap_2d_x": -46.081047, "umap_2d_y": -2.7226601, "umap_3d_x": -45.924595, "umap_3d_y": 17.31781, "umap_3d_z": -40.153351, "tsne_1d_x": -75.428886, "tsne_2d_x": -48.483025, "tsne_2d_y": 30.413193, "tsne_3d_x": 5.2802391, "tsne_3d_y": 43.03907, "tsne_3d_z": 49.46917, "grid_umap_1d_x": 144.0, "grid_umap_2d_x": 13.0, "grid_umap_2d_y": 14.0, "grid_umap_3d_x": 2.0, "grid_umap_3d_y": 7.0, "grid_umap_3d_z": 0.0, "grid_tsne_1d_x": 144.0, "grid_tsne_2d_x": 8.0, "grid_tsne_2d_y": 28.0, "grid_tsne_3d_x": 5.0, "grid_tsne_3d_y": 7.0, "grid_tsne_3d_z": 5.0, "patch_file_embed": "patch_0144_embed.png", "patch_file_rgb": "patch_0144_rgb.png" }, "geometry": { "type": "Point", "coordinates": [ 112.570972700978984, 55.796992143419686 ] } },
{ "type": "Feature", "properties": { "index": 145, "lon": -70.677106117385463, "lat": 54.972308168096419, "classification": 121, "subregion_name": "Northern America", "umap_1d_x": 17.189053, "umap_2d_x": -40.221916, "umap_2d_y": -13.591183, "umap_3d_x": -46.903988, "umap_3d_y": -2.9962616, "umap_3d_z": -36.52319, "tsne_1d_x": -55.059761, "tsne_2d_x": -29.230659, "tsne_2d_y": 20.50972, "tsne_3d_x": -11.727558, "tsne_3d_y": 25.170746, "tsne_3d_z": 30.558411, "grid_umap_1d_x": 145.0, "grid_umap_2d_x": 17.0, "grid_umap_2d_y": 8.0, "grid_umap_3d_x": 5.0, "grid_umap_3d_y": 2.0, "grid_umap_3d_z": 2.0, "grid_tsne_1d_x": 145.0, "grid_tsne_2d_x": 4.0, "grid_tsne_2d_y": 23.0, "grid_tsne_3d_x": 2.0, "grid_tsne_3d_y": 8.0, "grid_tsne_3d_z": 7.0, "patch_file_embed": "patch_0145_embed.png", "patch_file_rgb": "patch_0145_rgb.png" }, "geometry": { "type": "Point", "coordinates": [ -70.677106117385463, 54.972308168096419 ] } },
{ "type": "Feature", "properties": { "index": 146, "lon": -122.06464665872628, "lat": 55.722762218508109, "classification": 111, "subregion_name": "Northern America", "umap_1d_x": 14.076158, "umap_2d_x": -33.734127, "umap_2d_y": 5.210434, "umap_3d_x": -43.925667, "umap_3d_y": 4.0783157, "umap_3d_z": -4.650959, "tsne_1d_x": -36.236057, "tsne_2d_x": -32.289639, "tsne_2d_y": -23.137001, "tsne_3d_x": -1.7821693, "tsne_3d_y": 19.638428, "tsne_3d_z": -8.0583382, "grid_umap_1d_x": 146.0, "grid_umap_2d_x": 12.0, "grid_umap_2d_y": 17.0, "grid_umap_3d_x": 2.0, "grid_umap_3d_y": 5.0, "grid_umap_3d_z": 5.0, "grid_tsne_1d_x": 146.0, "grid_tsne_2d_x": 10.0, "grid_tsne_2d_y": 7.0, "grid_tsne_3d_x": 4.0, "grid_tsne_3d_y": 9.0, "grid_tsne_3d_z": 0.0, "patch_file_embed": "patch_0146_embed.png", "patch_file_rgb": "patch_0146_rgb.png" }, "geometry": { "type": "Point", "coordinates": [ -122.064646658726275, 55.722762218508109 ] } },
{ "type": "Feature", "properties": { "index": 147, "lon": 37.014330928844259, "lat": 64.835540083827965, "classification": 111, "subregion_name": "Eastern Europe", "umap_1d_x": 20.443804, "umap_2d_x": -33.128017, "umap_2d_y": -15.057476, "umap_3d_x": -40.649719, "umap_3d_y": -9.7719765, "umap_3d_z": -23.570009, "tsne_1d_x": -47.999741, "tsne_2d_x": -21.118864, "tsne_2d_y": 13.34557, "tsne_3d_x": -27.89637, "tsne_3d_y": 21.505669, "tsne_3d_z": 22.049828, "grid_umap_1d_x": 147.0, "grid_umap_2d_x": 18.0, "grid_umap_2d_y": 5.0, "grid_umap_3d_x": 3.0, "grid_umap_3d_y": 1.0, "grid_umap_3d_z": 1.0, "grid_tsne_1d_x": 147.0, "grid_tsne_2d_x": 2.0, "grid_tsne_2d_y": 18.0, "grid_tsne_3d_x": 2.0, "grid_tsne_3d_y": 7.0, "grid_tsne_3d_z": 6.0, "patch_file_embed": "patch_0147_embed.png", "patch_file_rgb": "patch_0147_rgb.png" }, "geometry": { "type": "Point", "coordinates": [ 37.014330928844259, 64.835540083827965 ] } },
{ "type": "Feature", "properties": { "index": 148, "lon": -55.715132042844473, "lat": 5.4040836921009401, "classification": 112, "subregion_name": "Latin America and the Caribbean", "umap_1d_x": -7.7054729, "umap_2d_x": 35.194145, "umap_2d_y": 33.46376, "umap_3d_x": 30.600815, "umap_3d_y": 47.52269, "umap_3d_z": 1.819931, "tsne_1d_x": 40.716434, "tsne_2d_x": 46.001801, "tsne_2d_y": -32.402397, "tsne_3d_x": 43.974228, "tsne_3d_y": -45.492535, "tsne_3d_z": -33.393349, "grid_umap_1d_x": 148.0, "grid_umap_2d_x": 30.0, "grid_umap_2d_y": 27.0, "grid_umap_3d_x": 8.0, "grid_umap_3d_y": 9.0, "grid_umap_3d_z": 1.0, "grid_tsne_1d_x": 148.0, "grid_tsne_2d_x": 23.0, "grid_tsne_2d_y": 16.0, "grid_tsne_3d_x": 9.0, "grid_tsne_3d_y": 3.0, "grid_tsne_3d_z": 1.0, "patch_file_embed": "patch_0148_embed.png", "patch_file_rgb": "patch_0148_rgb.png" }, "geometry": { "type": "Point", "coordinates": [ -55.715132042844473, 5.40408369210094 ] } },
{ "type": "Feature", "properties": { "index": 149, "lon": 107.94203684503412, "lat": 24.013335394315902, "classification": 112, "subregion_name": "Unknown", "umap_1d_x": 4.5676403, "umap_2d_x": -6.746769, "umap_2d_y": 32.929031, "umap_3d_x": -6.831337, "umap_3d_y": 30.676598, "umap_3d_z": 1.4131432, "tsne_1d_x": 5.2613535, "tsne_2d_x": -1.6916618, "tsne_2d_y": -36.2901, "tsne_3d_x": 43.026283, "tsne_3d_y": -10.866577, "tsne_3d_z": 8.2431145, "grid_umap_1d_x": 149.0, "grid_umap_2d_x": 3.0, "grid_umap_2d_y": 29.0, "grid_umap_3d_x": 4.0, "grid_umap_3d_y": 9.0, "grid_umap_3d_z": 3.0, "grid_tsne_1d_x": 149.0, "grid_tsne_2d_x": 11.0, "grid_tsne_2d_y": 2.0, "grid_tsne_3d_x": 8.0, "grid_tsne_3d_y": 6.0, "grid_tsne_3d_z": 4.0, "patch_file_embed": "patch_0149_embed.png", "patch_file_rgb": "patch_0149_rgb.png" }, "geometry": { "type": "Point", "coordinates": [ 107.942036845034124, 24.013335394315902 ] } },
{ "type": "Feature", "properties": { "index": 150, "lon": -74.966260812305748, "lat": 41.304162575484554, "classification": 114, "subregion_name": "Unknown", "umap_1d_x": 9.9047527, "umap_2d_x": -24.754101, "umap_2d_y": 15.067879, "umap_3d_x": -24.071451, "umap_3d_y": 5.3002663, "umap_3d_z": -26.853439, "tsne_1d_x": -13.787339, "tsne_2d_x": -7.7111206, "tsne_2d_y": -3.4310493, "tsne_3d_x": 13.599384, "tsne_3d_y": 6.8296356, "tsne_3d_z": -4.2439842, "grid_umap_1d_x": 150.0, "grid_umap_2d_x": 12.0, "grid_umap_2d_y": 21.0, "grid_umap_3d_x": 6.0, "grid_umap_3d_y": 5.0, "grid_umap_3d_z": 0.0, "grid_tsne_1d_x": 150.0, "grid_tsne_2d_x": 12.0, "grid_tsne_2d_y": 10.0, "grid_tsne_3d_x": 9.0, "grid_tsne_3d_y": 8.0, "grid_tsne_3d_z": 1.0, "patch_file_embed": "patch_0150_embed.png", "patch_file_rgb": "patch_0150_rgb.png" }, "geometry": { "type": "Point", "coordinates": [ -74.966260812305748, 41.304162575484554 ] } },
{ "type": "Feature", "properties": { "index": 151, "lon": 33.161354078528007, "lat": 36.22089944820803, "classification": 111, "subregion_name": "Western Asia", "umap_1d_x": 6.7175989, "umap_2d_x": -16.241741, "umap_2d_y": 1.0087852, "umap_3d_x": -25.259272, "umap_3d_y": -4.1408234, "umap_3d_z": 7.5293617, "tsne_1d_x": -3.5969412, "tsne_2d_x": -0.50064468, "tsne_2d_y": 12.670944, "tsne_3d_x": -21.989277, "tsne_3d_y": -10.539253, "tsne_3d_z": 2.5127754, "grid_umap_1d_x": 151.0, "grid_umap_2d_x": 18.0, "grid_umap_2d_y": 12.0, "grid_umap_3d_x": 0.0, "grid_umap_3d_y": 1.0, "grid_umap_3d_z": 7.0, "grid_tsne_1d_x": 151.0, "grid_tsne_2d_x": 7.0, "grid_tsne_2d_y": 15.0, "grid_tsne_3d_x": 0.0, "grid_tsne_3d_y": 3.0, "grid_tsne_3d_z": 4.0, "patch_file_embed": "patch_0151_embed.png", "patch_file_rgb": "patch_0151_rgb.png" }, "geometry": { "type": "Point", "coordinates": [ 33.161354078528007, 36.22089944820803 ] } },
{ "type": "Feature", "properties": { "index": 152, "lon": 100.21088871085635, "lat": 17.412516851478031, "classification": 40, "subregion_name": "South-eastern Asia", "umap_1d_x": 0.51586765, "umap_2d_x": 8.162056, "umap_2d_y": 43.397995, "umap_3d_x": 3.9211617, "umap_3d_y": 46.148315, "umap_3d_z": 27.531097, "tsne_1d_x": 16.445107, "tsne_2d_x": 16.560898, "tsne_2d_y": -38.765381, "tsne_3d_x": 32.090126, "tsne_3d_y": -34.797787, "tsne_3d_z": 23.75222, "grid_umap_1d_x": 152.0, "grid_umap_2d_x": 17.0, "grid_umap_2d_y": 31.0, "grid_umap_3d_x": 5.0, "grid_umap_3d_y": 10.0, "grid_umap_3d_z": 7.0, "grid_tsne_1d_x": 152.0, "grid_tsne_2d_x": 21.0, "grid_tsne_2d_y": 11.0, "grid_tsne_3d_x": 8.0, "grid_tsne_3d_y": 3.0, "grid_tsne_3d_z": 6.0, "patch_file_embed": "patch_0152_embed.png", "patch_file_rgb": "patch_0152_rgb.png" }, "geometry": { "type": "Point", "coordinates": [ 100.210888710856352, 17.412516851478031 ] } },
{ "type": "Feature", "properties": { "index": 153, "lon": 121.67612906084798, "lat": -23.536887846592926, "classification": 30, "subregion_name": "Unknown", "umap_1d_x": -20.737867, "umap_2d_x": 42.232498, "umap_2d_y": -49.272179, "umap_3d_x": 48.041496, "umap_3d_y": -48.631977, "umap_3d_z": 26.436714, "tsne_1d_x": 80.652191, "tsne_2d_x": 45.334801, "tsne_2d_y": 44.065125, "tsne_3d_x": -45.524948, "tsne_3d_y": -17.491371, "tsne_3d_z": -17.65189, "grid_umap_1d_x": 153.0, "grid_umap_2d_x": 21.0, "grid_umap_2d_y": 6.0, "grid_umap_3d_x": 5.0, "grid_umap_3d_y": 1.0, "grid_umap_3d_z": 5.0, "grid_tsne_1d_x": 153.0, "grid_tsne_2d_x": 25.0, "grid_tsne_2d_y": 26.0, "grid_tsne_3d_x": 1.0, "grid_tsne_3d_y": 4.0, "grid_tsne_3d_z": 3.0, "patch_file_embed": "patch_0153_embed.png", "patch_file_rgb": "patch_0153_rgb.png" }, "geometry": { "type": "Point", "coordinates": [ 121.676129060847984, -23.536887846592926 ] } },
{ "type": "Feature", "properties": { "index": 154, "lon": 109.44273307770652, "lat": 30.074697200703284, "classification": 40, "subregion_name": "Unknown", "umap_1d_x": 4.5367546, "umap_2d_x": -6.7307663, "umap_2d_y": 33.560455, "umap_3d_x": -6.6592522, "umap_3d_y": 30.450371, "umap_3d_z": 1.0291405, "tsne_1d_x": 5.2302132, "tsne_2d_x": -0.85045242, "tsne_2d_y": -35.161091, "tsne_3d_x": 38.87957, "tsne_3d_y": -10.12339, "tsne_3d_z": 7.813858, "grid_umap_1d_x": 154.0, "grid_umap_2d_x": 6.0, "grid_umap_2d_y": 28.0, "grid_umap_3d_x": 5.0, "grid_umap_3d_y": 8.0, "grid_umap_3d_z": 3.0, "grid_tsne_1d_x": 154.0, "grid_tsne_2d_x": 13.0, "grid_tsne_2d_y": 7.0, "grid_tsne_3d_x": 9.0, "grid_tsne_3d_y": 5.0, "grid_tsne_3d_z": 4.0, "patch_file_embed": "patch_0154_embed.png", "patch_file_rgb": "patch_0154_rgb.png" }, "geometry": { "type": "Point", "coordinates": [ 109.442733077706521, 30.074697200703284 ] } },
{ "type": "Feature", "properties": { "index": 155, "lon": 34.602114354892052, "lat": -17.769643285978653, "classification": 124, "subregion_name": "Sub-Saharan Africa", "umap_1d_x": -14.69318, "umap_2d_x": 41.402832, "umap_2d_y": -18.230036, "umap_3d_x": 43.74865, "umap_3d_y": -9.3371773, "umap_3d_z": 25.195404, "tsne_1d_x": 59.46154, "tsne_2d_x": 44.238625, "tsne_2d_y": 16.500641, "tsne_3d_x": -8.3988724, "tsne_3d_y": -29.20657, "tsne_3d_z": -30.899309, "grid_umap_1d_x": 155.0, "grid_umap_2d_x": 25.0, "grid_umap_2d_y": 12.0, "grid_umap_3d_x": 10.0, "grid_umap_3d_y": 4.0, "grid_umap_3d_z": 4.0, "grid_tsne_1d_x": 155.0, "grid_tsne_2d_x": 23.0, "grid_tsne_2d_y": 21.0, "grid_tsne_3d_x": 4.0, "grid_tsne_3d_y": 3.0, "grid_tsne_3d_z": 1.0, "patch_file_embed": "patch_0155_embed.png", "patch_file_rgb": "patch_0155_rgb.png" }, "geometry": { "type": "Point", "coordinates": [ 34.602114354892052, -17.769643285978653 ] } },
{ "type": "Feature", "properties": { "index": 156, "lon": 98.461221763018727, "lat": 8.8676336368521476, "classification": 112, "subregion_name": "South-eastern Asia", "umap_1d_x": -1.1585984, "umap_2d_x": 5.8103981, "umap_2d_y": 33.906624, "umap_3d_x": 6.0991402, "umap_3d_y": 35.022827, "umap_3d_z": 15.825798, "tsne_1d_x": 10.009809, "tsne_2d_x": 15.734154, "tsne_2d_y": -27.219019, "tsne_3d_x": 26.045456, "tsne_3d_y": -31.905798, "tsne_3d_z": 1.1461067, "grid_umap_1d_x": 156.0, "grid_umap_2d_x": 16.0, "grid_umap_2d_y": 27.0, "grid_umap_3d_x": 6.0, "grid_umap_3d_y": 10.0, "grid_umap_3d_z": 4.0, "grid_tsne_1d_x": 156.0, "grid_tsne_2d_x": 21.0, "grid_tsne_2d_y": 19.0, "grid_tsne_3d_x": 8.0, "grid_tsne_3d_y": 1.0, "grid_tsne_3d_z": 4.0, "patch_file_embed": "patch_0156_embed.png", "patch_file_rgb": "patch_0156_rgb.png" }, "geometry": { "type": "Point", "coordinates": [ 98.461221763018727, 8.867633636852148 ] } },
{ "type": "Feature", "properties": { "index": 157, "lon": 34.141738896137923, "lat": -7.8085829282694021, "classification": 124, "subregion_name": "Sub-Saharan Africa", "umap_1d_x": -13.393725, "umap_2d_x": 46.671761, "umap_2d_y": -19.522043, "umap_3d_x": 38.027687, "umap_3d_y": -12.296852, "umap_3d_z": 27.981331, "tsne_1d_x": 52.998672, "tsne_2d_x": 37.754356, "tsne_2d_y": 8.1218491, "tsne_3d_x": -5.0984726, "tsne_3d_y": -33.537865, "tsne_3d_z": -18.013134, "grid_umap_1d_x": 157.0, "grid_umap_2d_x": 25.0, "grid_umap_2d_y": 18.0, "grid_umap_3d_x": 8.0, "grid_umap_3d_y": 2.0, "grid_umap_3d_z": 6.0, "grid_tsne_1d_x": 157.0, "grid_tsne_2d_x": 31.0, "grid_tsne_2d_y": 13.0, "grid_tsne_3d_x": 3.0, "grid_tsne_3d_y": 1.0, "grid_tsne_3d_z": 2.0, "patch_file_embed": "patch_0157_embed.png", "patch_file_rgb": "patch_0157_rgb.png" }, "geometry": { "type": "Point", "coordinates": [ 34.141738896137923, -7.808582928269402 ] } },
{ "type": "Feature", "properties": { "index": 158, "lon": -14.82180335759719, "lat": 11.319533653737878, "classification": 20, "subregion_name": "Sub-Saharan Africa", "umap_1d_x": -1.8840083, "umap_2d_x": 9.1149254, "umap_2d_y": 30.52137, "umap_3d_x": 7.2516136, "umap_3d_y": 36.752579, "umap_3d_z": 30.41967, "tsne_1d_x": 19.921932, "tsne_2d_x": 18.132034, "tsne_2d_y": -21.705538, "tsne_3d_x": 20.099846, "tsne_3d_y": -35.399216, "tsne_3d_z": 18.058266, "grid_umap_1d_x": 158.0, "grid_umap_2d_x": 13.0, "grid_umap_2d_y": 28.0, "grid_umap_3d_x": 5.0, "grid_umap_3d_y": 6.0, "grid_umap_3d_z": 5.0, "grid_tsne_1d_x": 158.0, "grid_tsne_2d_x": 21.0, "grid_tsne_2d_y": 10.0, "grid_tsne_3d_x": 8.0, "grid_tsne_3d_y": 0.0, "grid_tsne_3d_z": 6.0, "patch_file_embed": "patch_0158_embed.png", "patch_file_rgb": "patch_0158_rgb.png" }, "geometry": { "type": "Point", "coordinates": [ -14.82180335759719, 11.319533653737878 ] } },
{ "type": "Feature", "properties": { "index": 159, "lon": 74.087342136807877, "lat": 27.053249265262068, "classification": 40, "subregion_name": "Southern Asia", "umap_1d_x": 1.0023674, "umap_2d_x": 4.6086502, "umap_2d_y": 47.131439, "umap_3d_x": -0.7677536, "umap_3d_y": 43.326736, "umap_3d_z": 28.693573, "tsne_1d_x": 13.839857, "tsne_2d_x": 11.80835, "tsne_2d_y": -44.970928, "tsne_3d_x": 28.45433, "tsne_3d_y": -23.924473, "tsne_3d_z": 31.351997, "grid_umap_1d_x": 159.0, "grid_umap_2d_x": 16.0, "grid_umap_2d_y": 31.0, "grid_umap_3d_x": 1.0, "grid_umap_3d_y": 9.0, "grid_umap_3d_z": 8.0, "grid_tsne_1d_x": 159.0, "grid_tsne_2d_x": 19.0, "grid_tsne_2d_y": 10.0, "grid_tsne_3d_x": 8.0, "grid_tsne_3d_y": 4.0, "grid_tsne_3d_z": 7.0, "patch_file_embed": "patch_0159_embed.png", "patch_file_rgb": "patch_0159_rgb.png" }, "geometry": { "type": "Point", "coordinates": [ 74.087342136807877, 27.053249265262068 ] } },
{ "type": "Feature", "properties": { "index": 160, "lon": 100.44052376404022, "lat": 31.618358380875179, "classification": 111, "subregion_name": "Unknown", "umap_1d_x": 7.9968858, "umap_2d_x": -13.208141, "umap_2d_y": 25.443726, "umap_3d_x": -13.164108, "umap_3d_y": 22.369118, "umap_3d_z": 0.44707108000001, "tsne_1d_x": 1.3459007, "tsne_2d_x": -1.4255028, "tsne_2d_y": -22.958405, "tsne_3d_x": 33.506241, "tsne_3d_y": -6.6075668, "tsne_3d_z": -5.2416611, "grid_umap_1d_x": 160.0, "grid_umap_2d_x": 3.0, "grid_umap_2d_y": 26.0, "grid_umap_3d_x": 1.0, "grid_umap_3d_y": 10.0, "grid_umap_3d_z": 5.0, "grid_tsne_1d_x": 160.0, "grid_tsne_2d_x": 9.0, "grid_tsne_2d_y": 0.0, "grid_tsne_3d_x": 9.0, "grid_tsne_3d_y": 7.0, "grid_tsne_3d_z": 2.0, "patch_file_embed": "patch_0160_embed.png", "patch_file_rgb": "patch_0160_rgb.png" }, "geometry": { "type": "Point", "coordinates": [ 100.440523764040222, 31.618358380875179 ] } },
{ "type": "Feature", "properties": { "index": 161, "lon": 135.9392797428452, "lat": 45.108745483018708, "classification": 115, "subregion_name": "Eastern Europe", "umap_1d_x": 13.303241, "umap_2d_x": -36.388988, "umap_2d_y": 11.674206, "umap_3d_x": -43.755638, "umap_3d_y": 14.472015, "umap_3d_z": -8.5219688, "tsne_1d_x": -38.929211, "tsne_2d_x": -37.492184, "tsne_2d_y": -13.174789, "tsne_3d_x": 13.75692, "tsne_3d_y": 33.650414, "tsne_3d_z": -6.6807327, "grid_umap_1d_x": 161.0, "grid_umap_2d_x": 12.0, "grid_umap_2d_y": 20.0, "grid_umap_3d_x": 2.0, "grid_umap_3d_y": 7.0, "grid_umap_3d_z": 6.0, "grid_tsne_1d_x": 161.0, "grid_tsne_2d_x": 6.0, "grid_tsne_2d_y": 10.0, "grid_tsne_3d_x": 7.0, "grid_tsne_3d_y": 9.0, "grid_tsne_3d_z": 0.0, "patch_file_embed": "patch_0161_embed.png", "patch_file_rgb": "patch_0161_rgb.png" }, "geometry": { "type": "Point", "coordinates": [ 135.939279742845201, 45.108745483018708 ] } },
{ "type": "Feature", "properties": { "index": 162, "lon": -75.906946568946779, "lat": 50.392122985172136, "classification": 126, "subregion_name": "Northern America", "umap_1d_x": 17.406813, "umap_2d_x": -40.069069, "umap_2d_y": -16.800999, "umap_3d_x": -45.51162, "umap_3d_y": -5.7674446, "umap_3d_z": -39.115009, "tsne_1d_x": -55.634712, "tsne_2d_x": -25.881569, "tsne_2d_y": 24.05201, "tsne_3d_x": -14.418404, "tsne_3d_y": 17.679375, "tsne_3d_z": 37.982422, "grid_umap_1d_x": 162.0, "grid_umap_2d_x": 9.0, "grid_umap_2d_y": 2.0, "grid_umap_3d_x": 6.0, "grid_umap_3d_y": 0.0, "grid_umap_3d_z": 0.0, "grid_tsne_1d_x": 162.0, "grid_tsne_2d_x": 7.0, "grid_tsne_2d_y": 25.0, "grid_tsne_3d_x": 2.0, "grid_tsne_3d_y": 6.0, "grid_tsne_3d_z": 8.0, "patch_file_embed": "patch_0162_embed.png", "patch_file_rgb": "patch_0162_rgb.png" }, "geometry": { "type": "Point", "coordinates": [ -75.906946568946779, 50.392122985172136 ] } },
{ "type": "Feature", "properties": { "index": 163, "lon": -61.85835644694609, "lat": -28.24922571174239, "classification": 30, "subregion_name": "Latin America and the Caribbean", "umap_1d_x": -17.056505, "umap_2d_x": 34.443604, "umap_2d_y": -16.940823, "umap_3d_x": 46.973549, "umap_3d_y": -12.177876, "umap_3d_z": 5.9118385, "tsne_1d_x": 66.113731, "tsne_2d_x": 27.892731, "tsne_2d_y": 29.604446, "tsne_3d_x": -10.869358, "tsne_3d_y": -16.227661, "tsne_3d_z": -45.602795, "grid_umap_1d_x": 163.0, "grid_umap_2d_x": 23.0, "grid_umap_2d_y": 11.0, "grid_umap_3d_x": 10.0, "grid_umap_3d_y": 4.0, "grid_umap_3d_z": 1.0, "grid_tsne_1d_x": 163.0, "grid_tsne_2d_x": 25.0, "grid_tsne_2d_y": 27.0, "grid_tsne_3d_x": 4.0, "grid_tsne_3d_y": 6.0, "grid_tsne_3d_z": 1.0, "patch_file_embed": "patch_0163_embed.png", "patch_file_rgb": "patch_0163_rgb.png" }, "geometry": { "type": "Point", "coordinates": [ -61.85835644694609, -28.24922571174239 ] } },
{ "type": "Feature", "properties": { "index": 164, "lon": 135.66891784342175, "lat": -18.224215572002571, "classification": 30, "subregion_name": "Unknown", "umap_1d_x": -18.87196, "umap_2d_x": 40.256706, "umap_2d_y": -38.025467, "umap_3d_x": 48.73893, "umap_3d_y": -33.602249, "umap_3d_z": 25.428444, "tsne_1d_x": 74.936081, "tsne_2d_x": 45.102036, "tsne_2d_y": 35.013947, "tsne_3d_x": -34.023376, "tsne_3d_y": -22.757673, "tsne_3d_z": -29.017935, "grid_umap_1d_x": 164.0, "grid_umap_2d_x": 24.0, "grid_umap_2d_y": 2.0, "grid_umap_3d_x": 8.0, "grid_umap_3d_y": 1.0, "grid_umap_3d_z": 4.0, "grid_tsne_1d_x": 164.0, "grid_tsne_2d_x": 31.0, "grid_tsne_2d_y": 28.0, "grid_tsne_3d_x": 2.0, "grid_tsne_3d_y": 4.0, "grid_tsne_3d_z": 2.0, "patch_file_embed": "patch_0164_embed.png", "patch_file_rgb": "patch_0164_rgb.png" }, "geometry": { "type": "Point", "coordinates": [ 135.668917843421752, -18.224215572002571 ] } },
{ "type": "Feature", "properties": { "index": 165, "lon": 35.181799348764628, "lat": 67.17208865271715, "classification": 111, "subregion_name": "Eastern Europe", "umap_1d_x": 20.1726, "umap_2d_x": -34.065178, "umap_2d_y": -12.180153, "umap_3d_x": -42.532597, "umap_3d_y": -8.3961296, "umap_3d_z": -22.343222, "tsne_1d_x": -47.477417, "tsne_2d_x": -23.192373, "tsne_2d_y": 10.000664, "tsne_3d_x": -25.039001, "tsne_3d_y": 26.314018, "tsne_3d_z": 18.766563, "grid_umap_1d_x": 165.0, "grid_umap_2d_x": 13.0, "grid_umap_2d_y": 6.0, "grid_umap_3d_x": 1.0, "grid_umap_3d_y": 1.0, "grid_umap_3d_z": 1.0, "grid_tsne_1d_x": 165.0, "grid_tsne_2d_x": 14.0, "grid_tsne_2d_y": 19.0, "grid_tsne_3d_x": 0.0, "grid_tsne_3d_y": 9.0, "grid_tsne_3d_z": 6.0, "patch_file_embed": "patch_0165_embed.png", "patch_file_rgb": "patch_0165_rgb.png" }, "geometry": { "type": "Point", "coordinates": [ 35.181799348764628, 67.17208865271715 ] } },
{ "type": "Feature", "properties": { "index": 166, "lon": -47.934166214890354, "lat": -15.631330728120808, "classification": 30, "subregion_name": "Latin America and the Caribbean", "umap_1d_x": -13.991806, "umap_2d_x": 44.200691, "umap_2d_y": -17.313206, "umap_3d_x": 40.89537, "umap_3d_y": -9.4613113, "umap_3d_z": 30.12841, "tsne_1d_x": 56.550323, "tsne_2d_x": 38.196136, "tsne_2d_y": 12.59256, "tsne_3d_x": -5.3672409, "tsne_3d_y": -27.025967, "tsne_3d_z": -19.520035, "grid_umap_1d_x": 166.0, "grid_umap_2d_x": 28.0, "grid_umap_2d_y": 11.0, "grid_umap_3d_x": 8.0, "grid_umap_3d_y": 4.0, "grid_umap_3d_z": 6.0, "grid_tsne_1d_x": 166.0, "grid_tsne_2d_x": 22.0, "grid_tsne_2d_y": 20.0, "grid_tsne_3d_x": 3.0, "grid_tsne_3d_y": 0.0, "grid_tsne_3d_z": 0.0, "patch_file_embed": "patch_0166_embed.png", "patch_file_rgb": "patch_0166_rgb.png" }, "geometry": { "type": "Point", "coordinates": [ -47.934166214890354, -15.631330728120808 ] } },
{ "type": "Feature", "properties": { "index": 167, "lon": 9.4161231282718063, "lat": -1.8357294534989419, "classification": 112, "subregion_name": "Sub-Saharan Africa", "umap_1d_x": -6.7932429, "umap_2d_x": 31.584503, "umap_2d_y": 36.656036, "umap_3d_x": 28.001282, "umap_3d_y": 39.224731, "umap_3d_z": 4.4628792, "tsne_1d_x": 36.550316, "tsne_2d_x": 39.665535, "tsne_2d_y": -28.882898, "tsne_3d_x": 38.651726, "tsne_3d_y": -39.923023, "tsne_3d_z": -20.017851, "grid_umap_1d_x": 167.0, "grid_umap_2d_x": 29.0, "grid_umap_2d_y": 30.0, "grid_umap_3d_x": 9.0, "grid_umap_3d_y": 8.0, "grid_umap_3d_z": 3.0, "grid_tsne_1d_x": 167.0, "grid_tsne_2d_x": 26.0, "grid_tsne_2d_y": 6.0, "grid_tsne_3d_x": 10.0, "grid_tsne_3d_y": 0.0, "grid_tsne_3d_z": 1.0, "patch_file_embed": "patch_0167_embed.png", "patch_file_rgb": "patch_0167_rgb.png" }, "geometry": { "type": "Point", "coordinates": [ 9.416123128271806, -1.835729453498942 ] } },
{ "type": "Feature", "properties": { "index": 168, "lon": 118.44089061313394, "lat": 65.952702675111425, "classification": 113, "subregion_name": "Eastern Europe", "umap_1d_x": 18.591476, "umap_2d_x": -48.411766, "umap_2d_y": 3.4264221, "umap_3d_x": -48.943954, "umap_3d_y": 22.053696, "umap_3d_z": -39.323959, "tsne_1d_x": -69.027138, "tsne_2d_x": -44.248318, "tsne_2d_y": 20.646324, "tsne_3d_x": 14.195633, "tsne_3d_y": 35.571053, "tsne_3d_z": 30.476959, "grid_umap_1d_x": 168.0, "grid_umap_2d_x": 8.0, "grid_umap_2d_y": 17.0, "grid_umap_3d_x": 3.0, "grid_umap_3d_y": 8.0, "grid_umap_3d_z": 1.0, "grid_tsne_1d_x": 168.0, "grid_tsne_2d_x": 14.0, "grid_tsne_2d_y": 24.0, "grid_tsne_3d_x": 7.0, "grid_tsne_3d_y": 7.0, "grid_tsne_3d_z": 4.0, "patch_file_embed": "patch_0168_embed.png", "patch_file_rgb": "patch_0168_rgb.png" }, "geometry": { "type": "Point", "coordinates": [ 118.440890613133945, 65.952702675111425 ] } },
{ "type": "Feature", "properties": { "index": 169, "lon": 84.447521564451279, "lat": 52.522900267341754, "classification": 115, "subregion_name": "Eastern Europe", "umap_1d_x": 14.800659, "umap_2d_x": -33.395039, "umap_2d_y": -3.7516785, "umap_3d_x": -44.846344, "umap_3d_y": -5.0033417, "umap_3d_z": -5.878582, "tsne_1d_x": -33.346733, "tsne_2d_x": -23.879395, "tsne_2d_y": -18.537172, "tsne_3d_x": -16.079407, "tsne_3d_y": 36.384117, "tsne_3d_z": -3.7212181, "grid_umap_1d_x": 169.0, "grid_umap_2d_x": 10.0, "grid_umap_2d_y": 10.0, "grid_umap_3d_x": 4.0, "grid_umap_3d_y": 3.0, "grid_umap_3d_z": 6.0, "grid_tsne_1d_x": 169.0, "grid_tsne_2d_x": 4.0, "grid_tsne_2d_y": 2.0, "grid_tsne_3d_x": 2.0, "grid_tsne_3d_y": 10.0, "grid_tsne_3d_z": 1.0, "patch_file_embed": "patch_0169_embed.png", "patch_file_rgb": "patch_0169_rgb.png" }, "geometry": { "type": "Point", "coordinates": [ 84.447521564451279, 52.522900267341754 ] } },
{ "type": "Feature", "properties": { "index": 170, "lon": 28.153212987119929, "lat": -32.572534287356568, "classification": 114, "subregion_name": "Sub-Saharan Africa", "umap_1d_x": -16.02597, "umap_2d_x": 37.140228, "umap_2d_y": -20.327494, "umap_3d_x": 43.090897, "umap_3d_y": -12.909191, "umap_3d_z": 12.263668, "tsne_1d_x": 63.222279, "tsne_2d_x": 27.648605, "tsne_2d_y": 20.909912, "tsne_3d_x": 1.6367798, "tsne_3d_y": -11.80547, "tsne_3d_z": -35.929573, "grid_umap_1d_x": 170.0, "grid_umap_2d_x": 28.0, "grid_umap_2d_y": 1.0, "grid_umap_3d_x": 10.0, "grid_umap_3d_y": 3.0, "grid_umap_3d_z": 2.0, "grid_tsne_1d_x": 170.0, "grid_tsne_2d_x": 27.0, "grid_tsne_2d_y": 21.0, "grid_tsne_3d_x": 7.0, "grid_tsne_3d_y": 7.0, "grid_tsne_3d_z": 0.0, "patch_file_embed": "patch_0170_embed.png", "patch_file_rgb": "patch_0170_rgb.png" }, "geometry": { "type": "Point", "coordinates": [ 28.153212987119929, -32.572534287356568 ] } },
{ "type": "Feature", "properties": { "index": 171, "lon": -68.689641986918787, "lat": 46.46531557095031, "classification": 114, "subregion_name": "Unknown", "umap_1d_x": 17.325226, "umap_2d_x": -38.251602, "umap_2d_y": -15.402588, "umap_3d_x": -44.263878, "umap_3d_y": -6.5060577, "umap_3d_z": -33.086517, "tsne_1d_x": -55.102509, "tsne_2d_x": -24.291462, "tsne_2d_y": 22.779175, "tsne_3d_x": -19.196827, "tsne_3d_y": 16.354156, "tsne_3d_z": 37.174805, "grid_umap_1d_x": 171.0, "grid_umap_2d_x": 2.0, "grid_umap_2d_y": 0.0, "grid_umap_3d_x": 4.0, "grid_umap_3d_y": 0.0, "grid_umap_3d_z": 0.0, "grid_tsne_1d_x": 171.0, "grid_tsne_2d_x": 3.0, "grid_tsne_2d_y": 24.0, "grid_tsne_3d_x": 2.0, "grid_tsne_3d_y": 5.0, "grid_tsne_3d_z": 8.0, "patch_file_embed": "patch_0171_embed.png", "patch_file_rgb": "patch_0171_rgb.png" }, "geometry": { "type": "Point", "coordinates": [ -68.689641986918787, 46.46531557095031 ] } },
{ "type": "Feature", "properties": { "index": 172, "lon": -66.681399210666399, "lat": -33.320221879228122, "classification": 30, "subregion_name": "Latin America and the Caribbean", "umap_1d_x": -16.450769, "umap_2d_x": 37.067009, "umap_2d_y": -23.751759, "umap_3d_x": 47.146965, "umap_3d_y": -17.55793, "umap_3d_z": 13.405315, "tsne_1d_x": 65.250259, "tsne_2d_x": 32.589874, "tsne_2d_y": 32.008087, "tsne_3d_x": -18.996939, "tsne_3d_y": -15.927513, "tsne_3d_z": -36.379906, "grid_umap_1d_x": 172.0, "grid_umap_2d_x": 24.0, "grid_umap_2d_y": 8.0, "grid_umap_3d_x": 8.0, "grid_umap_3d_y": 3.0, "grid_umap_3d_z": 2.0, "grid_tsne_1d_x": 172.0, "grid_tsne_2d_x": 28.0, "grid_tsne_2d_y": 28.0, "grid_tsne_3d_x": 2.0, "grid_tsne_3d_y": 4.0, "grid_tsne_3d_z": 0.0, "patch_file_embed": "patch_0172_embed.png", "patch_file_rgb": "patch_0172_rgb.png" }, "geometry": { "type": "Point", "coordinates": [ -66.681399210666399, -33.320221879228122 ] } },
{ "type": "Feature", "properties": { "index": 173, "lon": -53.195204229915504, "lat": -5.8247914009841324, "classification": 112, "subregion_name": "Latin America and the Caribbean", "umap_1d_x": -8.8518763, "umap_2d_x": 38.439224, "umap_2d_y": 24.450974, "umap_3d_x": 36.161041, "umap_3d_y": 41.487312, "umap_3d_z": 0.42247772, "tsne_1d_x": 45.033981, "tsne_2d_x": 49.138847, "tsne_2d_y": -22.299942, "tsne_3d_x": 24.473419, "tsne_3d_y": -42.134277, "tsne_3d_z": -39.147064, "grid_umap_1d_x": 173.0, "grid_umap_2d_x": 31.0, "grid_umap_2d_y": 20.0, "grid_umap_3d_x": 10.0, "grid_umap_3d_y": 8.0, "grid_umap_3d_z": 3.0, "grid_tsne_1d_x": 173.0, "grid_tsne_2d_x": 30.0, "grid_tsne_2d_y": 7.0, "grid_tsne_3d_x": 6.0, "grid_tsne_3d_y": 5.0, "grid_tsne_3d_z": 2.0, "patch_file_embed": "patch_0173_embed.png", "patch_file_rgb": "patch_0173_rgb.png" }, "geometry": { "type": "Point", "coordinates": [ -53.195204229915504, -5.824791400984132 ] } },
{ "type": "Feature", "properties": { "index": 174, "lon": 64.529733640403435, "lat": 33.453654457435462, "classification": 40, "subregion_name": "Southern Asia", "umap_1d_x": 6.9427552, "umap_2d_x": -14.787292, "umap_2d_y": 9.7448349, "umap_3d_x": -21.650496, "umap_3d_y": 4.8973503, "umap_3d_z": 5.6835365, "tsne_1d_x": -4.4522214, "tsne_2d_x": 5.0954704, "tsne_2d_y": 19.173546, "tsne_3d_x": -15.390179, "tsne_3d_y": -9.6152611, "tsne_3d_z": 20.287392, "grid_umap_1d_x": 174.0, "grid_umap_2d_x": 9.0, "grid_umap_2d_y": 16.0, "grid_umap_3d_x": 1.0, "grid_umap_3d_y": 6.0, "grid_umap_3d_z": 7.0, "grid_tsne_1d_x": 174.0, "grid_tsne_2d_x": 10.0, "grid_tsne_2d_y": 20.0, "grid_tsne_3d_x": 3.0, "grid_tsne_3d_y": 4.0, "grid_tsne_3d_z": 7.0, "patch_file_embed": "patch_0174_embed.png", "patch_file_rgb": "patch_0174_rgb.png" }, "geometry": { "type": "Point", "coordinates": [ 64.529733640403435, 33.453654457435462 ] } },
{ "type": "Feature", "properties": { "index": 175, "lon": -42.636971431772281, "lat": -6.8066473237523164, "classification": 126, "subregion_name": "Latin America and the Caribbean", "umap_1d_x": -14.031956, "umap_2d_x": 43.056641, "umap_2d_y": -14.489132, "umap_3d_x": 42.261711, "umap_3d_y": -7.0023041, "umap_3d_z": 31.957985, "tsne_1d_x": 57.240768, "tsne_2d_x": 37.146599, "tsne_2d_y": 15.780838, "tsne_3d_x": -6.2264366, "tsne_3d_y": -21.400013, "tsne_3d_z": -23.51985, "grid_umap_1d_x": 175.0, "grid_umap_2d_x": 25.0, "grid_umap_2d_y": 17.0, "grid_umap_3d_x": 9.0, "grid_umap_3d_y": 6.0, "grid_umap_3d_z": 6.0, "grid_tsne_1d_x": 175.0, "grid_tsne_2d_x": 27.0, "grid_tsne_2d_y": 19.0, "grid_tsne_3d_x": 3.0, "grid_tsne_3d_y": 3.0, "grid_tsne_3d_z": 0.0, "patch_file_embed": "patch_0175_embed.png", "patch_file_rgb": "patch_0175_rgb.png" }, "geometry": { "type": "Point", "coordinates": [ -42.636971431772281, -6.806647323752316 ] } },
{ "type": "Feature", "properties": { "index": 176, "lon": -77.403691335861851, "lat": -1.950647444408538, "classification": 112, "subregion_name": "Latin America and the Caribbean", "umap_1d_x": -8.1015406, "umap_2d_x": 35.652908, "umap_2d_y": 31.784752, "umap_3d_x": 31.317802, "umap_3d_y": 41.725388, "umap_3d_z": 1.3894615, "tsne_1d_x": 41.60405, "tsne_2d_x": 43.010193, "tsne_2d_y": -29.588381, "tsne_3d_x": 34.226273, "tsne_3d_y": -38.318825, "tsne_3d_z": -27.774815, "grid_umap_1d_x": 176.0, "grid_umap_2d_x": 27.0, "grid_umap_2d_y": 22.0, "grid_umap_3d_x": 10.0, "grid_umap_3d_y": 9.0, "grid_umap_3d_z": 2.0, "grid_tsne_1d_x": 176.0, "grid_tsne_2d_x": 27.0, "grid_tsne_2d_y": 6.0, "grid_tsne_3d_x": 7.0, "grid_tsne_3d_y": 5.0, "grid_tsne_3d_z": 2.0, "patch_file_embed": "patch_0176_embed.png", "patch_file_rgb": "patch_0176_rgb.png" }, "geometry": { "type": "Point", "coordinates": [ -77.403691335861851, -1.950647444408538 ] } },
{ "type": "Feature", "properties": { "index": 177, "lon": 90.247801514247442, "lat": 57.999648866606577, "classification": 114, "subregion_name": "Eastern Europe", "umap_1d_x": 12.462898, "umap_2d_x": -32.32357, "umap_2d_y": 14.1297, "umap_3d_x": -38.605839, "umap_3d_y": 9.189476, "umap_3d_z": -13.915127, "tsne_1d_x": -39.985474, "tsne_2d_x": -31.548323, "tsne_2d_y": -2.4664612, "tsne_3d_x": 12.588673, "tsne_3d_y": 19.107529, "tsne_3d_z": 6.1509438, "grid_umap_1d_x": 177.0, "grid_umap_2d_x": 3.0, "grid_umap_2d_y": 20.0, "grid_umap_3d_x": 4.0, "grid_umap_3d_y": 5.0, "grid_umap_3d_z": 4.0, "grid_tsne_1d_x": 177.0, "grid_tsne_2d_x": 2.0, "grid_tsne_2d_y": 11.0, "grid_tsne_3d_x": 9.0, "grid_tsne_3d_y": 9.0, "grid_tsne_3d_z": 3.0, "patch_file_embed": "patch_0177_embed.png", "patch_file_rgb": "patch_0177_rgb.png" }, "geometry": { "type": "Point", "coordinates": [ 90.247801514247442, 57.999648866606577 ] } },
{ "type": "Feature", "properties": { "index": 178, "lon": -41.519420412093837, "lat": -10.773833587931051, "classification": 20, "subregion_name": "Latin America and the Caribbean", "umap_1d_x": -13.977221, "umap_2d_x": 43.643478, "umap_2d_y": -15.599056, "umap_3d_x": 41.928383, "umap_3d_y": -7.9240341, "umap_3d_z": 32.754585, "tsne_1d_x": 57.145306, "tsne_2d_x": 35.125992, "tsne_2d_y": 15.479408, "tsne_3d_x": -8.1096992, "tsne_3d_y": -19.197247, "tsne_3d_z": -18.04001, "grid_umap_1d_x": 178.0, "grid_umap_2d_x": 26.0, "grid_umap_2d_y": 15.0, "grid_umap_3d_x": 7.0, "grid_umap_3d_y": 5.0, "grid_umap_3d_z": 5.0, "grid_tsne_1d_x": 178.0, "grid_tsne_2d_x": 28.0, "grid_tsne_2d_y": 18.0, "grid_tsne_3d_x": 2.0, "grid_tsne_3d_y": 1.0, "grid_tsne_3d_z": 0.0, "patch_file_embed": "patch_0178_embed.png", "patch_file_rgb": "patch_0178_rgb.png" }, "geometry": { "type": "Point", "coordinates": [ -41.519420412093837, -10.773833587931051 ] } },
{ "type": "Feature", "properties": { "index": 179, "lon": 4.7072693168527726, "lat": 9.4305332560722661, "classification": 40, "subregion_name": "Sub-Saharan Africa", "umap_1d_x": -2.6934459, "umap_2d_x": 10.9389, "umap_2d_y": 22.196991, "umap_3d_x": 8.1558418, "umap_3d_y": 33.256882, "umap_3d_z": 39.557877, "tsne_1d_x": 23.748878, "tsne_2d_x": 16.891136, "tsne_2d_y": -10.476501, "tsne_3d_x": 8.5281258, "tsne_3d_y": -41.278061, "tsne_3d_z": 26.369675, "grid_umap_1d_x": 179.0, "grid_umap_2d_x": 16.0, "grid_umap_2d_y": 23.0, "grid_umap_3d_x": 4.0, "grid_umap_3d_y": 7.0, "grid_umap_3d_z": 8.0, "grid_tsne_1d_x": 179.0, "grid_tsne_2d_x": 20.0, "grid_tsne_2d_y": 15.0, "grid_tsne_3d_x": 5.0, "grid_tsne_3d_y": 0.0, "grid_tsne_3d_z": 8.0, "patch_file_embed": "patch_0179_embed.png", "patch_file_rgb": "patch_0179_rgb.png" }, "geometry": { "type": "Point", "coordinates": [ 4.707269316852773, 9.430533256072266 ] } },
{ "type": "Feature", "properties": { "index": 180, "lon": -51.944133309727306, "lat": -29.415512108241437, "classification": 126, "subregion_name": "Latin America and the Caribbean", "umap_1d_x": -17.015505, "umap_2d_x": 34.14444, "umap_2d_y": -17.320518, "umap_3d_x": 46.719711, "umap_3d_y": -13.766125, "umap_3d_z": 5.946003, "tsne_1d_x": 66.591995, "tsne_2d_x": 28.794594, "tsne_2d_y": 31.698456, "tsne_3d_x": -16.205189, "tsne_3d_y": -16.233582, "tsne_3d_z": -46.558132, "grid_umap_1d_x": 180.0, "grid_umap_2d_x": 22.0, "grid_umap_2d_y": 12.0, "grid_umap_3d_x": 9.0, "grid_umap_3d_y": 4.0, "grid_umap_3d_z": 1.0, "grid_tsne_1d_x": 180.0, "grid_tsne_2d_x": 28.0, "grid_tsne_2d_y": 31.0, "grid_tsne_3d_x": 3.0, "grid_tsne_3d_y": 5.0, "grid_tsne_3d_z": 0.0, "patch_file_embed": "patch_0180_embed.png", "patch_file_rgb": "patch_0180_rgb.png" }, "geometry": { "type": "Point", "coordinates": [ -51.944133309727306, -29.415512108241437 ] } },
{ "type": "Feature", "properties": { "index": 181, "lon": 121.09530080334508, "lat": 1.196332524172085, "classification": 112, "subregion_name": "South-eastern Asia", "umap_1d_x": -5.8422241, "umap_2d_x": 28.423576, "umap_2d_y": 36.694267, "umap_3d_x": 23.354485, "umap_3d_y": 38.904572, "umap_3d_z": 7.5590591, "tsne_1d_x": 34.362186, "tsne_2d_x": 32.614571, "tsne_2d_y": -29.745739, "tsne_3d_x": 31.56752, "tsne_3d_y": -31.438581, "tsne_3d_z": -15.207401, "grid_umap_1d_x": 181.0, "grid_umap_2d_x": 26.0, "grid_umap_2d_y": 30.0, "grid_umap_3d_x": 8.0, "grid_umap_3d_y": 10.0, "grid_umap_3d_z": 3.0, "grid_tsne_1d_x": 181.0, "grid_tsne_2d_x": 24.0, "grid_tsne_2d_y": 5.0, "grid_tsne_3d_x": 8.0, "grid_tsne_3d_y": 2.0, "grid_tsne_3d_z": 2.0, "patch_file_embed": "patch_0181_embed.png", "patch_file_rgb": "patch_0181_rgb.png" }, "geometry": { "type": "Point", "coordinates": [ 121.095300803345083, 1.196332524172085 ] } },
{ "type": "Feature", "properties": { "index": 182, "lon": 30.810239613051493, "lat": -24.350966596942051, "classification": 126, "subregion_name": "Sub-Saharan Africa", "umap_1d_x": -14.804708, "umap_2d_x": 41.483604, "umap_2d_y": -19.720352, "umap_3d_x": 44.584793, "umap_3d_y": -10.721443, "umap_3d_z": 26.49437, "tsne_1d_x": 60.080906, "tsne_2d_x": 44.490204, "tsne_2d_y": 19.996819, "tsne_3d_x": -13.616535, "tsne_3d_y": -25.753086, "tsne_3d_z": -29.697296, "grid_umap_1d_x": 182.0, "grid_umap_2d_x": 24.0, "grid_umap_2d_y": 13.0, "grid_umap_3d_x": 8.0, "grid_umap_3d_y": 4.0, "grid_umap_3d_z": 3.0, "grid_tsne_1d_x": 182.0, "grid_tsne_2d_x": 26.0, "grid_tsne_2d_y": 22.0, "grid_tsne_3d_x": 3.0, "grid_tsne_3d_y": 4.0, "grid_tsne_3d_z": 1.0, "patch_file_embed": "patch_0182_embed.png", "patch_file_rgb": "patch_0182_rgb.png" }, "geometry": { "type": "Point", "coordinates": [ 30.810239613051493, -24.350966596942051 ] } },
{ "type": "Feature", "properties": { "index": 183, "lon": -58.551435833873001, "lat": -25.912906638156372, "classification": 126, "subregion_name": "Latin America and the Caribbean", "umap_1d_x": -16.893396, "umap_2d_x": 34.673279, "umap_2d_y": -16.663315, "umap_3d_x": 46.665581, "umap_3d_y": -11.892464, "umap_3d_z": 7.2412262, "tsne_1d_x": 66.003288, "tsne_2d_x": 28.25824, "tsne_2d_y": 28.285271, "tsne_3d_x": -8.0241547, "tsne_3d_y": -16.264172, "tsne_3d_z": -44.044853, "grid_umap_1d_x": 183.0, "grid_umap_2d_x": 23.0, "grid_umap_2d_y": 12.0, "grid_umap_3d_x": 10.0, "grid_umap_3d_y": 5.0, "grid_umap_3d_z": 1.0, "grid_tsne_1d_x": 183.0, "grid_tsne_2d_x": 23.0, "grid_tsne_2d_y": 24.0, "grid_tsne_3d_x": 5.0, "grid_tsne_3d_y": 6.0, "grid_tsne_3d_z": 1.0, "patch_file_embed": "patch_0183_embed.png", "patch_file_rgb": "patch_0183_rgb.png" }, "geometry": { "type": "Point", "coordinates": [ -58.551435833873001, -25.912906638156372 ] } },
{ "type": "Feature", "properties": { "index": 184, "lon": 86.836883654173562, "lat": 68.798423101291831, "classification": 90, "subregion_name": "Eastern Europe", "umap_1d_x": 18.207344, "umap_2d_x": -46.514553, "umap_2d_y": -11.696529, "umap_3d_x": -46.419659, "umap_3d_y": 7.6486816, "umap_3d_z": -46.89888, "tsne_1d_x": -64.748276, "tsne_2d_x": -39.640594, "tsne_2d_y": 31.083588, "tsne_3d_x": 0.95346451, "tsne_3d_y": 26.027992, "tsne_3d_z": 42.132698, "grid_umap_1d_x": 184.0, "grid_umap_2d_x": 6.0, "grid_umap_2d_y": 6.0, "grid_umap_3d_x": 7.0, "grid_umap_3d_y": 5.0, "grid_umap_3d_z": 0.0, "grid_tsne_1d_x": 184.0, "grid_tsne_2d_x": 6.0, "grid_tsne_2d_y": 29.0, "grid_tsne_3d_x": 5.0, "grid_tsne_3d_y": 6.0, "grid_tsne_3d_z": 6.0, "patch_file_embed": "patch_0184_embed.png", "patch_file_rgb": "patch_0184_rgb.png" }, "geometry": { "type": "Point", "coordinates": [ 86.836883654173562, 68.798423101291831 ] } },
{ "type": "Feature", "properties": { "index": 185, "lon": 76.908841005809052, "lat": 20.574752881966788, "classification": 40, "subregion_name": "Southern Asia", "umap_1d_x": 0.13393132, "umap_2d_x": 5.7306633, "umap_2d_y": 42.473625, "umap_3d_x": 2.2200928, "umap_3d_y": 41.188774, "umap_3d_z": 29.58992, "tsne_1d_x": 15.232491, "tsne_2d_x": 11.840939, "tsne_2d_y": -39.794044, "tsne_3d_x": 22.880417, "tsne_3d_y": -31.346918, "tsne_3d_z": 28.67627, "grid_umap_1d_x": 185.0, "grid_umap_2d_x": 20.0, "grid_umap_2d_y": 25.0, "grid_umap_3d_x": 2.0, "grid_umap_3d_y": 7.0, "grid_umap_3d_z": 7.0, "grid_tsne_1d_x": 185.0, "grid_tsne_2d_x": 17.0, "grid_tsne_2d_y": 1.0, "grid_tsne_3d_x": 7.0, "grid_tsne_3d_y": 4.0, "grid_tsne_3d_z": 7.0, "patch_file_embed": "patch_0185_embed.png", "patch_file_rgb": "patch_0185_rgb.png" }, "geometry": { "type": "Point", "coordinates": [ 76.908841005809052, 20.574752881966788 ] } },
{ "type": "Feature", "properties": { "index": 186, "lon": 133.87003209848353, "lat": 67.172909974354639, "classification": 113, "subregion_name": "Eastern Europe", "umap_1d_x": 18.708368, "umap_2d_x": -48.349255, "umap_2d_y": 2.2076073, "umap_3d_x": -49.755398, "umap_3d_y": 20.203522, "umap_3d_z": -37.971344, "tsne_1d_x": -69.103592, "tsne_2d_x": -45.127991, "tsne_2d_y": 19.10672, "tsne_3d_x": 7.0697021, "tsne_3d_y": 35.362717, "tsne_3d_z": 30.764664, "grid_umap_1d_x": 186.0, "grid_umap_2d_x": 3.0, "grid_umap_2d_y": 15.0, "grid_umap_3d_x": 1.0, "grid_umap_3d_y": 8.0, "grid_umap_3d_z": 0.0, "grid_tsne_1d_x": 186.0, "grid_tsne_2d_x": 17.0, "grid_tsne_2d_y": 24.0, "grid_tsne_3d_x": 5.0, "grid_tsne_3d_y": 9.0, "grid_tsne_3d_z": 6.0, "patch_file_embed": "patch_0186_embed.png", "patch_file_rgb": "patch_0186_rgb.png" }, "geometry": { "type": "Point", "coordinates": [ 133.870032098483534, 67.172909974354639 ] } },
{ "type": "Feature", "properties": { "index": 187, "lon": 143.61506695811244, "lat": -38.523350746155316, "classification": 112, "subregion_name": "Unknown", "umap_1d_x": -16.581406, "umap_2d_x": 34.695717, "umap_2d_y": -22.023483, "umap_3d_x": 43.676804, "umap_3d_y": -16.073746, "umap_3d_z": 7.8895226, "tsne_1d_x": 68.850143, "tsne_2d_x": 27.57605, "tsne_2d_y": 40.272881, "tsne_3d_x": -5.4591141, "tsne_3d_y": -7.3799858, "tsne_3d_z": -37.63522, "grid_umap_1d_x": 187.0, "grid_umap_2d_x": 23.0, "grid_umap_2d_y": 7.0, "grid_umap_3d_x": 10.0, "grid_umap_3d_y": 2.0, "grid_umap_3d_z": 1.0, "grid_tsne_1d_x": 187.0, "grid_tsne_2d_x": 21.0, "grid_tsne_2d_y": 30.0, "grid_tsne_3d_x": 5.0, "grid_tsne_3d_y": 7.0, "grid_tsne_3d_z": 0.0, "patch_file_embed": "patch_0187_embed.png", "patch_file_rgb": "patch_0187_rgb.png" }, "geometry": { "type": "Point", "coordinates": [ 143.615066958112436, -38.523350746155316 ] } },
{ "type": "Feature", "properties": { "index": 188, "lon": 5.1066049244373906, "lat": 14.141042345808216, "classification": 30, "subregion_name": "Sub-Saharan Africa", "umap_1d_x": 2.1534429, "umap_2d_x": 9.1396332, "umap_2d_y": 13.360977, "umap_3d_x": 8.8059921, "umap_3d_y": 23.442703, "umap_3d_z": 47.97773, "tsne_1d_x": 25.812008, "tsne_2d_x": 15.569405, "tsne_2d_y": -2.158329, "tsne_3d_x": -5.8774681, "tsne_3d_y": -37.113037, "tsne_3d_z": 25.146828, "grid_umap_1d_x": 188.0, "grid_umap_2d_x": 15.0, "grid_umap_2d_y": 15.0, "grid_umap_3d_x": 5.0, "grid_umap_3d_y": 5.0, "grid_umap_3d_z": 7.0, "grid_tsne_1d_x": 188.0, "grid_tsne_2d_x": 18.0, "grid_tsne_2d_y": 16.0, "grid_tsne_3d_x": 3.0, "grid_tsne_3d_y": 0.0, "grid_tsne_3d_z": 8.0, "patch_file_embed": "patch_0188_embed.png", "patch_file_rgb": "patch_0188_rgb.png" }, "geometry": { "type": "Point", "coordinates": [ 5.106604924437391, 14.141042345808216 ] } },
{ "type": "Feature", "properties": { "index": 189, "lon": -114.56346904319717, "lat": 33.359545306196296, "classification": 20, "subregion_name": "Unknown", "umap_1d_x": 5.8020053, "umap_2d_x": -10.849045, "umap_2d_y": 5.022789, "umap_3d_x": -19.898207, "umap_3d_y": -0.54153061, "umap_3d_z": 12.985111, "tsne_1d_x": -0.0022599681, "tsne_2d_x": 10.5173, "tsne_2d_y": 14.031517, "tsne_3d_x": -13.963463, "tsne_3d_y": -25.645493, "tsne_3d_z": 12.853188, "grid_umap_1d_x": 189.0, "grid_umap_2d_x": 17.0, "grid_umap_2d_y": 13.0, "grid_umap_3d_x": 2.0, "grid_umap_3d_y": 1.0, "grid_umap_3d_z": 8.0, "grid_tsne_1d_x": 189.0, "grid_tsne_2d_x": 13.0, "grid_tsne_2d_y": 15.0, "grid_tsne_3d_x": 1.0, "grid_tsne_3d_y": 0.0, "grid_tsne_3d_z": 6.0, "patch_file_embed": "patch_0189_embed.png", "patch_file_rgb": "patch_0189_rgb.png" }, "geometry": { "type": "Point", "coordinates": [ -114.563469043197173, 33.359545306196296 ] } },
{ "type": "Feature", "properties": { "index": 190, "lon": 26.618387681008528, "lat": -7.057915484543102, "classification": 114, "subregion_name": "Sub-Saharan Africa", "umap_1d_x": -12.910425, "umap_2d_x": 48.839005, "umap_2d_y": -15.907654, "umap_3d_x": 35.161125, "umap_3d_y": -7.1958885, "umap_3d_z": 28.071144, "tsne_1d_x": 51.774174, "tsne_2d_x": 39.223076, "tsne_2d_y": 3.9791412, "tsne_3d_x": 1.168148, "tsne_3d_y": -39.505787, "tsne_3d_z": -20.613321, "grid_umap_1d_x": 190.0, "grid_umap_2d_x": 28.0, "grid_umap_2d_y": 17.0, "grid_umap_3d_x": 9.0, "grid_umap_3d_y": 3.0, "grid_umap_3d_z": 7.0, "grid_tsne_1d_x": 190.0, "grid_tsne_2d_x": 31.0, "grid_tsne_2d_y": 11.0, "grid_tsne_3d_x": 5.0, "grid_tsne_3d_y": 0.0, "grid_tsne_3d_z": 1.0, "patch_file_embed": "patch_0190_embed.png", "patch_file_rgb": "patch_0190_rgb.png" }, "geometry": { "type": "Point", "coordinates": [ 26.618387681008528, -7.057915484543102 ] } },
{ "type": "Feature", "properties": { "index": 191, "lon": 35.381940888326938, "lat": 7.9299847399252172, "classification": 112, "subregion_name": "Sub-Saharan Africa", "umap_1d_x": -1.4517875, "umap_2d_x": 6.6806717, "umap_2d_y": 30.659454, "umap_3d_x": 7.1508484, "umap_3d_y": 32.386703, "umap_3d_z": 24.259918, "tsne_1d_x": 19.393579, "tsne_2d_x": 11.126743, "tsne_2d_y": -20.156652, "tsne_3d_x": 13.275391, "tsne_3d_y": -38.409664, "tsne_3d_z": 5.6416626, "grid_umap_1d_x": 191.0, "grid_umap_2d_x": 9.0, "grid_umap_2d_y": 29.0, "grid_umap_3d_x": 7.0, "grid_umap_3d_y": 10.0, "grid_umap_3d_z": 7.0, "grid_tsne_1d_x": 191.0, "grid_tsne_2d_x": 15.0, "grid_tsne_2d_y": 2.0, "grid_tsne_3d_x": 6.0, "grid_tsne_3d_y": 1.0, "grid_tsne_3d_z": 4.0, "patch_file_embed": "patch_0191_embed.png", "patch_file_rgb": "patch_0191_rgb.png" }, "geometry": { "type": "Point", "coordinates": [ 35.381940888326938, 7.929984739925217 ] } },
{ "type": "Feature", "properties": { "index": 192, "lon": -6.2725823021186784, "lat": 6.020165980949983, "classification": 116, "subregion_name": "Sub-Saharan Africa", "umap_1d_x": -2.3554313, "umap_2d_x": 11.244434, "umap_2d_y": 27.360168, "umap_3d_x": 8.9727173, "umap_3d_y": 36.768204, "umap_3d_z": 33.395035, "tsne_1d_x": 20.620134, "tsne_2d_x": 20.156189, "tsne_2d_y": -17.005386, "tsne_3d_x": 24.639221, "tsne_3d_y": -44.855904, "tsne_3d_z": 11.462696, "grid_umap_1d_x": 192.0, "grid_umap_2d_x": 12.0, "grid_umap_2d_y": 27.0, "grid_umap_3d_x": 8.0, "grid_umap_3d_y": 9.0, "grid_umap_3d_z": 7.0, "grid_tsne_1d_x": 192.0, "grid_tsne_2d_x": 21.0, "grid_tsne_2d_y": 0.0, "grid_tsne_3d_x": 7.0, "grid_tsne_3d_y": 2.0, "grid_tsne_3d_z": 4.0, "patch_file_embed": "patch_0192_embed.png", "patch_file_rgb": "patch_0192_rgb.png" }, "geometry": { "type": "Point", "coordinates": [ -6.272582302118678, 6.020165980949983 ] } },
{ "type": "Feature", "properties": { "index": 193, "lon": -103.45728232914509, "lat": 36.979290185479343, "classification": 30, "subregion_name": "Unknown", "umap_1d_x": 7.1285253, "umap_2d_x": -15.125389, "umap_2d_y": 8.0860748, "umap_3d_x": -22.035471, "umap_3d_y": 3.994751, "umap_3d_z": 6.5384865, "tsne_1d_x": -4.5614562, "tsne_2d_x": 3.968586, "tsne_2d_y": 20.771423, "tsne_3d_x": -10.072979, "tsne_3d_y": -17.889805, "tsne_3d_z": 10.438156, "grid_umap_1d_x": 193.0, "grid_umap_2d_x": 17.0, "grid_umap_2d_y": 17.0, "grid_umap_3d_x": 2.0, "grid_umap_3d_y": 6.0, "grid_umap_3d_z": 7.0, "grid_tsne_1d_x": 193.0, "grid_tsne_2d_x": 14.0, "grid_tsne_2d_y": 22.0, "grid_tsne_3d_x": 2.0, "grid_tsne_3d_y": 2.0, "grid_tsne_3d_z": 5.0, "patch_file_embed": "patch_0193_embed.png", "patch_file_rgb": "patch_0193_rgb.png" }, "geometry": { "type": "Point", "coordinates": [ -103.457282329145087, 36.979290185479343 ] } },
{ "type": "Feature", "properties": { "index": 194, "lon": 113.44522707760115, "lat": 2.34655788157847, "classification": 112, "subregion_name": "South-eastern Asia", "umap_1d_x": -6.1731496, "umap_2d_x": 29.999886, "umap_2d_y": 37.354439, "umap_3d_x": 25.519974, "umap_3d_y": 40.006218, "umap_3d_z": 6.9801941, "tsne_1d_x": 35.429081, "tsne_2d_x": 34.648392, "tsne_2d_y": -31.485098, "tsne_3d_x": 34.766418, "tsne_3d_y": -32.971397, "tsne_3d_z": -19.666063, "grid_umap_1d_x": 194.0, "grid_umap_2d_x": 27.0, "grid_umap_2d_y": 29.0, "grid_umap_3d_x": 8.0, "grid_umap_3d_y": 9.0, "grid_umap_3d_z": 3.0, "grid_tsne_1d_x": 194.0, "grid_tsne_2d_x": 26.0, "grid_tsne_2d_y": 0.0, "grid_tsne_3d_x": 7.0, "grid_tsne_3d_y": 5.0, "grid_tsne_3d_z": 3.0, "patch_file_embed": "patch_0194_embed.png", "patch_file_rgb": "patch_0194_rgb.png" }, "geometry": { "type": "Point", "coordinates": [ 113.445227077601146, 2.34655788157847 ] } },
{ "type": "Feature", "properties": { "index": 195, "lon": 16.504288303077146, "lat": 8.5015573912604481, "classification": 40, "subregion_name": "Sub-Saharan Africa", "umap_1d_x": -2.6144309, "umap_2d_x": 11.03524, "umap_2d_y": 22.827164, "umap_3d_x": 8.2992859, "umap_3d_y": 32.60257, "umap_3d_z": 38.984932, "tsne_1d_x": 23.386312, "tsne_2d_x": 16.116119, "tsne_2d_y": -11.116222, "tsne_3d_x": 8.9417114, "tsne_3d_y": -43.656815, "tsne_3d_z": 24.784927, "grid_umap_1d_x": 195.0, "grid_umap_2d_x": 13.0, "grid_umap_2d_y": 23.0, "grid_umap_3d_x": 5.0, "grid_umap_3d_y": 5.0, "grid_umap_3d_z": 5.0, "grid_tsne_1d_x": 195.0, "grid_tsne_2d_x": 19.0, "grid_tsne_2d_y": 11.0, "grid_tsne_3d_x": 5.0, "grid_tsne_3d_y": 1.0, "grid_tsne_3d_z": 7.0, "patch_file_embed": "patch_0195_embed.png", "patch_file_rgb": "patch_0195_rgb.png" }, "geometry": { "type": "Point", "coordinates": [ 16.504288303077146, 8.501557391260448 ] } },
{ "type": "Feature", "properties": { "index": 196, "lon": -100.8845512950096, "lat": 35.182382314787176, "classification": 30, "subregion_name": "Unknown", "umap_1d_x": 9.4630928, "umap_2d_x": -19.304365, "umap_2d_y": 15.521309, "umap_3d_x": -23.386372, "umap_3d_y": 4.4576225, "umap_3d_z": -12.576622, "tsne_1d_x": -11.417822, "tsne_2d_x": 2.1219978, "tsne_2d_y": 3.6309967, "tsne_3d_x": 9.5528259, "tsne_3d_y": -5.8042336, "tsne_3d_z": 10.094715, "grid_umap_1d_x": 196.0, "grid_umap_2d_x": 2.0, "grid_umap_2d_y": 19.0, "grid_umap_3d_x": 3.0, "grid_umap_3d_y": 5.0, "grid_umap_3d_z": 3.0, "grid_tsne_1d_x": 196.0, "grid_tsne_2d_x": 10.0, "grid_tsne_2d_y": 9.0, "grid_tsne_3d_x": 6.0, "grid_tsne_3d_y": 3.0, "grid_tsne_3d_z": 6.0, "patch_file_embed": "patch_0196_embed.png", "patch_file_rgb": "patch_0196_rgb.png" }, "geometry": { "type": "Point", "coordinates": [ -100.884551295009601, 35.182382314787176 ] } },
{ "type": "Feature", "properties": { "index": 197, "lon": 6.1964207132754439, "lat": 49.984126349000874, "classification": 40, "subregion_name": "Western Europe", "umap_1d_x": 23.264004, "umap_2d_x": -19.687572, "umap_2d_y": -13.783325, "umap_3d_x": -28.545593, "umap_3d_y": -12.966545, "umap_3d_z": -13.374424, "tsne_1d_x": -18.449488, "tsne_2d_x": -6.7832756, "tsne_2d_y": 24.994774, "tsne_3d_x": -37.022697, "tsne_3d_y": -2.5076904, "tsne_3d_z": 22.38707, "grid_umap_1d_x": 197.0, "grid_umap_2d_x": 10.0, "grid_umap_2d_y": 0.0, "grid_umap_3d_x": 5.0, "grid_umap_3d_y": 1.0, "grid_umap_3d_z": 3.0, "grid_tsne_1d_x": 197.0, "grid_tsne_2d_x": 18.0, "grid_tsne_2d_y": 26.0, "grid_tsne_3d_x": 2.0, "grid_tsne_3d_y": 5.0, "grid_tsne_3d_z": 6.0, "patch_file_embed": "patch_0197_embed.png", "patch_file_rgb": "patch_0197_rgb.png" }, "geometry": { "type": "Point", "coordinates": [ 6.196420713275444, 49.984126349000874 ] } },
{ "type": "Feature", "properties": { "index": 198, "lon": 15.81175836328427, "lat": 67.43240269228167, "classification": 30, "subregion_name": "Northern Europe", "umap_1d_x": 20.047182, "umap_2d_x": -35.988945, "umap_2d_y": -13.812649, "umap_3d_x": -42.431587, "umap_3d_y": -3.1238136, "umap_3d_z": -27.390436, "tsne_1d_x": -48.926918, "tsne_2d_x": -24.259134, "tsne_2d_y": 14.912758, "tsne_3d_x": -28.124792, "tsne_3d_y": 28.822166, "tsne_3d_z": 28.520569, "grid_umap_1d_x": 198.0, "grid_umap_2d_x": 16.0, "grid_umap_2d_y": 6.0, "grid_umap_3d_x": 0.0, "grid_umap_3d_y": 2.0, "grid_umap_3d_z": 0.0, "grid_tsne_1d_x": 198.0, "grid_tsne_2d_x": 7.0, "grid_tsne_2d_y": 20.0, "grid_tsne_3d_x": 0.0, "grid_tsne_3d_y": 9.0, "grid_tsne_3d_z": 8.0, "patch_file_embed": "patch_0198_embed.png", "patch_file_rgb": "patch_0198_rgb.png" }, "geometry": { "type": "Point", "coordinates": [ 15.81175836328427, 67.43240269228167 ] } },
{ "type": "Feature", "properties": { "index": 199, "lon": -141.33528181202078, "lat": 64.704933407269323, "classification": 111, "subregion_name": "Unknown", "umap_1d_x": 15.185076, "umap_2d_x": -38.711681, "umap_2d_y": 8.8178177, "umap_3d_x": -45.65192, "umap_3d_y": 14.829079, "umap_3d_z": -13.81818, "tsne_1d_x": -42.324444, "tsne_2d_x": -41.962856, "tsne_2d_y": -8.5399742, "tsne_3d_x": 17.379379, "tsne_3d_y": 39.978828, "tsne_3d_z": 1.674408, "grid_umap_1d_x": 199.0, "grid_umap_2d_x": 6.0, "grid_umap_2d_y": 18.0, "grid_umap_3d_x": 4.0, "grid_umap_3d_y": 6.0, "grid_umap_3d_z": 5.0, "grid_tsne_1d_x": 199.0, "grid_tsne_2d_x": 11.0, "grid_tsne_2d_y": 14.0, "grid_tsne_3d_x": 7.0, "grid_tsne_3d_y": 9.0, "grid_tsne_3d_z": 1.0, "patch_file_embed": "patch_0199_embed.png", "patch_file_rgb": "patch_0199_rgb.png" }, "geometry": { "type": "Point", "coordinates": [ -141.335281812020781, 64.704933407269323 ] } },
{ "type": "Feature", "properties": { "index": 200, "lon": -51.547360485997729, "lat": -25.373965597326332, "classification": 112, "subregion_name": "Latin America and the Caribbean", "umap_1d_x": -15.84346, "umap_2d_x": 37.75531, "umap_2d_y": -18.750645, "umap_3d_x": 42.509033, "umap_3d_y": -11.80526, "umap_3d_z": 13.425594, "tsne_1d_x": 63.097897, "tsne_2d_x": 29.546875, "tsne_2d_y": 20.690338, "tsne_3d_x": 1.691391, "tsne_3d_y": -17.124908, "tsne_3d_z": -35.813286, "grid_umap_1d_x": 200.0, "grid_umap_2d_x": 24.0, "grid_umap_2d_y": 11.0, "grid_umap_3d_x": 8.0, "grid_umap_3d_y": 4.0, "grid_umap_3d_z": 2.0, "grid_tsne_1d_x": 200.0, "grid_tsne_2d_x": 28.0, "grid_tsne_2d_y": 21.0, "grid_tsne_3d_x": 6.0, "grid_tsne_3d_y": 7.0, "grid_tsne_3d_z": 2.0, "patch_file_embed": "patch_0200_embed.png", "patch_file_rgb": "patch_0200_rgb.png" }, "geometry": { "type": "Point", "coordinates": [ -51.547360485997729, -25.373965597326332 ] } },
{ "type": "Feature", "properties": { "index": 201, "lon": -62.634392349789479, "lat": -24.545056270691752, "classification": 116, "subregion_name": "Latin America and the Caribbean", "umap_1d_x": -16.01722, "umap_2d_x": 36.973282, "umap_2d_y": -17.065361, "umap_3d_x": 46.116096, "umap_3d_y": -11.190536, "umap_3d_z": 13.057049, "tsne_1d_x": 64.219315, "tsne_2d_x": 30.399414, "tsne_2d_y": 26.984032, "tsne_3d_x": -8.9254189, "tsne_3d_y": -20.191204, "tsne_3d_z": -38.970024, "grid_umap_1d_x": 201.0, "grid_umap_2d_x": 23.0, "grid_umap_2d_y": 13.0, "grid_umap_3d_x": 9.0, "grid_umap_3d_y": 5.0, "grid_umap_3d_z": 2.0, "grid_tsne_1d_x": 201.0, "grid_tsne_2d_x": 28.0, "grid_tsne_2d_y": 26.0, "grid_tsne_3d_x": 4.0, "grid_tsne_3d_y": 5.0, "grid_tsne_3d_z": 1.0, "patch_file_embed": "patch_0201_embed.png", "patch_file_rgb": "patch_0201_rgb.png" }, "geometry": { "type": "Point", "coordinates": [ -62.634392349789479, -24.545056270691752 ] } },
{ "type": "Feature", "properties": { "index": 202, "lon": 45.319804994337318, "lat": 9.7368342047976171, "classification": 30, "subregion_name": "Unknown", "umap_1d_x": 2.5108938, "umap_2d_x": 8.0397377, "umap_2d_y": 9.7325439, "umap_3d_x": 9.6833992, "umap_3d_y": 16.742012, "umap_3d_z": 49.698837, "tsne_1d_x": 27.051386, "tsne_2d_x": 14.260956, "tsne_2d_y": 2.5009346, "tsne_3d_x": -14.705471, "tsne_3d_y": -37.985783, "tsne_3d_z": 19.355812, "grid_umap_1d_x": 202.0, "grid_umap_2d_x": 12.0, "grid_umap_2d_y": 11.0, "grid_umap_3d_x": 4.0, "grid_umap_3d_y": 4.0, "grid_umap_3d_z": 7.0, "grid_tsne_1d_x": 202.0, "grid_tsne_2d_x": 16.0, "grid_tsne_2d_y": 10.0, "grid_tsne_3d_x": 4.0, "grid_tsne_3d_y": 4.0, "grid_tsne_3d_z": 5.0, "patch_file_embed": "patch_0202_embed.png", "patch_file_rgb": "patch_0202_rgb.png" }, "geometry": { "type": "Point", "coordinates": [ 45.319804994337318, 9.736834204797617 ] } },
{ "type": "Feature", "properties": { "index": 203, "lon": 17.970694223759409, "lat": 9.9676061273905106, "classification": 114, "subregion_name": "Sub-Saharan Africa", "umap_1d_x": -2.2681599, "umap_2d_x": 10.25523, "umap_2d_y": 25.69429, "umap_3d_x": 9.454567, "umap_3d_y": 31.815201, "umap_3d_z": 34.109818, "tsne_1d_x": 22.364216, "tsne_2d_x": 15.508133, "tsne_2d_y": -14.57769, "tsne_3d_x": 11.211853, "tsne_3d_y": -44.01218, "tsne_3d_z": 18.597763, "grid_umap_1d_x": 203.0, "grid_umap_2d_x": 13.0, "grid_umap_2d_y": 25.0, "grid_umap_3d_x": 9.0, "grid_umap_3d_y": 7.0, "grid_umap_3d_z": 7.0, "grid_tsne_1d_x": 203.0, "grid_tsne_2d_x": 18.0, "grid_tsne_2d_y": 4.0, "grid_tsne_3d_x": 5.0, "grid_tsne_3d_y": 0.0, "grid_tsne_3d_z": 6.0, "patch_file_embed": "patch_0203_embed.png", "patch_file_rgb": "patch_0203_rgb.png" }, "geometry": { "type": "Point", "coordinates": [ 17.970694223759409, 9.967606127390511 ] } },
{ "type": "Feature", "properties": { "index": 204, "lon": 116.97477984078517, "lat": 4.8577761631195671, "classification": 112, "subregion_name": "South-eastern Asia", "umap_1d_x": -5.5927372, "umap_2d_x": 27.473465, "umap_2d_y": 34.74807, "umap_3d_x": 21.881119, "umap_3d_y": 36.362267, "umap_3d_z": 8.551239, "tsne_1d_x": 33.117237, "tsne_2d_x": 31.594505, "tsne_2d_y": -24.832466, "tsne_3d_x": 29.66394, "tsne_3d_y": -26.87575, "tsne_3d_z": -12.504814, "grid_umap_1d_x": 204.0, "grid_umap_2d_x": 25.0, "grid_umap_2d_y": 29.0, "grid_umap_3d_x": 8.0, "grid_umap_3d_y": 7.0, "grid_umap_3d_z": 4.0, "grid_tsne_1d_x": 204.0, "grid_tsne_2d_x": 23.0, "grid_tsne_2d_y": 9.0, "grid_tsne_3d_x": 9.0, "grid_tsne_3d_y": 2.0, "grid_tsne_3d_z": 2.0, "patch_file_embed": "patch_0204_embed.png", "patch_file_rgb": "patch_0204_rgb.png" }, "geometry": { "type": "Point", "coordinates": [ 116.974779840785175, 4.857776163119567 ] } },
{ "type": "Feature", "properties": { "index": 205, "lon": 70.438885729816633, "lat": 22.607629320200289, "classification": 40, "subregion_name": "Southern Asia", "umap_1d_x": 0.14611733, "umap_2d_x": 5.9533463, "umap_2d_y": 42.76886, "umap_3d_x": 2.38731, "umap_3d_y": 41.771523, "umap_3d_z": 30.497513, "tsne_1d_x": 15.467976, "tsne_2d_x": 11.407059, "tsne_2d_y": -40.765835, "tsne_3d_x": 22.734108, "tsne_3d_y": -33.253746, "tsne_3d_z": 30.110558, "grid_umap_1d_x": 205.0, "grid_umap_2d_x": 17.0, "grid_umap_2d_y": 29.0, "grid_umap_3d_x": 2.0, "grid_umap_3d_y": 8.0, "grid_umap_3d_z": 8.0, "grid_tsne_1d_x": 205.0, "grid_tsne_2d_x": 19.0, "grid_tsne_2d_y": 17.0, "grid_tsne_3d_x": 6.0, "grid_tsne_3d_y": 4.0, "grid_tsne_3d_z": 7.0, "patch_file_embed": "patch_0205_embed.png", "patch_file_rgb": "patch_0205_rgb.png" }, "geometry": { "type": "Point", "coordinates": [ 70.438885729816633, 22.607629320200289 ] } },
{ "type": "Feature", "properties": { "index": 206, "lon": 82.031406689111975, "lat": 64.084499288198927, "classification": 111, "subregion_name": "Eastern Europe", "umap_1d_x": 15.890955, "umap_2d_x": -41.638371, "umap_2d_y": 6.0098991, "umap_3d_x": -48.686493, "umap_3d_y": 13.672359, "umap_3d_z": -18.203331, "tsne_1d_x": -45.896255, "tsne_2d_x": -36.94088, "tsne_2d_y": 2.0362968, "tsne_3d_x": -5.2834625, "tsne_3d_y": 40.226746, "tsne_3d_z": 11.870384, "grid_umap_1d_x": 206.0, "grid_umap_2d_x": 6.0, "grid_umap_2d_y": 17.0, "grid_umap_3d_x": 2.0, "grid_umap_3d_y": 6.0, "grid_umap_3d_z": 3.0, "grid_tsne_1d_x": 206.0, "grid_tsne_2d_x": 9.0, "grid_tsne_2d_y": 16.0, "grid_tsne_3d_x": 4.0, "grid_tsne_3d_y": 9.0, "grid_tsne_3d_z": 3.0, "patch_file_embed": "patch_0206_embed.png", "patch_file_rgb": "patch_0206_rgb.png" }, "geometry": { "type": "Point", "coordinates": [ 82.031406689111975, 64.084499288198927 ] } },
{ "type": "Feature", "properties": { "index": 207, "lon": 103.03696420820376, "lat": 18.158472206750417, "classification": 40, "subregion_name": "South-eastern Asia", "umap_1d_x": 0.45489496, "umap_2d_x": 8.4039345, "umap_2d_y": 42.75753, "umap_3d_x": 4.4152069, "umap_3d_y": 45.987961, "umap_3d_z": 26.8666, "tsne_1d_x": 16.533367, "tsne_2d_x": 16.085037, "tsne_2d_y": -37.827126, "tsne_3d_x": 31.317001, "tsne_3d_y": -34.755974, "tsne_3d_z": 21.773132, "grid_umap_1d_x": 207.0, "grid_umap_2d_x": 22.0, "grid_umap_2d_y": 24.0, "grid_umap_3d_x": 5.0, "grid_umap_3d_y": 7.0, "grid_umap_3d_z": 5.0, "grid_tsne_1d_x": 207.0, "grid_tsne_2d_x": 20.0, "grid_tsne_2d_y": 3.0, "grid_tsne_3d_x": 10.0, "grid_tsne_3d_y": 0.0, "grid_tsne_3d_z": 7.0, "patch_file_embed": "patch_0207_embed.png", "patch_file_rgb": "patch_0207_rgb.png" }, "geometry": { "type": "Point", "coordinates": [ 103.036964208203756, 18.158472206750417 ] } },
{ "type": "Feature", "properties": { "index": 208, "lon": 48.327356555459204, "lat": 61.82011398131047, "classification": 114, "subregion_name": "Eastern Europe", "umap_1d_x": 15.104497, "umap_2d_x": -31.911682, "umap_2d_y": -7.7704086, "umap_3d_x": -42.570232, "umap_3d_y": -7.616703, "umap_3d_z": -10.129269, "tsne_1d_x": -30.838865, "tsne_2d_x": -26.610321, "tsne_2d_y": -5.1551971, "tsne_3d_x": -24.237665, "tsne_3d_y": 25.860229, "tsne_3d_z": 9.5527954, "grid_umap_1d_x": 208.0, "grid_umap_2d_x": 2.0, "grid_umap_2d_y": 4.0, "grid_umap_3d_x": 2.0, "grid_umap_3d_y": 2.0, "grid_umap_3d_z": 4.0, "grid_tsne_1d_x": 208.0, "grid_tsne_2d_x": 13.0, "grid_tsne_2d_y": 14.0, "grid_tsne_3d_x": 0.0, "grid_tsne_3d_y": 9.0, "grid_tsne_3d_z": 4.0, "patch_file_embed": "patch_0208_embed.png", "patch_file_rgb": "patch_0208_rgb.png" }, "geometry": { "type": "Point", "coordinates": [ 48.327356555459204, 61.82011398131047 ] } },
{ "type": "Feature", "properties": { "index": 209, "lon": 128.43391020941851, "lat": 51.356573803740218, "classification": 30, "subregion_name": "Eastern Europe", "umap_1d_x": 12.39908, "umap_2d_x": -34.057327, "umap_2d_y": 17.245369, "umap_3d_x": -39.845085, "umap_3d_y": 14.514389, "umap_3d_z": -14.798962, "tsne_1d_x": -41.032154, "tsne_2d_x": -35.050133, "tsne_2d_y": -2.0156059, "tsne_3d_x": 23.599144, "tsne_3d_y": 21.061752, "tsne_3d_z": 6.7673187, "grid_umap_1d_x": 209.0, "grid_umap_2d_x": 2.0, "grid_umap_2d_y": 22.0, "grid_umap_3d_x": 4.0, "grid_umap_3d_y": 7.0, "grid_umap_3d_z": 4.0, "grid_tsne_1d_x": 209.0, "grid_tsne_2d_x": 7.0, "grid_tsne_2d_y": 14.0, "grid_tsne_3d_x": 10.0, "grid_tsne_3d_y": 9.0, "grid_tsne_3d_z": 3.0, "patch_file_embed": "patch_0209_embed.png", "patch_file_rgb": "patch_0209_rgb.png" }, "geometry": { "type": "Point", "coordinates": [ 128.433910209418514, 51.356573803740218 ] } },
{ "type": "Feature", "properties": { "index": 210, "lon": 98.27554435360031, "lat": 59.415513257914156, "classification": 111, "subregion_name": "Eastern Europe", "umap_1d_x": 14.485415, "umap_2d_x": -36.728821, "umap_2d_y": 6.5006065, "umap_3d_x": -46.832863, "umap_3d_y": 8.0265808, "umap_3d_z": -5.8458748, "tsne_1d_x": -37.97599, "tsne_2d_x": -33.727238, "tsne_2d_y": -12.696968, "tsne_3d_x": -5.5430069, "tsne_3d_y": 33.263924, "tsne_3d_z": 2.803421, "grid_umap_1d_x": 210.0, "grid_umap_2d_x": 7.0, "grid_umap_2d_y": 17.0, "grid_umap_3d_x": 1.0, "grid_umap_3d_y": 6.0, "grid_umap_3d_z": 5.0, "grid_tsne_1d_x": 210.0, "grid_tsne_2d_x": 5.0, "grid_tsne_2d_y": 9.0, "grid_tsne_3d_x": 4.0, "grid_tsne_3d_y": 9.0, "grid_tsne_3d_z": 2.0, "patch_file_embed": "patch_0210_embed.png", "patch_file_rgb": "patch_0210_rgb.png" }, "geometry": { "type": "Point", "coordinates": [ 98.27554435360031, 59.415513257914156 ] } },
{ "type": "Feature", "properties": { "index": 211, "lon": 89.753280474725273, "lat": 69.272094992929226, "classification": 90, "subregion_name": "Eastern Europe", "umap_1d_x": 18.231209, "umap_2d_x": -46.391434, "umap_2d_y": -11.305073, "umap_3d_x": -46.694, "umap_3d_y": 7.1874809, "umap_3d_z": -46.378742, "tsne_1d_x": -64.791878, "tsne_2d_x": -39.512478, "tsne_2d_y": 31.999275, "tsne_3d_x": -0.96655655, "tsne_3d_y": 26.560287, "tsne_3d_z": 41.79631, "grid_umap_1d_x": 211.0, "grid_umap_2d_x": 3.0, "grid_umap_2d_y": 5.0, "grid_umap_3d_x": 6.0, "grid_umap_3d_y": 5.0, "grid_umap_3d_z": 1.0, "grid_tsne_1d_x": 211.0, "grid_tsne_2d_x": 14.0, "grid_tsne_2d_y": 29.0, "grid_tsne_3d_x": 4.0, "grid_tsne_3d_y": 6.0, "grid_tsne_3d_z": 5.0, "patch_file_embed": "patch_0211_embed.png", "patch_file_rgb": "patch_0211_rgb.png" }, "geometry": { "type": "Point", "coordinates": [ 89.753280474725273, 69.272094992929226 ] } },
{ "type": "Feature", "properties": { "index": 212, "lon": 38.769653633130133, "lat": 14.710765269946805, "classification": 40, "subregion_name": "Sub-Saharan Africa", "umap_1d_x": -1.0542758, "umap_2d_x": 5.3389969, "umap_2d_y": 31.68541, "umap_3d_x": 4.4019508, "umap_3d_y": 32.298508, "umap_3d_z": 25.142349, "tsne_1d_x": 18.827436, "tsne_2d_x": 7.8680038, "tsne_2d_y": -18.504339, "tsne_3d_x": 8.0934067, "tsne_3d_y": -32.071091, "tsne_3d_z": 7.4543076, "grid_umap_1d_x": 212.0, "grid_umap_2d_x": 8.0, "grid_umap_2d_y": 30.0, "grid_umap_3d_x": 3.0, "grid_umap_3d_y": 7.0, "grid_umap_3d_z": 7.0, "grid_tsne_1d_x": 212.0, "grid_tsne_2d_x": 13.0, "grid_tsne_2d_y": 2.0, "grid_tsne_3d_x": 5.0, "grid_tsne_3d_y": 0.0, "grid_tsne_3d_z": 5.0, "patch_file_embed": "patch_0212_embed.png", "patch_file_rgb": "patch_0212_rgb.png" }, "geometry": { "type": "Point", "coordinates": [ 38.769653633130133, 14.710765269946805 ] } },
{ "type": "Feature", "properties": { "index": 213, "lon": 147.567527412488, "lat": 69.538321326669035, "classification": 90, "subregion_name": "Eastern Europe", "umap_1d_x": 18.534348, "umap_2d_x": -48.176041, "umap_2d_y": 7.0662804, "umap_3d_x": -49.460281, "umap_3d_y": 24.577744, "umap_3d_z": -35.098446, "tsne_1d_x": -67.766052, "tsne_2d_x": -44.882645, "tsne_2d_y": 11.915058, "tsne_3d_x": 16.092293, "tsne_3d_y": 44.096886, "tsne_3d_z": 23.581215, "grid_umap_1d_x": 213.0, "grid_umap_2d_x": 20.0, "grid_umap_2d_y": 21.0, "grid_umap_3d_x": 1.0, "grid_umap_3d_y": 10.0, "grid_umap_3d_z": 0.0, "grid_tsne_1d_x": 213.0, "grid_tsne_2d_x": 0.0, "grid_tsne_2d_y": 19.0, "grid_tsne_3d_x": 8.0, "grid_tsne_3d_y": 9.0, "grid_tsne_3d_z": 4.0, "patch_file_embed": "patch_0213_embed.png", "patch_file_rgb": "patch_0213_rgb.png" }, "geometry": { "type": "Point", "coordinates": [ 147.567527412488005, 69.538321326669035 ] } },
{ "type": "Feature", "properties": { "index": 214, "lon": 30.372450463090615, "lat": 14.479944731609891, "classification": 60, "subregion_name": "Northern Africa", "umap_1d_x": 2.3814261, "umap_2d_x": 8.2530861, "umap_2d_y": 11.142082, "umap_3d_x": 8.9642448, "umap_3d_y": 19.713249, "umap_3d_z": 49.625031, "tsne_1d_x": 26.473919, "tsne_2d_x": 15.265587, "tsne_2d_y": 1.0910912, "tsne_3d_x": -11.233646, "tsne_3d_y": -35.878006, "tsne_3d_z": 22.600861, "grid_umap_1d_x": 214.0, "grid_umap_2d_x": 18.0, "grid_umap_2d_y": 14.0, "grid_umap_3d_x": 3.0, "grid_umap_3d_y": 4.0, "grid_umap_3d_z": 8.0, "grid_tsne_1d_x": 214.0, "grid_tsne_2d_x": 16.0, "grid_tsne_2d_y": 6.0, "grid_tsne_3d_x": 3.0, "grid_tsne_3d_y": 2.0, "grid_tsne_3d_z": 7.0, "patch_file_embed": "patch_0214_embed.png", "patch_file_rgb": "patch_0214_rgb.png" }, "geometry": { "type": "Point", "coordinates": [ 30.372450463090615, 14.479944731609891 ] } },
{ "type": "Feature", "properties": { "index": 215, "lon": 88.507961889328215, "lat": 63.604282427557138, "classification": 116, "subregion_name": "Eastern Europe", "umap_1d_x": 15.125479, "umap_2d_x": -35.199505, "umap_2d_y": -3.0989761, "umap_3d_x": -47.31752, "umap_3d_y": -3.7341881, "umap_3d_z": -8.437027, "tsne_1d_x": -32.960846, "tsne_2d_x": -28.299818, "tsne_2d_y": -9.7086525, "tsne_3d_x": -12.046478, "tsne_3d_y": 34.558205, "tsne_3d_z": 7.4779625, "grid_umap_1d_x": 215.0, "grid_umap_2d_x": 1.0, "grid_umap_2d_y": 8.0, "grid_umap_3d_x": 3.0, "grid_umap_3d_y": 3.0, "grid_umap_3d_z": 5.0, "grid_tsne_1d_x": 215.0, "grid_tsne_2d_x": 7.0, "grid_tsne_2d_y": 10.0, "grid_tsne_3d_x": 3.0, "grid_tsne_3d_y": 9.0, "grid_tsne_3d_z": 3.0, "patch_file_embed": "patch_0215_embed.png", "patch_file_rgb": "patch_0215_rgb.png" }, "geometry": { "type": "Point", "coordinates": [ 88.507961889328215, 63.604282427557138 ] } },
{ "type": "Feature", "properties": { "index": 216, "lon": 172.01324354916716, "lat": 61.534740097111609, "classification": 30, "subregion_name": "Eastern Europe", "umap_1d_x": 19.608343, "umap_2d_x": -46.353577, "umap_2d_y": -1.2394829, "umap_3d_x": -47.449627, "umap_3d_y": 16.301308, "umap_3d_z": -39.210114, "tsne_1d_x": -74.502899, "tsne_2d_x": -50.0, "tsne_2d_y": 21.363258, "tsne_3d_x": -0.85620117, "tsne_3d_y": 47.964233, "tsne_3d_z": 36.643768, "grid_umap_1d_x": 216.0, "grid_umap_2d_x": 2.0, "grid_umap_2d_y": 12.0, "grid_umap_3d_x": 4.0, "grid_umap_3d_y": 6.0, "grid_umap_3d_z": 2.0, "grid_tsne_1d_x": 216.0, "grid_tsne_2d_x": 6.0, "grid_tsne_2d_y": 24.0, "grid_tsne_3d_x": 4.0, "grid_tsne_3d_y": 9.0, "grid_tsne_3d_z": 6.0, "patch_file_embed": "patch_0216_embed.png", "patch_file_rgb": "patch_0216_rgb.png" }, "geometry": { "type": "Point", "coordinates": [ 172.013243549167157, 61.534740097111609 ] } },
{ "type": "Feature", "properties": { "index": 217, "lon": 114.25591867549014, "lat": 53.359480938786689, "classification": 113, "subregion_name": "Eastern Europe", "umap_1d_x": 11.690502, "umap_2d_x": -34.209606, "umap_2d_y": 18.845833, "umap_3d_x": -40.975304, "umap_3d_y": 16.084412, "umap_3d_z": -27.037399, "tsne_1d_x": -41.962173, "tsne_2d_x": -21.108976, "tsne_2d_y": 24.324982, "tsne_3d_x": 28.562035, "tsne_3d_y": 16.313171, "tsne_3d_z": 20.080078, "grid_umap_1d_x": 217.0, "grid_umap_2d_x": 4.0, "grid_umap_2d_y": 23.0, "grid_umap_3d_x": 0.0, "grid_umap_3d_y": 7.0, "grid_umap_3d_z": 1.0, "grid_tsne_1d_x": 217.0, "grid_tsne_2d_x": 4.0, "grid_tsne_2d_y": 25.0, "grid_tsne_3d_x": 10.0, "grid_tsne_3d_y": 8.0, "grid_tsne_3d_z": 6.0, "patch_file_embed": "patch_0217_embed.png", "patch_file_rgb": "patch_0217_rgb.png" }, "geometry": { "type": "Point", "coordinates": [ 114.255918675490136, 53.359480938786689 ] } },
{ "type": "Feature", "properties": { "index": 218, "lon": 107.30937143006713, "lat": 34.710013459149366, "classification": 114, "subregion_name": "Unknown", "umap_1d_x": 4.8822322, "umap_2d_x": -10.082939, "umap_2d_y": 31.61544, "umap_3d_x": -9.0380936, "umap_3d_y": 26.217972, "umap_3d_z": -3.5989952, "tsne_1d_x": 4.3322587, "tsne_2d_x": -5.4742775, "tsne_2d_y": -34.34866, "tsne_3d_x": 41.264519, "tsne_3d_y": -3.2055473, "tsne_3d_z": 1.7629395, "grid_umap_1d_x": 218.0, "grid_umap_2d_x": 3.0, "grid_umap_2d_y": 28.0, "grid_umap_3d_x": 3.0, "grid_umap_3d_y": 10.0, "grid_umap_3d_z": 2.0, "grid_tsne_1d_x": 218.0, "grid_tsne_2d_x": 11.0, "grid_tsne_2d_y": 4.0, "grid_tsne_3d_x": 8.0, "grid_tsne_3d_y": 7.0, "grid_tsne_3d_z": 3.0, "patch_file_embed": "patch_0218_embed.png", "patch_file_rgb": "patch_0218_rgb.png" }, "geometry": { "type": "Point", "coordinates": [ 107.309371430067131, 34.710013459149366 ] } },
{ "type": "Feature", "properties": { "index": 219, "lon": 149.59874128505339, "lat": 62.582954340283905, "classification": 126, "subregion_name": "Eastern Europe", "umap_1d_x": 19.416401, "umap_2d_x": -45.750854, "umap_2d_y": -0.51806259, "umap_3d_x": -47.575817, "umap_3d_y": 16.827171, "umap_3d_z": -36.205055, "tsne_1d_x": -66.187401, "tsne_2d_x": -48.983685, "tsne_2d_y": 17.067009, "tsne_3d_x": 1.647789, "tsne_3d_y": 45.547386, "tsne_3d_z": 28.926292, "grid_umap_1d_x": 219.0, "grid_umap_2d_x": 7.0, "grid_umap_2d_y": 14.0, "grid_umap_3d_x": 2.0, "grid_umap_3d_y": 7.0, "grid_umap_3d_z": 1.0, "grid_tsne_1d_x": 219.0, "grid_tsne_2d_x": 2.0, "grid_tsne_2d_y": 22.0, "grid_tsne_3d_x": 5.0, "grid_tsne_3d_y": 8.0, "grid_tsne_3d_z": 4.0, "patch_file_embed": "patch_0219_embed.png", "patch_file_rgb": "patch_0219_rgb.png" }, "geometry": { "type": "Point", "coordinates": [ 149.598741285053393, 62.582954340283905 ] } },
{ "type": "Feature", "properties": { "index": 220, "lon": 48.323653392970556, "lat": 60.628587544392971, "classification": 111, "subregion_name": "Eastern Europe", "umap_1d_x": 14.735353, "umap_2d_x": -30.839664, "umap_2d_y": -4.551239, "umap_3d_x": -43.850121, "umap_3d_y": -9.8884506, "umap_3d_z": -3.106411, "tsne_1d_x": -31.78108, "tsne_2d_x": -23.723625, "tsne_2d_y": -13.694477, "tsne_3d_x": -22.716089, "tsne_3d_y": 28.967514, "tsne_3d_z": -1.9754601, "grid_umap_1d_x": 220.0, "grid_umap_2d_x": 21.0, "grid_umap_2d_y": 12.0, "grid_umap_3d_x": 2.0, "grid_umap_3d_y": 1.0, "grid_umap_3d_z": 6.0, "grid_tsne_1d_x": 220.0, "grid_tsne_2d_x": 0.0, "grid_tsne_2d_y": 2.0, "grid_tsne_3d_x": 0.0, "grid_tsne_3d_y": 10.0, "grid_tsne_3d_z": 1.0, "patch_file_embed": "patch_0220_embed.png", "patch_file_rgb": "patch_0220_rgb.png" }, "geometry": { "type": "Point", "coordinates": [ 48.323653392970556, 60.628587544392971 ] } },
{ "type": "Feature", "properties": { "index": 221, "lon": 161.67427643038792, "lat": 61.424830510910709, "classification": 116, "subregion_name": "Eastern Europe", "umap_1d_x": 19.454102, "umap_2d_x": -45.939484, "umap_2d_y": -0.36824417, "umap_3d_x": -47.912521, "umap_3d_y": 15.664093, "umap_3d_z": -36.386528, "tsne_1d_x": -74.512489, "tsne_2d_x": -49.608585, "tsne_2d_y": 20.230171, "tsne_3d_x": -0.57666779, "tsne_3d_y": 46.941589, "tsne_3d_z": 34.864235, "grid_umap_1d_x": 221.0, "grid_umap_2d_x": 6.0, "grid_umap_2d_y": 14.0, "grid_umap_3d_x": 3.0, "grid_umap_3d_y": 6.0, "grid_umap_3d_z": 2.0, "grid_tsne_1d_x": 221.0, "grid_tsne_2d_x": 15.0, "grid_tsne_2d_y": 24.0, "grid_tsne_3d_x": 4.0, "grid_tsne_3d_y": 8.0, "grid_tsne_3d_z": 5.0, "patch_file_embed": "patch_0221_embed.png", "patch_file_rgb": "patch_0221_rgb.png" }, "geometry": { "type": "Point", "coordinates": [ 161.67427643038792, 61.424830510910709 ] } },
{ "type": "Feature", "properties": { "index": 222, "lon": 39.009299649572313, "lat": 36.009260980955915, "classification": 40, "subregion_name": "Western Asia", "umap_1d_x": 6.2045527, "umap_2d_x": -12.298874, "umap_2d_y": 6.3925323, "umap_3d_x": -19.408792, "umap_3d_y": 2.3619576, "umap_3d_z": 9.1724625, "tsne_1d_x": -1.5325893, "tsne_2d_x": 6.4387016, "tsne_2d_y": 16.062721, "tsne_3d_x": -20.694668, "tsne_3d_y": -16.797974, "tsne_3d_z": 19.471138, "grid_umap_1d_x": 222.0, "grid_umap_2d_x": 11.0, "grid_umap_2d_y": 13.0, "grid_umap_3d_x": 3.0, "grid_umap_3d_y": 4.0, "grid_umap_3d_z": 7.0, "grid_tsne_1d_x": 222.0, "grid_tsne_2d_x": 20.0, "grid_tsne_2d_y": 20.0, "grid_tsne_3d_x": 1.0, "grid_tsne_3d_y": 2.0, "grid_tsne_3d_z": 7.0, "patch_file_embed": "patch_0222_embed.png", "patch_file_rgb": "patch_0222_rgb.png" }, "geometry": { "type": "Point", "coordinates": [ 39.009299649572313, 36.009260980955915 ] } },
{ "type": "Feature", "properties": { "index": 223, "lon": -75.894360548989013, "lat": 41.351440240658604, "classification": 114, "subregion_name": "Unknown", "umap_1d_x": 9.9059525, "umap_2d_x": -24.327465, "umap_2d_y": 15.357384, "umap_3d_x": -24.04056, "umap_3d_y": 4.9979095, "umap_3d_z": -26.140312, "tsne_1d_x": -13.800623, "tsne_2d_x": -7.657711, "tsne_2d_y": -3.5535126, "tsne_3d_x": 13.744438, "tsne_3d_y": 6.4693642, "tsne_3d_z": -4.2976456, "grid_umap_1d_x": 223.0, "grid_umap_2d_x": 17.0, "grid_umap_2d_y": 22.0, "grid_umap_3d_x": 5.0, "grid_umap_3d_y": 4.0, "grid_umap_3d_z": 0.0, "grid_tsne_1d_x": 223.0, "grid_tsne_2d_x": 5.0, "grid_tsne_2d_y": 5.0, "grid_tsne_3d_x": 10.0, "grid_tsne_3d_y": 7.0, "grid_tsne_3d_z": 0.0, "patch_file_embed": "patch_0223_embed.png", "patch_file_rgb": "patch_0223_rgb.png" }, "geometry": { "type": "Point", "coordinates": [ -75.894360548989013, 41.351440240658604 ] } },
{ "type": "Feature", "properties": { "index": 224, "lon": 84.912914424359712, "lat": 49.80597821511347, "classification": 111, "subregion_name": "Unknown", "umap_1d_x": 15.399716, "umap_2d_x": -38.478462, "umap_2d_y": 4.7088089, "umap_3d_x": -44.520397, "umap_3d_y": 7.052124, "umap_3d_z": -17.133545, "tsne_1d_x": -42.072254, "tsne_2d_x": -27.149166, "tsne_2d_y": 0.77938461, "tsne_3d_x": -8.6490707, "tsne_3d_y": 8.0606918, "tsne_3d_z": 5.8751106, "grid_umap_1d_x": 224.0, "grid_umap_2d_x": 7.0, "grid_umap_2d_y": 16.0, "grid_umap_3d_x": 2.0, "grid_umap_3d_y": 5.0, "grid_umap_3d_z": 3.0, "grid_tsne_1d_x": 224.0, "grid_tsne_2d_x": 10.0, "grid_tsne_2d_y": 15.0, "grid_tsne_3d_x": 0.0, "grid_tsne_3d_y": 7.0, "grid_tsne_3d_z": 5.0, "patch_file_embed": "patch_0224_embed.png", "patch_file_rgb": "patch_0224_rgb.png" }, "geometry": { "type": "Point", "coordinates": [ 84.912914424359712, 49.80597821511347 ] } },
{ "type": "Feature", "properties": { "index": 225, "lon": 111.90409739074988, "lat": 69.369130817157043, "classification": 126, "subregion_name": "Eastern Europe", "umap_1d_x": 19.369194, "umap_2d_x": -49.610329, "umap_2d_y": -3.092907, "umap_3d_x": -47.513344, "umap_3d_y": 21.35936, "umap_3d_z": -47.693932, "tsne_1d_x": -71.136414, "tsne_2d_x": -44.255127, "tsne_2d_y": 25.891609, "tsne_3d_x": 16.345215, "tsne_3d_y": 40.527527, "tsne_3d_z": 39.734222, "grid_umap_1d_x": 225.0, "grid_umap_2d_x": 5.0, "grid_umap_2d_y": 12.0, "grid_umap_3d_x": 6.0, "grid_umap_3d_y": 9.0, "grid_umap_3d_z": 0.0, "grid_tsne_1d_x": 225.0, "grid_tsne_2d_x": 12.0, "grid_tsne_2d_y": 27.0, "grid_tsne_3d_x": 8.0, "grid_tsne_3d_y": 10.0, "grid_tsne_3d_z": 7.0, "patch_file_embed": "patch_0225_embed.png", "patch_file_rgb": "patch_0225_rgb.png" }, "geometry": { "type": "Point", "coordinates": [ 111.904097390749882, 69.369130817157043 ] } },
{ "type": "Feature", "properties": { "index": 226, "lon": -114.84187696738601, "lat": 57.045473476050688, "classification": 20, "subregion_name": "Northern America", "umap_1d_x": 16.840658, "umap_2d_x": -39.291229, "umap_2d_y": -5.5907974, "umap_3d_x": -47.987633, "umap_3d_y": -0.2311058, "umap_3d_z": -26.639814, "tsne_1d_x": -51.772083, "tsne_2d_x": -31.053766, "tsne_2d_y": 10.708767, "tsne_3d_x": -4.8522797, "tsne_3d_y": 17.007202, "tsne_3d_z": 17.143768, "grid_umap_1d_x": 226.0, "grid_umap_2d_x": 13.0, "grid_umap_2d_y": 11.0, "grid_umap_3d_x": 2.0, "grid_umap_3d_y": 3.0, "grid_umap_3d_z": 2.0, "grid_tsne_1d_x": 226.0, "grid_tsne_2d_x": 9.0, "grid_tsne_2d_y": 19.0, "grid_tsne_3d_x": 2.0, "grid_tsne_3d_y": 8.0, "grid_tsne_3d_z": 6.0, "patch_file_embed": "patch_0226_embed.png", "patch_file_rgb": "patch_0226_rgb.png" }, "geometry": { "type": "Point", "coordinates": [ -114.841876967386014, 57.045473476050688 ] } },
{ "type": "Feature", "properties": { "index": 227, "lon": -106.16898459096757, "lat": 23.47125812545417, "classification": 114, "subregion_name": "Latin America and the Caribbean", "umap_1d_x": -0.51068175, "umap_2d_x": 2.8228569, "umap_2d_y": 35.394585, "umap_3d_x": 2.9467506, "umap_3d_y": 35.292473, "umap_3d_z": 18.832016, "tsne_1d_x": 10.616924, "tsne_2d_x": 9.2458801, "tsne_2d_y": -29.581062, "tsne_3d_x": 16.656822, "tsne_3d_y": -23.695036, "tsne_3d_z": 11.674099, "grid_umap_1d_x": 227.0, "grid_umap_2d_x": 11.0, "grid_umap_2d_y": 30.0, "grid_umap_3d_x": 4.0, "grid_umap_3d_y": 9.0, "grid_umap_3d_z": 5.0, "grid_tsne_1d_x": 227.0, "grid_tsne_2d_x": 16.0, "grid_tsne_2d_y": 8.0, "grid_tsne_3d_x": 7.0, "grid_tsne_3d_y": 2.0, "grid_tsne_3d_z": 5.0, "patch_file_embed": "patch_0227_embed.png", "patch_file_rgb": "patch_0227_rgb.png" }, "geometry": { "type": "Point", "coordinates": [ -106.168984590967568, 23.47125812545417 ] } },
{ "type": "Feature", "properties": { "index": 228, "lon": -78.649156493285673, "lat": 53.917955224672198, "classification": 20, "subregion_name": "Northern America", "umap_1d_x": 17.347816, "umap_2d_x": -40.74614, "umap_2d_y": -14.739952, "umap_3d_x": -46.301403, "umap_3d_y": -2.9181328, "umap_3d_z": -38.107635, "tsne_1d_x": -56.039764, "tsne_2d_x": -29.100307, "tsne_2d_y": 24.662857, "tsne_3d_x": -9.1294098, "tsne_3d_y": 19.659409, "tsne_3d_z": 32.098953, "grid_umap_1d_x": 228.0, "grid_umap_2d_x": 0.0, "grid_umap_2d_y": 1.0, "grid_umap_3d_x": 4.0, "grid_umap_3d_y": 2.0, "grid_umap_3d_z": 1.0, "grid_tsne_1d_x": 228.0, "grid_tsne_2d_x": 11.0, "grid_tsne_2d_y": 26.0, "grid_tsne_3d_x": 2.0, "grid_tsne_3d_y": 7.0, "grid_tsne_3d_z": 8.0, "patch_file_embed": "patch_0228_embed.png", "patch_file_rgb": "patch_0228_rgb.png" }, "geometry": { "type": "Point", "coordinates": [ -78.649156493285673, 53.917955224672198 ] } },
{ "type": "Feature", "properties": { "index": 229, "lon": 29.38518932791817, "lat": 12.073600803467457, "classification": 20, "subregion_name": "Northern Africa", "umap_1d_x": 1.9505748, "umap_2d_x": 9.9136353, "umap_2d_y": 16.028122, "umap_3d_x": 8.686882, "umap_3d_y": 27.017418, "umap_3d_z": 45.685616, "tsne_1d_x": 25.205412, "tsne_2d_x": 16.609695, "tsne_2d_y": -4.4547424, "tsne_3d_x": -1.3049622, "tsne_3d_y": -38.894093, "tsne_3d_z": 23.992371, "grid_umap_1d_x": 229.0, "grid_umap_2d_x": 21.0, "grid_umap_2d_y": 19.0, "grid_umap_3d_x": 5.0, "grid_umap_3d_y": 5.0, "grid_umap_3d_z": 6.0, "grid_tsne_1d_x": 229.0, "grid_tsne_2d_x": 19.0, "grid_tsne_2d_y": 14.0, "grid_tsne_3d_x": 4.0, "grid_tsne_3d_y": 3.0, "grid_tsne_3d_z": 6.0, "patch_file_embed": "patch_0229_embed.png", "patch_file_rgb": "patch_0229_rgb.png" }, "geometry": { "type": "Point", "coordinates": [ 29.38518932791817, 12.073600803467457 ] } },
{ "type": "Feature", "properties": { "index": 230, "lon": -93.597508927855642, "lat": 58.592601051353839, "classification": 121, "subregion_name": "Northern America", "umap_1d_x": 16.547491, "umap_2d_x": -41.244202, "umap_2d_y": -7.9831619, "umap_3d_x": -48.016338, "umap_3d_y": 1.9669304, "umap_3d_z": -32.724564, "tsne_1d_x": -46.521378, "tsne_2d_x": -36.172062, "tsne_2d_y": 8.076088, "tsne_3d_x": -1.8808022, "tsne_3d_y": 33.616707, "tsne_3d_z": 19.747421, "grid_umap_1d_x": 230.0, "grid_umap_2d_x": 18.0, "grid_umap_2d_y": 11.0, "grid_umap_3d_x": 5.0, "grid_umap_3d_y": 4.0, "grid_umap_3d_z": 3.0, "grid_tsne_1d_x": 230.0, "grid_tsne_2d_x": 3.0, "grid_tsne_2d_y": 17.0, "grid_tsne_3d_x": 4.0, "grid_tsne_3d_y": 8.0, "grid_tsne_3d_z": 4.0, "patch_file_embed": "patch_0230_embed.png", "patch_file_rgb": "patch_0230_rgb.png" }, "geometry": { "type": "Point", "coordinates": [ -93.597508927855642, 58.592601051353839 ] } },
{ "type": "Feature", "properties": { "index": 231, "lon": -129.39770605543549, "lat": 64.586834836508473, "classification": 60, "subregion_name": "Northern America", "umap_1d_x": 19.59409, "umap_2d_x": -47.259876, "umap_2d_y": -5.3155289, "umap_3d_x": -45.276714, "umap_3d_y": 19.235062, "umap_3d_z": -44.26823, "tsne_1d_x": -75.065521, "tsne_2d_x": -46.984543, "tsne_2d_y": 31.356598, "tsne_3d_x": 10.851276, "tsne_3d_y": 44.367828, "tsne_3d_z": 50.0, "grid_umap_1d_x": 231.0, "grid_umap_2d_x": 10.0, "grid_umap_2d_y": 11.0, "grid_umap_3d_x": 5.0, "grid_umap_3d_y": 7.0, "grid_umap_3d_z": 0.0, "grid_tsne_1d_x": 231.0, "grid_tsne_2d_x": 5.0, "grid_tsne_2d_y": 29.0, "grid_tsne_3d_x": 6.0, "grid_tsne_3d_y": 8.0, "grid_tsne_3d_z": 6.0, "patch_file_embed": "patch_0231_embed.png", "patch_file_rgb": "patch_0231_rgb.png" }, "geometry": { "type": "Point", "coordinates": [ -129.397706055435492, 64.586834836508473 ] } },
{ "type": "Feature", "properties": { "index": 232, "lon": 119.8448992985783, "lat": 56.044398767858894, "classification": 113, "subregion_name": "Eastern Europe", "umap_1d_x": 18.997572, "umap_2d_x": -46.682766, "umap_2d_y": 1.5505028, "umap_3d_x": -47.442348, "umap_3d_y": 18.672874, "umap_3d_z": -35.729118, "tsne_1d_x": -65.985756, "tsne_2d_x": -47.966839, "tsne_2d_y": 15.491493, "tsne_3d_x": 1.0652771, "tsne_3d_y": 40.873192, "tsne_3d_z": 27.068329, "grid_umap_1d_x": 232.0, "grid_umap_2d_x": 1.0, "grid_umap_2d_y": 14.0, "grid_umap_3d_x": 3.0, "grid_umap_3d_y": 7.0, "grid_umap_3d_z": 2.0, "grid_tsne_1d_x": 232.0, "grid_tsne_2d_x": 3.0, "grid_tsne_2d_y": 21.0, "grid_tsne_3d_x": 5.0, "grid_tsne_3d_y": 9.0, "grid_tsne_3d_z": 5.0, "patch_file_embed": "patch_0232_embed.png", "patch_file_rgb": "patch_0232_rgb.png" }, "geometry": { "type": "Point", "coordinates": [ 119.844899298578298, 56.044398767858894 ] } },
{ "type": "Feature", "properties": { "index": 233, "lon": 118.6875760066946, "lat": -24.601885665912128, "classification": 20, "subregion_name": "Unknown", "umap_1d_x": -20.480536, "umap_2d_x": 41.36171, "umap_2d_y": -47.989227, "umap_3d_x": 49.766396, "umap_3d_y": -48.586304, "umap_3d_z": 22.59169, "tsne_1d_x": 81.588547, "tsne_2d_x": 41.715706, "tsne_2d_y": 40.788712, "tsne_3d_x": -46.709377, "tsne_3d_y": -18.484667, "tsne_3d_z": -27.219728, "grid_umap_1d_x": 233.0, "grid_umap_2d_x": 21.0, "grid_umap_2d_y": 5.0, "grid_umap_3d_x": 7.0, "grid_umap_3d_y": 1.0, "grid_umap_3d_z": 2.0, "grid_tsne_1d_x": 233.0, "grid_tsne_2d_x": 24.0, "grid_tsne_2d_y": 25.0, "grid_tsne_3d_x": 2.0, "grid_tsne_3d_y": 6.0, "grid_tsne_3d_z": 2.0, "patch_file_embed": "patch_0233_embed.png", "patch_file_rgb": "patch_0233_rgb.png" }, "geometry": { "type": "Point", "coordinates": [ 118.687576006694599, -24.601885665912128 ] } },
{ "type": "Feature", "properties": { "index": 234, "lon": -158.87442733408145, "lat": 61.814762051738668, "classification": 111, "subregion_name": "Unknown", "umap_1d_x": 15.225183, "umap_2d_x": -32.034264, "umap_2d_y": -8.5622177, "umap_3d_x": -42.497261, "umap_3d_y": -8.0618935, "umap_3d_z": -11.301395, "tsne_1d_x": -30.469273, "tsne_2d_x": -24.992311, "tsne_2d_y": -2.8672104, "tsne_3d_x": -29.919769, "tsne_3d_y": 28.540558, "tsne_3d_z": 10.71328, "grid_umap_1d_x": 234.0, "grid_umap_2d_x": 15.0, "grid_umap_2d_y": 8.0, "grid_umap_3d_x": 1.0, "grid_umap_3d_y": 1.0, "grid_umap_3d_z": 3.0, "grid_tsne_1d_x": 234.0, "grid_tsne_2d_x": 12.0, "grid_tsne_2d_y": 14.0, "grid_tsne_3d_x": 2.0, "grid_tsne_3d_y": 7.0, "grid_tsne_3d_z": 4.0, "patch_file_embed": "patch_0234_embed.png", "patch_file_rgb": "patch_0234_rgb.png" }, "geometry": { "type": "Point", "coordinates": [ -158.874427334081446, 61.814762051738668 ] } },
{ "type": "Feature", "properties": { "index": 235, "lon": -81.841807724507262, "lat": 38.410952920492093, "classification": 114, "subregion_name": "Unknown", "umap_1d_x": 9.8678503, "umap_2d_x": -24.271027, "umap_2d_y": 14.637749, "umap_3d_x": -23.231506, "umap_3d_y": 4.807312, "umap_3d_z": -25.205677, "tsne_1d_x": -13.53277, "tsne_2d_x": -6.3438492, "tsne_2d_y": -5.291893, "tsne_3d_x": 11.835575, "tsne_3d_y": 4.0375175, "tsne_3d_z": -8.0765457, "grid_umap_1d_x": 235.0, "grid_umap_2d_x": 3.0, "grid_umap_2d_y": 19.0, "grid_umap_3d_x": 6.0, "grid_umap_3d_y": 4.0, "grid_umap_3d_z": 1.0, "grid_tsne_1d_x": 235.0, "grid_tsne_2d_x": 1.0, "grid_tsne_2d_y": 0.0, "grid_tsne_3d_x": 8.0, "grid_tsne_3d_y": 8.0, "grid_tsne_3d_z": 0.0, "patch_file_embed": "patch_0235_embed.png", "patch_file_rgb": "patch_0235_rgb.png" }, "geometry": { "type": "Point", "coordinates": [ -81.841807724507262, 38.410952920492093 ] } },
{ "type": "Feature", "properties": { "index": 236, "lon": 85.738025655412628, "lat": 23.889307662572108, "classification": 40, "subregion_name": "Southern Asia", "umap_1d_x": -0.040588599, "umap_2d_x": 5.1155624, "umap_2d_y": 40.19986, "umap_3d_x": 2.7434158, "umap_3d_y": 38.883034, "umap_3d_z": 27.044258, "tsne_1d_x": 14.687695, "tsne_2d_x": 11.949886, "tsne_2d_y": -36.23045, "tsne_3d_x": 21.854507, "tsne_3d_y": -27.104504, "tsne_3d_z": 22.602119, "grid_umap_1d_x": 236.0, "grid_umap_2d_x": 17.0, "grid_umap_2d_y": 27.0, "grid_umap_3d_x": 3.0, "grid_umap_3d_y": 10.0, "grid_umap_3d_z": 8.0, "grid_tsne_1d_x": 236.0, "grid_tsne_2d_x": 17.0, "grid_tsne_2d_y": 3.0, "grid_tsne_3d_x": 8.0, "grid_tsne_3d_y": 2.0, "grid_tsne_3d_z": 7.0, "patch_file_embed": "patch_0236_embed.png", "patch_file_rgb": "patch_0236_rgb.png" }, "geometry": { "type": "Point", "coordinates": [ 85.738025655412628, 23.889307662572108 ] } },
{ "type": "Feature", "properties": { "index": 237, "lon": 118.77816273155918, "lat": 32.419679694633203, "classification": 126, "subregion_name": "Unknown", "umap_1d_x": 4.5321779, "umap_2d_x": -7.4421844, "umap_2d_y": 34.311386, "umap_3d_x": -8.1703873, "umap_3d_y": 30.339882, "umap_3d_z": 1.3266335, "tsne_1d_x": 4.1330824, "tsne_2d_x": -2.2197151, "tsne_2d_y": -39.046432, "tsne_3d_x": 40.861214, "tsne_3d_y": -5.9476509, "tsne_3d_z": 12.102871, "grid_umap_1d_x": 237.0, "grid_umap_2d_x": 0.0, "grid_umap_2d_y": 31.0, "grid_umap_3d_x": 2.0, "grid_umap_3d_y": 10.0, "grid_umap_3d_z": 4.0, "grid_tsne_1d_x": 237.0, "grid_tsne_2d_x": 12.0, "grid_tsne_2d_y": 4.0, "grid_tsne_3d_x": 8.0, "grid_tsne_3d_y": 6.0, "grid_tsne_3d_z": 5.0, "patch_file_embed": "patch_0237_embed.png", "patch_file_rgb": "patch_0237_rgb.png" }, "geometry": { "type": "Point", "coordinates": [ 118.778162731559178, 32.419679694633203 ] } },
{ "type": "Feature", "properties": { "index": 238, "lon": 88.87117942061974, "lat": 53.316894144002831, "classification": 111, "subregion_name": "Eastern Europe", "umap_1d_x": 14.089052, "umap_2d_x": -34.343597, "umap_2d_y": 3.8668518, "umap_3d_x": -44.829369, "umap_3d_y": 3.6023254, "umap_3d_z": -4.8916245, "tsne_1d_x": -35.140533, "tsne_2d_x": -33.052895, "tsne_2d_y": -18.315884, "tsne_3d_x": -10.181641, "tsne_3d_y": 26.022926, "tsne_3d_z": -5.2933083, "grid_umap_1d_x": 238.0, "grid_umap_2d_x": 0.0, "grid_umap_2d_y": 13.0, "grid_umap_3d_x": 3.0, "grid_umap_3d_y": 5.0, "grid_umap_3d_z": 5.0, "grid_tsne_1d_x": 238.0, "grid_tsne_2d_x": 0.0, "grid_tsne_2d_y": 3.0, "grid_tsne_3d_x": 3.0, "grid_tsne_3d_y": 8.0, "grid_tsne_3d_z": 1.0, "patch_file_embed": "patch_0238_embed.png", "patch_file_rgb": "patch_0238_rgb.png" }, "geometry": { "type": "Point", "coordinates": [ 88.87117942061974, 53.316894144002831 ] } },
{ "type": "Feature", "properties": { "index": 239, "lon": 21.208099865375772, "lat": 3.7081374375105649, "classification": 112, "subregion_name": "Sub-Saharan Africa", "umap_1d_x": -6.5251913, "umap_2d_x": 30.226547, "umap_2d_y": 43.046104, "umap_3d_x": 27.558853, "umap_3d_y": 36.669998, "umap_3d_z": 12.536758, "tsne_1d_x": 38.464146, "tsne_2d_x": 39.328201, "tsne_2d_y": -37.897179, "tsne_3d_x": 48.776947, "tsne_3d_y": -30.779413, "tsne_3d_z": -26.061361, "grid_umap_1d_x": 239.0, "grid_umap_2d_x": 24.0, "grid_umap_2d_y": 28.0, "grid_umap_3d_x": 10.0, "grid_umap_3d_y": 9.0, "grid_umap_3d_z": 7.0, "grid_tsne_1d_x": 239.0, "grid_tsne_2d_x": 24.0, "grid_tsne_2d_y": 9.0, "grid_tsne_3d_x": 9.0, "grid_tsne_3d_y": 6.0, "grid_tsne_3d_z": 1.0, "patch_file_embed": "patch_0239_embed.png", "patch_file_rgb": "patch_0239_rgb.png" }, "geometry": { "type": "Point", "coordinates": [ 21.208099865375772, 3.708137437510565 ] } },
{ "type": "Feature", "properties": { "index": 240, "lon": 130.9406241491285, "lat": -19.020393621842267, "classification": 30, "subregion_name": "Unknown", "umap_1d_x": -20.7174, "umap_2d_x": 42.435165, "umap_2d_y": -49.579159, "umap_3d_x": 48.181572, "umap_3d_y": -48.936821, "umap_3d_z": 27.034386, "tsne_1d_x": 80.984856, "tsne_2d_x": 45.965096, "tsne_2d_y": 42.958992, "tsne_3d_x": -47.781219, "tsne_3d_y": -17.944225, "tsne_3d_z": -16.889591, "grid_umap_1d_x": 240.0, "grid_umap_2d_x": 22.0, "grid_umap_2d_y": 4.0, "grid_umap_3d_x": 6.0, "grid_umap_3d_y": 0.0, "grid_umap_3d_z": 6.0, "grid_tsne_1d_x": 240.0, "grid_tsne_2d_x": 27.0, "grid_tsne_2d_y": 27.0, "grid_tsne_3d_x": 0.0, "grid_tsne_3d_y": 3.0, "grid_tsne_3d_z": 3.0, "patch_file_embed": "patch_0240_embed.png", "patch_file_rgb": "patch_0240_rgb.png" }, "geometry": { "type": "Point", "coordinates": [ 130.940624149128496, -19.020393621842267 ] } },
{ "type": "Feature", "properties": { "index": 241, "lon": -110.27861253597294, "lat": 24.194082094971776, "classification": 20, "subregion_name": "Latin America and the Caribbean", "umap_1d_x": 5.6947465, "umap_2d_x": -10.44183, "umap_2d_y": 3.8721733, "umap_3d_x": -19.194407, "umap_3d_y": -1.0564575, "umap_3d_z": 14.762383, "tsne_1d_x": 0.39366651, "tsne_2d_x": 11.29874, "tsne_2d_y": 14.931313, "tsne_3d_x": -13.70409, "tsne_3d_y": -27.994247, "tsne_3d_z": 9.6845322, "grid_umap_1d_x": 241.0, "grid_umap_2d_x": 15.0, "grid_umap_2d_y": 12.0, "grid_umap_3d_x": 3.0, "grid_umap_3d_y": 1.0, "grid_umap_3d_z": 8.0, "grid_tsne_1d_x": 241.0, "grid_tsne_2d_x": 14.0, "grid_tsne_2d_y": 16.0, "grid_tsne_3d_x": 1.0, "grid_tsne_3d_y": 1.0, "grid_tsne_3d_z": 5.0, "patch_file_embed": "patch_0241_embed.png", "patch_file_rgb": "patch_0241_rgb.png" }, "geometry": { "type": "Point", "coordinates": [ -110.27861253597294, 24.194082094971776 ] } },
{ "type": "Feature", "properties": { "index": 242, "lon": 96.820609835373091, "lat": 17.377076742741963, "classification": 126, "subregion_name": "South-eastern Asia", "umap_1d_x": -1.2619194, "umap_2d_x": 7.4252892, "umap_2d_y": 35.36293, "umap_3d_x": 6.2962608, "umap_3d_y": 38.28363, "umap_3d_z": 21.38662, "tsne_1d_x": 11.387183, "tsne_2d_x": 14.682098, "tsne_2d_y": -28.479408, "tsne_3d_x": 25.890617, "tsne_3d_y": -33.276962, "tsne_3d_z": 12.181877, "grid_umap_1d_x": 242.0, "grid_umap_2d_x": 18.0, "grid_umap_2d_y": 26.0, "grid_umap_3d_x": 7.0, "grid_umap_3d_y": 8.0, "grid_umap_3d_z": 5.0, "grid_tsne_1d_x": 242.0, "grid_tsne_2d_x": 19.0, "grid_tsne_2d_y": 6.0, "grid_tsne_3d_x": 9.0, "grid_tsne_3d_y": 0.0, "grid_tsne_3d_z": 5.0, "patch_file_embed": "patch_0242_embed.png", "patch_file_rgb": "patch_0242_rgb.png" }, "geometry": { "type": "Point", "coordinates": [ 96.820609835373091, 17.377076742741963 ] } },
{ "type": "Feature", "properties": { "index": 243, "lon": 120.23011375734376, "lat": -21.273801264483609, "classification": 30, "subregion_name": "Unknown", "umap_1d_x": -20.04862, "umap_2d_x": 40.867256, "umap_2d_y": -43.310555, "umap_3d_x": 48.49472, "umap_3d_y": -42.117104, "umap_3d_z": 24.948868, "tsne_1d_x": 79.270554, "tsne_2d_x": 44.943855, "tsne_2d_y": 37.32093, "tsne_3d_x": -36.899445, "tsne_3d_y": -21.837753, "tsne_3d_z": -24.84425, "grid_umap_1d_x": 243.0, "grid_umap_2d_x": 23.0, "grid_umap_2d_y": 3.0, "grid_umap_3d_x": 8.0, "grid_umap_3d_y": 0.0, "grid_umap_3d_z": 5.0, "grid_tsne_1d_x": 243.0, "grid_tsne_2d_x": 29.0, "grid_tsne_2d_y": 28.0, "grid_tsne_3d_x": 0.0, "grid_tsne_3d_y": 3.0, "grid_tsne_3d_z": 1.0, "patch_file_embed": "patch_0243_embed.png", "patch_file_rgb": "patch_0243_rgb.png" }, "geometry": { "type": "Point", "coordinates": [ 120.230113757343759, -21.273801264483609 ] } },
{ "type": "Feature", "properties": { "index": 244, "lon": -9.9247776171459066, "lat": 10.838472302787025, "classification": 126, "subregion_name": "Sub-Saharan Africa", "umap_1d_x": -2.2528377, "umap_2d_x": 9.7244263, "umap_2d_y": 26.455864, "umap_3d_x": 8.7420158, "umap_3d_y": 34.372498, "umap_3d_z": 33.292397, "tsne_1d_x": 22.160774, "tsne_2d_x": 16.515648, "tsne_2d_y": -16.462154, "tsne_3d_x": 12.667782, "tsne_3d_y": -40.620117, "tsne_3d_z": 17.709579, "grid_umap_1d_x": 244.0, "grid_umap_2d_x": 12.0, "grid_umap_2d_y": 26.0, "grid_umap_3d_x": 7.0, "grid_umap_3d_y": 7.0, "grid_umap_3d_z": 6.0, "grid_tsne_1d_x": 244.0, "grid_tsne_2d_x": 20.0, "grid_tsne_2d_y": 12.0, "grid_tsne_3d_x": 5.0, "grid_tsne_3d_y": 4.0, "grid_tsne_3d_z": 5.0, "patch_file_embed": "patch_0244_embed.png", "patch_file_rgb": "patch_0244_rgb.png" }, "geometry": { "type": "Point", "coordinates": [ -9.924777617145907, 10.838472302787025 ] } },
{ "type": "Feature", "properties": { "index": 245, "lon": 99.800793964184038, "lat": 50.28165189160336, "classification": 126, "subregion_name": "Eastern Asia", "umap_1d_x": 8.4756737, "umap_2d_x": -15.545837, "umap_2d_y": 28.74012, "umap_3d_x": -15.102066, "umap_3d_y": 23.444366, "umap_3d_z": -5.1997414, "tsne_1d_x": -8.1194849, "tsne_2d_x": -6.009285, "tsne_2d_y": -20.724661, "tsne_3d_x": 30.280586, "tsne_3d_y": 8.2391396, "tsne_3d_z": 17.710014, "grid_umap_1d_x": 245.0, "grid_umap_2d_x": 4.0, "grid_umap_2d_y": 26.0, "grid_umap_3d_x": 1.0, "grid_umap_3d_y": 10.0, "grid_umap_3d_z": 3.0, "grid_tsne_1d_x": 245.0, "grid_tsne_2d_x": 7.0, "grid_tsne_2d_y": 1.0, "grid_tsne_3d_x": 10.0, "grid_tsne_3d_y": 6.0, "grid_tsne_3d_z": 7.0, "patch_file_embed": "patch_0245_embed.png", "patch_file_rgb": "patch_0245_rgb.png" }, "geometry": { "type": "Point", "coordinates": [ 99.800793964184038, 50.28165189160336 ] } },
{ "type": "Feature", "properties": { "index": 246, "lon": -85.029278727970791, "lat": 32.503220031933651, "classification": 126, "subregion_name": "Unknown", "umap_1d_x": 10.09121, "umap_2d_x": -22.933519, "umap_2d_y": 12.485916, "umap_3d_x": -21.99575, "umap_3d_y": 5.3998528, "umap_3d_z": -22.982624, "tsne_1d_x": -12.405746, "tsne_2d_x": -2.8754463, "tsne_2d_y": -6.1089211, "tsne_3d_x": 4.5954399, "tsne_3d_y": -3.3653221, "tsne_3d_z": -8.4622803, "grid_umap_1d_x": 246.0, "grid_umap_2d_x": 14.0, "grid_umap_2d_y": 20.0, "grid_umap_3d_x": 6.0, "grid_umap_3d_y": 4.0, "grid_umap_3d_z": 2.0, "grid_tsne_1d_x": 246.0, "grid_tsne_2d_x": 5.0, "grid_tsne_2d_y": 1.0, "grid_tsne_3d_x": 5.0, "grid_tsne_3d_y": 4.0, "grid_tsne_3d_z": 0.0, "patch_file_embed": "patch_0246_embed.png", "patch_file_rgb": "patch_0246_rgb.png" }, "geometry": { "type": "Point", "coordinates": [ -85.029278727970791, 32.503220031933651 ] } },
{ "type": "Feature", "properties": { "index": 247, "lon": 38.154769482184577, "lat": 60.746332680402901, "classification": 114, "subregion_name": "Eastern Europe", "umap_1d_x": 15.174591, "umap_2d_x": -31.01211, "umap_2d_y": -8.3138695, "umap_3d_x": -42.056885, "umap_3d_y": -8.8589478, "umap_3d_z": -9.3982315, "tsne_1d_x": -30.707216, "tsne_2d_x": -24.854364, "tsne_2d_y": -5.4274635, "tsne_3d_x": -26.466236, "tsne_3d_y": 25.683464, "tsne_3d_z": 8.0939903, "grid_umap_1d_x": 247.0, "grid_umap_2d_x": 1.0, "grid_umap_2d_y": 3.0, "grid_umap_3d_x": 1.0, "grid_umap_3d_y": 1.0, "grid_umap_3d_z": 4.0, "grid_tsne_1d_x": 247.0, "grid_tsne_2d_x": 9.0, "grid_tsne_2d_y": 12.0, "grid_tsne_3d_x": 3.0, "grid_tsne_3d_y": 7.0, "grid_tsne_3d_z": 3.0, "patch_file_embed": "patch_0247_embed.png", "patch_file_rgb": "patch_0247_rgb.png" }, "geometry": { "type": "Point", "coordinates": [ 38.154769482184577, 60.746332680402901 ] } },
{ "type": "Feature", "properties": { "index": 248, "lon": -74.221871178233812, "lat": 5.3238152446338489, "classification": 112, "subregion_name": "Latin America and the Caribbean", "umap_1d_x": -1.2044513, "umap_2d_x": 5.2836609, "umap_2d_y": 32.684967, "umap_3d_x": 6.4369736, "umap_3d_y": 33.073166, "umap_3d_z": 15.680099, "tsne_1d_x": 9.6219063, "tsne_2d_x": 11.622066, "tsne_2d_y": -24.771149, "tsne_3d_x": 22.066574, "tsne_3d_y": -29.461605, "tsne_3d_z": -1.0286865, "grid_umap_1d_x": 248.0, "grid_umap_2d_x": 11.0, "grid_umap_2d_y": 29.0, "grid_umap_3d_x": 6.0, "grid_umap_3d_y": 9.0, "grid_umap_3d_z": 4.0, "grid_tsne_1d_x": 248.0, "grid_tsne_2d_x": 17.0, "grid_tsne_2d_y": 10.0, "grid_tsne_3d_x": 8.0, "grid_tsne_3d_y": 0.0, "grid_tsne_3d_z": 3.0, "patch_file_embed": "patch_0248_embed.png", "patch_file_rgb": "patch_0248_rgb.png" }, "geometry": { "type": "Point", "coordinates": [ -74.221871178233812, 5.323815244633849 ] } },
{ "type": "Feature", "properties": { "index": 249, "lon": 25.326314028006493, "lat": 51.214535745702733, "classification": 90, "subregion_name": "Eastern Europe", "umap_1d_x": 21.843744, "umap_2d_x": -25.196524, "umap_2d_y": -10.102142, "umap_3d_x": -35.36261, "umap_3d_y": -12.035797, "umap_3d_z": -9.2803345, "tsne_1d_x": -22.817396, "tsne_2d_x": -12.549488, "tsne_2d_y": 12.280369, "tsne_3d_x": -30.849331, "tsne_3d_y": 10.622089, "tsne_3d_z": 7.187851, "grid_umap_1d_x": 249.0, "grid_umap_2d_x": 9.0, "grid_umap_2d_y": 3.0, "grid_umap_3d_x": 3.0, "grid_umap_3d_y": 1.0, "grid_umap_3d_z": 4.0, "grid_tsne_1d_x": 249.0, "grid_tsne_2d_x": 7.0, "grid_tsne_2d_y": 17.0, "grid_tsne_3d_x": 0.0, "grid_tsne_3d_y": 7.0, "grid_tsne_3d_z": 4.0, "patch_file_embed": "patch_0249_embed.png", "patch_file_rgb": "patch_0249_rgb.png" }, "geometry": { "type": "Point", "coordinates": [ 25.326314028006493, 51.214535745702733 ] } },
{ "type": "Feature", "properties": { "index": 250, "lon": -70.479851743579076, "lat": -13.555651973710873, "classification": 112, "subregion_name": "Latin America and the Caribbean", "umap_1d_x": -5.5744529, "umap_2d_x": 26.926125, "umap_2d_y": 33.090446, "umap_3d_x": 21.044884, "umap_3d_y": 34.616776, "umap_3d_z": 8.5162163, "tsne_1d_x": 32.570831, "tsne_2d_x": 30.917587, "tsne_2d_y": -21.983315, "tsne_3d_x": 28.481125, "tsne_3d_y": -23.630983, "tsne_3d_z": -7.7439308, "grid_umap_1d_x": 250.0, "grid_umap_2d_x": 26.0, "grid_umap_2d_y": 31.0, "grid_umap_3d_x": 9.0, "grid_umap_3d_y": 10.0, "grid_umap_3d_z": 5.0, "grid_tsne_1d_x": 250.0, "grid_tsne_2d_x": 25.0, "grid_tsne_2d_y": 2.0, "grid_tsne_3d_x": 7.0, "grid_tsne_3d_y": 5.0, "grid_tsne_3d_z": 4.0, "patch_file_embed": "patch_0250_embed.png", "patch_file_rgb": "patch_0250_rgb.png" }, "geometry": { "type": "Point", "coordinates": [ -70.479851743579076, -13.555651973710873 ] } },
{ "type": "Feature", "properties": { "index": 251, "lon": -92.436957483673922, "lat": 47.215030832817774, "classification": 114, "subregion_name": "Unknown", "umap_1d_x": 21.182543, "umap_2d_x": -30.507587, "umap_2d_y": -10.891777, "umap_3d_x": -39.447777, "umap_3d_y": -5.8968887, "umap_3d_z": -16.608913, "tsne_1d_x": -25.729689, "tsne_2d_x": -26.473845, "tsne_2d_y": 4.8336792, "tsne_3d_x": -19.925797, "tsne_3d_y": 17.722282, "tsne_3d_z": 14.827087, "grid_umap_1d_x": 251.0, "grid_umap_2d_x": 11.0, "grid_umap_2d_y": 5.0, "grid_umap_3d_x": 3.0, "grid_umap_3d_y": 2.0, "grid_umap_3d_z": 3.0, "grid_tsne_1d_x": 251.0, "grid_tsne_2d_x": 16.0, "grid_tsne_2d_y": 18.0, "grid_tsne_3d_x": 1.0, "grid_tsne_3d_y": 8.0, "grid_tsne_3d_z": 5.0, "patch_file_embed": "patch_0251_embed.png", "patch_file_rgb": "patch_0251_rgb.png" }, "geometry": { "type": "Point", "coordinates": [ -92.436957483673922, 47.215030832817774 ] } },
{ "type": "Feature", "properties": { "index": 252, "lon": 140.5139993915779, "lat": -27.611341265574026, "classification": 30, "subregion_name": "Unknown", "umap_1d_x": -19.864225, "umap_2d_x": 38.897636, "umap_2d_y": -47.30978, "umap_3d_x": 46.84462, "umap_3d_y": -43.121014, "umap_3d_z": 20.979897, "tsne_1d_x": 78.169159, "tsne_2d_x": 39.836716, "tsne_2d_y": 49.515945, "tsne_3d_x": -30.716425, "tsne_3d_y": -12.325298, "tsne_3d_z": -19.643534, "grid_umap_1d_x": 252.0, "grid_umap_2d_x": 17.0, "grid_umap_2d_y": 0.0, "grid_umap_3d_x": 9.0, "grid_umap_3d_y": 0.0, "grid_umap_3d_z": 3.0, "grid_tsne_1d_x": 252.0, "grid_tsne_2d_x": 21.0, "grid_tsne_2d_y": 27.0, "grid_tsne_3d_x": 0.0, "grid_tsne_3d_y": 4.0, "grid_tsne_3d_z": 0.0, "patch_file_embed": "patch_0252_embed.png", "patch_file_rgb": "patch_0252_rgb.png" }, "geometry": { "type": "Point", "coordinates": [ 140.513999391577897, -27.611341265574026 ] } },
{ "type": "Feature", "properties": { "index": 253, "lon": 162.7900935071043, "lat": 66.348581065468252, "classification": 116, "subregion_name": "Eastern Europe", "umap_1d_x": 19.001577, "umap_2d_x": -46.025558, "umap_2d_y": 0.79311752, "umap_3d_x": -48.622002, "umap_3d_y": 17.241165, "umap_3d_z": -35.181721, "tsne_1d_x": -66.435974, "tsne_2d_x": -46.987259, "tsne_2d_y": 18.023483, "tsne_3d_x": 2.1833534, "tsne_3d_y": 41.740715, "tsne_3d_z": 32.344185, "grid_umap_1d_x": 253.0, "grid_umap_2d_x": 15.0, "grid_umap_2d_y": 17.0, "grid_umap_3d_x": 0.0, "grid_umap_3d_y": 7.0, "grid_umap_3d_z": 0.0, "grid_tsne_1d_x": 253.0, "grid_tsne_2d_x": 8.0, "grid_tsne_2d_y": 23.0, "grid_tsne_3d_x": 5.0, "grid_tsne_3d_y": 7.0, "grid_tsne_3d_z": 4.0, "patch_file_embed": "patch_0253_embed.png", "patch_file_rgb": "patch_0253_rgb.png" }, "geometry": { "type": "Point", "coordinates": [ 162.790093507104302, 66.348581065468252 ] } },
{ "type": "Feature", "properties": { "index": 254, "lon": 161.9594605626134, "lat": 61.404189066200288, "classification": 20, "subregion_name": "Eastern Europe", "umap_1d_x": 17.938793, "umap_2d_x": -42.037399, "umap_2d_y": -16.277447, "umap_3d_x": -46.83802, "umap_3d_y": 3.3026619, "umap_3d_z": -45.667877, "tsne_1d_x": -64.608131, "tsne_2d_x": -38.436035, "tsne_2d_y": 32.520012, "tsne_3d_x": -5.8596649, "tsne_3d_y": 24.241165, "tsne_3d_z": 42.495445, "grid_umap_1d_x": 254.0, "grid_umap_2d_x": 6.0, "grid_umap_2d_y": 2.0, "grid_umap_3d_x": 5.0, "grid_umap_3d_y": 3.0, "grid_umap_3d_z": 0.0, "grid_tsne_1d_x": 254.0, "grid_tsne_2d_x": 2.0, "grid_tsne_2d_y": 30.0, "grid_tsne_3d_x": 3.0, "grid_tsne_3d_y": 8.0, "grid_tsne_3d_z": 8.0, "patch_file_embed": "patch_0254_embed.png", "patch_file_rgb": "patch_0254_rgb.png" }, "geometry": { "type": "Point", "coordinates": [ 161.959460562613401, 61.404189066200288 ] } },
{ "type": "Feature", "properties": { "index": 255, "lon": 69.262348307707072, "lat": 59.652652937458782, "classification": 114, "subregion_name": "Eastern Europe", "umap_1d_x": 12.490516, "umap_2d_x": -32.344498, "umap_2d_y": 13.933807, "umap_3d_x": -38.297962, "umap_3d_y": 8.6371193, "umap_3d_z": -13.797966, "tsne_1d_x": -39.863045, "tsne_2d_x": -30.616495, "tsne_2d_y": -2.3801613, "tsne_3d_x": 9.9083252, "tsne_3d_y": 18.349373, "tsne_3d_z": 6.4028015, "grid_umap_1d_x": 255.0, "grid_umap_2d_x": 18.0, "grid_umap_2d_y": 22.0, "grid_umap_3d_x": 1.0, "grid_umap_3d_y": 5.0, "grid_umap_3d_z": 3.0, "grid_tsne_1d_x": 255.0, "grid_tsne_2d_x": 7.0, "grid_tsne_2d_y": 13.0, "grid_tsne_3d_x": 8.0, "grid_tsne_3d_y": 9.0, "grid_tsne_3d_z": 3.0, "patch_file_embed": "patch_0255_embed.png", "patch_file_rgb": "patch_0255_rgb.png" }, "geometry": { "type": "Point", "coordinates": [ 69.262348307707072, 59.652652937458782 ] } },
{ "type": "Feature", "properties": { "index": 256, "lon": -120.32167661466238, "lat": 52.180829726107405, "classification": 121, "subregion_name": "Northern America", "umap_1d_x": 14.495008, "umap_2d_x": -36.223152, "umap_2d_y": -3.5522156, "umap_3d_x": -44.455677, "umap_3d_y": 0.069648743000009006, "umap_3d_z": -18.863886, "tsne_1d_x": -35.062634, "tsne_2d_x": -18.852821, "tsne_2d_y": 3.7388458, "tsne_3d_x": -19.513807, "tsne_3d_y": 37.1884, "tsne_3d_z": 27.730659, "grid_umap_1d_x": 256.0, "grid_umap_2d_x": 8.0, "grid_umap_2d_y": 10.0, "grid_umap_3d_x": 1.0, "grid_umap_3d_y": 3.0, "grid_umap_3d_z": 2.0, "grid_tsne_1d_x": 256.0, "grid_tsne_2d_x": 0.0, "grid_tsne_2d_y": 11.0, "grid_tsne_3d_x": 2.0, "grid_tsne_3d_y": 9.0, "grid_tsne_3d_z": 6.0, "patch_file_embed": "patch_0256_embed.png", "patch_file_rgb": "patch_0256_rgb.png" }, "geometry": { "type": "Point", "coordinates": [ -120.32167661466238, 52.180829726107405 ] } },
{ "type": "Feature", "properties": { "index": 257, "lon": 82.27777181854816, "lat": 28.392445214719558, "classification": 111, "subregion_name": "Southern Asia", "umap_1d_x": -0.74076998, "umap_2d_x": 1.857502, "umap_2d_y": 34.91246, "umap_3d_x": 2.8759346, "umap_3d_y": 33.917892, "umap_3d_z": 13.453609, "tsne_1d_x": 8.3008347, "tsne_2d_x": 5.2560616, "tsne_2d_y": -29.493275, "tsne_3d_x": 21.810722, "tsne_3d_y": -17.313023, "tsne_3d_z": 7.2180862, "grid_umap_1d_x": 257.0, "grid_umap_2d_x": 12.0, "grid_umap_2d_y": 28.0, "grid_umap_3d_x": 5.0, "grid_umap_3d_y": 9.0, "grid_umap_3d_z": 4.0, "grid_tsne_1d_x": 257.0, "grid_tsne_2d_x": 13.0, "grid_tsne_2d_y": 1.0, "grid_tsne_3d_x": 10.0, "grid_tsne_3d_y": 0.0, "grid_tsne_3d_z": 5.0, "patch_file_embed": "patch_0257_embed.png", "patch_file_rgb": "patch_0257_rgb.png" }, "geometry": { "type": "Point", "coordinates": [ 82.27777181854816, 28.392445214719558 ] } },
{ "type": "Feature", "properties": { "index": 258, "lon": 31.280499236468614, "lat": -4.8096499592771238, "classification": 126, "subregion_name": "Sub-Saharan Africa", "umap_1d_x": -13.198801, "umap_2d_x": 48.30204, "umap_2d_y": -19.821182, "umap_3d_x": 35.686043, "umap_3d_y": -12.956207, "umap_3d_z": 29.865402, "tsne_1d_x": 52.599384, "tsne_2d_x": 35.625, "tsne_2d_y": 5.2135887, "tsne_3d_x": -7.9425621, "tsne_3d_y": -40.176865, "tsne_3d_z": -14.400822, "grid_umap_1d_x": 258.0, "grid_umap_2d_x": 30.0, "grid_umap_2d_y": 11.0, "grid_umap_3d_x": 7.0, "grid_umap_3d_y": 2.0, "grid_umap_3d_z": 7.0, "grid_tsne_1d_x": 258.0, "grid_tsne_2d_x": 31.0, "grid_tsne_2d_y": 10.0, "grid_tsne_3d_x": 3.0, "grid_tsne_3d_y": 1.0, "grid_tsne_3d_z": 3.0, "patch_file_embed": "patch_0258_embed.png", "patch_file_rgb": "patch_0258_rgb.png" }, "geometry": { "type": "Point", "coordinates": [ 31.280499236468614, -4.809649959277124 ] } },
{ "type": "Feature", "properties": { "index": 259, "lon": 130.24210979011031, "lat": -15.118314565419041, "classification": 124, "subregion_name": "Unknown", "umap_1d_x": -18.376997, "umap_2d_x": 40.410004, "umap_2d_y": -33.072037, "umap_3d_x": 48.054214, "umap_3d_y": -27.729223, "umap_3d_z": 25.889038, "tsne_1d_x": 73.795326, "tsne_2d_x": 45.807655, "tsne_2d_y": 28.964432, "tsne_3d_x": -25.604799, "tsne_3d_y": -27.95406, "tsne_3d_z": -29.99526, "grid_umap_1d_x": 259.0, "grid_umap_2d_x": 26.0, "grid_umap_2d_y": 2.0, "grid_umap_3d_x": 10.0, "grid_umap_3d_y": 1.0, "grid_umap_3d_z": 4.0, "grid_tsne_1d_x": 259.0, "grid_tsne_2d_x": 25.0, "grid_tsne_2d_y": 23.0, "grid_tsne_3d_x": 1.0, "grid_tsne_3d_y": 2.0, "grid_tsne_3d_z": 1.0, "patch_file_embed": "patch_0259_embed.png", "patch_file_rgb": "patch_0259_rgb.png" }, "geometry": { "type": "Point", "coordinates": [ 130.242109790110305, -15.118314565419041 ] } },
{ "type": "Feature", "properties": { "index": 260, "lon": 115.0628500076993, "lat": -3.5606525387689492, "classification": 112, "subregion_name": "South-eastern Asia", "umap_1d_x": -13.56815, "umap_2d_x": 42.332626, "umap_2d_y": -10.905754, "umap_3d_x": 41.252975, "umap_3d_y": -1.5184517, "umap_3d_z": 21.835823, "tsne_1d_x": 46.969791, "tsne_2d_x": 44.520477, "tsne_2d_y": 3.0611572, "tsne_3d_x": 9.1888504, "tsne_3d_y": -30.015003, "tsne_3d_z": -29.738733, "grid_umap_1d_x": 260.0, "grid_umap_2d_x": 30.0, "grid_umap_2d_y": 10.0, "grid_umap_3d_x": 10.0, "grid_umap_3d_y": 6.0, "grid_umap_3d_z": 5.0, "grid_tsne_1d_x": 260.0, "grid_tsne_2d_x": 24.0, "grid_tsne_2d_y": 18.0, "grid_tsne_3d_x": 6.0, "grid_tsne_3d_y": 2.0, "grid_tsne_3d_z": 0.0, "patch_file_embed": "patch_0260_embed.png", "patch_file_rgb": "patch_0260_rgb.png" }, "geometry": { "type": "Point", "coordinates": [ 115.062850007699296, -3.560652538768949 ] } },
{ "type": "Feature", "properties": { "index": 261, "lon": 106.45065001283427, "lat": 49.641488804778078, "classification": 30, "subregion_name": "Eastern Asia", "umap_1d_x": 11.110231, "umap_2d_x": -30.432291, "umap_2d_y": 24.086655, "umap_3d_x": -37.4263, "umap_3d_y": 13.278053, "umap_3d_z": -34.284813, "tsne_1d_x": -62.155376, "tsne_2d_x": -24.643156, "tsne_2d_y": 43.185486, "tsne_3d_x": 25.882607, "tsne_3d_y": 10.06955, "tsne_3d_z": 26.289879, "grid_umap_1d_x": 261.0, "grid_umap_2d_x": 1.0, "grid_umap_2d_y": 25.0, "grid_umap_3d_x": 3.0, "grid_umap_3d_y": 6.0, "grid_umap_3d_z": 0.0, "grid_tsne_1d_x": 261.0, "grid_tsne_2d_x": 13.0, "grid_tsne_2d_y": 31.0, "grid_tsne_3d_x": 9.0, "grid_tsne_3d_y": 6.0, "grid_tsne_3d_z": 7.0, "patch_file_embed": "patch_0261_embed.png", "patch_file_rgb": "patch_0261_rgb.png" }, "geometry": { "type": "Point", "coordinates": [ 106.450650012834274, 49.641488804778078 ] } },
{ "type": "Feature", "properties": { "index": 262, "lon": -73.722205914590049, "lat": -3.5685265411390499, "classification": 112, "subregion_name": "Latin America and the Caribbean", "umap_1d_x": -8.005374, "umap_2d_x": 35.470131, "umap_2d_y": 31.414001, "umap_3d_x": 31.756241, "umap_3d_y": 43.389183, "umap_3d_z": 0.33506774999999323, "tsne_1d_x": 41.66074, "tsne_2d_x": 44.287125, "tsne_2d_y": -29.192844, "tsne_3d_x": 35.918007, "tsne_3d_y": -42.4758, "tsne_3d_z": -28.877089, "grid_umap_1d_x": 262.0, "grid_umap_2d_x": 30.0, "grid_umap_2d_y": 25.0, "grid_umap_3d_x": 9.0, "grid_umap_3d_y": 9.0, "grid_umap_3d_z": 1.0, "grid_tsne_1d_x": 262.0, "grid_tsne_2d_x": 22.0, "grid_tsne_2d_y": 18.0, "grid_tsne_3d_x": 9.0, "grid_tsne_3d_y": 1.0, "grid_tsne_3d_z": 0.0, "patch_file_embed": "patch_0262_embed.png", "patch_file_rgb": "patch_0262_rgb.png" }, "geometry": { "type": "Point", "coordinates": [ -73.722205914590049, -3.56852654113905 ] } },
{ "type": "Feature", "properties": { "index": 263, "lon": -48.686184661222399, "lat": -18.063863893275048, "classification": 116, "subregion_name": "Latin America and the Caribbean", "umap_1d_x": -13.906852, "umap_2d_x": 44.61412, "umap_2d_y": -17.249382, "umap_3d_x": 40.49865, "umap_3d_y": -9.0095749, "umap_3d_z": 27.064499, "tsne_1d_x": 56.242882, "tsne_2d_x": 39.557274, "tsne_2d_y": 11.361252, "tsne_3d_x": -1.6393089, "tsne_3d_y": -28.723738, "tsne_3d_z": -22.536568, "grid_umap_1d_x": 263.0, "grid_umap_2d_x": 29.0, "grid_umap_2d_y": 10.0, "grid_umap_3d_x": 7.0, "grid_umap_3d_y": 5.0, "grid_umap_3d_z": 4.0, "grid_tsne_1d_x": 263.0, "grid_tsne_2d_x": 30.0, "grid_tsne_2d_y": 16.0, "grid_tsne_3d_x": 5.0, "grid_tsne_3d_y": 2.0, "grid_tsne_3d_z": 1.0, "patch_file_embed": "patch_0263_embed.png", "patch_file_rgb": "patch_0263_rgb.png" }, "geometry": { "type": "Point", "coordinates": [ -48.686184661222399, -18.063863893275048 ] } },
{ "type": "Feature", "properties": { "index": 264, "lon": 10.589800764784911, "lat": -1.8361033709887591, "classification": 116, "subregion_name": "Sub-Saharan Africa", "umap_1d_x": -6.716444, "umap_2d_x": 31.542419, "umap_2d_y": 38.595596, "umap_3d_x": 27.800064, "umap_3d_y": 37.20787, "umap_3d_z": 6.2987823, "tsne_1d_x": 37.046047, "tsne_2d_x": 38.272514, "tsne_2d_y": -31.098816, "tsne_3d_x": 42.454437, "tsne_3d_y": -37.059063, "tsne_3d_z": -19.252945, "grid_umap_1d_x": 264.0, "grid_umap_2d_x": 26.0, "grid_umap_2d_y": 24.0, "grid_umap_3d_x": 10.0, "grid_umap_3d_y": 9.0, "grid_umap_3d_z": 4.0, "grid_tsne_1d_x": 264.0, "grid_tsne_2d_x": 23.0, "grid_tsne_2d_y": 13.0, "grid_tsne_3d_x": 9.0, "grid_tsne_3d_y": 3.0, "grid_tsne_3d_z": 2.0, "patch_file_embed": "patch_0264_embed.png", "patch_file_rgb": "patch_0264_rgb.png" }, "geometry": { "type": "Point", "coordinates": [ 10.589800764784911, -1.836103370988759 ] } },
{ "type": "Feature", "properties": { "index": 265, "lon": -90.509647056075536, "lat": 34.832842454384433, "classification": 116, "subregion_name": "Unknown", "umap_1d_x": 10.09072, "umap_2d_x": -23.257572, "umap_2d_y": 15.13588, "umap_3d_x": -23.132477, "umap_3d_y": 4.0334091, "umap_3d_z": -24.531292, "tsne_1d_x": -13.093979, "tsne_2d_x": -4.7212563, "tsne_2d_y": -1.8640327, "tsne_3d_x": 13.602657, "tsne_3d_y": -2.3503036, "tsne_3d_z": -4.703373, "grid_umap_1d_x": 265.0, "grid_umap_2d_x": 13.0, "grid_umap_2d_y": 21.0, "grid_umap_3d_x": 7.0, "grid_umap_3d_y": 3.0, "grid_umap_3d_z": 2.0, "grid_tsne_1d_x": 265.0, "grid_tsne_2d_x": 4.0, "grid_tsne_2d_y": 4.0, "grid_tsne_3d_x": 8.0, "grid_tsne_3d_y": 5.0, "grid_tsne_3d_z": 1.0, "patch_file_embed": "patch_0265_embed.png", "patch_file_rgb": "patch_0265_rgb.png" }, "geometry": { "type": "Point", "coordinates": [ -90.509647056075536, 34.832842454384433 ] } },
{ "type": "Feature", "properties": { "index": 266, "lon": 151.32213893535044, "lat": -29.627595491690847, "classification": 112, "subregion_name": "Unknown", "umap_1d_x": -16.639839, "umap_2d_x": 35.200493, "umap_2d_y": -24.491772, "umap_3d_x": 44.881203, "umap_3d_y": -19.037947, "umap_3d_z": 9.7934303, "tsne_1d_x": 68.30706, "tsne_2d_x": 30.634811, "tsne_2d_y": 39.775078, "tsne_3d_x": -11.256317, "tsne_3d_y": -8.1453781, "tsne_3d_z": -33.565033, "grid_umap_1d_x": 266.0, "grid_umap_2d_x": 24.0, "grid_umap_2d_y": 3.0, "grid_umap_3d_x": 9.0, "grid_umap_3d_y": 1.0, "grid_umap_3d_z": 2.0, "grid_tsne_1d_x": 266.0, "grid_tsne_2d_x": 21.0, "grid_tsne_2d_y": 28.0, "grid_tsne_3d_x": 4.0, "grid_tsne_3d_y": 7.0, "grid_tsne_3d_z": 2.0, "patch_file_embed": "patch_0266_embed.png", "patch_file_rgb": "patch_0266_rgb.png" }, "geometry": { "type": "Point", "coordinates": [ 151.322138935350438, -29.627595491690847 ] } },
{ "type": "Feature", "properties": { "index": 267, "lon": -67.679048364039303, "lat": -54.956861900273339, "classification": 114, "subregion_name": "Latin America and the Caribbean", "umap_1d_x": 9.3385763, "umap_2d_x": 33.378212, "umap_2d_y": -23.223671, "umap_3d_x": 43.282433, "umap_3d_y": -17.152908, "umap_3d_z": 5.8596115, "tsne_1d_x": 69.695892, "tsne_2d_x": 25.498352, "tsne_2d_y": 42.62603, "tsne_3d_x": -3.296814, "tsne_3d_y": -0.49827576, "tsne_3d_z": -37.073879, "grid_umap_1d_x": 267.0, "grid_umap_2d_x": 22.0, "grid_umap_2d_y": 6.0, "grid_umap_3d_x": 9.0, "grid_umap_3d_y": 1.0, "grid_umap_3d_z": 0.0, "grid_tsne_1d_x": 267.0, "grid_tsne_2d_x": 20.0, "grid_tsne_2d_y": 30.0, "grid_tsne_3d_x": 6.0, "grid_tsne_3d_y": 8.0, "grid_tsne_3d_z": 1.0, "patch_file_embed": "patch_0267_embed.png", "patch_file_rgb": "patch_0267_rgb.png" }, "geometry": { "type": "Point", "coordinates": [ -67.679048364039303, -54.956861900273339 ] } },
{ "type": "Feature", "properties": { "index": 268, "lon": 87.315718200769538, "lat": 52.695573623486638, "classification": 115, "subregion_name": "Eastern Europe", "umap_1d_x": 13.997255, "umap_2d_x": -34.98999, "umap_2d_y": 6.0365257, "umap_3d_x": -45.023109, "umap_3d_y": 7.2330818, "umap_3d_z": -4.1797447, "tsne_1d_x": -37.043575, "tsne_2d_x": -32.541405, "tsne_2d_y": -17.505463, "tsne_3d_x": -6.3433647, "tsne_3d_y": 27.2985, "tsne_3d_z": -5.307003, "grid_umap_1d_x": 268.0, "grid_umap_2d_x": 22.0, "grid_umap_2d_y": 20.0, "grid_umap_3d_x": 3.0, "grid_umap_3d_y": 6.0, "grid_umap_3d_z": 6.0, "grid_tsne_1d_x": 268.0, "grid_tsne_2d_x": 15.0, "grid_tsne_2d_y": 13.0, "grid_tsne_3d_x": 3.0, "grid_tsne_3d_y": 10.0, "grid_tsne_3d_z": 0.0, "patch_file_embed": "patch_0268_embed.png", "patch_file_rgb": "patch_0268_rgb.png" }, "geometry": { "type": "Point", "coordinates": [ 87.315718200769538, 52.695573623486638 ] } },
{ "type": "Feature", "properties": { "index": 269, "lon": -56.114344880459143, "lat": -14.647093389428136, "classification": 20, "subregion_name": "Latin America and the Caribbean", "umap_1d_x": -14.378199, "umap_2d_x": 43.175087, "umap_2d_y": -17.095467, "umap_3d_x": 41.959343, "umap_3d_y": -8.1489944, "umap_3d_z": 27.107498, "tsne_1d_x": 58.520248, "tsne_2d_x": 42.25592, "tsne_2d_y": 13.323681, "tsne_3d_x": -8.8302498, "tsne_3d_y": -37.832306, "tsne_3d_z": -31.404186, "grid_umap_1d_x": 269.0, "grid_umap_2d_x": 27.0, "grid_umap_2d_y": 11.0, "grid_umap_3d_x": 8.0, "grid_umap_3d_y": 5.0, "grid_umap_3d_z": 4.0, "grid_tsne_1d_x": 269.0, "grid_tsne_2d_x": 23.0, "grid_tsne_2d_y": 20.0, "grid_tsne_3d_x": 3.0, "grid_tsne_3d_y": 1.0, "grid_tsne_3d_z": 0.0, "patch_file_embed": "patch_0269_embed.png", "patch_file_rgb": "patch_0269_rgb.png" }, "geometry": { "type": "Point", "coordinates": [ -56.114344880459143, -14.647093389428136 ] } },
{ "type": "Feature", "properties": { "index": 270, "lon": -60.481438203368569, "lat": 1.843305476959245, "classification": 112, "subregion_name": "Latin America and the Caribbean", "umap_1d_x": -7.7045779, "umap_2d_x": 35.336998, "umap_2d_y": 34.407944, "umap_3d_x": 30.580452, "umap_3d_y": 48.174057, "umap_3d_z": 2.3451881, "tsne_1d_x": 40.434784, "tsne_2d_x": 44.620636, "tsne_2d_y": -34.264462, "tsne_3d_x": 43.337563, "tsne_3d_y": -41.943348, "tsne_3d_z": -33.015053, "grid_umap_1d_x": 270.0, "grid_umap_2d_x": 28.0, "grid_umap_2d_y": 26.0, "grid_umap_3d_x": 7.0, "grid_umap_3d_y": 10.0, "grid_umap_3d_z": 1.0, "grid_tsne_1d_x": 270.0, "grid_tsne_2d_x": 28.0, "grid_tsne_2d_y": 3.0, "grid_tsne_3d_x": 10.0, "grid_tsne_3d_y": 3.0, "grid_tsne_3d_z": 0.0, "patch_file_embed": "patch_0270_embed.png", "patch_file_rgb": "patch_0270_rgb.png" }, "geometry": { "type": "Point", "coordinates": [ -60.481438203368569, 1.843305476959245 ] } },
{ "type": "Feature", "properties": { "index": 271, "lon": 18.49140660947856, "lat": 5.3215307705323767, "classification": 112, "subregion_name": "Sub-Saharan Africa", "umap_1d_x": -2.1620736, "umap_2d_x": 11.342197, "umap_2d_y": 29.745743, "umap_3d_x": 10.326462, "umap_3d_y": 32.399757, "umap_3d_z": 29.184822, "tsne_1d_x": 21.090897, "tsne_2d_x": 13.422543, "tsne_2d_y": -20.222256, "tsne_3d_x": 17.55896, "tsne_3d_y": -45.905777, "tsne_3d_z": 8.2544937, "grid_umap_1d_x": 271.0, "grid_umap_2d_x": 14.0, "grid_umap_2d_y": 28.0, "grid_umap_3d_x": 9.0, "grid_umap_3d_y": 9.0, "grid_umap_3d_z": 7.0, "grid_tsne_1d_x": 271.0, "grid_tsne_2d_x": 18.0, "grid_tsne_2d_y": 15.0, "grid_tsne_3d_x": 7.0, "grid_tsne_3d_y": 0.0, "grid_tsne_3d_z": 4.0, "patch_file_embed": "patch_0271_embed.png", "patch_file_rgb": "patch_0271_rgb.png" }, "geometry": { "type": "Point", "coordinates": [ 18.49140660947856, 5.321530770532377 ] } },
{ "type": "Feature", "properties": { "index": 272, "lon": -83.733690365057598, "lat": 31.479590403938772, "classification": 111, "subregion_name": "Unknown", "umap_1d_x": 10.023538, "umap_2d_x": -23.068459, "umap_2d_y": 14.180237, "umap_3d_x": -22.499252, "umap_3d_y": 4.3288536, "umap_3d_z": -24.261341, "tsne_1d_x": -12.722754, "tsne_2d_x": -3.6449013, "tsne_2d_y": -3.9864845, "tsne_3d_x": 10.00153, "tsne_3d_y": -3.7514343, "tsne_3d_z": -7.8418579, "grid_umap_1d_x": 272.0, "grid_umap_2d_x": 11.0, "grid_umap_2d_y": 20.0, "grid_umap_3d_x": 6.0, "grid_umap_3d_y": 3.0, "grid_umap_3d_z": 1.0, "grid_tsne_1d_x": 272.0, "grid_tsne_2d_x": 6.0, "grid_tsne_2d_y": 3.0, "grid_tsne_3d_x": 7.0, "grid_tsne_3d_y": 5.0, "grid_tsne_3d_z": 0.0, "patch_file_embed": "patch_0272_embed.png", "patch_file_rgb": "patch_0272_rgb.png" }, "geometry": { "type": "Point", "coordinates": [ -83.733690365057598, 31.479590403938772 ] } },
{ "type": "Feature", "properties": { "index": 273, "lon": 122.78417499147952, "lat": 39.843086141733025, "classification": 20, "subregion_name": "Unknown", "umap_1d_x": 8.7557755, "umap_2d_x": -13.756649, "umap_2d_y": 31.107452, "umap_3d_x": -12.611546, "umap_3d_y": 24.047539, "umap_3d_z": -7.7514687, "tsne_1d_x": -9.9225235, "tsne_2d_x": -8.6180534, "tsne_2d_y": -27.205696, "tsne_3d_x": 35.144211, "tsne_3d_y": 5.9233437, "tsne_3d_z": 5.2160149, "grid_umap_1d_x": 273.0, "grid_umap_2d_x": 0.0, "grid_umap_2d_y": 28.0, "grid_umap_3d_x": 5.0, "grid_umap_3d_y": 10.0, "grid_umap_3d_z": 0.0, "grid_tsne_1d_x": 273.0, "grid_tsne_2d_x": 11.0, "grid_tsne_2d_y": 7.0, "grid_tsne_3d_x": 10.0, "grid_tsne_3d_y": 7.0, "grid_tsne_3d_z": 3.0, "patch_file_embed": "patch_0273_embed.png", "patch_file_rgb": "patch_0273_rgb.png" }, "geometry": { "type": "Point", "coordinates": [ 122.784174991479517, 39.843086141733025 ] } },
{ "type": "Feature", "properties": { "index": 274, "lon": 53.232313953071525, "lat": 62.878988517926146, "classification": 116, "subregion_name": "Eastern Europe", "umap_1d_x": 15.441982, "umap_2d_x": -33.868877, "umap_2d_y": -10.549141, "umap_3d_x": -43.04998, "umap_3d_y": -8.4797783, "umap_3d_z": -19.508358, "tsne_1d_x": -47.391098, "tsne_2d_x": -23.292572, "tsne_2d_y": 8.6707649, "tsne_3d_x": -23.313168, "tsne_3d_y": 26.739975, "tsne_3d_z": 16.172012, "grid_umap_1d_x": 274.0, "grid_umap_2d_x": 6.0, "grid_umap_2d_y": 4.0, "grid_umap_3d_x": 0.0, "grid_umap_3d_y": 1.0, "grid_umap_3d_z": 1.0, "grid_tsne_1d_x": 274.0, "grid_tsne_2d_x": 12.0, "grid_tsne_2d_y": 18.0, "grid_tsne_3d_x": 0.0, "grid_tsne_3d_y": 10.0, "grid_tsne_3d_z": 6.0, "patch_file_embed": "patch_0274_embed.png", "patch_file_rgb": "patch_0274_rgb.png" }, "geometry": { "type": "Point", "coordinates": [ 53.232313953071525, 62.878988517926146 ] } },
{ "type": "Feature", "properties": { "index": 275, "lon": 85.380195763149743, "lat": 26.930617367155961, "classification": 40, "subregion_name": "Southern Asia", "umap_1d_x": 1.357533, "umap_2d_x": 3.9875031, "umap_2d_y": 49.369843, "umap_3d_x": -1.7732086, "umap_3d_y": 45.576431, "umap_3d_z": 27.174416, "tsne_1d_x": 13.348203, "tsne_2d_x": 14.269966, "tsne_2d_y": -46.287941, "tsne_3d_x": 35.398178, "tsne_3d_y": -25.540552, "tsne_3d_z": 29.46994, "grid_umap_1d_x": 275.0, "grid_umap_2d_x": 18.0, "grid_umap_2d_y": 30.0, "grid_umap_3d_x": 2.0, "grid_umap_3d_y": 8.0, "grid_umap_3d_z": 6.0, "grid_tsne_1d_x": 275.0, "grid_tsne_2d_x": 21.0, "grid_tsne_2d_y": 17.0, "grid_tsne_3d_x": 9.0, "grid_tsne_3d_y": 4.0, "grid_tsne_3d_z": 7.0, "patch_file_embed": "patch_0275_embed.png", "patch_file_rgb": "patch_0275_rgb.png" }, "geometry": { "type": "Point", "coordinates": [ 85.380195763149743, 26.930617367155961 ] } },
{ "type": "Feature", "properties": { "index": 276, "lon": -99.070410521430162, "lat": 37.108640164831442, "classification": 126, "subregion_name": "Unknown", "umap_1d_x": 9.6362801, "umap_2d_x": -20.293268, "umap_2d_y": 16.073936, "umap_3d_x": -23.849068, "umap_3d_y": 4.2147827, "umap_3d_z": -14.867718, "tsne_1d_x": -11.537228, "tsne_2d_x": 1.9095497, "tsne_2d_y": 3.2463913, "tsne_3d_x": 9.8197632, "tsne_3d_y": -4.9528198, "tsne_3d_z": 9.8445168, "grid_umap_1d_x": 276.0, "grid_umap_2d_x": 10.0, "grid_umap_2d_y": 21.0, "grid_umap_3d_x": 1.0, "grid_umap_3d_y": 4.0, "grid_umap_3d_z": 1.0, "grid_tsne_1d_x": 276.0, "grid_tsne_2d_x": 3.0, "grid_tsne_2d_y": 4.0, "grid_tsne_3d_x": 6.0, "grid_tsne_3d_y": 5.0, "grid_tsne_3d_z": 5.0, "patch_file_embed": "patch_0276_embed.png", "patch_file_rgb": "patch_0276_rgb.png" }, "geometry": { "type": "Point", "coordinates": [ -99.070410521430162, 37.108640164831442 ] } },
{ "type": "Feature", "properties": { "index": 277, "lon": -67.187008860719033, "lat": -11.303130910053916, "classification": 112, "subregion_name": "Latin America and the Caribbean", "umap_1d_x": -9.1376352, "umap_2d_x": 38.961533, "umap_2d_y": 26.10466, "umap_3d_x": 35.599686, "umap_3d_y": 38.349205, "umap_3d_z": 0.41825104000001001, "tsne_1d_x": 44.449112, "tsne_2d_x": 45.858322, "tsne_2d_y": -20.316023, "tsne_3d_x": 21.785614, "tsne_3d_y": -41.672752, "tsne_3d_z": -31.941139, "grid_umap_1d_x": 277.0, "grid_umap_2d_x": 29.0, "grid_umap_2d_y": 20.0, "grid_umap_3d_x": 10.0, "grid_umap_3d_y": 6.0, "grid_umap_3d_z": 2.0, "grid_tsne_1d_x": 277.0, "grid_tsne_2d_x": 28.0, "grid_tsne_2d_y": 9.0, "grid_tsne_3d_x": 7.0, "grid_tsne_3d_y": 1.0, "grid_tsne_3d_z": 0.0, "patch_file_embed": "patch_0277_embed.png", "patch_file_rgb": "patch_0277_rgb.png" }, "geometry": { "type": "Point", "coordinates": [ -67.187008860719033, -11.303130910053916 ] } },
{ "type": "Feature", "properties": { "index": 278, "lon": 121.46755040465143, "lat": -2.5764252300064778, "classification": 112, "subregion_name": "South-eastern Asia", "umap_1d_x": -5.5217161, "umap_2d_x": 26.691597, "umap_2d_y": 36.208794, "umap_3d_x": 21.686676, "umap_3d_y": 37.772758, "umap_3d_z": 9.4386215, "tsne_1d_x": 33.599804, "tsne_2d_x": 30.265518, "tsne_2d_y": -28.010857, "tsne_3d_x": 34.703911, "tsne_3d_y": -32.484642, "tsne_3d_z": -8.5712242, "grid_umap_1d_x": 278.0, "grid_umap_2d_x": 24.0, "grid_umap_2d_y": 30.0, "grid_umap_3d_x": 8.0, "grid_umap_3d_y": 8.0, "grid_umap_3d_z": 5.0, "grid_tsne_1d_x": 278.0, "grid_tsne_2d_x": 24.0, "grid_tsne_2d_y": 2.0, "grid_tsne_3d_x": 10.0, "grid_tsne_3d_y": 1.0, "grid_tsne_3d_z": 3.0, "patch_file_embed": "patch_0278_embed.png", "patch_file_rgb": "patch_0278_rgb.png" }, "geometry": { "type": "Point", "coordinates": [ 121.467550404651433, -2.576425230006478 ] } },
{ "type": "Feature", "properties": { "index": 279, "lon": -118.27141329505082, "lat": 35.872021559144613, "classification": 20, "subregion_name": "Unknown", "umap_1d_x": 7.1373177, "umap_2d_x": -15.948414, "umap_2d_y": 7.4749222, "umap_3d_x": -22.718195, "umap_3d_y": 5.0406532, "umap_3d_z": 7.3473625, "tsne_1d_x": -5.5872693, "tsne_2d_x": 4.9319382, "tsne_2d_y": 25.142876, "tsne_3d_x": -5.4726715, "tsne_3d_y": -12.448887, "tsne_3d_z": 16.630493, "grid_umap_1d_x": 279.0, "grid_umap_2d_x": 4.0, "grid_umap_2d_y": 13.0, "grid_umap_3d_x": 1.0, "grid_umap_3d_y": 7.0, "grid_umap_3d_z": 8.0, "grid_tsne_1d_x": 279.0, "grid_tsne_2d_x": 10.0, "grid_tsne_2d_y": 25.0, "grid_tsne_3d_x": 3.0, "grid_tsne_3d_y": 2.0, "grid_tsne_3d_z": 8.0, "patch_file_embed": "patch_0279_embed.png", "patch_file_rgb": "patch_0279_rgb.png" }, "geometry": { "type": "Point", "coordinates": [ -118.27141329505082, 35.872021559144613 ] } },
{ "type": "Feature", "properties": { "index": 280, "lon": -120.95773591279439, "lat": 51.183362777741166, "classification": 121, "subregion_name": "Northern America", "umap_1d_x": 16.685556, "umap_2d_x": -38.736301, "umap_2d_y": -4.8393898, "umap_3d_x": -45.695454, "umap_3d_y": 1.2007217, "umap_3d_z": -24.753376, "tsne_1d_x": -23.592203, "tsne_2d_x": -18.02314, "tsne_2d_y": 8.0531425, "tsne_3d_x": -8.2284851, "tsne_3d_y": 7.7375488, "tsne_3d_z": 16.12056, "grid_umap_1d_x": 280.0, "grid_umap_2d_x": 2.0, "grid_umap_2d_y": 8.0, "grid_umap_3d_x": 2.0, "grid_umap_3d_y": 4.0, "grid_umap_3d_z": 2.0, "grid_tsne_1d_x": 280.0, "grid_tsne_2d_x": 18.0, "grid_tsne_2d_y": 19.0, "grid_tsne_3d_x": 1.0, "grid_tsne_3d_y": 6.0, "grid_tsne_3d_z": 8.0, "patch_file_embed": "patch_0280_embed.png", "patch_file_rgb": "patch_0280_rgb.png" }, "geometry": { "type": "Point", "coordinates": [ -120.957735912794391, 51.183362777741166 ] } },
{ "type": "Feature", "properties": { "index": 281, "lon": 28.735774000714173, "lat": 39.672675117565561, "classification": 111, "subregion_name": "Western Asia", "umap_1d_x": 6.5455704, "umap_2d_x": -15.27663, "umap_2d_y": 1.443161, "umap_3d_x": -23.980293, "umap_3d_y": -2.9812431, "umap_3d_z": 8.1718369, "tsne_1d_x": -3.2209284, "tsne_2d_x": 1.0487251, "tsne_2d_y": 15.899033, "tsne_3d_x": -21.435457, "tsne_3d_y": -10.596092, "tsne_3d_z": 9.2409248, "grid_umap_1d_x": 281.0, "grid_umap_2d_x": 8.0, "grid_umap_2d_y": 9.0, "grid_umap_3d_x": 2.0, "grid_umap_3d_y": 2.0, "grid_umap_3d_z": 7.0, "grid_tsne_1d_x": 281.0, "grid_tsne_2d_x": 18.0, "grid_tsne_2d_y": 20.0, "grid_tsne_3d_x": 1.0, "grid_tsne_3d_y": 3.0, "grid_tsne_3d_z": 5.0, "patch_file_embed": "patch_0281_embed.png", "patch_file_rgb": "patch_0281_rgb.png" }, "geometry": { "type": "Point", "coordinates": [ 28.735774000714173, 39.672675117565561 ] } },
{ "type": "Feature", "properties": { "index": 282, "lon": -74.707198291893121, "lat": 50.917683914971605, "classification": 121, "subregion_name": "Northern America", "umap_1d_x": 14.769376, "umap_2d_x": -35.148426, "umap_2d_y": -4.7934074, "umap_3d_x": -45.609749, "umap_3d_y": -4.8200417, "umap_3d_z": -15.634258, "tsne_1d_x": -33.909126, "tsne_2d_x": -22.378456, "tsne_2d_y": 1.9184418, "tsne_3d_x": -17.993671, "tsne_3d_y": 32.902115, "tsne_3d_z": 19.877869, "grid_umap_1d_x": 282.0, "grid_umap_2d_x": 14.0, "grid_umap_2d_y": 11.0, "grid_umap_3d_x": 5.0, "grid_umap_3d_y": 3.0, "grid_umap_3d_z": 4.0, "grid_tsne_1d_x": 282.0, "grid_tsne_2d_x": 6.0, "grid_tsne_2d_y": 13.0, "grid_tsne_3d_x": 4.0, "grid_tsne_3d_y": 7.0, "grid_tsne_3d_z": 4.0, "patch_file_embed": "patch_0282_embed.png", "patch_file_rgb": "patch_0282_rgb.png" }, "geometry": { "type": "Point", "coordinates": [ -74.707198291893121, 50.917683914971605 ] } },
{ "type": "Feature", "properties": { "index": 283, "lon": -55.189237481808419, "lat": -4.1871982685049147, "classification": 112, "subregion_name": "Latin America and the Caribbean", "umap_1d_x": -8.815033, "umap_2d_x": 37.718712, "umap_2d_y": 25.26223, "umap_3d_x": 35.842545, "umap_3d_y": 42.378563, "umap_3d_z": 0.040233612000008634, "tsne_1d_x": 44.669361, "tsne_2d_x": 48.796425, "tsne_2d_y": -23.622099, "tsne_3d_x": 27.095245, "tsne_3d_y": -41.778633, "tsne_3d_z": -37.973469, "grid_umap_1d_x": 283.0, "grid_umap_2d_x": 31.0, "grid_umap_2d_y": 21.0, "grid_umap_3d_x": 9.0, "grid_umap_3d_y": 7.0, "grid_umap_3d_z": 1.0, "grid_tsne_1d_x": 283.0, "grid_tsne_2d_x": 29.0, "grid_tsne_2d_y": 8.0, "grid_tsne_3d_x": 7.0, "grid_tsne_3d_y": 4.0, "grid_tsne_3d_z": 1.0, "patch_file_embed": "patch_0283_embed.png", "patch_file_rgb": "patch_0283_rgb.png" }, "geometry": { "type": "Point", "coordinates": [ -55.189237481808419, -4.187198268504915 ] } },
{ "type": "Feature", "properties": { "index": 284, "lon": 16.510971052426072, "lat": 44.76636704374036, "classification": 114, "subregion_name": "Southern Europe", "umap_1d_x": 22.445553, "umap_2d_x": -20.936251, "umap_2d_y": -4.6311607, "umap_3d_x": -30.027903, "umap_3d_y": -8.2052689, "umap_3d_z": -3.1134529, "tsne_1d_x": -17.10453, "tsne_2d_x": -6.9735794, "tsne_2d_y": 14.299591, "tsne_3d_x": -25.441666, "tsne_3d_y": -0.057609558000002892, "tsne_3d_z": 9.0952263, "grid_umap_1d_x": 284.0, "grid_umap_2d_x": 12.0, "grid_umap_2d_y": 7.0, "grid_umap_3d_x": 3.0, "grid_umap_3d_y": 1.0, "grid_umap_3d_z": 5.0, "grid_tsne_1d_x": 284.0, "grid_tsne_2d_x": 21.0, "grid_tsne_2d_y": 21.0, "grid_tsne_3d_x": 3.0, "grid_tsne_3d_y": 5.0, "grid_tsne_3d_z": 4.0, "patch_file_embed": "patch_0284_embed.png", "patch_file_rgb": "patch_0284_rgb.png" }, "geometry": { "type": "Point", "coordinates": [ 16.510971052426072, 44.76636704374036 ] } },
{ "type": "Feature", "properties": { "index": 285, "lon": 16.430898320617445, "lat": 10.360993649879362, "classification": 20, "subregion_name": "Sub-Saharan Africa", "umap_1d_x": -2.6730824, "umap_2d_x": 11.008011, "umap_2d_y": 21.584091, "umap_3d_x": 8.1811066, "umap_3d_y": 32.361168, "umap_3d_z": 40.944832, "tsne_1d_x": 23.807673, "tsne_2d_x": 16.395012, "tsne_2d_y": -10.138191, "tsne_3d_x": 7.6672134, "tsne_3d_y": -42.171822, "tsne_3d_z": 26.174828, "grid_umap_1d_x": 285.0, "grid_umap_2d_x": 20.0, "grid_umap_2d_y": 23.0, "grid_umap_3d_x": 3.0, "grid_umap_3d_y": 6.0, "grid_umap_3d_z": 7.0, "grid_tsne_1d_x": 285.0, "grid_tsne_2d_x": 18.0, "grid_tsne_2d_y": 2.0, "grid_tsne_3d_x": 4.0, "grid_tsne_3d_y": 2.0, "grid_tsne_3d_z": 7.0, "patch_file_embed": "patch_0285_embed.png", "patch_file_rgb": "patch_0285_rgb.png" }, "geometry": { "type": "Point", "coordinates": [ 16.430898320617445, 10.360993649879362 ] } },
{ "type": "Feature", "properties": { "index": 286, "lon": 152.58018996334283, "lat": -31.413448185875918, "classification": 112, "subregion_name": "Unknown", "umap_1d_x": -16.671968, "umap_2d_x": 34.951607, "umap_2d_y": -24.027517, "umap_3d_x": 44.735138, "umap_3d_y": -18.487198, "umap_3d_z": 9.0745506, "tsne_1d_x": 68.108421, "tsne_2d_x": 29.265198, "tsne_2d_y": 38.654312, "tsne_3d_x": -11.599937, "tsne_3d_y": -3.7378273, "tsne_3d_z": -36.163986, "grid_umap_1d_x": 286.0, "grid_umap_2d_x": 23.0, "grid_umap_2d_y": 5.0, "grid_umap_3d_x": 10.0, "grid_umap_3d_y": 1.0, "grid_umap_3d_z": 2.0, "grid_tsne_1d_x": 286.0, "grid_tsne_2d_x": 22.0, "grid_tsne_2d_y": 30.0, "grid_tsne_3d_x": 3.0, "grid_tsne_3d_y": 7.0, "grid_tsne_3d_z": 0.0, "patch_file_embed": "patch_0286_embed.png", "patch_file_rgb": "patch_0286_rgb.png" }, "geometry": { "type": "Point", "coordinates": [ 152.580189963342832, -31.413448185875918 ] } },
{ "type": "Feature", "properties": { "index": 287, "lon": -150.17011159752388, "lat": 63.526387844484617, "classification": 30, "subregion_name": "Unknown", "umap_1d_x": 17.091272, "umap_2d_x": -41.352085, "umap_2d_y": -2.6699944, "umap_3d_x": -46.45076, "umap_3d_y": 4.7730751, "umap_3d_z": -27.991793, "tsne_1d_x": -49.632992, "tsne_2d_x": -27.442719, "tsne_2d_y": 14.277817, "tsne_3d_x": -13.48402, "tsne_3d_y": 39.8209, "tsne_3d_z": 30.317993, "grid_umap_1d_x": 287.0, "grid_umap_2d_x": 20.0, "grid_umap_2d_y": 15.0, "grid_umap_3d_x": 2.0, "grid_umap_3d_y": 5.0, "grid_umap_3d_z": 2.0, "grid_tsne_1d_x": 287.0, "grid_tsne_2d_x": 20.0, "grid_tsne_2d_y": 22.0, "grid_tsne_3d_x": 3.0, "grid_tsne_3d_y": 9.0, "grid_tsne_3d_z": 6.0, "patch_file_embed": "patch_0287_embed.png", "patch_file_rgb": "patch_0287_rgb.png" }, "geometry": { "type": "Point", "coordinates": [ -150.170111597523885, 63.526387844484617 ] } },
{ "type": "Feature", "properties": { "index": 288, "lon": 41.950213747660058, "lat": 40.132719534902932, "classification": 30, "subregion_name": "Western Asia", "umap_1d_x": 7.0456142, "umap_2d_x": -15.332844, "umap_2d_y": 8.4523811, "umap_3d_x": -22.441471, "umap_3d_y": 5.503273, "umap_3d_z": 6.6108246, "tsne_1d_x": -5.2833552, "tsne_2d_x": 5.5373116, "tsne_2d_y": 23.784866, "tsne_3d_x": -8.443882, "tsne_3d_y": -11.599403, "tsne_3d_z": 18.421349, "grid_umap_1d_x": 288.0, "grid_umap_2d_x": 9.0, "grid_umap_2d_y": 15.0, "grid_umap_3d_x": 0.0, "grid_umap_3d_y": 7.0, "grid_umap_3d_z": 7.0, "grid_tsne_1d_x": 288.0, "grid_tsne_2d_x": 9.0, "grid_tsne_2d_y": 24.0, "grid_tsne_3d_x": 2.0, "grid_tsne_3d_y": 2.0, "grid_tsne_3d_z": 8.0, "patch_file_embed": "patch_0288_embed.png", "patch_file_rgb": "patch_0288_rgb.png" }, "geometry": { "type": "Point", "coordinates": [ 41.950213747660058, 40.132719534902932 ] } },
{ "type": "Feature", "properties": { "index": 289, "lon": 32.101236348074025, "lat": -18.427564462561897, "classification": 126, "subregion_name": "Sub-Saharan Africa", "umap_1d_x": -14.385948, "umap_2d_x": 44.9832, "umap_2d_y": -24.4214, "umap_3d_x": 40.344803, "umap_3d_y": -17.265053, "umap_3d_z": 28.009186, "tsne_1d_x": 54.66127, "tsne_2d_x": 38.647324, "tsne_2d_y": 21.103996, "tsne_3d_x": -15.546841, "tsne_3d_y": -34.607834, "tsne_3d_z": -20.168179, "grid_umap_1d_x": 289.0, "grid_umap_2d_x": 28.0, "grid_umap_2d_y": 7.0, "grid_umap_3d_x": 10.0, "grid_umap_3d_y": 0.0, "grid_umap_3d_z": 7.0, "grid_tsne_1d_x": 289.0, "grid_tsne_2d_x": 28.0, "grid_tsne_2d_y": 22.0, "grid_tsne_3d_x": 1.0, "grid_tsne_3d_y": 0.0, "grid_tsne_3d_z": 1.0, "patch_file_embed": "patch_0289_embed.png", "patch_file_rgb": "patch_0289_rgb.png" }, "geometry": { "type": "Point", "coordinates": [ 32.101236348074025, -18.427564462561897 ] } },
{ "type": "Feature", "properties": { "index": 290, "lon": 79.379799613629189, "lat": 55.764060762659852, "classification": 30, "subregion_name": "Eastern Europe", "umap_1d_x": 11.382652, "umap_2d_x": -28.603506, "umap_2d_y": 22.800812, "umap_3d_x": -35.203629, "umap_3d_y": 7.0889816, "umap_3d_z": -32.387119, "tsne_1d_x": -60.951149, "tsne_2d_x": -23.150227, "tsne_2d_y": 36.719086, "tsne_3d_x": 12.446629, "tsne_3d_y": 11.169231, "tsne_3d_z": 27.191048, "grid_umap_1d_x": 290.0, "grid_umap_2d_x": 3.0, "grid_umap_2d_y": 24.0, "grid_umap_3d_x": 3.0, "grid_umap_3d_y": 5.0, "grid_umap_3d_z": 0.0, "grid_tsne_1d_x": 290.0, "grid_tsne_2d_x": 12.0, "grid_tsne_2d_y": 30.0, "grid_tsne_3d_x": 7.0, "grid_tsne_3d_y": 5.0, "grid_tsne_3d_z": 7.0, "patch_file_embed": "patch_0290_embed.png", "patch_file_rgb": "patch_0290_rgb.png" }, "geometry": { "type": "Point", "coordinates": [ 79.379799613629189, 55.764060762659852 ] } },
{ "type": "Feature", "properties": { "index": 291, "lon": -115.91394022447281, "lat": 39.498256039182635, "classification": 20, "subregion_name": "Unknown", "umap_1d_x": 7.1663146, "umap_2d_x": -16.158276, "umap_2d_y": 7.5045509, "umap_3d_x": -22.877571, "umap_3d_y": 5.6848297, "umap_3d_z": 7.2388115, "tsne_1d_x": -5.6601753, "tsne_2d_x": 4.6228409, "tsne_2d_y": 25.008331, "tsne_3d_x": -5.7283325, "tsne_3d_y": -11.901726, "tsne_3d_z": 16.173912, "grid_umap_1d_x": 291.0, "grid_umap_2d_x": 11.0, "grid_umap_2d_y": 15.0, "grid_umap_3d_x": 0.0, "grid_umap_3d_y": 8.0, "grid_umap_3d_z": 8.0, "grid_tsne_1d_x": 291.0, "grid_tsne_2d_x": 5.0, "grid_tsne_2d_y": 25.0, "grid_tsne_3d_x": 3.0, "grid_tsne_3d_y": 3.0, "grid_tsne_3d_z": 7.0, "patch_file_embed": "patch_0291_embed.png", "patch_file_rgb": "patch_0291_rgb.png" }, "geometry": { "type": "Point", "coordinates": [ -115.91394022447281, 39.498256039182635 ] } },
{ "type": "Feature", "properties": { "index": 292, "lon": 61.916201488959416, "lat": 59.149272372950392, "classification": 30, "subregion_name": "Eastern Europe", "umap_1d_x": 11.935783, "umap_2d_x": -30.787819, "umap_2d_y": 17.430779, "umap_3d_x": -37.255386, "umap_3d_y": 10.093903, "umap_3d_z": -22.966343, "tsne_1d_x": -54.198174, "tsne_2d_x": -23.800682, "tsne_2d_y": 29.955383, "tsne_3d_x": 13.152016, "tsne_3d_y": 17.201622, "tsne_3d_z": 16.927917, "grid_umap_1d_x": 292.0, "grid_umap_2d_x": 3.0, "grid_umap_2d_y": 22.0, "grid_umap_3d_x": 2.0, "grid_umap_3d_y": 6.0, "grid_umap_3d_z": 2.0, "grid_tsne_1d_x": 292.0, "grid_tsne_2d_x": 17.0, "grid_tsne_2d_y": 28.0, "grid_tsne_3d_x": 9.0, "grid_tsne_3d_y": 9.0, "grid_tsne_3d_z": 6.0, "patch_file_embed": "patch_0292_embed.png", "patch_file_rgb": "patch_0292_rgb.png" }, "geometry": { "type": "Point", "coordinates": [ 61.916201488959416, 59.149272372950392 ] } },
{ "type": "Feature", "properties": { "index": 293, "lon": -65.636479119660279, "lat": 45.574714096272928, "classification": 115, "subregion_name": "Northern America", "umap_1d_x": 12.861391, "umap_2d_x": -29.581938, "umap_2d_y": 6.119381, "umap_3d_x": -39.813736, "umap_3d_y": 0.65633011000001, "umap_3d_z": -16.079075, "tsne_1d_x": -28.503866, "tsne_2d_x": -11.004917, "tsne_2d_y": -4.7185059, "tsne_3d_x": 14.976357, "tsne_3d_y": 12.911266, "tsne_3d_z": -5.7146797, "grid_umap_1d_x": 293.0, "grid_umap_2d_x": 20.0, "grid_umap_2d_y": 19.0, "grid_umap_3d_x": 4.0, "grid_umap_3d_y": 4.0, "grid_umap_3d_z": 4.0, "grid_tsne_1d_x": 293.0, "grid_tsne_2d_x": 13.0, "grid_tsne_2d_y": 11.0, "grid_tsne_3d_x": 9.0, "grid_tsne_3d_y": 9.0, "grid_tsne_3d_z": 0.0, "patch_file_embed": "patch_0293_embed.png", "patch_file_rgb": "patch_0293_rgb.png" }, "geometry": { "type": "Point", "coordinates": [ -65.636479119660279, 45.574714096272928 ] } },
{ "type": "Feature", "properties": { "index": 294, "lon": 43.322555165917038, "lat": 3.7147163990492018, "classification": 20, "subregion_name": "Sub-Saharan Africa", "umap_1d_x": 3.033937, "umap_2d_x": 7.0638771, "umap_2d_y": 3.98172, "umap_3d_x": 12.629307, "umap_3d_y": 5.9872437, "umap_3d_z": 49.346558, "tsne_1d_x": 28.57374, "tsne_2d_x": 14.126541, "tsne_2d_y": 36.066208, "tsne_3d_x": -16.574024, "tsne_3d_y": -41.942841, "tsne_3d_z": 10.095757, "grid_umap_1d_x": 294.0, "grid_umap_2d_x": 20.0, "grid_umap_2d_y": 9.0, "grid_umap_3d_x": 4.0, "grid_umap_3d_y": 3.0, "grid_umap_3d_z": 8.0, "grid_tsne_1d_x": 294.0, "grid_tsne_2d_x": 17.0, "grid_tsne_2d_y": 29.0, "grid_tsne_3d_x": 3.0, "grid_tsne_3d_y": 3.0, "grid_tsne_3d_z": 5.0, "patch_file_embed": "patch_0294_embed.png", "patch_file_rgb": "patch_0294_rgb.png" }, "geometry": { "type": "Point", "coordinates": [ 43.322555165917038, 3.714716399049202 ] } },
{ "type": "Feature", "properties": { "index": 295, "lon": 139.28166579189684, "lat": -32.550264206669283, "classification": 30, "subregion_name": "Unknown", "umap_1d_x": -20.37434, "umap_2d_x": 40.434044, "umap_2d_y": -48.043472, "umap_3d_x": 48.889305, "umap_3d_y": -46.95282, "umap_3d_z": 21.95845, "tsne_1d_x": 79.861115, "tsne_2d_x": 41.369896, "tsne_2d_y": 44.459412, "tsne_3d_x": -41.221451, "tsne_3d_y": -12.107384, "tsne_3d_z": -23.712563, "grid_umap_1d_x": 295.0, "grid_umap_2d_x": 19.0, "grid_umap_2d_y": 3.0, "grid_umap_3d_x": 7.0, "grid_umap_3d_y": 2.0, "grid_umap_3d_z": 2.0, "grid_tsne_1d_x": 295.0, "grid_tsne_2d_x": 25.0, "grid_tsne_2d_y": 29.0, "grid_tsne_3d_x": 1.0, "grid_tsne_3d_y": 6.0, "grid_tsne_3d_z": 1.0, "patch_file_embed": "patch_0295_embed.png", "patch_file_rgb": "patch_0295_rgb.png" }, "geometry": { "type": "Point", "coordinates": [ 139.281665791896842, -32.550264206669283 ] } },
{ "type": "Feature", "properties": { "index": 296, "lon": -2.027411618724273, "lat": 11.105619195720578, "classification": 20, "subregion_name": "Sub-Saharan Africa", "umap_1d_x": -2.6746972, "umap_2d_x": 10.769581, "umap_2d_y": 20.70723, "umap_3d_x": 8.3833351, "umap_3d_y": 32.673004, "umap_3d_z": 40.736855, "tsne_1d_x": 23.990625, "tsne_2d_x": 17.081657, "tsne_2d_y": -9.4189606, "tsne_3d_x": 6.3894615, "tsne_3d_y": -40.277252, "tsne_3d_z": 24.612961, "grid_umap_1d_x": 296.0, "grid_umap_2d_x": 19.0, "grid_umap_2d_y": 22.0, "grid_umap_3d_x": 6.0, "grid_umap_3d_y": 6.0, "grid_umap_3d_z": 7.0, "grid_tsne_1d_x": 296.0, "grid_tsne_2d_x": 20.0, "grid_tsne_2d_y": 14.0, "grid_tsne_3d_x": 4.0, "grid_tsne_3d_y": 1.0, "grid_tsne_3d_z": 7.0, "patch_file_embed": "patch_0296_embed.png", "patch_file_rgb": "patch_0296_rgb.png" }, "geometry": { "type": "Point", "coordinates": [ -2.027411618724273, 11.105619195720578 ] } },
{ "type": "Feature", "properties": { "index": 297, "lon": 115.68363904708593, "lat": -30.914677734768631, "classification": 40, "subregion_name": "Unknown", "umap_1d_x": -19.437044, "umap_2d_x": 37.684731, "umap_2d_y": -43.674145, "umap_3d_x": 49.057686, "umap_3d_y": -39.783253, "umap_3d_z": 15.985069, "tsne_1d_x": 76.880508, "tsne_2d_x": 36.564865, "tsne_2d_y": 46.41256, "tsne_3d_x": -31.733622, "tsne_3d_y": -7.0244942, "tsne_3d_z": -29.662603, "grid_umap_1d_x": 297.0, "grid_umap_2d_x": 18.0, "grid_umap_2d_y": 3.0, "grid_umap_3d_x": 8.0, "grid_umap_3d_y": 0.0, "grid_umap_3d_z": 0.0, "grid_tsne_1d_x": 297.0, "grid_tsne_2d_x": 23.0, "grid_tsne_2d_y": 30.0, "grid_tsne_3d_x": 2.0, "grid_tsne_3d_y": 7.0, "grid_tsne_3d_z": 1.0, "patch_file_embed": "patch_0297_embed.png", "patch_file_rgb": "patch_0297_rgb.png" }, "geometry": { "type": "Point", "coordinates": [ 115.683639047085933, -30.914677734768631 ] } },
{ "type": "Feature", "properties": { "index": 298, "lon": -99.763314653605335, "lat": 54.786166354913831, "classification": 111, "subregion_name": "Northern America", "umap_1d_x": 14.430834, "umap_2d_x": -34.85598, "umap_2d_y": 1.3549461, "umap_3d_x": -45.849499, "umap_3d_y": 0.76581191999999021, "umap_3d_z": -5.0469742, "tsne_1d_x": -34.236317, "tsne_2d_x": -28.522335, "tsne_2d_y": -15.499264, "tsne_3d_x": -11.381668, "tsne_3d_y": 29.747932, "tsne_3d_z": 0.7362709, "grid_umap_1d_x": 298.0, "grid_umap_2d_x": 0.0, "grid_umap_2d_y": 11.0, "grid_umap_3d_x": 0.0, "grid_umap_3d_y": 3.0, "grid_umap_3d_z": 5.0, "grid_tsne_1d_x": 298.0, "grid_tsne_2d_x": 14.0, "grid_tsne_2d_y": 12.0, "grid_tsne_3d_x": 4.0, "grid_tsne_3d_y": 8.0, "grid_tsne_3d_z": 2.0, "patch_file_embed": "patch_0298_embed.png", "patch_file_rgb": "patch_0298_rgb.png" }, "geometry": { "type": "Point", "coordinates": [ -99.763314653605335, 54.786166354913831 ] } },
{ "type": "Feature", "properties": { "index": 299, "lon": -115.81543444881333, "lat": 46.855148906594962, "classification": 111, "subregion_name": "Unknown", "umap_1d_x": 13.369218, "umap_2d_x": -25.408182, "umap_2d_y": -0.92524338, "umap_3d_x": -36.099922, "umap_3d_y": -3.5394135, "umap_3d_z": -0.08097457899999938, "tsne_1d_x": -24.503458, "tsne_2d_x": -11.152847, "tsne_2d_y": 6.0078964, "tsne_3d_x": -21.170891, "tsne_3d_y": 6.6139984, "tsne_3d_z": -2.4569855, "grid_umap_1d_x": 299.0, "grid_umap_2d_x": 6.0, "grid_umap_2d_y": 9.0, "grid_umap_3d_x": 1.0, "grid_umap_3d_y": 2.0, "grid_umap_3d_z": 6.0, "grid_tsne_1d_x": 299.0, "grid_tsne_2d_x": 4.0, "grid_tsne_2d_y": 12.0, "grid_tsne_3d_x": 0.0, "grid_tsne_3d_y": 7.0, "grid_tsne_3d_z": 2.0, "patch_file_embed": "patch_0299_embed.png", "patch_file_rgb": "patch_0299_rgb.png" }, "geometry": { "type": "Point", "coordinates": [ -115.815434448813335, 46.855148906594962 ] } },
{ "type": "Feature", "properties": { "index": 300, "lon": 17.210400727985444, "lat": 63.801747422677423, "classification": 111, "subregion_name": "Northern Europe", "umap_1d_x": 20.50354, "umap_2d_x": -33.298065, "umap_2d_y": -15.475842, "umap_3d_x": -40.180908, "umap_3d_y": -8.5834808, "umap_3d_z": -25.642368, "tsne_1d_x": -48.227554, "tsne_2d_x": -20.639721, "tsne_2d_y": 15.406349, "tsne_3d_x": -27.153753, "tsne_3d_y": 18.54052, "tsne_3d_z": 23.986565, "grid_umap_1d_x": 300.0, "grid_umap_2d_x": 8.0, "grid_umap_2d_y": 1.0, "grid_umap_3d_x": 4.0, "grid_umap_3d_y": 1.0, "grid_umap_3d_z": 1.0, "grid_tsne_1d_x": 300.0, "grid_tsne_2d_x": 1.0, "grid_tsne_2d_y": 19.0, "grid_tsne_3d_x": 1.0, "grid_tsne_3d_y": 7.0, "grid_tsne_3d_z": 7.0, "patch_file_embed": "patch_0300_embed.png", "patch_file_rgb": "patch_0300_rgb.png" }, "geometry": { "type": "Point", "coordinates": [ 17.210400727985444, 63.801747422677423 ] } },
{ "type": "Feature", "properties": { "index": 301, "lon": 138.4492700274829, "lat": -2.3554440893775421, "classification": 112, "subregion_name": "South-eastern Asia", "umap_1d_x": -6.1482992, "umap_2d_x": 29.620193, "umap_2d_y": 37.317711, "umap_3d_x": 24.944298, "umap_3d_y": 39.61026, "umap_3d_z": 7.2024574, "tsne_1d_x": 35.140102, "tsne_2d_x": 33.914688, "tsne_2d_y": -31.197136, "tsne_3d_x": 34.004982, "tsne_3d_y": -32.199043, "tsne_3d_z": -18.366665, "grid_umap_1d_x": 301.0, "grid_umap_2d_x": 24.0, "grid_umap_2d_y": 23.0, "grid_umap_3d_x": 7.0, "grid_umap_3d_y": 7.0, "grid_umap_3d_z": 3.0, "grid_tsne_1d_x": 301.0, "grid_tsne_2d_x": 23.0, "grid_tsne_2d_y": 10.0, "grid_tsne_3d_x": 8.0, "grid_tsne_3d_y": 3.0, "grid_tsne_3d_z": 2.0, "patch_file_embed": "patch_0301_embed.png", "patch_file_rgb": "patch_0301_rgb.png" }, "geometry": { "type": "Point", "coordinates": [ 138.449270027482896, -2.355444089377542 ] } },
{ "type": "Feature", "properties": { "index": 302, "lon": 48.734733193855106, "lat": 64.465334295451683, "classification": 111, "subregion_name": "Eastern Europe", "umap_1d_x": 15.063934, "umap_2d_x": -33.414406, "umap_2d_y": -5.8684349, "umap_3d_x": -45.334801, "umap_3d_y": -7.0060539, "umap_3d_z": -8.1782684, "tsne_1d_x": -32.491203, "tsne_2d_x": -26.481211, "tsne_2d_y": -9.5524178, "tsne_3d_x": -17.781738, "tsne_3d_y": 29.688744, "tsne_3d_z": 7.8770409, "grid_umap_1d_x": 302.0, "grid_umap_2d_x": 13.0, "grid_umap_2d_y": 9.0, "grid_umap_3d_x": 3.0, "grid_umap_3d_y": 2.0, "grid_umap_3d_z": 5.0, "grid_tsne_1d_x": 302.0, "grid_tsne_2d_x": 6.0, "grid_tsne_2d_y": 9.0, "grid_tsne_3d_x": 3.0, "grid_tsne_3d_y": 8.0, "grid_tsne_3d_z": 3.0, "patch_file_embed": "patch_0302_embed.png", "patch_file_rgb": "patch_0302_rgb.png" }, "geometry": { "type": "Point", "coordinates": [ 48.734733193855106, 64.465334295451683 ] } },
{ "type": "Feature", "properties": { "index": 303, "lon": 18.751551066482932, "lat": 66.546486095347603, "classification": 20, "subregion_name": "Northern Europe", "umap_1d_x": 17.931103, "umap_2d_x": -42.212669, "umap_2d_y": -17.602112, "umap_3d_x": -42.688793, "umap_3d_y": -0.93408203, "umap_3d_z": -38.938606, "tsne_1d_x": -58.356297, "tsne_2d_x": -31.540403, "tsne_2d_y": 34.719116, "tsne_3d_x": -0.12369919, "tsne_3d_y": 14.821465, "tsne_3d_z": 41.450546, "grid_umap_1d_x": 303.0, "grid_umap_2d_x": 14.0, "grid_umap_2d_y": 4.0, "grid_umap_3d_x": 4.0, "grid_umap_3d_y": 2.0, "grid_umap_3d_z": 0.0, "grid_tsne_1d_x": 303.0, "grid_tsne_2d_x": 9.0, "grid_tsne_2d_y": 30.0, "grid_tsne_3d_x": 4.0, "grid_tsne_3d_y": 5.0, "grid_tsne_3d_z": 8.0, "patch_file_embed": "patch_0303_embed.png", "patch_file_rgb": "patch_0303_rgb.png" }, "geometry": { "type": "Point", "coordinates": [ 18.751551066482932, 66.546486095347603 ] } },
{ "type": "Feature", "properties": { "index": 304, "lon": 29.744823513809195, "lat": 47.857527543802817, "classification": 40, "subregion_name": "Eastern Europe", "umap_1d_x": 23.131939, "umap_2d_x": -20.135704, "umap_2d_y": -11.576054, "umap_3d_x": -29.238686, "umap_3d_y": -12.045414, "umap_3d_z": -15.59285, "tsne_1d_x": -18.807873, "tsne_2d_x": -8.2543488, "tsne_2d_y": 27.63382, "tsne_3d_x": -31.098396, "tsne_3d_y": -0.2708168, "tsne_3d_z": 23.618683, "grid_umap_1d_x": 304.0, "grid_umap_2d_x": 12.0, "grid_umap_2d_y": 2.0, "grid_umap_3d_x": 6.0, "grid_umap_3d_y": 1.0, "grid_umap_3d_z": 2.0, "grid_tsne_1d_x": 304.0, "grid_tsne_2d_x": 18.0, "grid_tsne_2d_y": 27.0, "grid_tsne_3d_x": 2.0, "grid_tsne_3d_y": 5.0, "grid_tsne_3d_z": 7.0, "patch_file_embed": "patch_0304_embed.png", "patch_file_rgb": "patch_0304_rgb.png" }, "geometry": { "type": "Point", "coordinates": [ 29.744823513809195, 47.857527543802817 ] } },
{ "type": "Feature", "properties": { "index": 305, "lon": -94.112990107507983, "lat": 40.991819098931785, "classification": 116, "subregion_name": "Unknown", "umap_1d_x": 9.981904, "umap_2d_x": -23.888115, "umap_2d_y": 17.009422, "umap_3d_x": -24.482113, "umap_3d_y": 4.0180016, "umap_3d_z": -24.91877, "tsne_1d_x": -14.042545, "tsne_2d_x": -7.0069809, "tsne_2d_y": -2.1441002, "tsne_3d_x": 13.114079, "tsne_3d_y": 4.8210602, "tsne_3d_z": -1.5281067, "grid_umap_1d_x": 305.0, "grid_umap_2d_x": 9.0, "grid_umap_2d_y": 22.0, "grid_umap_3d_x": 4.0, "grid_umap_3d_y": 3.0, "grid_umap_3d_z": 0.0, "grid_tsne_1d_x": 305.0, "grid_tsne_2d_x": 7.0, "grid_tsne_2d_y": 7.0, "grid_tsne_3d_x": 10.0, "grid_tsne_3d_y": 7.0, "grid_tsne_3d_z": 1.0, "patch_file_embed": "patch_0305_embed.png", "patch_file_rgb": "patch_0305_rgb.png" }, "geometry": { "type": "Point", "coordinates": [ -94.112990107507983, 40.991819098931785 ] } },
{ "type": "Feature", "properties": { "index": 306, "lon": -118.29761572900331, "lat": 64.952097243351261, "classification": 116, "subregion_name": "Northern America", "umap_1d_x": 16.895683, "umap_2d_x": -40.464752, "umap_2d_y": -6.8519592, "umap_3d_x": -48.896221, "umap_3d_y": 0.45021819999999479, "umap_3d_z": -30.94669, "tsne_1d_x": -52.669106, "tsne_2d_x": -32.385666, "tsne_2d_y": 15.317398, "tsne_3d_x": -3.2487869, "tsne_3d_y": 27.512062, "tsne_3d_z": 21.139091, "grid_umap_1d_x": 306.0, "grid_umap_2d_x": 3.0, "grid_umap_2d_y": 7.0, "grid_umap_3d_x": 0.0, "grid_umap_3d_y": 3.0, "grid_umap_3d_z": 0.0, "grid_tsne_1d_x": 306.0, "grid_tsne_2d_x": 17.0, "grid_tsne_2d_y": 22.0, "grid_tsne_3d_x": 3.0, "grid_tsne_3d_y": 10.0, "grid_tsne_3d_z": 6.0, "patch_file_embed": "patch_0306_embed.png", "patch_file_rgb": "patch_0306_rgb.png" }, "geometry": { "type": "Point", "coordinates": [ -118.297615729003311, 64.952097243351261 ] } },
{ "type": "Feature", "properties": { "index": 307, "lon": 133.06595295122759, "lat": 60.636027111417462, "classification": 113, "subregion_name": "Eastern Europe", "umap_1d_x": 15.877685, "umap_2d_x": -42.356541, "umap_2d_y": 12.628418, "umap_3d_x": -48.490543, "umap_3d_y": 21.774254, "umap_3d_z": -17.347607, "tsne_1d_x": -43.85104, "tsne_2d_x": -42.327164, "tsne_2d_y": 2.6148796, "tsne_3d_x": 7.3687782, "tsne_3d_y": 42.41127, "tsne_3d_z": 13.833469, "grid_umap_1d_x": 307.0, "grid_umap_2d_x": 15.0, "grid_umap_2d_y": 22.0, "grid_umap_3d_x": 1.0, "grid_umap_3d_y": 9.0, "grid_umap_3d_z": 3.0, "grid_tsne_1d_x": 307.0, "grid_tsne_2d_x": 2.0, "grid_tsne_2d_y": 15.0, "grid_tsne_3d_x": 6.0, "grid_tsne_3d_y": 8.0, "grid_tsne_3d_z": 3.0, "patch_file_embed": "patch_0307_embed.png", "patch_file_rgb": "patch_0307_rgb.png" }, "geometry": { "type": "Point", "coordinates": [ 133.065952951227587, 60.636027111417462 ] } },
{ "type": "Feature", "properties": { "index": 308, "lon": -119.78297706328466, "lat": 55.534976649791076, "classification": 115, "subregion_name": "Northern America", "umap_1d_x": 14.038183, "umap_2d_x": -34.794827, "umap_2d_y": 5.2793427, "umap_3d_x": -44.894299, "umap_3d_y": 5.82481, "umap_3d_z": -3.3020897, "tsne_1d_x": -37.107903, "tsne_2d_x": -30.978441, "tsne_2d_y": -15.578201, "tsne_3d_x": -1.5027618, "tsne_3d_y": 28.03508, "tsne_3d_z": -3.7007217, "grid_umap_1d_x": 308.0, "grid_umap_2d_x": 15.0, "grid_umap_2d_y": 18.0, "grid_umap_3d_x": 1.0, "grid_umap_3d_y": 6.0, "grid_umap_3d_z": 6.0, "grid_tsne_1d_x": 308.0, "grid_tsne_2d_x": 0.0, "grid_tsne_2d_y": 4.0, "grid_tsne_3d_x": 5.0, "grid_tsne_3d_y": 9.0, "grid_tsne_3d_z": 1.0, "patch_file_embed": "patch_0308_embed.png", "patch_file_rgb": "patch_0308_rgb.png" }, "geometry": { "type": "Point", "coordinates": [ -119.782977063284662, 55.534976649791076 ] } },
{ "type": "Feature", "properties": { "index": 309, "lon": 37.83597386401496, "lat": 63.422632057861875, "classification": 115, "subregion_name": "Eastern Europe", "umap_1d_x": 15.017225, "umap_2d_x": -30.806692, "umap_2d_y": -6.6966095, "umap_3d_x": -42.982868, "umap_3d_y": -10.483841, "umap_3d_z": -5.3470078, "tsne_1d_x": -31.297131, "tsne_2d_x": -23.726288, "tsne_2d_y": -10.195469, "tsne_3d_x": -25.763975, "tsne_3d_y": 27.701683, "tsne_3d_z": 4.3468132, "grid_umap_1d_x": 309.0, "grid_umap_2d_x": 7.0, "grid_umap_2d_y": 6.0, "grid_umap_3d_x": 2.0, "grid_umap_3d_y": 1.0, "grid_umap_3d_z": 5.0, "grid_tsne_1d_x": 309.0, "grid_tsne_2d_x": 1.0, "grid_tsne_2d_y": 5.0, "grid_tsne_3d_x": 1.0, "grid_tsne_3d_y": 9.0, "grid_tsne_3d_z": 3.0, "patch_file_embed": "patch_0309_embed.png", "patch_file_rgb": "patch_0309_rgb.png" }, "geometry": { "type": "Point", "coordinates": [ 37.83597386401496, 63.422632057861875 ] } },
{ "type": "Feature", "properties": { "index": 310, "lon": 17.593199639641085, "lat": -1.4478556564504499, "classification": 112, "subregion_name": "Sub-Saharan Africa", "umap_1d_x": -6.6316748, "umap_2d_x": 31.397179, "umap_2d_y": 41.695251, "umap_3d_x": 28.014709, "umap_3d_y": 35.373726, "umap_3d_z": 8.8327065, "tsne_1d_x": 37.852329, "tsne_2d_x": 39.200378, "tsne_2d_y": -34.216835, "tsne_3d_x": 47.965698, "tsne_3d_y": -36.058868, "tsne_3d_z": -21.774145, "grid_umap_1d_x": 310.0, "grid_umap_2d_x": 25.0, "grid_umap_2d_y": 25.0, "grid_umap_3d_x": 10.0, "grid_umap_3d_y": 9.0, "grid_umap_3d_z": 5.0, "grid_tsne_1d_x": 310.0, "grid_tsne_2d_x": 24.0, "grid_tsne_2d_y": 10.0, "grid_tsne_3d_x": 10.0, "grid_tsne_3d_y": 3.0, "grid_tsne_3d_z": 1.0, "patch_file_embed": "patch_0310_embed.png", "patch_file_rgb": "patch_0310_rgb.png" }, "geometry": { "type": "Point", "coordinates": [ 17.593199639641085, -1.44785565645045 ] } },
{ "type": "Feature", "properties": { "index": 311, "lon": -87.536055662012558, "lat": 51.211138328860315, "classification": 111, "subregion_name": "Northern America", "umap_1d_x": 14.970665, "umap_2d_x": -35.578243, "umap_2d_y": -3.2380524, "umap_3d_x": -46.525108, "umap_3d_y": -2.9422035, "umap_3d_z": -14.494331, "tsne_1d_x": -34.198437, "tsne_2d_x": -26.891899, "tsne_2d_y": -19.715965, "tsne_3d_x": -10.793285, "tsne_3d_y": 23.589302, "tsne_3d_z": 8.9166222, "grid_umap_1d_x": 311.0, "grid_umap_2d_x": 11.0, "grid_umap_2d_y": 11.0, "grid_umap_3d_x": 1.0, "grid_umap_3d_y": 3.0, "grid_umap_3d_z": 3.0, "grid_tsne_1d_x": 311.0, "grid_tsne_2d_x": 2.0, "grid_tsne_2d_y": 1.0, "grid_tsne_3d_x": 2.0, "grid_tsne_3d_y": 9.0, "grid_tsne_3d_z": 4.0, "patch_file_embed": "patch_0311_embed.png", "patch_file_rgb": "patch_0311_rgb.png" }, "geometry": { "type": "Point", "coordinates": [ -87.536055662012558, 51.211138328860315 ] } },
{ "type": "Feature", "properties": { "index": 312, "lon": 73.51806127951113, "lat": 57.655519540873769, "classification": 114, "subregion_name": "Eastern Europe", "umap_1d_x": 12.461406, "umap_2d_x": -32.6017, "umap_2d_y": 13.501381, "umap_3d_x": -38.702271, "umap_3d_y": 9.0532112, "umap_3d_z": -12.88522, "tsne_1d_x": -39.87458, "tsne_2d_x": -30.725025, "tsne_2d_y": -3.2374077, "tsne_3d_x": 9.9547577, "tsne_3d_y": 19.454414, "tsne_3d_z": 5.3232079, "grid_umap_1d_x": 312.0, "grid_umap_2d_x": 14.0, "grid_umap_2d_y": 21.0, "grid_umap_3d_x": 0.0, "grid_umap_3d_y": 5.0, "grid_umap_3d_z": 3.0, "grid_tsne_1d_x": 312.0, "grid_tsne_2d_x": 1.0, "grid_tsne_2d_y": 10.0, "grid_tsne_3d_x": 8.0, "grid_tsne_3d_y": 10.0, "grid_tsne_3d_z": 3.0, "patch_file_embed": "patch_0312_embed.png", "patch_file_rgb": "patch_0312_rgb.png" }, "geometry": { "type": "Point", "coordinates": [ 73.51806127951113, 57.655519540873769 ] } },
{ "type": "Feature", "properties": { "index": 313, "lon": 36.956515041579934, "lat": 6.7537996832433436, "classification": 116, "subregion_name": "Sub-Saharan Africa", "umap_1d_x": -1.8536782, "umap_2d_x": 9.3858528, "umap_2d_y": 28.74469, "umap_3d_x": 8.543396, "umap_3d_y": 30.713074, "umap_3d_z": 28.458748, "tsne_1d_x": 20.734274, "tsne_2d_x": 11.659801, "tsne_2d_y": -17.7799, "tsne_3d_x": 9.9016838, "tsne_3d_y": -43.056152, "tsne_3d_z": 7.1291924, "grid_umap_1d_x": 313.0, "grid_umap_2d_x": 14.0, "grid_umap_2d_y": 26.0, "grid_umap_3d_x": 7.0, "grid_umap_3d_y": 6.0, "grid_umap_3d_z": 5.0, "grid_tsne_1d_x": 313.0, "grid_tsne_2d_x": 15.0, "grid_tsne_2d_y": 1.0, "grid_tsne_3d_x": 5.0, "grid_tsne_3d_y": 2.0, "grid_tsne_3d_z": 4.0, "patch_file_embed": "patch_0313_embed.png", "patch_file_rgb": "patch_0313_rgb.png" }, "geometry": { "type": "Point", "coordinates": [ 36.956515041579934, 6.753799683243344 ] } },
{ "type": "Feature", "properties": { "index": 314, "lon": 30.975251981090707, "lat": 61.814704465086635, "classification": 114, "subregion_name": "Eastern Europe", "umap_1d_x": 21.177986, "umap_2d_x": -30.018347, "umap_2d_y": -11.768345, "umap_3d_x": -38.817139, "umap_3d_y": -8.4973831, "umap_3d_z": -15.815514, "tsne_1d_x": -25.7015, "tsne_2d_x": -19.070423, "tsne_2d_y": 12.091522, "tsne_3d_x": -25.392933, "tsne_3d_y": 17.393944, "tsne_3d_z": 15.413696, "grid_umap_1d_x": 314.0, "grid_umap_2d_x": 14.0, "grid_umap_2d_y": 5.0, "grid_umap_3d_x": 5.0, "grid_umap_3d_y": 2.0, "grid_umap_3d_z": 4.0, "grid_tsne_1d_x": 314.0, "grid_tsne_2d_x": 7.0, "grid_tsne_2d_y": 18.0, "grid_tsne_3d_x": 0.0, "grid_tsne_3d_y": 8.0, "grid_tsne_3d_z": 5.0, "patch_file_embed": "patch_0314_embed.png", "patch_file_rgb": "patch_0314_rgb.png" }, "geometry": { "type": "Point", "coordinates": [ 30.975251981090707, 61.814704465086635 ] } },
{ "type": "Feature", "properties": { "index": 315, "lon": 15.870896031235503, "lat": -21.000447885827583, "classification": 20, "subregion_name": "Sub-Saharan Africa", "umap_1d_x": -15.210841, "umap_2d_x": 45.568398, "umap_2d_y": -33.707375, "umap_3d_x": 40.748459, "umap_3d_y": -27.887056, "umap_3d_z": 29.174744, "tsne_1d_x": 71.846855, "tsne_2d_x": 38.408035, "tsne_2d_y": 30.618164, "tsne_3d_x": -29.421667, "tsne_3d_y": -31.488478, "tsne_3d_z": -15.810692, "grid_umap_1d_x": 315.0, "grid_umap_2d_x": 24.0, "grid_umap_2d_y": 12.0, "grid_umap_3d_x": 6.0, "grid_umap_3d_y": 0.0, "grid_umap_3d_z": 7.0, "grid_tsne_1d_x": 315.0, "grid_tsne_2d_x": 30.0, "grid_tsne_2d_y": 27.0, "grid_tsne_3d_x": 0.0, "grid_tsne_3d_y": 1.0, "grid_tsne_3d_z": 3.0, "patch_file_embed": "patch_0315_embed.png", "patch_file_rgb": "patch_0315_rgb.png" }, "geometry": { "type": "Point", "coordinates": [ 15.870896031235503, -21.000447885827583 ] } },
{ "type": "Feature", "properties": { "index": 316, "lon": 75.876639132553464, "lat": 11.919725806930998, "classification": 112, "subregion_name": "Southern Asia", "umap_1d_x": -1.1203375, "umap_2d_x": 6.1612434, "umap_2d_y": 33.64872, "umap_3d_x": 5.8138771, "umap_3d_y": 35.846466, "umap_3d_z": 20.050468, "tsne_1d_x": 10.300967, "tsne_2d_x": 13.287132, "tsne_2d_y": -26.0516, "tsne_3d_x": 21.85817, "tsne_3d_y": -31.871773, "tsne_3d_z": 6.7165565, "grid_umap_1d_x": 316.0, "grid_umap_2d_x": 13.0, "grid_umap_2d_y": 29.0, "grid_umap_3d_x": 6.0, "grid_umap_3d_y": 6.0, "grid_umap_3d_z": 4.0, "grid_tsne_1d_x": 316.0, "grid_tsne_2d_x": 17.0, "grid_tsne_2d_y": 2.0, "grid_tsne_3d_x": 8.0, "grid_tsne_3d_y": 0.0, "grid_tsne_3d_z": 4.0, "patch_file_embed": "patch_0316_embed.png", "patch_file_rgb": "patch_0316_rgb.png" }, "geometry": { "type": "Point", "coordinates": [ 75.876639132553464, 11.919725806930998 ] } },
{ "type": "Feature", "properties": { "index": 317, "lon": -57.610985028753447, "lat": -5.4838832983870702, "classification": 112, "subregion_name": "Latin America and the Caribbean", "umap_1d_x": -8.8236456, "umap_2d_x": 37.906883, "umap_2d_y": 25.915039, "umap_3d_x": 35.748581, "umap_3d_y": 41.628571, "umap_3d_z": -0.077064514, "tsne_1d_x": 44.333729, "tsne_2d_x": 48.310982, "tsne_2d_y": -24.196507, "tsne_3d_x": 28.148895, "tsne_3d_y": -41.02029, "tsne_3d_z": -36.309319, "grid_umap_1d_x": 317.0, "grid_umap_2d_x": 28.0, "grid_umap_2d_y": 20.0, "grid_umap_3d_x": 10.0, "grid_umap_3d_y": 8.0, "grid_umap_3d_z": 1.0, "grid_tsne_1d_x": 317.0, "grid_tsne_2d_x": 25.0, "grid_tsne_2d_y": 14.0, "grid_tsne_3d_x": 8.0, "grid_tsne_3d_y": 3.0, "grid_tsne_3d_z": 0.0, "patch_file_embed": "patch_0317_embed.png", "patch_file_rgb": "patch_0317_rgb.png" }, "geometry": { "type": "Point", "coordinates": [ -57.610985028753447, -5.48388329838707 ] } },
{ "type": "Feature", "properties": { "index": 318, "lon": -50.272687867134408, "lat": -9.3499559142332487, "classification": 30, "subregion_name": "Latin America and the Caribbean", "umap_1d_x": -14.332584, "umap_2d_x": 43.875145, "umap_2d_y": -15.193405, "umap_3d_x": 41.073135, "umap_3d_y": -6.4158096, "umap_3d_z": 26.460426, "tsne_1d_x": 58.337387, "tsne_2d_x": 43.22007, "tsne_2d_y": 11.885441, "tsne_3d_x": -6.9651947, "tsne_3d_y": -40.686649, "tsne_3d_z": -31.709002, "grid_umap_1d_x": 318.0, "grid_umap_2d_x": 30.0, "grid_umap_2d_y": 9.0, "grid_umap_3d_x": 10.0, "grid_umap_3d_y": 5.0, "grid_umap_3d_z": 6.0, "grid_tsne_1d_x": 318.0, "grid_tsne_2d_x": 27.0, "grid_tsne_2d_y": 18.0, "grid_tsne_3d_x": 4.0, "grid_tsne_3d_y": 0.0, "grid_tsne_3d_z": 0.0, "patch_file_embed": "patch_0318_embed.png", "patch_file_rgb": "patch_0318_rgb.png" }, "geometry": { "type": "Point", "coordinates": [ -50.272687867134408, -9.349955914233249 ] } },
{ "type": "Feature", "properties": { "index": 319, "lon": 104.57454437633282, "lat": 19.610316056796051, "classification": 112, "subregion_name": "South-eastern Asia", "umap_1d_x": -0.76900971, "umap_2d_x": 1.797493, "umap_2d_y": 35.612312, "umap_3d_x": 3.5445557, "umap_3d_y": 36.007042, "umap_3d_z": 13.017178, "tsne_1d_x": 9.1848774, "tsne_2d_x": 3.2816887, "tsne_2d_y": -34.816582, "tsne_3d_x": 30.981743, "tsne_3d_y": -24.372601, "tsne_3d_z": 7.1712303, "grid_umap_1d_x": 319.0, "grid_umap_2d_x": 9.0, "grid_umap_2d_y": 31.0, "grid_umap_3d_x": 6.0, "grid_umap_3d_y": 9.0, "grid_umap_3d_z": 3.0, "grid_tsne_1d_x": 319.0, "grid_tsne_2d_x": 15.0, "grid_tsne_2d_y": 11.0, "grid_tsne_3d_x": 9.0, "grid_tsne_3d_y": 3.0, "grid_tsne_3d_z": 4.0, "patch_file_embed": "patch_0319_embed.png", "patch_file_rgb": "patch_0319_rgb.png" }, "geometry": { "type": "Point", "coordinates": [ 104.574544376332824, 19.610316056796051 ] } },
{ "type": "Feature", "properties": { "index": 320, "lon": 24.252935671666705, "lat": -1.6735032104297569, "classification": 112, "subregion_name": "Sub-Saharan Africa", "umap_1d_x": -6.5855293, "umap_2d_x": 31.296684, "umap_2d_y": 41.616623, "umap_3d_x": 27.95491, "umap_3d_y": 34.621674, "umap_3d_z": 8.9930649, "tsne_1d_x": 37.776432, "tsne_2d_x": 38.950829, "tsne_2d_y": -33.51165, "tsne_3d_x": 49.086769, "tsne_3d_y": -36.043423, "tsne_3d_z": -20.243216, "grid_umap_1d_x": 320.0, "grid_umap_2d_x": 27.0, "grid_umap_2d_y": 31.0, "grid_umap_3d_x": 9.0, "grid_umap_3d_y": 7.0, "grid_umap_3d_z": 5.0, "grid_tsne_1d_x": 320.0, "grid_tsne_2d_x": 25.0, "grid_tsne_2d_y": 7.0, "grid_tsne_3d_x": 10.0, "grid_tsne_3d_y": 4.0, "grid_tsne_3d_z": 2.0, "patch_file_embed": "patch_0320_embed.png", "patch_file_rgb": "patch_0320_rgb.png" }, "geometry": { "type": "Point", "coordinates": [ 24.252935671666705, -1.673503210429757 ] } },
{ "type": "Feature", "properties": { "index": 321, "lon": 142.19584768791344, "lat": -17.179775865985128, "classification": 20, "subregion_name": "Unknown", "umap_1d_x": -18.467077, "umap_2d_x": 40.326843, "umap_2d_y": -34.612358, "umap_3d_x": 48.399994, "umap_3d_y": -29.479166, "umap_3d_z": 25.667374, "tsne_1d_x": 74.090111, "tsne_2d_x": 45.914246, "tsne_2d_y": 30.568352, "tsne_3d_x": -28.933678, "tsne_3d_y": -27.654295, "tsne_3d_z": -30.234486, "grid_umap_1d_x": 321.0, "grid_umap_2d_x": 22.0, "grid_umap_2d_y": 10.0, "grid_umap_3d_x": 9.0, "grid_umap_3d_y": 1.0, "grid_umap_3d_z": 4.0, "grid_tsne_1d_x": 321.0, "grid_tsne_2d_x": 29.0, "grid_tsne_2d_y": 25.0, "grid_tsne_3d_x": 0.0, "grid_tsne_3d_y": 2.0, "grid_tsne_3d_z": 0.0, "patch_file_embed": "patch_0321_embed.png", "patch_file_rgb": "patch_0321_rgb.png" }, "geometry": { "type": "Point", "coordinates": [ 142.195847687913442, -17.179775865985128 ] } },
{ "type": "Feature", "properties": { "index": 322, "lon": 99.027861435011346, "lat": 50.892094235278876, "classification": 116, "subregion_name": "Eastern Asia", "umap_1d_x": 11.18101, "umap_2d_x": -32.291275, "umap_2d_y": 21.792816, "umap_3d_x": -39.304409, "umap_3d_y": 14.899483, "umap_3d_z": -32.289619, "tsne_1d_x": -62.673027, "tsne_2d_x": -26.423389, "tsne_2d_y": 43.57309, "tsne_3d_x": 28.557045, "tsne_3d_y": 14.423599, "tsne_3d_z": 24.498108, "grid_umap_1d_x": 322.0, "grid_umap_2d_x": 6.0, "grid_umap_2d_y": 24.0, "grid_umap_3d_x": 5.0, "grid_umap_3d_y": 6.0, "grid_umap_3d_z": 3.0, "grid_tsne_1d_x": 322.0, "grid_tsne_2d_x": 12.0, "grid_tsne_2d_y": 31.0, "grid_tsne_3d_x": 10.0, "grid_tsne_3d_y": 7.0, "grid_tsne_3d_z": 7.0, "patch_file_embed": "patch_0322_embed.png", "patch_file_rgb": "patch_0322_rgb.png" }, "geometry": { "type": "Point", "coordinates": [ 99.027861435011346, 50.892094235278876 ] } },
{ "type": "Feature", "properties": { "index": 323, "lon": 165.85220474485857, "lat": 60.639603682979015, "classification": 20, "subregion_name": "Eastern Europe", "umap_1d_x": 17.64295, "umap_2d_x": -41.689533, "umap_2d_y": -16.010872, "umap_3d_x": -45.916565, "umap_3d_y": 0.090904236, "umap_3d_z": -41.983227, "tsne_1d_x": -59.717812, "tsne_2d_x": -33.48877, "tsne_2d_y": 28.993523, "tsne_3d_x": -7.960186, "tsne_3d_y": 20.233246, "tsne_3d_z": 40.526978, "grid_umap_1d_x": 323.0, "grid_umap_2d_x": 3.0, "grid_umap_2d_y": 1.0, "grid_umap_3d_x": 4.0, "grid_umap_3d_y": 3.0, "grid_umap_3d_z": 1.0, "grid_tsne_1d_x": 323.0, "grid_tsne_2d_x": 4.0, "grid_tsne_2d_y": 28.0, "grid_tsne_3d_x": 3.0, "grid_tsne_3d_y": 6.0, "grid_tsne_3d_z": 8.0, "patch_file_embed": "patch_0323_embed.png", "patch_file_rgb": "patch_0323_rgb.png" }, "geometry": { "type": "Point", "coordinates": [ 165.852204744858568, 60.639603682979015 ] } },
{ "type": "Feature", "properties": { "index": 324, "lon": 154.80408186759684, "lat": 63.072181724669178, "classification": 113, "subregion_name": "Eastern Europe", "umap_1d_x": 15.596565, "umap_2d_x": -41.116367, "umap_2d_y": 13.495426, "umap_3d_x": -47.508629, "umap_3d_y": 21.406059, "umap_3d_z": -15.709427, "tsne_1d_x": -43.187408, "tsne_2d_x": -42.639305, "tsne_2d_y": -1.6083679, "tsne_3d_x": 12.15139, "tsne_3d_y": 40.739441, "tsne_3d_z": 8.3537407, "grid_umap_1d_x": 324.0, "grid_umap_2d_x": 6.0, "grid_umap_2d_y": 21.0, "grid_umap_3d_x": 0.0, "grid_umap_3d_y": 9.0, "grid_umap_3d_z": 3.0, "grid_tsne_1d_x": 324.0, "grid_tsne_2d_x": 5.0, "grid_tsne_2d_y": 14.0, "grid_tsne_3d_x": 7.0, "grid_tsne_3d_y": 9.0, "grid_tsne_3d_z": 2.0, "patch_file_embed": "patch_0324_embed.png", "patch_file_rgb": "patch_0324_rgb.png" }, "geometry": { "type": "Point", "coordinates": [ 154.804081867596835, 63.072181724669178 ] } },
{ "type": "Feature", "properties": { "index": 325, "lon": 124.2356675250328, "lat": 56.531105206841417, "classification": 116, "subregion_name": "Eastern Europe", "umap_1d_x": 19.523108, "umap_2d_x": -46.425018, "umap_2d_y": -0.85536957, "umap_3d_x": -47.807331, "umap_3d_y": 17.063362, "umap_3d_z": -38.688175, "tsne_1d_x": -74.407852, "tsne_2d_x": -49.585358, "tsne_2d_y": 20.735001, "tsne_3d_x": 0.07661056500000285, "tsne_3d_y": 47.290131, "tsne_3d_z": 35.549812, "grid_umap_1d_x": 325.0, "grid_umap_2d_x": 0.0, "grid_umap_2d_y": 12.0, "grid_umap_3d_x": 1.0, "grid_umap_3d_y": 7.0, "grid_umap_3d_z": 0.0, "grid_tsne_1d_x": 325.0, "grid_tsne_2d_x": 10.0, "grid_tsne_2d_y": 24.0, "grid_tsne_3d_x": 4.0, "grid_tsne_3d_y": 10.0, "grid_tsne_3d_z": 7.0, "patch_file_embed": "patch_0325_embed.png", "patch_file_rgb": "patch_0325_rgb.png" }, "geometry": { "type": "Point", "coordinates": [ 124.235667525032795, 56.531105206841417 ] } },
{ "type": "Feature", "properties": { "index": 326, "lon": -108.62747507410118, "lat": 32.79717034683145, "classification": 20, "subregion_name": "Unknown", "umap_1d_x": 6.9419861, "umap_2d_x": -14.602547, "umap_2d_y": 7.2891769, "umap_3d_x": -22.210997, "umap_3d_y": 2.0395927, "umap_3d_z": 7.6776199, "tsne_1d_x": -4.4557762, "tsne_2d_x": 3.6940155, "tsne_2d_y": 20.57592, "tsne_3d_x": -11.034264, "tsne_3d_y": -17.268322, "tsne_3d_z": 10.840851, "grid_umap_1d_x": 326.0, "grid_umap_2d_x": 6.0, "grid_umap_2d_y": 13.0, "grid_umap_3d_x": 2.0, "grid_umap_3d_y": 3.0, "grid_umap_3d_z": 7.0, "grid_tsne_1d_x": 326.0, "grid_tsne_2d_x": 7.0, "grid_tsne_2d_y": 21.0, "grid_tsne_3d_x": 1.0, "grid_tsne_3d_y": 1.0, "grid_tsne_3d_z": 6.0, "patch_file_embed": "patch_0326_embed.png", "patch_file_rgb": "patch_0326_rgb.png" }, "geometry": { "type": "Point", "coordinates": [ -108.627475074101184, 32.79717034683145 ] } },
{ "type": "Feature", "properties": { "index": 327, "lon": -53.720726001339457, "lat": 3.4750830148891718, "classification": 112, "subregion_name": "Unknown", "umap_1d_x": -7.6733184, "umap_2d_x": 35.959457, "umap_2d_y": 35.168427, "umap_3d_x": 31.045853, "umap_3d_y": 48.665146, "umap_3d_z": 2.9490242, "tsne_1d_x": 40.389351, "tsne_2d_x": 45.992104, "tsne_2d_y": -35.940952, "tsne_3d_x": 41.743759, "tsne_3d_y": -41.403496, "tsne_3d_z": -36.95068, "grid_umap_1d_x": 327.0, "grid_umap_2d_x": 27.0, "grid_umap_2d_y": 25.0, "grid_umap_3d_x": 8.0, "grid_umap_3d_y": 10.0, "grid_umap_3d_z": 2.0, "grid_tsne_1d_x": 327.0, "grid_tsne_2d_x": 24.0, "grid_tsne_2d_y": 13.0, "grid_tsne_3d_x": 9.0, "grid_tsne_3d_y": 4.0, "grid_tsne_3d_z": 0.0, "patch_file_embed": "patch_0327_embed.png", "patch_file_rgb": "patch_0327_rgb.png" }, "geometry": { "type": "Point", "coordinates": [ -53.720726001339457, 3.475083014889172 ] } },
{ "type": "Feature", "properties": { "index": 328, "lon": -64.716078807012423, "lat": 2.6644932467872451, "classification": 112, "subregion_name": "Latin America and the Caribbean", "umap_1d_x": -7.5932817, "umap_2d_x": 35.059502, "umap_2d_y": 35.652679, "umap_3d_x": 30.546547, "umap_3d_y": 48.171272, "umap_3d_z": 3.4374008, "tsne_1d_x": 39.984417, "tsne_2d_x": 44.381424, "tsne_2d_y": -35.909901, "tsne_3d_x": 42.908836, "tsne_3d_y": -36.772629, "tsne_3d_z": -34.137943, "grid_umap_1d_x": 328.0, "grid_umap_2d_x": 29.0, "grid_umap_2d_y": 28.0, "grid_umap_3d_x": 7.0, "grid_umap_3d_y": 9.0, "grid_umap_3d_z": 2.0, "grid_tsne_1d_x": 328.0, "grid_tsne_2d_x": 29.0, "grid_tsne_2d_y": 0.0, "grid_tsne_3d_x": 8.0, "grid_tsne_3d_y": 7.0, "grid_tsne_3d_z": 1.0, "patch_file_embed": "patch_0328_embed.png", "patch_file_rgb": "patch_0328_rgb.png" }, "geometry": { "type": "Point", "coordinates": [ -64.716078807012423, 2.664493246787245 ] } },
{ "type": "Feature", "properties": { "index": 329, "lon": 92.750677268625964, "lat": 49.760453560676922, "classification": 113, "subregion_name": "Eastern Asia", "umap_1d_x": 13.717564, "umap_2d_x": -34.730072, "umap_2d_y": 8.6205826, "umap_3d_x": -42.683361, "umap_3d_y": 9.6957397, "umap_3d_z": -6.783474, "tsne_1d_x": -36.353954, "tsne_2d_x": -32.313271, "tsne_2d_y": -26.078741, "tsne_3d_x": -2.2113724, "tsne_3d_y": 14.583549, "tsne_3d_z": -7.8476067, "grid_umap_1d_x": 329.0, "grid_umap_2d_x": 9.0, "grid_umap_2d_y": 18.0, "grid_umap_3d_x": 3.0, "grid_umap_3d_y": 6.0, "grid_umap_3d_z": 5.0, "grid_tsne_1d_x": 329.0, "grid_tsne_2d_x": 7.0, "grid_tsne_2d_y": 3.0, "grid_tsne_3d_x": 3.0, "grid_tsne_3d_y": 9.0, "grid_tsne_3d_z": 0.0, "patch_file_embed": "patch_0329_embed.png", "patch_file_rgb": "patch_0329_rgb.png" }, "geometry": { "type": "Point", "coordinates": [ 92.750677268625964, 49.760453560676922 ] } },
{ "type": "Feature", "properties": { "index": 330, "lon": -56.962645928847394, "lat": 3.0680361989738572, "classification": 112, "subregion_name": "Latin America and the Caribbean", "umap_1d_x": -7.731751, "umap_2d_x": 35.745827, "umap_2d_y": 35.265144, "umap_3d_x": 31.143173, "umap_3d_y": 48.680023, "umap_3d_z": 3.306179, "tsne_1d_x": 40.433495, "tsne_2d_x": 46.252136, "tsne_2d_y": -34.995415, "tsne_3d_x": 40.011055, "tsne_3d_y": -38.934296, "tsne_3d_z": -36.849194, "grid_umap_1d_x": 330.0, "grid_umap_2d_x": 31.0, "grid_umap_2d_y": 30.0, "grid_umap_3d_x": 7.0, "grid_umap_3d_y": 8.0, "grid_umap_3d_z": 2.0, "grid_tsne_1d_x": 330.0, "grid_tsne_2d_x": 25.0, "grid_tsne_2d_y": 11.0, "grid_tsne_3d_x": 9.0, "grid_tsne_3d_y": 5.0, "grid_tsne_3d_z": 0.0, "patch_file_embed": "patch_0330_embed.png", "patch_file_rgb": "patch_0330_rgb.png" }, "geometry": { "type": "Point", "coordinates": [ -56.962645928847394, 3.068036198973857 ] } },
{ "type": "Feature", "properties": { "index": 331, "lon": 40.327354800300668, "lat": 45.875674172373678, "classification": 40, "subregion_name": "Eastern Europe", "umap_1d_x": 23.337433, "umap_2d_x": -19.613728, "umap_2d_y": -13.575855, "umap_3d_x": -28.443756, "umap_3d_y": -13.447464, "umap_3d_z": -13.679768, "tsne_1d_x": -18.59638, "tsne_2d_x": -7.5370941, "tsne_2d_y": 24.756828, "tsne_3d_x": -34.028099, "tsne_3d_y": -5.2494812, "tsne_3d_z": 21.874939, "grid_umap_1d_x": 331.0, "grid_umap_2d_x": 16.0, "grid_umap_2d_y": 3.0, "grid_umap_3d_x": 5.0, "grid_umap_3d_y": 0.0, "grid_umap_3d_z": 1.0, "grid_tsne_1d_x": 331.0, "grid_tsne_2d_x": 2.0, "grid_tsne_2d_y": 25.0, "grid_tsne_3d_x": 2.0, "grid_tsne_3d_y": 4.0, "grid_tsne_3d_z": 6.0, "patch_file_embed": "patch_0331_embed.png", "patch_file_rgb": "patch_0331_rgb.png" }, "geometry": { "type": "Point", "coordinates": [ 40.327354800300668, 45.875674172373678 ] } },
{ "type": "Feature", "properties": { "index": 332, "lon": -66.648841304751159, "lat": 1.8927806106434699, "classification": 112, "subregion_name": "Latin America and the Caribbean", "umap_1d_x": -7.8571415, "umap_2d_x": 35.140175, "umap_2d_y": 31.592438, "umap_3d_x": 30.848236, "umap_3d_y": 45.369965, "umap_3d_z": 0.59012604000001001, "tsne_1d_x": 41.340073, "tsne_2d_x": 46.166367, "tsne_2d_y": -31.15391, "tsne_3d_x": 43.304245, "tsne_3d_y": -47.780319, "tsne_3d_z": -30.809874, "grid_umap_1d_x": 332.0, "grid_umap_2d_x": 31.0, "grid_umap_2d_y": 27.0, "grid_umap_3d_x": 9.0, "grid_umap_3d_y": 10.0, "grid_umap_3d_z": 0.0, "grid_tsne_1d_x": 332.0, "grid_tsne_2d_x": 28.0, "grid_tsne_2d_y": 6.0, "grid_tsne_3d_x": 10.0, "grid_tsne_3d_y": 0.0, "grid_tsne_3d_z": 0.0, "patch_file_embed": "patch_0332_embed.png", "patch_file_rgb": "patch_0332_rgb.png" }, "geometry": { "type": "Point", "coordinates": [ -66.648841304751159, 1.89278061064347 ] } },
{ "type": "Feature", "properties": { "index": 333, "lon": 98.655619718513435, "lat": 20.343101047050453, "classification": 114, "subregion_name": "South-eastern Asia", "umap_1d_x": -0.66401172, "umap_2d_x": 2.3969116, "umap_2d_y": 35.458717, "umap_3d_x": 2.9366684, "umap_3d_y": 34.88343, "umap_3d_z": 14.882156, "tsne_1d_x": 8.8166914, "tsne_2d_x": 6.8236542, "tsne_2d_y": -30.978916, "tsne_3d_x": 22.967499, "tsne_3d_y": -17.667282, "tsne_3d_z": 12.855618, "grid_umap_1d_x": 333.0, "grid_umap_2d_x": 20.0, "grid_umap_2d_y": 24.0, "grid_umap_3d_x": 4.0, "grid_umap_3d_y": 10.0, "grid_umap_3d_z": 5.0, "grid_tsne_1d_x": 333.0, "grid_tsne_2d_x": 15.0, "grid_tsne_2d_y": 5.0, "grid_tsne_3d_x": 10.0, "grid_tsne_3d_y": 2.0, "grid_tsne_3d_z": 6.0, "patch_file_embed": "patch_0333_embed.png", "patch_file_rgb": "patch_0333_rgb.png" }, "geometry": { "type": "Point", "coordinates": [ 98.655619718513435, 20.343101047050453 ] } },
{ "type": "Feature", "properties": { "index": 334, "lon": 36.911589849219666, "lat": 54.874750187232934, "classification": 115, "subregion_name": "Eastern Europe", "umap_1d_x": 21.46138, "umap_2d_x": -27.434746, "umap_2d_y": -9.6567192, "umap_3d_x": -38.013298, "umap_3d_y": -11.871284, "umap_3d_z": -8.4610138, "tsne_1d_x": -26.019056, "tsne_2d_x": -21.470234, "tsne_2d_y": -6.118824, "tsne_3d_x": -31.249285, "tsne_3d_y": 17.86808, "tsne_3d_z": 5.2239838, "grid_umap_1d_x": 334.0, "grid_umap_2d_x": 16.0, "grid_umap_2d_y": 7.0, "grid_umap_3d_x": 5.0, "grid_umap_3d_y": 2.0, "grid_umap_3d_z": 5.0, "grid_tsne_1d_x": 334.0, "grid_tsne_2d_x": 9.0, "grid_tsne_2d_y": 11.0, "grid_tsne_3d_x": 2.0, "grid_tsne_3d_y": 7.0, "grid_tsne_3d_z": 3.0, "patch_file_embed": "patch_0334_embed.png", "patch_file_rgb": "patch_0334_rgb.png" }, "geometry": { "type": "Point", "coordinates": [ 36.911589849219666, 54.874750187232934 ] } },
{ "type": "Feature", "properties": { "index": 335, "lon": 90.261384655605355, "lat": 64.924557742647252, "classification": 113, "subregion_name": "Eastern Europe", "umap_1d_x": 15.909574, "umap_2d_x": -41.565819, "umap_2d_y": 6.7480278, "umap_3d_x": -48.726822, "umap_3d_y": 14.043381, "umap_3d_z": -18.284216, "tsne_1d_x": -45.74004, "tsne_2d_x": -38.004704, "tsne_2d_y": 2.8128014, "tsne_3d_x": -1.9804916, "tsne_3d_y": 39.577774, "tsne_3d_z": 14.636909, "grid_umap_1d_x": 335.0, "grid_umap_2d_x": 5.0, "grid_umap_2d_y": 17.0, "grid_umap_3d_x": 4.0, "grid_umap_3d_y": 6.0, "grid_umap_3d_z": 4.0, "grid_tsne_1d_x": 335.0, "grid_tsne_2d_x": 10.0, "grid_tsne_2d_y": 17.0, "grid_tsne_3d_x": 4.0, "grid_tsne_3d_y": 9.0, "grid_tsne_3d_z": 4.0, "patch_file_embed": "patch_0335_embed.png", "patch_file_rgb": "patch_0335_rgb.png" }, "geometry": { "type": "Point", "coordinates": [ 90.261384655605355, 64.924557742647252 ] } },
{ "type": "Feature", "properties": { "index": 336, "lon": -5.0578749522861131, "lat": 36.739934921200486, "classification": 126, "subregion_name": "Southern Europe", "umap_1d_x": 6.4722557, "umap_2d_x": -14.551086, "umap_2d_y": 1.5580101, "umap_3d_x": -23.271757, "umap_3d_y": -3.719593, "umap_3d_z": 9.3588219, "tsne_1d_x": -3.0678511, "tsne_2d_x": 1.6510468, "tsne_2d_y": 14.833107, "tsne_3d_x": -20.129827, "tsne_3d_y": -13.883118, "tsne_3d_z": 8.371727, "grid_umap_1d_x": 336.0, "grid_umap_2d_x": 21.0, "grid_umap_2d_y": 13.0, "grid_umap_3d_x": 1.0, "grid_umap_3d_y": 0.0, "grid_umap_3d_z": 8.0, "grid_tsne_1d_x": 336.0, "grid_tsne_2d_x": 13.0, "grid_tsne_2d_y": 18.0, "grid_tsne_3d_x": 0.0, "grid_tsne_3d_y": 1.0, "grid_tsne_3d_z": 5.0, "patch_file_embed": "patch_0336_embed.png", "patch_file_rgb": "patch_0336_rgb.png" }, "geometry": { "type": "Point", "coordinates": [ -5.057874952286113, 36.739934921200486 ] } },
{ "type": "Feature", "properties": { "index": 337, "lon": -0.95774053097798595, "lat": 43.967146906324245, "classification": 40, "subregion_name": "Unknown", "umap_1d_x": 22.722569, "umap_2d_x": -22.360703, "umap_2d_y": -16.498653, "umap_3d_x": -30.316685, "umap_3d_y": -16.414471, "umap_3d_z": -8.5591354, "tsne_1d_x": -20.173206, "tsne_2d_x": -9.4030342, "tsne_2d_y": 18.742126, "tsne_3d_x": -39.573143, "tsne_3d_y": -0.37233734, "tsne_3d_z": 10.454865, "grid_umap_1d_x": 337.0, "grid_umap_2d_x": 17.0, "grid_umap_2d_y": 2.0, "grid_umap_3d_x": 4.0, "grid_umap_3d_y": 0.0, "grid_umap_3d_z": 5.0, "grid_tsne_1d_x": 337.0, "grid_tsne_2d_x": 1.0, "grid_tsne_2d_y": 20.0, "grid_tsne_3d_x": 1.0, "grid_tsne_3d_y": 5.0, "grid_tsne_3d_z": 4.0, "patch_file_embed": "patch_0337_embed.png", "patch_file_rgb": "patch_0337_rgb.png" }, "geometry": { "type": "Point", "coordinates": [ -0.957740530977986, 43.967146906324245 ] } },
{ "type": "Feature", "properties": { "index": 338, "lon": 73.157203510034265, "lat": 59.652096477626273, "classification": 111, "subregion_name": "Eastern Europe", "umap_1d_x": 14.69954, "umap_2d_x": -32.074741, "umap_2d_y": -4.9435997, "umap_3d_x": -44.219959, "umap_3d_y": -7.2581596, "umap_3d_z": -4.7235985, "tsne_1d_x": -31.779711, "tsne_2d_x": -24.794531, "tsne_2d_y": -10.109364, "tsne_3d_x": -19.873682, "tsne_3d_y": 24.966805, "tsne_3d_z": 2.3655548, "grid_umap_1d_x": 338.0, "grid_umap_2d_x": 2.0, "grid_umap_2d_y": 6.0, "grid_umap_3d_x": 1.0, "grid_umap_3d_y": 2.0, "grid_umap_3d_z": 5.0, "grid_tsne_1d_x": 338.0, "grid_tsne_2d_x": 2.0, "grid_tsne_2d_y": 6.0, "grid_tsne_3d_x": 0.0, "grid_tsne_3d_y": 10.0, "grid_tsne_3d_z": 3.0, "patch_file_embed": "patch_0338_embed.png", "patch_file_rgb": "patch_0338_rgb.png" }, "geometry": { "type": "Point", "coordinates": [ 73.157203510034265, 59.652096477626273 ] } },
{ "type": "Feature", "properties": { "index": 339, "lon": -118.26332936571788, "lat": 56.90885770546619, "classification": 115, "subregion_name": "Northern America", "umap_1d_x": 14.179393, "umap_2d_x": -35.46162, "umap_2d_y": 6.3664017, "umap_3d_x": -45.172295, "umap_3d_y": 6.664772, "umap_3d_z": -3.7022514, "tsne_1d_x": -37.576038, "tsne_2d_x": -31.104326, "tsne_2d_y": -14.299999, "tsne_3d_x": 0.10843277, "tsne_3d_y": 30.004852, "tsne_3d_z": -3.5371704, "grid_umap_1d_x": 339.0, "grid_umap_2d_x": 4.0, "grid_umap_2d_y": 16.0, "grid_umap_3d_x": 2.0, "grid_umap_3d_y": 6.0, "grid_umap_3d_z": 6.0, "grid_tsne_1d_x": 339.0, "grid_tsne_2d_x": 9.0, "grid_tsne_2d_y": 10.0, "grid_tsne_3d_x": 5.0, "grid_tsne_3d_y": 10.0, "grid_tsne_3d_z": 1.0, "patch_file_embed": "patch_0339_embed.png", "patch_file_rgb": "patch_0339_rgb.png" }, "geometry": { "type": "Point", "coordinates": [ -118.26332936571788, 56.90885770546619 ] } },
{ "type": "Feature", "properties": { "index": 340, "lon": -89.845379039837866, "lat": 46.169767399157678, "classification": 114, "subregion_name": "Unknown", "umap_1d_x": 14.79565, "umap_2d_x": -32.875175, "umap_2d_y": -4.4263649, "umap_3d_x": -43.280064, "umap_3d_y": -4.2198296, "umap_3d_z": -14.108322, "tsne_1d_x": -29.731663, "tsne_2d_x": -19.409004, "tsne_2d_y": -1.3949852, "tsne_3d_x": -23.687263, "tsne_3d_y": 36.872742, "tsne_3d_z": 14.530617, "grid_umap_1d_x": 340.0, "grid_umap_2d_x": 9.0, "grid_umap_2d_y": 9.0, "grid_umap_3d_x": 4.0, "grid_umap_3d_y": 3.0, "grid_umap_3d_z": 4.0, "grid_tsne_1d_x": 340.0, "grid_tsne_2d_x": 17.0, "grid_tsne_2d_y": 16.0, "grid_tsne_3d_x": 3.0, "grid_tsne_3d_y": 8.0, "grid_tsne_3d_z": 4.0, "patch_file_embed": "patch_0340_embed.png", "patch_file_rgb": "patch_0340_rgb.png" }, "geometry": { "type": "Point", "coordinates": [ -89.845379039837866, 46.169767399157678 ] } },
{ "type": "Feature", "properties": { "index": 341, "lon": 133.67721962286168, "lat": 50.48838371589035, "classification": 113, "subregion_name": "Eastern Europe", "umap_1d_x": 13.022221, "umap_2d_x": -36.095768, "umap_2d_y": 14.741158, "umap_3d_x": -42.408947, "umap_3d_y": 15.410606, "umap_3d_z": -9.0876427, "tsne_1d_x": -41.193764, "tsne_2d_x": -36.221432, "tsne_2d_y": -7.8317833, "tsne_3d_x": 14.307053, "tsne_3d_y": 28.413788, "tsne_3d_z": -0.76361847, "grid_umap_1d_x": 341.0, "grid_umap_2d_x": 11.0, "grid_umap_2d_y": 22.0, "grid_umap_3d_x": 1.0, "grid_umap_3d_y": 8.0, "grid_umap_3d_z": 6.0, "grid_tsne_1d_x": 341.0, "grid_tsne_2d_x": 3.0, "grid_tsne_2d_y": 10.0, "grid_tsne_3d_x": 8.0, "grid_tsne_3d_y": 10.0, "grid_tsne_3d_z": 0.0, "patch_file_embed": "patch_0341_embed.png", "patch_file_rgb": "patch_0341_rgb.png" }, "geometry": { "type": "Point", "coordinates": [ 133.677219622861685, 50.48838371589035 ] } },
{ "type": "Feature", "properties": { "index": 342, "lon": -72.908763751561366, "lat": -4.9635642879613258, "classification": 112, "subregion_name": "Latin America and the Caribbean", "umap_1d_x": -8.2011604, "umap_2d_x": 35.902351, "umap_2d_y": 29.99913, "umap_3d_x": 32.323822, "umap_3d_y": 42.125984, "umap_3d_z": 0.16432571, "tsne_1d_x": 42.069302, "tsne_2d_x": 44.740089, "tsne_2d_y": -27.885078, "tsne_3d_x": 33.697189, "tsne_3d_y": -44.818333, "tsne_3d_z": -28.135038, "grid_umap_1d_x": 342.0, "grid_umap_2d_x": 28.0, "grid_umap_2d_y": 23.0, "grid_umap_3d_x": 9.0, "grid_umap_3d_y": 8.0, "grid_umap_3d_z": 1.0, "grid_tsne_1d_x": 342.0, "grid_tsne_2d_x": 30.0, "grid_tsne_2d_y": 2.0, "grid_tsne_3d_x": 8.0, "grid_tsne_3d_y": 0.0, "grid_tsne_3d_z": 1.0, "patch_file_embed": "patch_0342_embed.png", "patch_file_rgb": "patch_0342_rgb.png" }, "geometry": { "type": "Point", "coordinates": [ -72.908763751561366, -4.963564287961326 ] } },
{ "type": "Feature", "properties": { "index": 343, "lon": 86.053714627906118, "lat": 42.333466603135093, "classification": 40, "subregion_name": "Unknown", "umap_1d_x": 8.5088615, "umap_2d_x": -15.396366, "umap_2d_y": 30.40567, "umap_3d_x": -15.20546, "umap_3d_y": 23.171913, "umap_3d_z": -5.8437271, "tsne_1d_x": -8.0829201, "tsne_2d_x": -7.5367165, "tsne_2d_y": -19.323885, "tsne_3d_x": 39.241325, "tsne_3d_y": 8.3957901, "tsne_3d_z": 15.835381, "grid_umap_1d_x": 343.0, "grid_umap_2d_x": 9.0, "grid_umap_2d_y": 26.0, "grid_umap_3d_x": 0.0, "grid_umap_3d_y": 10.0, "grid_umap_3d_z": 2.0, "grid_tsne_1d_x": 343.0, "grid_tsne_2d_x": 7.0, "grid_tsne_2d_y": 2.0, "grid_tsne_3d_x": 10.0, "grid_tsne_3d_y": 7.0, "grid_tsne_3d_z": 5.0, "patch_file_embed": "patch_0343_embed.png", "patch_file_rgb": "patch_0343_rgb.png" }, "geometry": { "type": "Point", "coordinates": [ 86.053714627906118, 42.333466603135093 ] } },
{ "type": "Feature", "properties": { "index": 344, "lon": -93.704967525629385, "lat": 34.931521438420475, "classification": 114, "subregion_name": "Unknown", "umap_1d_x": 10.008662, "umap_2d_x": -24.139875, "umap_2d_y": 15.129265, "umap_3d_x": -23.618933, "umap_3d_y": 4.9599457, "umap_3d_z": -25.500826, "tsne_1d_x": -13.482553, "tsne_2d_x": -6.0874596, "tsne_2d_y": -3.8451042, "tsne_3d_x": 9.1928711, "tsne_3d_y": 4.282032, "tsne_3d_z": -6.1610146, "grid_umap_1d_x": 344.0, "grid_umap_2d_x": 6.0, "grid_umap_2d_y": 20.0, "grid_umap_3d_x": 7.0, "grid_umap_3d_y": 4.0, "grid_umap_3d_z": 2.0, "grid_tsne_1d_x": 344.0, "grid_tsne_2d_x": 11.0, "grid_tsne_2d_y": 8.0, "grid_tsne_3d_x": 8.0, "grid_tsne_3d_y": 7.0, "grid_tsne_3d_z": 0.0, "patch_file_embed": "patch_0344_embed.png", "patch_file_rgb": "patch_0344_rgb.png" }, "geometry": { "type": "Point", "coordinates": [ -93.704967525629385, 34.931521438420475 ] } },
{ "type": "Feature", "properties": { "index": 345, "lon": 164.66937355020127, "lat": 65.127997825895022, "classification": 30, "subregion_name": "Eastern Europe", "umap_1d_x": 19.201208, "umap_2d_x": -49.038387, "umap_2d_y": -5.7107468, "umap_3d_x": -47.699661, "umap_3d_y": 17.528915, "umap_3d_z": -49.173317, "tsne_1d_x": -71.604553, "tsne_2d_x": -42.636585, "tsne_2d_y": 30.213287, "tsne_3d_x": 9.0777702, "tsne_3d_y": 33.498177, "tsne_3d_z": 45.147964, "grid_umap_1d_x": 345.0, "grid_umap_2d_x": 23.0, "grid_umap_2d_y": 15.0, "grid_umap_3d_x": 6.0, "grid_umap_3d_y": 6.0, "grid_umap_3d_z": 0.0, "grid_tsne_1d_x": 345.0, "grid_tsne_2d_x": 9.0, "grid_tsne_2d_y": 28.0, "grid_tsne_3d_x": 5.0, "grid_tsne_3d_y": 7.0, "grid_tsne_3d_z": 6.0, "patch_file_embed": "patch_0345_embed.png", "patch_file_rgb": "patch_0345_rgb.png" }, "geometry": { "type": "Point", "coordinates": [ 164.669373550201271, 65.127997825895022 ] } },
{ "type": "Feature", "properties": { "index": 346, "lon": -58.01904736241471, "lat": 5.559265552415809, "classification": 30, "subregion_name": "Latin America and the Caribbean", "umap_1d_x": 0.60826105, "umap_2d_x": 10.017483, "umap_2d_y": 43.258423, "umap_3d_x": 5.9171066, "umap_3d_y": 48.992226, "umap_3d_z": 25.243462, "tsne_1d_x": 17.591085, "tsne_2d_x": 19.968803, "tsne_2d_y": -38.717682, "tsne_3d_x": 37.293091, "tsne_3d_y": -42.051483, "tsne_3d_z": 21.460739, "grid_umap_1d_x": 346.0, "grid_umap_2d_x": 21.0, "grid_umap_2d_y": 29.0, "grid_umap_3d_x": 6.0, "grid_umap_3d_y": 10.0, "grid_umap_3d_z": 6.0, "grid_tsne_1d_x": 346.0, "grid_tsne_2d_x": 22.0, "grid_tsne_2d_y": 4.0, "grid_tsne_3d_x": 9.0, "grid_tsne_3d_y": 1.0, "grid_tsne_3d_z": 6.0, "patch_file_embed": "patch_0346_embed.png", "patch_file_rgb": "patch_0346_rgb.png" }, "geometry": { "type": "Point", "coordinates": [ -58.01904736241471, 5.559265552415809 ] } },
{ "type": "Feature", "properties": { "index": 347, "lon": -66.721413077374237, "lat": -36.008921020434151, "classification": 30, "subregion_name": "Latin America and the Caribbean", "umap_1d_x": -16.512415, "umap_2d_x": 36.807404, "umap_2d_y": -25.337091, "umap_3d_x": 47.37162, "umap_3d_y": -19.403511, "umap_3d_z": 12.596394, "tsne_1d_x": 65.647079, "tsne_2d_x": 33.307358, "tsne_2d_y": 34.408829, "tsne_3d_x": -22.912556, "tsne_3d_y": -12.912964, "tsne_3d_z": -34.89872, "grid_umap_1d_x": 347.0, "grid_umap_2d_x": 22.0, "grid_umap_2d_y": 11.0, "grid_umap_3d_x": 8.0, "grid_umap_3d_y": 2.0, "grid_umap_3d_z": 2.0, "grid_tsne_1d_x": 347.0, "grid_tsne_2d_x": 23.0, "grid_tsne_2d_y": 25.0, "grid_tsne_3d_x": 3.0, "grid_tsne_3d_y": 7.0, "grid_tsne_3d_z": 2.0, "patch_file_embed": "patch_0347_embed.png", "patch_file_rgb": "patch_0347_rgb.png" }, "geometry": { "type": "Point", "coordinates": [ -66.721413077374237, -36.008921020434151 ] } },
{ "type": "Feature", "properties": { "index": 348, "lon": -55.17177557661941, "lat": -8.4810679033341785, "classification": 112, "subregion_name": "Latin America and the Caribbean", "umap_1d_x": -8.9758205, "umap_2d_x": 38.387398, "umap_2d_y": 26.090431, "umap_3d_x": 35.523888, "umap_3d_y": 40.334557, "umap_3d_z": -0.21633911, "tsne_1d_x": 44.194031, "tsne_2d_x": 47.153542, "tsne_2d_y": -23.555624, "tsne_3d_x": 25.498596, "tsne_3d_y": -43.739788, "tsne_3d_z": -34.342548, "grid_umap_1d_x": 348.0, "grid_umap_2d_x": 30.0, "grid_umap_2d_y": 21.0, "grid_umap_3d_x": 9.0, "grid_umap_3d_y": 6.0, "grid_umap_3d_z": 0.0, "grid_tsne_1d_x": 348.0, "grid_tsne_2d_x": 23.0, "grid_tsne_2d_y": 17.0, "grid_tsne_3d_x": 6.0, "grid_tsne_3d_y": 4.0, "grid_tsne_3d_z": 2.0, "patch_file_embed": "patch_0348_embed.png", "patch_file_rgb": "patch_0348_rgb.png" }, "geometry": { "type": "Point", "coordinates": [ -55.17177557661941, -8.481067903334178 ] } },
{ "type": "Feature", "properties": { "index": 349, "lon": 33.865792466633309, "lat": -5.3665409403857112, "classification": 20, "subregion_name": "Sub-Saharan Africa", "umap_1d_x": -13.863357, "umap_2d_x": 46.59079, "umap_2d_y": -23.88863, "umap_3d_x": 38.13958, "umap_3d_y": -16.566063, "umap_3d_z": 30.279541, "tsne_1d_x": 54.01453, "tsne_2d_x": 34.652161, "tsne_2d_y": 9.4228401, "tsne_3d_x": -14.620701, "tsne_3d_y": -36.973473, "tsne_3d_z": -14.368923, "grid_umap_1d_x": 349.0, "grid_umap_2d_x": 29.0, "grid_umap_2d_y": 7.0, "grid_umap_3d_x": 7.0, "grid_umap_3d_y": 1.0, "grid_umap_3d_z": 7.0, "grid_tsne_1d_x": 349.0, "grid_tsne_2d_x": 30.0, "grid_tsne_2d_y": 13.0, "grid_tsne_3d_x": 2.0, "grid_tsne_3d_y": 1.0, "grid_tsne_3d_z": 3.0, "patch_file_embed": "patch_0349_embed.png", "patch_file_rgb": "patch_0349_rgb.png" }, "geometry": { "type": "Point", "coordinates": [ 33.865792466633309, -5.366540940385711 ] } },
{ "type": "Feature", "properties": { "index": 350, "lon": -52.218999910938535, "lat": 1.590786388417939, "classification": 112, "subregion_name": "Latin America and the Caribbean", "umap_1d_x": -8.0269775, "umap_2d_x": 36.231316, "umap_2d_y": 33.31678, "umap_3d_x": 32.204941, "umap_3d_y": 48.084152, "umap_3d_z": 2.466835, "tsne_1d_x": 41.008572, "tsne_2d_x": 46.974358, "tsne_2d_y": -33.955124, "tsne_3d_x": 37.172386, "tsne_3d_y": -40.369289, "tsne_3d_z": -37.895557, "grid_umap_1d_x": 350.0, "grid_umap_2d_x": 30.0, "grid_umap_2d_y": 26.0, "grid_umap_3d_x": 9.0, "grid_umap_3d_y": 9.0, "grid_umap_3d_z": 2.0, "grid_tsne_1d_x": 350.0, "grid_tsne_2d_x": 25.0, "grid_tsne_2d_y": 12.0, "grid_tsne_3d_x": 8.0, "grid_tsne_3d_y": 4.0, "grid_tsne_3d_z": 0.0, "patch_file_embed": "patch_0350_embed.png", "patch_file_rgb": "patch_0350_rgb.png" }, "geometry": { "type": "Point", "coordinates": [ -52.218999910938535, 1.590786388417939 ] } },
{ "type": "Feature", "properties": { "index": 351, "lon": 20.220703401977943, "lat": -21.497807900136017, "classification": 20, "subregion_name": "Sub-Saharan Africa", "umap_1d_x": -15.203238, "umap_2d_x": 45.377899, "umap_2d_y": -33.501472, "umap_3d_x": 40.882233, "umap_3d_y": -28.176289, "umap_3d_z": 28.927902, "tsne_1d_x": 71.99086, "tsne_2d_x": 39.148521, "tsne_2d_y": 30.088631, "tsne_3d_x": -28.470057, "tsne_3d_y": -28.912769, "tsne_3d_z": -17.087685, "grid_umap_1d_x": 351.0, "grid_umap_2d_x": 23.0, "grid_umap_2d_y": 14.0, "grid_umap_3d_x": 8.0, "grid_umap_3d_y": 0.0, "grid_umap_3d_z": 6.0, "grid_tsne_1d_x": 351.0, "grid_tsne_2d_x": 22.0, "grid_tsne_2d_y": 23.0, "grid_tsne_3d_x": 1.0, "grid_tsne_3d_y": 2.0, "grid_tsne_3d_z": 2.0, "patch_file_embed": "patch_0351_embed.png", "patch_file_rgb": "patch_0351_rgb.png" }, "geometry": { "type": "Point", "coordinates": [ 20.220703401977943, -21.497807900136017 ] } },
{ "type": "Feature", "properties": { "index": 352, "lon": 122.42191402257089, "lat": 58.924730580959903, "classification": 113, "subregion_name": "Eastern Europe", "umap_1d_x": 16.029373, "umap_2d_x": -43.155128, "umap_2d_y": 11.315853, "umap_3d_x": -48.344906, "umap_3d_y": 20.814934, "umap_3d_z": -20.532803, "tsne_1d_x": -44.289356, "tsne_2d_x": -41.044762, "tsne_2d_y": 4.0318146, "tsne_3d_x": 6.6579742, "tsne_3d_y": 38.7705, "tsne_3d_z": 16.730927, "grid_umap_1d_x": 352.0, "grid_umap_2d_x": 10.0, "grid_umap_2d_y": 20.0, "grid_umap_3d_x": 1.0, "grid_umap_3d_y": 8.0, "grid_umap_3d_z": 3.0, "grid_tsne_1d_x": 352.0, "grid_tsne_2d_x": 4.0, "grid_tsne_2d_y": 16.0, "grid_tsne_3d_x": 6.0, "grid_tsne_3d_y": 10.0, "grid_tsne_3d_z": 4.0, "patch_file_embed": "patch_0352_embed.png", "patch_file_rgb": "patch_0352_rgb.png" }, "geometry": { "type": "Point", "coordinates": [ 122.421914022570888, 58.924730580959903 ] } },
{ "type": "Feature", "properties": { "index": 353, "lon": 9.0296659015127716, "lat": 58.843267931886416, "classification": 111, "subregion_name": "Northern Europe", "umap_1d_x": 20.908463, "umap_2d_x": -28.752659, "umap_2d_y": -7.3408585, "umap_3d_x": -40.851173, "umap_3d_y": -13.321201, "umap_3d_z": -3.3777695, "tsne_1d_x": -27.466248, "tsne_2d_x": -21.138821, "tsne_2d_y": -13.723259, "tsne_3d_x": -31.339077, "tsne_3d_y": 27.043571, "tsne_3d_z": -2.897377, "grid_umap_1d_x": 353.0, "grid_umap_2d_x": 6.0, "grid_umap_2d_y": 5.0, "grid_umap_3d_x": 4.0, "grid_umap_3d_y": 1.0, "grid_umap_3d_z": 6.0, "grid_tsne_1d_x": 353.0, "grid_tsne_2d_x": 2.0, "grid_tsne_2d_y": 2.0, "grid_tsne_3d_x": 0.0, "grid_tsne_3d_y": 9.0, "grid_tsne_3d_z": 1.0, "patch_file_embed": "patch_0353_embed.png", "patch_file_rgb": "patch_0353_rgb.png" }, "geometry": { "type": "Point", "coordinates": [ 9.029665901512772, 58.843267931886416 ] } },
{ "type": "Feature", "properties": { "index": 354, "lon": 30.140228272119231, "lat": -15.33258908414345, "classification": 124, "subregion_name": "Sub-Saharan Africa", "umap_1d_x": -14.622967, "umap_2d_x": 41.941162, "umap_2d_y": -18.961033, "umap_3d_x": 44.012222, "umap_3d_y": -9.8081589, "umap_3d_z": 27.156067, "tsne_1d_x": 59.555958, "tsne_2d_x": 44.426376, "tsne_2d_y": 18.209091, "tsne_3d_x": -10.207355, "tsne_3d_y": -27.011417, "tsne_3d_z": -28.580469, "grid_umap_1d_x": 354.0, "grid_umap_2d_x": 30.0, "grid_umap_2d_y": 3.0, "grid_umap_3d_x": 10.0, "grid_umap_3d_y": 4.0, "grid_umap_3d_z": 5.0, "grid_tsne_1d_x": 354.0, "grid_tsne_2d_x": 31.0, "grid_tsne_2d_y": 20.0, "grid_tsne_3d_x": 3.0, "grid_tsne_3d_y": 3.0, "grid_tsne_3d_z": 1.0, "patch_file_embed": "patch_0354_embed.png", "patch_file_rgb": "patch_0354_rgb.png" }, "geometry": { "type": "Point", "coordinates": [ 30.140228272119231, -15.33258908414345 ] } },
{ "type": "Feature", "properties": { "index": 355, "lon": 39.024404396910654, "lat": 47.722256320518156, "classification": 40, "subregion_name": "Eastern Europe", "umap_1d_x": 22.919813, "umap_2d_x": -20.457003, "umap_2d_y": -11.123882, "umap_3d_x": -30.152758, "umap_3d_y": -11.161766, "umap_3d_z": -14.692692, "tsne_1d_x": -19.024601, "tsne_2d_x": -8.8201332, "tsne_2d_y": 29.363823, "tsne_3d_x": -28.402128, "tsne_3d_y": 3.0388947, "tsne_3d_z": 18.420006, "grid_umap_1d_x": 355.0, "grid_umap_2d_x": 16.0, "grid_umap_2d_y": 4.0, "grid_umap_3d_x": 1.0, "grid_umap_3d_y": 0.0, "grid_umap_3d_z": 1.0, "grid_tsne_1d_x": 355.0, "grid_tsne_2d_x": 0.0, "grid_tsne_2d_y": 29.0, "grid_tsne_3d_x": 0.0, "grid_tsne_3d_y": 6.0, "grid_tsne_3d_z": 7.0, "patch_file_embed": "patch_0355_embed.png", "patch_file_rgb": "patch_0355_rgb.png" }, "geometry": { "type": "Point", "coordinates": [ 39.024404396910654, 47.722256320518156 ] } },
{ "type": "Feature", "properties": { "index": 356, "lon": -128.61472976672991, "lat": 54.183632879526826, "classification": 111, "subregion_name": "Northern America", "umap_1d_x": 13.490751, "umap_2d_x": -26.49202, "umap_2d_y": -1.3151703, "umap_3d_x": -37.208858, "umap_3d_y": -2.7863197, "umap_3d_z": -1.1171761, "tsne_1d_x": -24.792686, "tsne_2d_x": -13.644337, "tsne_2d_y": 5.8339462, "tsne_3d_x": -22.847706, "tsne_3d_y": 9.911953, "tsne_3d_z": -5.78265, "grid_umap_1d_x": 356.0, "grid_umap_2d_x": 3.0, "grid_umap_2d_y": 8.0, "grid_umap_3d_x": 2.0, "grid_umap_3d_y": 3.0, "grid_umap_3d_z": 6.0, "grid_tsne_1d_x": 356.0, "grid_tsne_2d_x": 5.0, "grid_tsne_2d_y": 13.0, "grid_tsne_3d_x": 1.0, "grid_tsne_3d_y": 7.0, "grid_tsne_3d_z": 1.0, "patch_file_embed": "patch_0356_embed.png", "patch_file_rgb": "patch_0356_rgb.png" }, "geometry": { "type": "Point", "coordinates": [ -128.614729766729909, 54.183632879526826 ] } },
{ "type": "Feature", "properties": { "index": 357, "lon": 41.443544672039508, "lat": 65.331782222044978, "classification": 111, "subregion_name": "Eastern Europe", "umap_1d_x": 14.886567, "umap_2d_x": -31.639103, "umap_2d_y": -4.9175873, "umap_3d_x": -44.586094, "umap_3d_y": -9.352417, "umap_3d_z": -4.0954666, "tsne_1d_x": -32.112183, "tsne_2d_x": -25.18862, "tsne_2d_y": -14.139114, "tsne_3d_x": -23.08247, "tsne_3d_y": 33.388687, "tsne_3d_z": 1.3406105, "grid_umap_1d_x": 357.0, "grid_umap_2d_x": 15.0, "grid_umap_2d_y": 10.0, "grid_umap_3d_x": 1.0, "grid_umap_3d_y": 1.0, "grid_umap_3d_z": 5.0, "grid_tsne_1d_x": 357.0, "grid_tsne_2d_x": 4.0, "grid_tsne_2d_y": 5.0, "grid_tsne_3d_x": 0.0, "grid_tsne_3d_y": 10.0, "grid_tsne_3d_z": 2.0, "patch_file_embed": "patch_0357_embed.png", "patch_file_rgb": "patch_0357_rgb.png" }, "geometry": { "type": "Point", "coordinates": [ 41.443544672039508, 65.331782222044978 ] } },
{ "type": "Feature", "properties": { "index": 358, "lon": -75.973701945274414, "lat": 7.6699304098336967, "classification": 112, "subregion_name": "Latin America and the Caribbean", "umap_1d_x": -5.4646778, "umap_2d_x": 26.872421, "umap_2d_y": 35.716583, "umap_3d_x": 21.789482, "umap_3d_y": 37.878387, "umap_3d_z": 8.7809677, "tsne_1d_x": 33.43079, "tsne_2d_x": 31.04155, "tsne_2d_y": -27.015236, "tsne_3d_x": 34.862328, "tsne_3d_y": -29.326929, "tsne_3d_z": -8.9439163, "grid_umap_1d_x": 358.0, "grid_umap_2d_x": 23.0, "grid_umap_2d_y": 27.0, "grid_umap_3d_x": 7.0, "grid_umap_3d_y": 6.0, "grid_umap_3d_z": 4.0, "grid_tsne_1d_x": 358.0, "grid_tsne_2d_x": 22.0, "grid_tsne_2d_y": 12.0, "grid_tsne_3d_x": 10.0, "grid_tsne_3d_y": 2.0, "grid_tsne_3d_z": 3.0, "patch_file_embed": "patch_0358_embed.png", "patch_file_rgb": "patch_0358_rgb.png" }, "geometry": { "type": "Point", "coordinates": [ -75.973701945274414, 7.669930409833697 ] } },
{ "type": "Feature", "properties": { "index": 359, "lon": 23.770100584276747, "lat": 53.499006341394931, "classification": 40, "subregion_name": "Eastern Europe", "umap_1d_x": 23.201784, "umap_2d_x": -19.659386, "umap_2d_y": -12.491421, "umap_3d_x": -28.873184, "umap_3d_y": -12.588684, "umap_3d_z": -14.625443, "tsne_1d_x": -18.592297, "tsne_2d_x": -7.5874672, "tsne_2d_y": 27.154755, "tsne_3d_x": -33.687302, "tsne_3d_y": 0.077648162999999215, "tsne_3d_z": 23.151756, "grid_umap_1d_x": 359.0, "grid_umap_2d_x": 13.0, "grid_umap_2d_y": 2.0, "grid_umap_3d_x": 4.0, "grid_umap_3d_y": 0.0, "grid_umap_3d_z": 1.0, "grid_tsne_1d_x": 359.0, "grid_tsne_2d_x": 4.0, "grid_tsne_2d_y": 27.0, "grid_tsne_3d_x": 3.0, "grid_tsne_3d_y": 5.0, "grid_tsne_3d_z": 6.0, "patch_file_embed": "patch_0359_embed.png", "patch_file_rgb": "patch_0359_rgb.png" }, "geometry": { "type": "Point", "coordinates": [ 23.770100584276747, 53.499006341394931 ] } },
{ "type": "Feature", "properties": { "index": 360, "lon": 49.338647417633752, "lat": 62.866199789012555, "classification": 111, "subregion_name": "Eastern Europe", "umap_1d_x": 14.982238, "umap_2d_x": -33.524429, "umap_2d_y": -6.6512032, "umap_3d_x": -45.224419, "umap_3d_y": -6.9945526, "umap_3d_z": -9.2460442, "tsne_1d_x": -32.510086, "tsne_2d_x": -26.361307, "tsne_2d_y": -9.7056465, "tsne_3d_x": -17.908554, "tsne_3d_y": 29.716484, "tsne_3d_z": 7.9186935, "grid_umap_1d_x": 360.0, "grid_umap_2d_x": 5.0, "grid_umap_2d_y": 6.0, "grid_umap_3d_x": 0.0, "grid_umap_3d_y": 2.0, "grid_umap_3d_z": 4.0, "grid_tsne_1d_x": 360.0, "grid_tsne_2d_x": 1.0, "grid_tsne_2d_y": 6.0, "grid_tsne_3d_x": 1.0, "grid_tsne_3d_y": 10.0, "grid_tsne_3d_z": 4.0, "patch_file_embed": "patch_0360_embed.png", "patch_file_rgb": "patch_0360_rgb.png" }, "geometry": { "type": "Point", "coordinates": [ 49.338647417633752, 62.866199789012555 ] } },
{ "type": "Feature", "properties": { "index": 361, "lon": -121.86986521572025, "lat": 43.049786056624797, "classification": 126, "subregion_name": "Unknown", "umap_1d_x": 7.3485646, "umap_2d_x": -16.686718, "umap_2d_y": 6.9844971, "umap_3d_x": -23.917782, "umap_3d_y": 3.6609764, "umap_3d_z": 8.0515747, "tsne_1d_x": -5.7725735, "tsne_2d_x": 1.6073112, "tsne_2d_y": 25.58519, "tsne_3d_x": -9.551857, "tsne_3d_y": -9.3070335, "tsne_3d_z": 7.4148407, "grid_umap_1d_x": 361.0, "grid_umap_2d_x": 9.0, "grid_umap_2d_y": 14.0, "grid_umap_3d_x": 1.0, "grid_umap_3d_y": 6.0, "grid_umap_3d_z": 8.0, "grid_tsne_1d_x": 361.0, "grid_tsne_2d_x": 14.0, "grid_tsne_2d_y": 26.0, "grid_tsne_3d_x": 0.0, "grid_tsne_3d_y": 0.0, "grid_tsne_3d_z": 5.0, "patch_file_embed": "patch_0361_embed.png", "patch_file_rgb": "patch_0361_rgb.png" }, "geometry": { "type": "Point", "coordinates": [ -121.869865215720253, 43.049786056624797 ] } },
{ "type": "Feature", "properties": { "index": 362, "lon": 24.337075791645816, "lat": -9.0993941642750826, "classification": 20, "subregion_name": "Sub-Saharan Africa", "umap_1d_x": -12.72899, "umap_2d_x": 49.335342, "umap_2d_y": -15.954205, "umap_3d_x": 34.765366, "umap_3d_y": -8.1166306, "umap_3d_z": 28.96286, "tsne_1d_x": 51.561935, "tsne_2d_x": 37.704514, "tsne_2d_y": 2.42873, "tsne_3d_x": -3.2898827, "tsne_3d_y": -42.2817, "tsne_3d_z": -18.319004, "grid_umap_1d_x": 362.0, "grid_umap_2d_x": 31.0, "grid_umap_2d_y": 13.0, "grid_umap_3d_x": 8.0, "grid_umap_3d_y": 3.0, "grid_umap_3d_z": 7.0, "grid_tsne_1d_x": 362.0, "grid_tsne_2d_x": 26.0, "grid_tsne_2d_y": 15.0, "grid_tsne_3d_x": 4.0, "grid_tsne_3d_y": 0.0, "grid_tsne_3d_z": 2.0, "patch_file_embed": "patch_0362_embed.png", "patch_file_rgb": "patch_0362_rgb.png" }, "geometry": { "type": "Point", "coordinates": [ 24.337075791645816, -9.099394164275083 ] } },
{ "type": "Feature", "properties": { "index": 363, "lon": 146.0090920899716, "lat": -23.84523644708289, "classification": 124, "subregion_name": "Unknown", "umap_1d_x": -19.112387, "umap_2d_x": 38.463974, "umap_2d_y": -40.803711, "umap_3d_x": 49.179062, "umap_3d_y": -37.462669, "umap_3d_z": 17.996658, "tsne_1d_x": 75.941956, "tsne_2d_x": 37.356476, "tsne_2d_y": 41.005119, "tsne_3d_x": -32.2491, "tsne_3d_y": -15.968796, "tsne_3d_z": -32.157425, "grid_umap_1d_x": 363.0, "grid_umap_2d_x": 22.0, "grid_umap_2d_y": 1.0, "grid_umap_3d_x": 10.0, "grid_umap_3d_y": 0.0, "grid_umap_3d_z": 2.0, "grid_tsne_1d_x": 363.0, "grid_tsne_2d_x": 23.0, "grid_tsne_2d_y": 28.0, "grid_tsne_3d_x": 2.0, "grid_tsne_3d_y": 5.0, "grid_tsne_3d_z": 1.0, "patch_file_embed": "patch_0363_embed.png", "patch_file_rgb": "patch_0363_rgb.png" }, "geometry": { "type": "Point", "coordinates": [ 146.009092089971602, -23.84523644708289 ] } },
{ "type": "Feature", "properties": { "index": 364, "lon": 113.23602569703633, "lat": 33.725527694846278, "classification": 126, "subregion_name": "Unknown", "umap_1d_x": 8.4492292, "umap_2d_x": -13.069939, "umap_2d_y": 33.116188, "umap_3d_x": -12.023521, "umap_3d_y": 27.918587, "umap_3d_z": -4.5749283, "tsne_1d_x": 3.6524227, "tsne_2d_x": -5.2563133, "tsne_2d_y": -25.943102, "tsne_3d_x": 39.711182, "tsne_3d_y": -0.65909958, "tsne_3d_z": 13.387497, "grid_umap_1d_x": 364.0, "grid_umap_2d_x": 1.0, "grid_umap_2d_y": 29.0, "grid_umap_3d_x": 2.0, "grid_umap_3d_y": 10.0, "grid_umap_3d_z": 3.0, "grid_tsne_1d_x": 364.0, "grid_tsne_2d_x": 8.0, "grid_tsne_2d_y": 0.0, "grid_tsne_3d_x": 9.0, "grid_tsne_3d_y": 6.0, "grid_tsne_3d_z": 5.0, "patch_file_embed": "patch_0364_embed.png", "patch_file_rgb": "patch_0364_rgb.png" }, "geometry": { "type": "Point", "coordinates": [ 113.236025697036325, 33.725527694846278 ] } },
{ "type": "Feature", "properties": { "index": 365, "lon": -53.585998716410984, "lat": -22.02573268612803, "classification": 30, "subregion_name": "Latin America and the Caribbean", "umap_1d_x": -14.800426, "umap_2d_x": 42.381416, "umap_2d_y": -20.933029, "umap_3d_x": 43.252281, "umap_3d_y": -12.977619, "umap_3d_z": 25.754555, "tsne_1d_x": 61.024635, "tsne_2d_x": 42.398285, "tsne_2d_y": 23.270782, "tsne_3d_x": -18.160135, "tsne_3d_y": -39.375309, "tsne_3d_z": -34.490295, "grid_umap_1d_x": 365.0, "grid_umap_2d_x": 29.0, "grid_umap_2d_y": 4.0, "grid_umap_3d_x": 10.0, "grid_umap_3d_y": 2.0, "grid_umap_3d_z": 5.0, "grid_tsne_1d_x": 365.0, "grid_tsne_2d_x": 27.0, "grid_tsne_2d_y": 22.0, "grid_tsne_3d_x": 3.0, "grid_tsne_3d_y": 4.0, "grid_tsne_3d_z": 3.0, "patch_file_embed": "patch_0365_embed.png", "patch_file_rgb": "patch_0365_rgb.png" }, "geometry": { "type": "Point", "coordinates": [ -53.585998716410984, -22.02573268612803 ] } },
{ "type": "Feature", "properties": { "index": 366, "lon": 101.25124446460455, "lat": 19.801646551614141, "classification": 112, "subregion_name": "South-eastern Asia", "umap_1d_x": -0.66535252, "umap_2d_x": 1.7706451, "umap_2d_y": 35.593506, "umap_3d_x": 2.9689903, "umap_3d_y": 35.371475, "umap_3d_z": 12.238281, "tsne_1d_x": 9.1039181, "tsne_2d_x": 5.2668343, "tsne_2d_y": -34.418602, "tsne_3d_x": 26.423798, "tsne_3d_y": -23.353609, "tsne_3d_z": 8.4840889, "grid_umap_1d_x": 366.0, "grid_umap_2d_x": 12.0, "grid_umap_2d_y": 29.0, "grid_umap_3d_x": 5.0, "grid_umap_3d_y": 9.0, "grid_umap_3d_z": 3.0, "grid_tsne_1d_x": 366.0, "grid_tsne_2d_x": 16.0, "grid_tsne_2d_y": 12.0, "grid_tsne_3d_x": 10.0, "grid_tsne_3d_y": 1.0, "grid_tsne_3d_z": 5.0, "patch_file_embed": "patch_0366_embed.png", "patch_file_rgb": "patch_0366_rgb.png" }, "geometry": { "type": "Point", "coordinates": [ 101.251244464604554, 19.801646551614141 ] } },
{ "type": "Feature", "properties": { "index": 367, "lon": -66.060692824999691, "lat": 18.283767727569014, "classification": 112, "subregion_name": "Unknown", "umap_1d_x": -4.8801155, "umap_2d_x": 23.863678, "umap_2d_y": 37.127594, "umap_3d_x": 18.14193, "umap_3d_y": 39.825432, "umap_3d_z": 11.516563, "tsne_1d_x": 31.239426, "tsne_2d_x": 26.480942, "tsne_2d_y": -30.076376, "tsne_3d_x": 32.611237, "tsne_3d_y": -36.787937, "tsne_3d_z": -0.79587555, "grid_umap_1d_x": 367.0, "grid_umap_2d_x": 22.0, "grid_umap_2d_y": 30.0, "grid_umap_3d_x": 7.0, "grid_umap_3d_y": 10.0, "grid_umap_3d_z": 4.0, "grid_tsne_1d_x": 367.0, "grid_tsne_2d_x": 23.0, "grid_tsne_2d_y": 2.0, "grid_tsne_3d_x": 9.0, "grid_tsne_3d_y": 1.0, "grid_tsne_3d_z": 4.0, "patch_file_embed": "patch_0367_embed.png", "patch_file_rgb": "patch_0367_rgb.png" }, "geometry": { "type": "Point", "coordinates": [ -66.060692824999691, 18.283767727569014 ] } },
{ "type": "Feature", "properties": { "index": 368, "lon": -124.71962958950868, "lat": 55.984605295688155, "classification": 111, "subregion_name": "Northern America", "umap_1d_x": 13.871081, "umap_2d_x": -33.162918, "umap_2d_y": 4.377182, "umap_3d_x": -42.257896, "umap_3d_y": 3.5098572, "umap_3d_z": -1.9696159, "tsne_1d_x": -35.842075, "tsne_2d_x": -30.33869, "tsne_2d_y": -24.854094, "tsne_3d_x": -7.5067749, "tsne_3d_y": 14.941078, "tsne_3d_z": -3.5971565, "grid_umap_1d_x": 368.0, "grid_umap_2d_x": 7.0, "grid_umap_2d_y": 15.0, "grid_umap_3d_x": 2.0, "grid_umap_3d_y": 4.0, "grid_umap_3d_z": 6.0, "grid_tsne_1d_x": 368.0, "grid_tsne_2d_x": 3.0, "grid_tsne_2d_y": 0.0, "grid_tsne_3d_x": 2.0, "grid_tsne_3d_y": 8.0, "grid_tsne_3d_z": 1.0, "patch_file_embed": "patch_0368_embed.png", "patch_file_rgb": "patch_0368_rgb.png" }, "geometry": { "type": "Point", "coordinates": [ -124.719629589508685, 55.984605295688155 ] } },
{ "type": "Feature", "properties": { "index": 369, "lon": -75.797266515398547, "lat": -2.946767358551639, "classification": 112, "subregion_name": "Latin America and the Caribbean", "umap_1d_x": -8.0426083, "umap_2d_x": 35.496292, "umap_2d_y": 31.677155, "umap_3d_x": 30.847618, "umap_3d_y": 42.319305, "umap_3d_z": 2.0642471, "tsne_1d_x": 41.556522, "tsne_2d_x": 43.123978, "tsne_2d_y": -29.62841, "tsne_3d_x": 34.696602, "tsne_3d_y": -38.85857, "tsne_3d_z": -27.816095, "grid_umap_1d_x": 369.0, "grid_umap_2d_x": 26.0, "grid_umap_2d_y": 21.0, "grid_umap_3d_x": 9.0, "grid_umap_3d_y": 8.0, "grid_umap_3d_z": 2.0, "grid_tsne_1d_x": 369.0, "grid_tsne_2d_x": 28.0, "grid_tsne_2d_y": 4.0, "grid_tsne_3d_x": 8.0, "grid_tsne_3d_y": 3.0, "grid_tsne_3d_z": 1.0, "patch_file_embed": "patch_0369_embed.png", "patch_file_rgb": "patch_0369_rgb.png" }, "geometry": { "type": "Point", "coordinates": [ -75.797266515398547, -2.946767358551639 ] } },
{ "type": "Feature", "properties": { "index": 370, "lon": 38.093518195062131, "lat": -7.9666856352798732, "classification": 124, "subregion_name": "Sub-Saharan Africa", "umap_1d_x": -14.692992, "umap_2d_x": 41.343658, "umap_2d_y": -17.9519, "umap_3d_x": 43.543167, "umap_3d_y": -9.1290588, "umap_3d_z": 25.512657, "tsne_1d_x": 59.526653, "tsne_2d_x": 45.345039, "tsne_2d_y": 16.059593, "tsne_3d_x": -6.7579536, "tsne_3d_y": -27.735504, "tsne_3d_z": -32.026165, "grid_umap_1d_x": 370.0, "grid_umap_2d_x": 24.0, "grid_umap_2d_y": 14.0, "grid_umap_3d_x": 9.0, "grid_umap_3d_y": 4.0, "grid_umap_3d_z": 4.0, "grid_tsne_1d_x": 370.0, "grid_tsne_2d_x": 27.0, "grid_tsne_2d_y": 20.0, "grid_tsne_3d_x": 4.0, "grid_tsne_3d_y": 3.0, "grid_tsne_3d_z": 0.0, "patch_file_embed": "patch_0370_embed.png", "patch_file_rgb": "patch_0370_rgb.png" }, "geometry": { "type": "Point", "coordinates": [ 38.093518195062131, -7.966685635279873 ] } },
{ "type": "Feature", "properties": { "index": 371, "lon": -67.00736418604896, "lat": 54.903078395021339, "classification": 126, "subregion_name": "Northern America", "umap_1d_x": 17.28273, "umap_2d_x": -40.525829, "umap_2d_y": -15.020283, "umap_3d_x": -46.953129, "umap_3d_y": -3.4885445, "umap_3d_z": -38.832729, "tsne_1d_x": -55.426414, "tsne_2d_x": -28.535547, "tsne_2d_y": 21.563622, "tsne_3d_x": -11.84066, "tsne_3d_y": 23.695007, "tsne_3d_z": 33.558952, "grid_umap_1d_x": 371.0, "grid_umap_2d_x": 7.0, "grid_umap_2d_y": 3.0, "grid_umap_3d_x": 3.0, "grid_umap_3d_y": 1.0, "grid_umap_3d_z": 0.0, "grid_tsne_1d_x": 371.0, "grid_tsne_2d_x": 13.0, "grid_tsne_2d_y": 24.0, "grid_tsne_3d_x": 1.0, "grid_tsne_3d_y": 8.0, "grid_tsne_3d_z": 8.0, "patch_file_embed": "patch_0371_embed.png", "patch_file_rgb": "patch_0371_rgb.png" }, "geometry": { "type": "Point", "coordinates": [ -67.00736418604896, 54.903078395021339 ] } },
{ "type": "Feature", "properties": { "index": 372, "lon": 49.558730205575102, "lat": 62.500872059882042, "classification": 114, "subregion_name": "Eastern Europe", "umap_1d_x": 15.175203, "umap_2d_x": -32.116497, "umap_2d_y": -8.1525497, "umap_3d_x": -42.65057, "umap_3d_y": -7.9073563, "umap_3d_z": -10.52618, "tsne_1d_x": -30.781578, "tsne_2d_x": -26.59742, "tsne_2d_y": -4.8190346, "tsne_3d_x": -24.331793, "tsne_3d_y": 26.230469, "tsne_3d_z": 10.518444, "grid_umap_1d_x": 372.0, "grid_umap_2d_x": 17.0, "grid_umap_2d_y": 9.0, "grid_umap_3d_x": 4.0, "grid_umap_3d_y": 2.0, "grid_umap_3d_z": 4.0, "grid_tsne_1d_x": 372.0, "grid_tsne_2d_x": 0.0, "grid_tsne_2d_y": 8.0, "grid_tsne_3d_x": 3.0, "grid_tsne_3d_y": 7.0, "grid_tsne_3d_z": 4.0, "patch_file_embed": "patch_0372_embed.png", "patch_file_rgb": "patch_0372_rgb.png" }, "geometry": { "type": "Point", "coordinates": [ 49.558730205575102, 62.500872059882042 ] } },
{ "type": "Feature", "properties": { "index": 373, "lon": 27.231799135104097, "lat": 50.940178240496309, "classification": 115, "subregion_name": "Eastern Europe", "umap_1d_x": 21.81559, "umap_2d_x": -25.042248, "umap_2d_y": -9.2342682, "umap_3d_x": -35.343594, "umap_3d_y": -11.870338, "umap_3d_z": -8.1975288, "tsne_1d_x": -22.906742, "tsne_2d_x": -12.429848, "tsne_2d_y": 11.827614, "tsne_3d_x": -30.784595, "tsne_3d_y": 10.770916, "tsne_3d_z": 6.3223534, "grid_umap_1d_x": 373.0, "grid_umap_2d_x": 10.0, "grid_umap_2d_y": 4.0, "grid_umap_3d_x": 1.0, "grid_umap_3d_y": 0.0, "grid_umap_3d_z": 4.0, "grid_tsne_1d_x": 373.0, "grid_tsne_2d_x": 19.0, "grid_tsne_2d_y": 20.0, "grid_tsne_3d_x": 0.0, "grid_tsne_3d_y": 7.0, "grid_tsne_3d_z": 3.0, "patch_file_embed": "patch_0373_embed.png", "patch_file_rgb": "patch_0373_rgb.png" }, "geometry": { "type": "Point", "coordinates": [ 27.231799135104097, 50.940178240496309 ] } },
{ "type": "Feature", "properties": { "index": 374, "lon": 103.14684462721061, "lat": 12.820006606921083, "classification": 40, "subregion_name": "South-eastern Asia", "umap_1d_x": 0.49587077, "umap_2d_x": 8.6765594, "umap_2d_y": 43.007423, "umap_3d_x": 4.7772102, "umap_3d_y": 46.472359, "umap_3d_z": 27.472, "tsne_1d_x": 16.686697, "tsne_2d_x": 16.99968, "tsne_2d_y": -37.628471, "tsne_3d_x": 30.333107, "tsne_3d_y": -37.096817, "tsne_3d_z": 23.463524, "grid_umap_1d_x": 374.0, "grid_umap_2d_x": 19.0, "grid_umap_2d_y": 29.0, "grid_umap_3d_x": 6.0, "grid_umap_3d_y": 7.0, "grid_umap_3d_z": 5.0, "grid_tsne_1d_x": 374.0, "grid_tsne_2d_x": 21.0, "grid_tsne_2d_y": 6.0, "grid_tsne_3d_x": 8.0, "grid_tsne_3d_y": 2.0, "grid_tsne_3d_z": 6.0, "patch_file_embed": "patch_0374_embed.png", "patch_file_rgb": "patch_0374_rgb.png" }, "geometry": { "type": "Point", "coordinates": [ 103.146844627210612, 12.820006606921083 ] } },
{ "type": "Feature", "properties": { "index": 375, "lon": -82.322867419870505, "lat": 52.475983993863821, "classification": 20, "subregion_name": "Northern America", "umap_1d_x": 17.345552, "umap_2d_x": -42.254349, "umap_2d_y": -15.605919, "umap_3d_x": -45.069427, "umap_3d_y": -1.9431419, "umap_3d_z": -40.870556, "tsne_1d_x": -57.139778, "tsne_2d_x": -28.756809, "tsne_2d_y": 26.931686, "tsne_3d_x": -5.7948303, "tsne_3d_y": 16.392799, "tsne_3d_z": 32.067398, "grid_umap_1d_x": 375.0, "grid_umap_2d_x": 4.0, "grid_umap_2d_y": 2.0, "grid_umap_3d_x": 5.0, "grid_umap_3d_y": 1.0, "grid_umap_3d_z": 0.0, "grid_tsne_1d_x": 375.0, "grid_tsne_2d_x": 0.0, "grid_tsne_2d_y": 27.0, "grid_tsne_3d_x": 3.0, "grid_tsne_3d_y": 5.0, "grid_tsne_3d_z": 8.0, "patch_file_embed": "patch_0375_embed.png", "patch_file_rgb": "patch_0375_rgb.png" }, "geometry": { "type": "Point", "coordinates": [ -82.322867419870505, 52.475983993863821 ] } },
{ "type": "Feature", "properties": { "index": 376, "lon": 136.64552565786101, "lat": -22.989100518039749, "classification": 30, "subregion_name": "Unknown", "umap_1d_x": -20.420979, "umap_2d_x": 41.577118, "umap_2d_y": -48.315918, "umap_3d_x": 47.975731, "umap_3d_y": -46.320885, "umap_3d_z": 24.445282, "tsne_1d_x": 79.969833, "tsne_2d_x": 43.906662, "tsne_2d_y": 45.999268, "tsne_3d_x": -40.914043, "tsne_3d_y": -18.476633, "tsne_3d_z": -18.910185, "grid_umap_1d_x": 376.0, "grid_umap_2d_x": 20.0, "grid_umap_2d_y": 8.0, "grid_umap_3d_x": 6.0, "grid_umap_3d_y": 2.0, "grid_umap_3d_z": 4.0, "grid_tsne_1d_x": 376.0, "grid_tsne_2d_x": 22.0, "grid_tsne_2d_y": 26.0, "grid_tsne_3d_x": 2.0, "grid_tsne_3d_y": 4.0, "grid_tsne_3d_z": 3.0, "patch_file_embed": "patch_0376_embed.png", "patch_file_rgb": "patch_0376_rgb.png" }, "geometry": { "type": "Point", "coordinates": [ 136.645525657861015, -22.989100518039749 ] } },
{ "type": "Feature", "properties": { "index": 377, "lon": 149.6665955006078, "lat": 66.067184403177066, "classification": 126, "subregion_name": "Eastern Europe", "umap_1d_x": 18.797377, "umap_2d_x": -48.031639, "umap_2d_y": -0.70575714, "umap_3d_x": -48.066288, "umap_3d_y": 21.713295, "umap_3d_z": -42.002586, "tsne_1d_x": -69.576904, "tsne_2d_x": -41.554497, "tsne_2d_y": 19.864136, "tsne_3d_x": 18.109627, "tsne_3d_y": 41.32476, "tsne_3d_z": 34.55661, "grid_umap_1d_x": 377.0, "grid_umap_2d_x": 2.0, "grid_umap_2d_y": 13.0, "grid_umap_3d_x": 3.0, "grid_umap_3d_y": 9.0, "grid_umap_3d_z": 0.0, "grid_tsne_1d_x": 377.0, "grid_tsne_2d_x": 3.0, "grid_tsne_2d_y": 23.0, "grid_tsne_3d_x": 9.0, "grid_tsne_3d_y": 10.0, "grid_tsne_3d_z": 7.0, "patch_file_embed": "patch_0377_embed.png", "patch_file_rgb": "patch_0377_rgb.png" }, "geometry": { "type": "Point", "coordinates": [ 149.666595500607798, 66.067184403177066 ] } },
{ "type": "Feature", "properties": { "index": 378, "lon": 75.515671962628318, "lat": 61.683239440700547, "classification": 90, "subregion_name": "Eastern Europe", "umap_1d_x": 17.542913, "umap_2d_x": -43.591072, "umap_2d_y": -15.380589, "umap_3d_x": -43.904072, "umap_3d_y": 0.41425322999999281, "umap_3d_z": -44.13208, "tsne_1d_x": -57.402302, "tsne_2d_x": -30.513021, "tsne_2d_y": 29.318642, "tsne_3d_x": 0.26306914999999265, "tsne_3d_y": 17.181572, "tsne_3d_z": 32.545563, "grid_umap_1d_x": 378.0, "grid_umap_2d_x": 10.0, "grid_umap_2d_y": 5.0, "grid_umap_3d_x": 7.0, "grid_umap_3d_y": 2.0, "grid_umap_3d_z": 1.0, "grid_tsne_1d_x": 378.0, "grid_tsne_2d_x": 5.0, "grid_tsne_2d_y": 28.0, "grid_tsne_3d_x": 4.0, "grid_tsne_3d_y": 7.0, "grid_tsne_3d_z": 8.0, "patch_file_embed": "patch_0378_embed.png", "patch_file_rgb": "patch_0378_rgb.png" }, "geometry": { "type": "Point", "coordinates": [ 75.515671962628318, 61.683239440700547 ] } },
{ "type": "Feature", "properties": { "index": 379, "lon": 13.562971962892561, "lat": 58.309498872970536, "classification": 40, "subregion_name": "Northern Europe", "umap_1d_x": 23.184885, "umap_2d_x": -20.576778, "umap_2d_y": -15.575302, "umap_3d_x": -28.747166, "umap_3d_y": -14.912884, "umap_3d_z": -11.057789, "tsne_1d_x": -19.022371, "tsne_2d_x": -7.5876007, "tsne_2d_y": 22.479179, "tsne_3d_x": -39.255775, "tsne_3d_y": -2.2487526, "tsne_3d_z": 19.313599, "grid_umap_1d_x": 379.0, "grid_umap_2d_x": 12.0, "grid_umap_2d_y": 0.0, "grid_umap_3d_x": 5.0, "grid_umap_3d_y": 0.0, "grid_umap_3d_z": 3.0, "grid_tsne_1d_x": 379.0, "grid_tsne_2d_x": 1.0, "grid_tsne_2d_y": 23.0, "grid_tsne_3d_x": 4.0, "grid_tsne_3d_y": 5.0, "grid_tsne_3d_z": 5.0, "patch_file_embed": "patch_0379_embed.png", "patch_file_rgb": "patch_0379_rgb.png" }, "geometry": { "type": "Point", "coordinates": [ 13.562971962892561, 58.309498872970536 ] } },
{ "type": "Feature", "properties": { "index": 380, "lon": 136.19560721821193, "lat": 47.22566119897634, "classification": 114, "subregion_name": "Eastern Europe", "umap_1d_x": 12.872315, "umap_2d_x": -35.295662, "umap_2d_y": 14.628387, "umap_3d_x": -40.975014, "umap_3d_y": 14.60247, "umap_3d_z": -11.077847, "tsne_1d_x": -40.589943, "tsne_2d_x": -34.786507, "tsne_2d_y": -6.2050629, "tsne_3d_x": 16.895828, "tsne_3d_y": 22.549576, "tsne_3d_z": 0.025089264000001776, "grid_umap_1d_x": 380.0, "grid_umap_2d_x": 12.0, "grid_umap_2d_y": 22.0, "grid_umap_3d_x": 0.0, "grid_umap_3d_y": 7.0, "grid_umap_3d_z": 4.0, "grid_tsne_1d_x": 380.0, "grid_tsne_2d_x": 7.0, "grid_tsne_2d_y": 12.0, "grid_tsne_3d_x": 9.0, "grid_tsne_3d_y": 9.0, "grid_tsne_3d_z": 1.0, "patch_file_embed": "patch_0380_embed.png", "patch_file_rgb": "patch_0380_rgb.png" }, "geometry": { "type": "Point", "coordinates": [ 136.195607218211933, 47.22566119897634 ] } },
{ "type": "Feature", "properties": { "index": 381, "lon": -54.072850184407955, "lat": 5.0441787146538957, "classification": 112, "subregion_name": "Unknown", "umap_1d_x": -7.7570214, "umap_2d_x": 35.937347, "umap_2d_y": 34.811058, "umap_3d_x": 31.403419, "umap_3d_y": 49.019394, "umap_3d_z": 3.2963333, "tsne_1d_x": 40.413719, "tsne_2d_x": 46.350555, "tsne_2d_y": -36.133099, "tsne_3d_x": 41.238228, "tsne_3d_y": -41.594978, "tsne_3d_z": -37.770576, "grid_umap_1d_x": 381.0, "grid_umap_2d_x": 27.0, "grid_umap_2d_y": 24.0, "grid_umap_3d_x": 8.0, "grid_umap_3d_y": 9.0, "grid_umap_3d_z": 2.0, "grid_tsne_1d_x": 381.0, "grid_tsne_2d_x": 29.0, "grid_tsne_2d_y": 2.0, "grid_tsne_3d_x": 7.0, "grid_tsne_3d_y": 6.0, "grid_tsne_3d_z": 2.0, "patch_file_embed": "patch_0381_embed.png", "patch_file_rgb": "patch_0381_rgb.png" }, "geometry": { "type": "Point", "coordinates": [ -54.072850184407955, 5.044178714653896 ] } },
{ "type": "Feature", "properties": { "index": 382, "lon": 122.2748410330409, "lat": 11.664510295864915, "classification": 112, "subregion_name": "South-eastern Asia", "umap_1d_x": -4.8559837, "umap_2d_x": 24.138977, "umap_2d_y": 37.011574, "umap_3d_x": 18.282219, "umap_3d_y": 40.084221, "umap_3d_z": 11.61285, "tsne_1d_x": 31.236717, "tsne_2d_x": 26.512421, "tsne_2d_y": -31.093695, "tsne_3d_x": 34.123665, "tsne_3d_y": -38.145485, "tsne_3d_z": -1.7483139, "grid_umap_1d_x": 382.0, "grid_umap_2d_x": 22.0, "grid_umap_2d_y": 29.0, "grid_umap_3d_x": 8.0, "grid_umap_3d_y": 10.0, "grid_umap_3d_z": 5.0, "grid_tsne_1d_x": 382.0, "grid_tsne_2d_x": 22.0, "grid_tsne_2d_y": 11.0, "grid_tsne_3d_x": 9.0, "grid_tsne_3d_y": 2.0, "grid_tsne_3d_z": 4.0, "patch_file_embed": "patch_0382_embed.png", "patch_file_rgb": "patch_0382_rgb.png" }, "geometry": { "type": "Point", "coordinates": [ 122.2748410330409, 11.664510295864915 ] } },
{ "type": "Feature", "properties": { "index": 383, "lon": 21.933057400291915, "lat": -4.5692497975709054, "classification": 112, "subregion_name": "Sub-Saharan Africa", "umap_1d_x": -6.6095047, "umap_2d_x": 31.762634, "umap_2d_y": 42.1306, "umap_3d_x": 28.168373, "umap_3d_y": 33.915947, "umap_3d_z": 8.6741982, "tsne_1d_x": 37.729668, "tsne_2d_x": 39.77124, "tsne_2d_y": -32.983131, "tsne_3d_x": 49.629822, "tsne_3d_y": -38.064888, "tsne_3d_z": -20.594999, "grid_umap_1d_x": 383.0, "grid_umap_2d_x": 26.0, "grid_umap_2d_y": 26.0, "grid_umap_3d_x": 10.0, "grid_umap_3d_y": 7.0, "grid_umap_3d_z": 4.0, "grid_tsne_1d_x": 383.0, "grid_tsne_2d_x": 24.0, "grid_tsne_2d_y": 11.0, "grid_tsne_3d_x": 10.0, "grid_tsne_3d_y": 3.0, "grid_tsne_3d_z": 2.0, "patch_file_embed": "patch_0383_embed.png", "patch_file_rgb": "patch_0383_rgb.png" }, "geometry": { "type": "Point", "coordinates": [ 21.933057400291915, -4.569249797570905 ] } },
{ "type": "Feature", "properties": { "index": 384, "lon": 13.08497168508751, "lat": 7.0824611991372706, "classification": 114, "subregion_name": "Sub-Saharan Africa", "umap_1d_x": -1.9113492, "umap_2d_x": 9.6918564, "umap_2d_y": 28.732849, "umap_3d_x": 9.2560768, "umap_3d_y": 31.582458, "umap_3d_z": 29.470375, "tsne_1d_x": 21.032631, "tsne_2d_x": 12.476265, "tsne_2d_y": -18.414381, "tsne_3d_x": 11.835777, "tsne_3d_y": -42.34473, "tsne_3d_z": 8.9135284, "grid_umap_1d_x": 384.0, "grid_umap_2d_x": 16.0, "grid_umap_2d_y": 25.0, "grid_umap_3d_x": 8.0, "grid_umap_3d_y": 8.0, "grid_umap_3d_z": 6.0, "grid_tsne_1d_x": 384.0, "grid_tsne_2d_x": 17.0, "grid_tsne_2d_y": 11.0, "grid_tsne_3d_x": 6.0, "grid_tsne_3d_y": 0.0, "grid_tsne_3d_z": 4.0, "patch_file_embed": "patch_0384_embed.png", "patch_file_rgb": "patch_0384_rgb.png" }, "geometry": { "type": "Point", "coordinates": [ 13.08497168508751, 7.082461199137271 ] } },
{ "type": "Feature", "properties": { "index": 385, "lon": -79.00066253011201, "lat": -7.4184099765610512, "classification": 126, "subregion_name": "Latin America and the Caribbean", "umap_1d_x": -5.4902363, "umap_2d_x": 26.916634, "umap_2d_y": 33.81768, "umap_3d_x": 20.668144, "umap_3d_y": 35.05835, "umap_3d_z": 7.9588051, "tsne_1d_x": 32.462032, "tsne_2d_x": 31.416779, "tsne_2d_y": -21.283541, "tsne_3d_x": 29.147675, "tsne_3d_y": -22.089603, "tsne_3d_z": -6.3466644, "grid_umap_1d_x": 385.0, "grid_umap_2d_x": 23.0, "grid_umap_2d_y": 25.0, "grid_umap_3d_x": 8.0, "grid_umap_3d_y": 9.0, "grid_umap_3d_z": 4.0, "grid_tsne_1d_x": 385.0, "grid_tsne_2d_x": 22.0, "grid_tsne_2d_y": 14.0, "grid_tsne_3d_x": 9.0, "grid_tsne_3d_y": 3.0, "grid_tsne_3d_z": 3.0, "patch_file_embed": "patch_0385_embed.png", "patch_file_rgb": "patch_0385_rgb.png" }, "geometry": { "type": "Point", "coordinates": [ -79.00066253011201, -7.418409976561051 ] } },
{ "type": "Feature", "properties": { "index": 386, "lon": -97.459764471510766, "lat": 34.271990440034287, "classification": 30, "subregion_name": "Unknown", "umap_1d_x": 9.7294893, "umap_2d_x": -20.724709, "umap_2d_y": 15.956734, "umap_3d_x": -23.784224, "umap_3d_y": 4.2004776, "umap_3d_z": -17.128483, "tsne_1d_x": -11.882281, "tsne_2d_x": 1.3035889, "tsne_2d_y": 2.5406075, "tsne_3d_x": 10.113018, "tsne_3d_y": -4.240097, "tsne_3d_z": 8.7041321, "grid_umap_1d_x": 386.0, "grid_umap_2d_x": 4.0, "grid_umap_2d_y": 20.0, "grid_umap_3d_x": 2.0, "grid_umap_3d_y": 4.0, "grid_umap_3d_z": 1.0, "grid_tsne_1d_x": 386.0, "grid_tsne_2d_x": 2.0, "grid_tsne_2d_y": 3.0, "grid_tsne_3d_x": 8.0, "grid_tsne_3d_y": 0.0, "grid_tsne_3d_z": 7.0, "patch_file_embed": "patch_0386_embed.png", "patch_file_rgb": "patch_0386_rgb.png" }, "geometry": { "type": "Point", "coordinates": [ -97.459764471510766, 34.271990440034287 ] } },
{ "type": "Feature", "properties": { "index": 387, "lon": 130.20332560165104, "lat": 48.241797556269603, "classification": 114, "subregion_name": "Unknown", "umap_1d_x": 12.732372, "umap_2d_x": -35.009895, "umap_2d_y": 15.939095, "umap_3d_x": -40.842972, "umap_3d_y": 15.683632, "umap_3d_z": -11.922272, "tsne_1d_x": -40.898838, "tsne_2d_x": -35.565445, "tsne_2d_y": -4.5912971, "tsne_3d_x": 19.533676, "tsne_3d_y": 24.24456, "tsne_3d_z": 2.845974, "grid_umap_1d_x": 387.0, "grid_umap_2d_x": 7.0, "grid_umap_2d_y": 22.0, "grid_umap_3d_x": 1.0, "grid_umap_3d_y": 8.0, "grid_umap_3d_z": 4.0, "grid_tsne_1d_x": 387.0, "grid_tsne_2d_x": 0.0, "grid_tsne_2d_y": 10.0, "grid_tsne_3d_x": 9.0, "grid_tsne_3d_y": 9.0, "grid_tsne_3d_z": 2.0, "patch_file_embed": "patch_0387_embed.png", "patch_file_rgb": "patch_0387_rgb.png" }, "geometry": { "type": "Point", "coordinates": [ 130.203325601651045, 48.241797556269603 ] } },
{ "type": "Feature", "properties": { "index": 388, "lon": 108.14134222679058, "lat": 65.410909196874229, "classification": 116, "subregion_name": "Eastern Europe", "umap_1d_x": 18.88903, "umap_2d_x": -47.538116, "umap_2d_y": 1.1259918, "umap_3d_x": -49.141071, "umap_3d_y": 19.683113, "umap_3d_z": -38.847275, "tsne_1d_x": -68.978493, "tsne_2d_x": -45.981903, "tsne_2d_y": 18.392807, "tsne_3d_x": 7.440979, "tsne_3d_y": 40.577477, "tsne_3d_z": 32.375755, "grid_umap_1d_x": 388.0, "grid_umap_2d_x": 5.0, "grid_umap_2d_y": 15.0, "grid_umap_3d_x": 4.0, "grid_umap_3d_y": 7.0, "grid_umap_3d_z": 2.0, "grid_tsne_1d_x": 388.0, "grid_tsne_2d_x": 7.0, "grid_tsne_2d_y": 23.0, "grid_tsne_3d_x": 6.0, "grid_tsne_3d_y": 10.0, "grid_tsne_3d_z": 6.0, "patch_file_embed": "patch_0388_embed.png", "patch_file_rgb": "patch_0388_rgb.png" }, "geometry": { "type": "Point", "coordinates": [ 108.141342226790584, 65.410909196874229 ] } },
{ "type": "Feature", "properties": { "index": 389, "lon": 42.07459945472101, "lat": 42.197060225317557, "classification": 40, "subregion_name": "Western Asia", "umap_1d_x": 5.158679, "umap_2d_x": -11.050392, "umap_2d_y": 24.140961, "umap_3d_x": -12.119179, "umap_3d_y": 21.912033, "umap_3d_z": 4.4882431, "tsne_1d_x": 2.33462, "tsne_2d_x": 0.43304062, "tsne_2d_y": -16.003658, "tsne_3d_x": 27.715477, "tsne_3d_y": -9.3118134, "tsne_3d_z": -15.64571, "grid_umap_1d_x": 389.0, "grid_umap_2d_x": 8.0, "grid_umap_2d_y": 25.0, "grid_umap_3d_x": 0.0, "grid_umap_3d_y": 10.0, "grid_umap_3d_z": 6.0, "grid_tsne_1d_x": 389.0, "grid_tsne_2d_x": 9.0, "grid_tsne_2d_y": 2.0, "grid_tsne_3d_x": 10.0, "grid_tsne_3d_y": 6.0, "grid_tsne_3d_z": 0.0, "patch_file_embed": "patch_0389_embed.png", "patch_file_rgb": "patch_0389_rgb.png" }, "geometry": { "type": "Point", "coordinates": [ 42.07459945472101, 42.197060225317557 ] } },
{ "type": "Feature", "properties": { "index": 390, "lon": 123.99347139350289, "lat": 56.847867615907717, "classification": 113, "subregion_name": "Eastern Europe", "umap_1d_x": 15.686082, "umap_2d_x": -41.14732, "umap_2d_y": 8.2807198, "umap_3d_x": -47.976959, "umap_3d_y": 15.981964, "umap_3d_z": -18.466896, "tsne_1d_x": -45.212631, "tsne_2d_x": -38.045876, "tsne_2d_y": 0.58899688999999, "tsne_3d_x": -0.82611847, "tsne_3d_y": 42.863647, "tsne_3d_z": 15.530533, "grid_umap_1d_x": 390.0, "grid_umap_2d_x": 11.0, "grid_umap_2d_y": 19.0, "grid_umap_3d_x": 2.0, "grid_umap_3d_y": 7.0, "grid_umap_3d_z": 3.0, "grid_tsne_1d_x": 390.0, "grid_tsne_2d_x": 1.0, "grid_tsne_2d_y": 13.0, "grid_tsne_3d_x": 4.0, "grid_tsne_3d_y": 10.0, "grid_tsne_3d_z": 4.0, "patch_file_embed": "patch_0390_embed.png", "patch_file_rgb": "patch_0390_rgb.png" }, "geometry": { "type": "Point", "coordinates": [ 123.993471393502887, 56.847867615907717 ] } },
{ "type": "Feature", "properties": { "index": 391, "lon": 28.47882322224936, "lat": -12.338372585115906, "classification": 114, "subregion_name": "Sub-Saharan Africa", "umap_1d_x": -13.219545, "umap_2d_x": 47.349373, "umap_2d_y": -18.440449, "umap_3d_x": 36.890778, "umap_3d_y": -10.63921, "umap_3d_z": 27.212311, "tsne_1d_x": 52.615612, "tsne_2d_x": 38.427414, "tsne_2d_y": 7.0031891, "tsne_3d_x": -2.0753822, "tsne_3d_y": -34.541618, "tsne_3d_z": -18.643177, "grid_umap_1d_x": 391.0, "grid_umap_2d_x": 31.0, "grid_umap_2d_y": 9.0, "grid_umap_3d_x": 10.0, "grid_umap_3d_y": 2.0, "grid_umap_3d_z": 7.0, "grid_tsne_1d_x": 391.0, "grid_tsne_2d_x": 29.0, "grid_tsne_2d_y": 14.0, "grid_tsne_3d_x": 4.0, "grid_tsne_3d_y": 0.0, "grid_tsne_3d_z": 1.0, "patch_file_embed": "patch_0391_embed.png", "patch_file_rgb": "patch_0391_rgb.png" }, "geometry": { "type": "Point", "coordinates": [ 28.47882322224936, -12.338372585115906 ] } },
{ "type": "Feature", "properties": { "index": 392, "lon": -49.794452050100716, "lat": -25.719399875922129, "classification": 40, "subregion_name": "Latin America and the Caribbean", "umap_1d_x": -15.275065, "umap_2d_x": 41.089928, "umap_2d_y": -20.649734, "umap_3d_x": 43.770912, "umap_3d_y": -13.010899, "umap_3d_z": 22.214928, "tsne_1d_x": 61.129692, "tsne_2d_x": 41.841141, "tsne_2d_y": 20.931412, "tsne_3d_x": -18.958055, "tsne_3d_y": -34.363705, "tsne_3d_z": -32.732586, "grid_umap_1d_x": 392.0, "grid_umap_2d_x": 27.0, "grid_umap_2d_y": 7.0, "grid_umap_3d_x": 9.0, "grid_umap_3d_y": 2.0, "grid_umap_3d_z": 4.0, "grid_tsne_1d_x": 392.0, "grid_tsne_2d_x": 29.0, "grid_tsne_2d_y": 22.0, "grid_tsne_3d_x": 2.0, "grid_tsne_3d_y": 2.0, "grid_tsne_3d_z": 1.0, "patch_file_embed": "patch_0392_embed.png", "patch_file_rgb": "patch_0392_rgb.png" }, "geometry": { "type": "Point", "coordinates": [ -49.794452050100716, -25.719399875922129 ] } },
{ "type": "Feature", "properties": { "index": 393, "lon": -51.847902355602344, "lat": -1.377810363387461, "classification": 112, "subregion_name": "Latin America and the Caribbean", "umap_1d_x": -8.4904509, "umap_2d_x": 37.177208, "umap_2d_y": 28.198296, "umap_3d_x": 34.682426, "umap_3d_y": 44.7911, "umap_3d_z": 0.40464401, "tsne_1d_x": 42.312988, "tsne_2d_x": 49.712563, "tsne_2d_y": -26.312248, "tsne_3d_x": 31.980545, "tsne_3d_y": -43.450447, "tsne_3d_z": -40.188309, "grid_umap_1d_x": 393.0, "grid_umap_2d_x": 31.0, "grid_umap_2d_y": 24.0, "grid_umap_3d_x": 8.0, "grid_umap_3d_y": 6.0, "grid_umap_3d_z": 2.0, "grid_tsne_1d_x": 393.0, "grid_tsne_2d_x": 27.0, "grid_tsne_2d_y": 11.0, "grid_tsne_3d_x": 7.0, "grid_tsne_3d_y": 5.0, "grid_tsne_3d_z": 1.0, "patch_file_embed": "patch_0393_embed.png", "patch_file_rgb": "patch_0393_rgb.png" }, "geometry": { "type": "Point", "coordinates": [ -51.847902355602344, -1.377810363387461 ] } },
{ "type": "Feature", "properties": { "index": 394, "lon": -44.542045428798332, "lat": -8.3448813855711848, "classification": 40, "subregion_name": "Latin America and the Caribbean", "umap_1d_x": -14.548833, "umap_2d_x": 43.38887, "umap_2d_y": -20.491951, "umap_3d_x": 42.100853, "umap_3d_y": -11.847885, "umap_3d_z": 28.18055, "tsne_1d_x": 58.238922, "tsne_2d_x": 40.723274, "tsne_2d_y": 19.126595, "tsne_3d_x": -16.701729, "tsne_3d_y": -41.465405, "tsne_3d_z": -28.904541, "grid_umap_1d_x": 394.0, "grid_umap_2d_x": 29.0, "grid_umap_2d_y": 6.0, "grid_umap_3d_x": 8.0, "grid_umap_3d_y": 3.0, "grid_umap_3d_z": 5.0, "grid_tsne_1d_x": 394.0, "grid_tsne_2d_x": 30.0, "grid_tsne_2d_y": 21.0, "grid_tsne_3d_x": 4.0, "grid_tsne_3d_y": 5.0, "grid_tsne_3d_z": 4.0, "patch_file_embed": "patch_0394_embed.png", "patch_file_rgb": "patch_0394_rgb.png" }, "geometry": { "type": "Point", "coordinates": [ -44.542045428798332, -8.344881385571185 ] } },
{ "type": "Feature", "properties": { "index": 395, "lon": -73.323807795541597, "lat": 1.543708195400129, "classification": 112, "subregion_name": "Latin America and the Caribbean", "umap_1d_x": -7.7376952, "umap_2d_x": 35.29055, "umap_2d_y": 33.668961, "umap_3d_x": 30.832222, "umap_3d_y": 46.856674, "umap_3d_z": 1.0912895, "tsne_1d_x": 40.643585, "tsne_2d_x": 44.083199, "tsne_2d_y": -32.674294, "tsne_3d_x": 40.767616, "tsne_3d_y": -40.35054, "tsne_3d_z": -30.639994, "grid_umap_1d_x": 395.0, "grid_umap_2d_x": 26.0, "grid_umap_2d_y": 22.0, "grid_umap_3d_x": 7.0, "grid_umap_3d_y": 9.0, "grid_umap_3d_z": 0.0, "grid_tsne_1d_x": 395.0, "grid_tsne_2d_x": 24.0, "grid_tsne_2d_y": 12.0, "grid_tsne_3d_x": 10.0, "grid_tsne_3d_y": 2.0, "grid_tsne_3d_z": 0.0, "patch_file_embed": "patch_0395_embed.png", "patch_file_rgb": "patch_0395_rgb.png" }, "geometry": { "type": "Point", "coordinates": [ -73.323807795541597, 1.543708195400129 ] } },
{ "type": "Feature", "properties": { "index": 396, "lon": 77.466988369450121, "lat": 11.553827866923811, "classification": 40, "subregion_name": "Southern Asia", "umap_1d_x": -0.23115699, "umap_2d_x": 5.5225372, "umap_2d_y": 37.5914, "umap_3d_x": 3.8507156, "umap_3d_y": 37.235649, "umap_3d_z": 24.827095, "tsne_1d_x": 14.517458, "tsne_2d_x": 11.732502, "tsne_2d_y": -33.148251, "tsne_3d_x": 19.946365, "tsne_3d_y": -29.135967, "tsne_3d_z": 17.165794, "grid_umap_1d_x": 396.0, "grid_umap_2d_x": 16.0, "grid_umap_2d_y": 28.0, "grid_umap_3d_x": 5.0, "grid_umap_3d_y": 8.0, "grid_umap_3d_z": 6.0, "grid_tsne_1d_x": 396.0, "grid_tsne_2d_x": 16.0, "grid_tsne_2d_y": 0.0, "grid_tsne_3d_x": 7.0, "grid_tsne_3d_y": 3.0, "grid_tsne_3d_z": 5.0, "patch_file_embed": "patch_0396_embed.png", "patch_file_rgb": "patch_0396_rgb.png" }, "geometry": { "type": "Point", "coordinates": [ 77.466988369450121, 11.553827866923811 ] } },
{ "type": "Feature", "properties": { "index": 397, "lon": -96.917654995204742, "lat": 57.079187828520858, "classification": 111, "subregion_name": "Northern America", "umap_1d_x": 14.387562, "umap_2d_x": -35.218922, "umap_2d_y": 2.7092171, "umap_3d_x": -46.159306, "umap_3d_y": 2.8655167, "umap_3d_z": -5.350338, "tsne_1d_x": -34.888493, "tsne_2d_x": -29.149008, "tsne_2d_y": -15.633087, "tsne_3d_x": -9.5435295, "tsne_3d_y": 30.086914, "tsne_3d_z": 0.80090332, "grid_umap_1d_x": 397.0, "grid_umap_2d_x": 13.0, "grid_umap_2d_y": 16.0, "grid_umap_3d_x": 1.0, "grid_umap_3d_y": 4.0, "grid_umap_3d_z": 5.0, "grid_tsne_1d_x": 397.0, "grid_tsne_2d_x": 9.0, "grid_tsne_2d_y": 9.0, "grid_tsne_3d_x": 3.0, "grid_tsne_3d_y": 10.0, "grid_tsne_3d_z": 2.0, "patch_file_embed": "patch_0397_embed.png", "patch_file_rgb": "patch_0397_rgb.png" }, "geometry": { "type": "Point", "coordinates": [ -96.917654995204742, 57.079187828520858 ] } },
{ "type": "Feature", "properties": { "index": 398, "lon": 86.616556529349111, "lat": 26.693238547567091, "classification": 124, "subregion_name": "Southern Asia", "umap_1d_x": -0.59629792, "umap_2d_x": 2.4905548, "umap_2d_y": 36.430267, "umap_3d_x": 2.6176529, "umap_3d_y": 35.01548, "umap_3d_z": 16.491463, "tsne_1d_x": 9.5568209, "tsne_2d_x": 7.8416595, "tsne_2d_y": -32.615543, "tsne_3d_x": 23.097702, "tsne_3d_y": -20.304737, "tsne_3d_z": 15.463371, "grid_umap_1d_x": 398.0, "grid_umap_2d_x": 12.0, "grid_umap_2d_y": 30.0, "grid_umap_3d_x": 3.0, "grid_umap_3d_y": 9.0, "grid_umap_3d_z": 5.0, "grid_tsne_1d_x": 398.0, "grid_tsne_2d_x": 15.0, "grid_tsne_2d_y": 3.0, "grid_tsne_3d_x": 7.0, "grid_tsne_3d_y": 5.0, "grid_tsne_3d_z": 5.0, "patch_file_embed": "patch_0398_embed.png", "patch_file_rgb": "patch_0398_rgb.png" }, "geometry": { "type": "Point", "coordinates": [ 86.616556529349111, 26.693238547567091 ] } },
{ "type": "Feature", "properties": { "index": 399, "lon": -114.77599368861104, "lat": 59.423465217863807, "classification": 126, "subregion_name": "Northern America", "umap_1d_x": 16.868465, "umap_2d_x": -40.037819, "umap_2d_y": -5.7089729, "umap_3d_x": -48.410347, "umap_3d_y": 0.099182128999999009, "umap_3d_z": -27.910761, "tsne_1d_x": -51.926556, "tsne_2d_x": -31.795822, "tsne_2d_y": 12.048237, "tsne_3d_x": -3.9568634, "tsne_3d_y": 18.683609, "tsne_3d_z": 19.010048, "grid_umap_1d_x": 399.0, "grid_umap_2d_x": 19.0, "grid_umap_2d_y": 13.0, "grid_umap_3d_x": 4.0, "grid_umap_3d_y": 4.0, "grid_umap_3d_z": 3.0, "grid_tsne_1d_x": 399.0, "grid_tsne_2d_x": 0.0, "grid_tsne_2d_y": 18.0, "grid_tsne_3d_x": 3.0, "grid_tsne_3d_y": 8.0, "grid_tsne_3d_z": 6.0, "patch_file_embed": "patch_0399_embed.png", "patch_file_rgb": "patch_0399_rgb.png" }, "geometry": { "type": "Point", "coordinates": [ -114.775993688611038, 59.423465217863807 ] } },
{ "type": "Feature", "properties": { "index": 400, "lon": -61.844491274356074, "lat": 53.034226862076849, "classification": 111, "subregion_name": "Northern America", "umap_1d_x": 14.743688, "umap_2d_x": -34.159866, "umap_2d_y": -4.1648178, "umap_3d_x": -44.752449, "umap_3d_y": -4.9528313, "umap_3d_z": -15.672035, "tsne_1d_x": -33.604313, "tsne_2d_x": -21.302176, "tsne_2d_y": 0.89569092, "tsne_3d_x": -18.194353, "tsne_3d_y": 34.669632, "tsne_3d_z": 18.072441, "grid_umap_1d_x": 400.0, "grid_umap_2d_x": 4.0, "grid_umap_2d_y": 8.0, "grid_umap_3d_x": 2.0, "grid_umap_3d_y": 2.0, "grid_umap_3d_z": 3.0, "grid_tsne_1d_x": 400.0, "grid_tsne_2d_x": 10.0, "grid_tsne_2d_y": 14.0, "grid_tsne_3d_x": 2.0, "grid_tsne_3d_y": 9.0, "grid_tsne_3d_z": 5.0, "patch_file_embed": "patch_0400_embed.png", "patch_file_rgb": "patch_0400_rgb.png" }, "geometry": { "type": "Point", "coordinates": [ -61.844491274356074, 53.034226862076849 ] } },
{ "type": "Feature", "properties": { "index": 401, "lon": 113.71066331427795, "lat": 29.94015649935541, "classification": 40, "subregion_name": "Unknown", "umap_1d_x": 4.361578, "umap_2d_x": -6.7035942, "umap_2d_y": 34.766922, "umap_3d_x": -7.4163475, "umap_3d_y": 31.333954, "umap_3d_z": 2.7065086, "tsne_1d_x": 4.3459659, "tsne_2d_x": -1.715889, "tsne_2d_y": -39.18959, "tsne_3d_x": 40.988007, "tsne_3d_y": -7.8510857, "tsne_3d_z": 12.51685, "grid_umap_1d_x": 401.0, "grid_umap_2d_x": 1.0, "grid_umap_2d_y": 31.0, "grid_umap_3d_x": 2.0, "grid_umap_3d_y": 10.0, "grid_umap_3d_z": 5.0, "grid_tsne_1d_x": 401.0, "grid_tsne_2d_x": 14.0, "grid_tsne_2d_y": 10.0, "grid_tsne_3d_x": 9.0, "grid_tsne_3d_y": 5.0, "grid_tsne_3d_z": 6.0, "patch_file_embed": "patch_0401_embed.png", "patch_file_rgb": "patch_0401_rgb.png" }, "geometry": { "type": "Point", "coordinates": [ 113.710663314277951, 29.94015649935541 ] } },
{ "type": "Feature", "properties": { "index": 402, "lon": -79.688163805335691, "lat": 46.471029765448208, "classification": 111, "subregion_name": "Northern America", "umap_1d_x": 14.954263, "umap_2d_x": -32.948593, "umap_2d_y": -5.9674911, "umap_3d_x": -43.801277, "umap_3d_y": -6.034584, "umap_3d_z": -11.45256, "tsne_1d_x": -30.175051, "tsne_2d_x": -20.067926, "tsne_2d_y": -2.6850319, "tsne_3d_x": -23.864994, "tsne_3d_y": 34.009033, "tsne_3d_z": 12.141575, "grid_umap_1d_x": 402.0, "grid_umap_2d_x": 20.0, "grid_umap_2d_y": 11.0, "grid_umap_3d_x": 0.0, "grid_umap_3d_y": 2.0, "grid_umap_3d_z": 3.0, "grid_tsne_1d_x": 402.0, "grid_tsne_2d_x": 5.0, "grid_tsne_2d_y": 10.0, "grid_tsne_3d_x": 0.0, "grid_tsne_3d_y": 10.0, "grid_tsne_3d_z": 5.0, "patch_file_embed": "patch_0402_embed.png", "patch_file_rgb": "patch_0402_rgb.png" }, "geometry": { "type": "Point", "coordinates": [ -79.688163805335691, 46.471029765448208 ] } },
{ "type": "Feature", "properties": { "index": 403, "lon": 114.33523208599206, "lat": 61.214775507754851, "classification": 113, "subregion_name": "Eastern Europe", "umap_1d_x": 16.031538, "umap_2d_x": -42.884369, "umap_2d_y": 10.581379, "umap_3d_x": -47.407097, "umap_3d_y": 19.882729, "umap_3d_z": -20.650768, "tsne_1d_x": -44.155605, "tsne_2d_x": -41.164078, "tsne_2d_y": 6.3214645, "tsne_3d_x": 11.983513, "tsne_3d_y": 34.805183, "tsne_3d_z": 15.413422, "grid_umap_1d_x": 403.0, "grid_umap_2d_x": 6.0, "grid_umap_2d_y": 19.0, "grid_umap_3d_x": 2.0, "grid_umap_3d_y": 8.0, "grid_umap_3d_z": 3.0, "grid_tsne_1d_x": 403.0, "grid_tsne_2d_x": 4.0, "grid_tsne_2d_y": 17.0, "grid_tsne_3d_x": 7.0, "grid_tsne_3d_y": 8.0, "grid_tsne_3d_z": 3.0, "patch_file_embed": "patch_0403_embed.png", "patch_file_rgb": "patch_0403_rgb.png" }, "geometry": { "type": "Point", "coordinates": [ 114.335232085992061, 61.214775507754851 ] } },
{ "type": "Feature", "properties": { "index": 404, "lon": 16.037071502921435, "lat": 13.551907012069123, "classification": 30, "subregion_name": "Sub-Saharan Africa", "umap_1d_x": 2.145478, "umap_2d_x": 9.3106155, "umap_2d_y": 13.876247, "umap_3d_x": 8.8331566, "umap_3d_y": 23.40152, "umap_3d_z": 48.036766, "tsne_1d_x": 25.884293, "tsne_2d_x": 16.896698, "tsne_2d_y": -1.3846474, "tsne_3d_x": -6.520031, "tsne_3d_y": -40.303402, "tsne_3d_z": 22.368629, "grid_umap_1d_x": 404.0, "grid_umap_2d_x": 17.0, "grid_umap_2d_y": 16.0, "grid_umap_3d_x": 6.0, "grid_umap_3d_y": 5.0, "grid_umap_3d_z": 6.0, "grid_tsne_1d_x": 404.0, "grid_tsne_2d_x": 19.0, "grid_tsne_2d_y": 15.0, "grid_tsne_3d_x": 3.0, "grid_tsne_3d_y": 0.0, "grid_tsne_3d_z": 6.0, "patch_file_embed": "patch_0404_embed.png", "patch_file_rgb": "patch_0404_rgb.png" }, "geometry": { "type": "Point", "coordinates": [ 16.037071502921435, 13.551907012069123 ] } },
{ "type": "Feature", "properties": { "index": 405, "lon": -53.914580656496923, "lat": -23.734601381358829, "classification": 126, "subregion_name": "Latin America and the Caribbean", "umap_1d_x": -15.718269, "umap_2d_x": 38.552132, "umap_2d_y": -16.477882, "umap_3d_x": 44.829056, "umap_3d_y": -9.5850945, "umap_3d_z": 16.162643, "tsne_1d_x": 63.764343, "tsne_2d_x": 30.722237, "tsne_2d_y": 25.155457, "tsne_3d_x": -6.4904213, "tsne_3d_y": -22.590008, "tsne_3d_z": -37.300209, "grid_umap_1d_x": 405.0, "grid_umap_2d_x": 28.0, "grid_umap_2d_y": 5.0, "grid_umap_3d_x": 8.0, "grid_umap_3d_y": 5.0, "grid_umap_3d_z": 2.0, "grid_tsne_1d_x": 405.0, "grid_tsne_2d_x": 24.0, "grid_tsne_2d_y": 23.0, "grid_tsne_3d_x": 4.0, "grid_tsne_3d_y": 4.0, "grid_tsne_3d_z": 0.0, "patch_file_embed": "patch_0405_embed.png", "patch_file_rgb": "patch_0405_rgb.png" }, "geometry": { "type": "Point", "coordinates": [ -53.914580656496923, -23.734601381358829 ] } },
{ "type": "Feature", "properties": { "index": 406, "lon": 106.31805508186795, "lat": 50.365959761928579, "classification": 113, "subregion_name": "Eastern Europe", "umap_1d_x": 14.209184, "umap_2d_x": -35.127895, "umap_2d_y": 3.8730316, "umap_3d_x": -45.896137, "umap_3d_y": 4.1198959, "umap_3d_z": -3.1128693, "tsne_1d_x": -37.13295, "tsne_2d_x": -35.682114, "tsne_2d_y": -17.790165, "tsne_3d_x": -4.9103546, "tsne_3d_y": 35.797897, "tsne_3d_z": -7.8627052, "grid_umap_1d_x": 406.0, "grid_umap_2d_x": 3.0, "grid_umap_2d_y": 14.0, "grid_umap_3d_x": 2.0, "grid_umap_3d_y": 5.0, "grid_umap_3d_z": 6.0, "grid_tsne_1d_x": 406.0, "grid_tsne_2d_x": 3.0, "grid_tsne_2d_y": 6.0, "grid_tsne_3d_x": 5.0, "grid_tsne_3d_y": 10.0, "grid_tsne_3d_z": 0.0, "patch_file_embed": "patch_0406_embed.png", "patch_file_rgb": "patch_0406_rgb.png" }, "geometry": { "type": "Point", "coordinates": [ 106.318055081867954, 50.365959761928579 ] } },
{ "type": "Feature", "properties": { "index": 407, "lon": -60.038828994416036, "lat": -25.133212731576563, "classification": 114, "subregion_name": "Latin America and the Caribbean", "umap_1d_x": -16.081224, "umap_2d_x": 36.655403, "umap_2d_y": -16.707714, "umap_3d_x": 46.083847, "umap_3d_y": -10.714046, "umap_3d_z": 12.067379, "tsne_1d_x": 64.303368, "tsne_2d_x": 29.373238, "tsne_2d_y": 26.816948, "tsne_3d_x": -7.4914055, "tsne_3d_y": -19.328045, "tsne_3d_z": -41.18618, "grid_umap_1d_x": 407.0, "grid_umap_2d_x": 29.0, "grid_umap_2d_y": 0.0, "grid_umap_3d_x": 9.0, "grid_umap_3d_y": 5.0, "grid_umap_3d_z": 1.0, "grid_tsne_1d_x": 407.0, "grid_tsne_2d_x": 25.0, "grid_tsne_2d_y": 25.0, "grid_tsne_3d_x": 4.0, "grid_tsne_3d_y": 5.0, "grid_tsne_3d_z": 0.0, "patch_file_embed": "patch_0407_embed.png", "patch_file_rgb": "patch_0407_rgb.png" }, "geometry": { "type": "Point", "coordinates": [ -60.038828994416036, -25.133212731576563 ] } },
{ "type": "Feature", "properties": { "index": 408, "lon": 122.83493567360188, "lat": 54.905042112299768, "classification": 113, "subregion_name": "Eastern Europe", "umap_1d_x": 16.141556, "umap_2d_x": -43.12365, "umap_2d_y": 8.2435188, "umap_3d_x": -45.535408, "umap_3d_y": 21.233215, "umap_3d_z": -26.551725, "tsne_1d_x": -45.057743, "tsne_2d_x": -38.751579, "tsne_2d_y": 9.7927933, "tsne_3d_x": 22.468864, "tsne_3d_y": 32.620651, "tsne_3d_z": 16.316681, "grid_umap_1d_x": 408.0, "grid_umap_2d_x": 10.0, "grid_umap_2d_y": 19.0, "grid_umap_3d_x": 2.0, "grid_umap_3d_y": 9.0, "grid_umap_3d_z": 2.0, "grid_tsne_1d_x": 408.0, "grid_tsne_2d_x": 8.0, "grid_tsne_2d_y": 19.0, "grid_tsne_3d_x": 10.0, "grid_tsne_3d_y": 10.0, "grid_tsne_3d_z": 4.0, "patch_file_embed": "patch_0408_embed.png", "patch_file_rgb": "patch_0408_rgb.png" }, "geometry": { "type": "Point", "coordinates": [ 122.834935673601876, 54.905042112299768 ] } },
{ "type": "Feature", "properties": { "index": 409, "lon": 74.868799741169511, "lat": 13.939016419554903, "classification": 126, "subregion_name": "Southern Asia", "umap_1d_x": 0.24432708, "umap_2d_x": 6.5247612, "umap_2d_y": 41.912155, "umap_3d_x": 3.007412, "umap_3d_y": 42.507568, "umap_3d_z": 27.838722, "tsne_1d_x": 15.816894, "tsne_2d_x": 14.424248, "tsne_2d_y": -36.849258, "tsne_3d_x": 29.040924, "tsne_3d_y": -29.668499, "tsne_3d_z": 21.855148, "grid_umap_1d_x": 409.0, "grid_umap_2d_x": 16.0, "grid_umap_2d_y": 30.0, "grid_umap_3d_x": 3.0, "grid_umap_3d_y": 8.0, "grid_umap_3d_z": 6.0, "grid_tsne_1d_x": 409.0, "grid_tsne_2d_x": 19.0, "grid_tsne_2d_y": 2.0, "grid_tsne_3d_x": 9.0, "grid_tsne_3d_y": 2.0, "grid_tsne_3d_z": 7.0, "patch_file_embed": "patch_0409_embed.png", "patch_file_rgb": "patch_0409_rgb.png" }, "geometry": { "type": "Point", "coordinates": [ 74.868799741169511, 13.939016419554903 ] } },
{ "type": "Feature", "properties": { "index": 410, "lon": -43.812703202508999, "lat": -10.089127849611323, "classification": 126, "subregion_name": "Latin America and the Caribbean", "umap_1d_x": -14.040908, "umap_2d_x": 43.476311, "umap_2d_y": -14.651825, "umap_3d_x": 42.254524, "umap_3d_y": -7.0915184, "umap_3d_z": 32.839287, "tsne_1d_x": 57.219601, "tsne_2d_x": 36.644241, "tsne_2d_y": 15.392899, "tsne_3d_x": -6.7489471, "tsne_3d_y": -21.008762, "tsne_3d_z": -21.724281, "grid_umap_1d_x": 410.0, "grid_umap_2d_x": 27.0, "grid_umap_2d_y": 14.0, "grid_umap_3d_x": 9.0, "grid_umap_3d_y": 6.0, "grid_umap_3d_z": 7.0, "grid_tsne_1d_x": 410.0, "grid_tsne_2d_x": 29.0, "grid_tsne_2d_y": 18.0, "grid_tsne_3d_x": 3.0, "grid_tsne_3d_y": 2.0, "grid_tsne_3d_z": 0.0, "patch_file_embed": "patch_0410_embed.png", "patch_file_rgb": "patch_0410_rgb.png" }, "geometry": { "type": "Point", "coordinates": [ -43.812703202508999, -10.089127849611323 ] } },
{ "type": "Feature", "properties": { "index": 411, "lon": -11.194843034073983, "lat": 16.725711996614478, "classification": 30, "subregion_name": "Sub-Saharan Africa", "umap_1d_x": 2.1748469, "umap_2d_x": 9.2383995, "umap_2d_y": 13.490986, "umap_3d_x": 8.8004036, "umap_3d_y": 22.630608, "umap_3d_z": 48.311279, "tsne_1d_x": 25.99716, "tsne_2d_x": 16.120628, "tsne_2d_y": -1.2261734, "tsne_3d_x": -7.8062668, "tsne_3d_y": -39.249081, "tsne_3d_z": 24.720604, "grid_umap_1d_x": 411.0, "grid_umap_2d_x": 22.0, "grid_umap_2d_y": 17.0, "grid_umap_3d_x": 4.0, "grid_umap_3d_y": 5.0, "grid_umap_3d_z": 7.0, "grid_tsne_1d_x": 411.0, "grid_tsne_2d_x": 18.0, "grid_tsne_2d_y": 13.0, "grid_tsne_3d_x": 4.0, "grid_tsne_3d_y": 4.0, "grid_tsne_3d_z": 6.0, "patch_file_embed": "patch_0411_embed.png", "patch_file_rgb": "patch_0411_rgb.png" }, "geometry": { "type": "Point", "coordinates": [ -11.194843034073983, 16.725711996614478 ] } },
{ "type": "Feature", "properties": { "index": 412, "lon": -109.7307777425245, "lat": 35.438487765593266, "classification": 30, "subregion_name": "Unknown", "umap_1d_x": 6.8288469, "umap_2d_x": -14.739189, "umap_2d_y": 7.6258965, "umap_3d_x": -21.601561, "umap_3d_y": 3.4220772, "umap_3d_z": 8.8143997, "tsne_1d_x": -4.6678405, "tsne_2d_x": 4.6608391, "tsne_2d_y": 22.322464, "tsne_3d_x": -9.6509323, "tsne_3d_y": -17.240898, "tsne_3d_z": 15.451881, "grid_umap_1d_x": 412.0, "grid_umap_2d_x": 5.0, "grid_umap_2d_y": 13.0, "grid_umap_3d_x": 1.0, "grid_umap_3d_y": 5.0, "grid_umap_3d_z": 8.0, "grid_tsne_1d_x": 412.0, "grid_tsne_2d_x": 13.0, "grid_tsne_2d_y": 23.0, "grid_tsne_3d_x": 1.0, "grid_tsne_3d_y": 0.0, "grid_tsne_3d_z": 8.0, "patch_file_embed": "patch_0412_embed.png", "patch_file_rgb": "patch_0412_rgb.png" }, "geometry": { "type": "Point", "coordinates": [ -109.730777742524495, 35.438487765593266 ] } },
{ "type": "Feature", "properties": { "index": 413, "lon": -59.005271163523858, "lat": -12.720136317880524, "classification": 112, "subregion_name": "Latin America and the Caribbean", "umap_1d_x": -13.368087, "umap_2d_x": 43.844955, "umap_2d_y": -11.505882, "umap_3d_x": 40.456406, "umap_3d_y": -2.9070129, "umap_3d_z": 23.20639, "tsne_1d_x": 55.630554, "tsne_2d_x": 44.92878, "tsne_2d_y": 7.0238991, "tsne_3d_x": 2.693428, "tsne_3d_y": -37.044971, "tsne_3d_z": -33.58992, "grid_umap_1d_x": 413.0, "grid_umap_2d_x": 27.0, "grid_umap_2d_y": 17.0, "grid_umap_3d_x": 9.0, "grid_umap_3d_y": 6.0, "grid_umap_3d_z": 5.0, "grid_tsne_1d_x": 413.0, "grid_tsne_2d_x": 29.0, "grid_tsne_2d_y": 16.0, "grid_tsne_3d_x": 5.0, "grid_tsne_3d_y": 1.0, "grid_tsne_3d_z": 0.0, "patch_file_embed": "patch_0413_embed.png", "patch_file_rgb": "patch_0413_rgb.png" }, "geometry": { "type": "Point", "coordinates": [ -59.005271163523858, -12.720136317880524 ] } },
{ "type": "Feature", "properties": { "index": 414, "lon": -113.62946631857324, "lat": 63.022319529885266, "classification": 20, "subregion_name": "Northern America", "umap_1d_x": 17.068869, "umap_2d_x": -41.15313, "umap_2d_y": -7.8030777, "umap_3d_x": -48.395805, "umap_3d_y": 1.1867981, "umap_3d_z": -32.523487, "tsne_1d_x": -52.864323, "tsne_2d_x": -32.529999, "tsne_2d_y": 16.644737, "tsne_3d_x": -0.80944061, "tsne_3d_y": 25.660439, "tsne_3d_z": 22.979301, "grid_umap_1d_x": 414.0, "grid_umap_2d_x": 17.0, "grid_umap_2d_y": 11.0, "grid_umap_3d_x": 6.0, "grid_umap_3d_y": 4.0, "grid_umap_3d_z": 4.0, "grid_tsne_1d_x": 414.0, "grid_tsne_2d_x": 5.0, "grid_tsne_2d_y": 21.0, "grid_tsne_3d_x": 4.0, "grid_tsne_3d_y": 8.0, "grid_tsne_3d_z": 6.0, "patch_file_embed": "patch_0414_embed.png", "patch_file_rgb": "patch_0414_rgb.png" }, "geometry": { "type": "Point", "coordinates": [ -113.629466318573236, 63.022319529885266 ] } },
{ "type": "Feature", "properties": { "index": 415, "lon": 133.89372511367412, "lat": -22.619287821162125, "classification": 30, "subregion_name": "Unknown", "umap_1d_x": -20.707609, "umap_2d_x": 42.67775, "umap_2d_y": -49.585457, "umap_3d_x": 47.768936, "umap_3d_y": -49.027008, "umap_3d_z": 26.949493, "tsne_1d_x": 80.656967, "tsne_2d_x": 45.34346, "tsne_2d_y": 44.379349, "tsne_3d_x": -45.401314, "tsne_3d_y": -16.265282, "tsne_3d_z": -16.466846, "grid_umap_1d_x": 415.0, "grid_umap_2d_x": 22.0, "grid_umap_2d_y": 5.0, "grid_umap_3d_x": 4.0, "grid_umap_3d_y": 0.0, "grid_umap_3d_z": 7.0, "grid_tsne_1d_x": 415.0, "grid_tsne_2d_x": 26.0, "grid_tsne_2d_y": 27.0, "grid_tsne_3d_x": 1.0, "grid_tsne_3d_y": 5.0, "grid_tsne_3d_z": 3.0, "patch_file_embed": "patch_0415_embed.png", "patch_file_rgb": "patch_0415_rgb.png" }, "geometry": { "type": "Point", "coordinates": [ 133.893725113674122, -22.619287821162125 ] } },
{ "type": "Feature", "properties": { "index": 416, "lon": 73.639470438610886, "lat": 16.259490107190459, "classification": 114, "subregion_name": "Southern Asia", "umap_1d_x": -1.3869667, "umap_2d_x": 7.300396, "umap_2d_y": 33.661148, "umap_3d_x": 6.5733719, "umap_3d_y": 37.038368, "umap_3d_z": 22.725143, "tsne_1d_x": 11.194806, "tsne_2d_x": 14.326599, "tsne_2d_y": -27.002436, "tsne_3d_x": 23.339287, "tsne_3d_y": -34.165138, "tsne_3d_z": 11.682747, "grid_umap_1d_x": 416.0, "grid_umap_2d_x": 11.0, "grid_umap_2d_y": 31.0, "grid_umap_3d_x": 7.0, "grid_umap_3d_y": 9.0, "grid_umap_3d_z": 6.0, "grid_tsne_1d_x": 416.0, "grid_tsne_2d_x": 20.0, "grid_tsne_2d_y": 17.0, "grid_tsne_3d_x": 8.0, "grid_tsne_3d_y": 1.0, "grid_tsne_3d_z": 5.0, "patch_file_embed": "patch_0416_embed.png", "patch_file_rgb": "patch_0416_rgb.png" }, "geometry": { "type": "Point", "coordinates": [ 73.639470438610886, 16.259490107190459 ] } },
{ "type": "Feature", "properties": { "index": 417, "lon": 157.9508022813618, "lat": 65.422687936717736, "classification": 20, "subregion_name": "Eastern Europe", "umap_1d_x": 19.267746, "umap_2d_x": -49.295826, "umap_2d_y": -4.4913177, "umap_3d_x": -47.543034, "umap_3d_y": 19.439293, "umap_3d_z": -48.698975, "tsne_1d_x": -71.248848, "tsne_2d_x": -41.671661, "tsne_2d_y": 27.778961, "tsne_3d_x": 18.024513, "tsne_3d_y": 36.036507, "tsne_3d_z": 42.743568, "grid_umap_1d_x": 417.0, "grid_umap_2d_x": 8.0, "grid_umap_2d_y": 12.0, "grid_umap_3d_x": 7.0, "grid_umap_3d_y": 7.0, "grid_umap_3d_z": 0.0, "grid_tsne_1d_x": 417.0, "grid_tsne_2d_x": 9.0, "grid_tsne_2d_y": 27.0, "grid_tsne_3d_x": 8.0, "grid_tsne_3d_y": 8.0, "grid_tsne_3d_z": 7.0, "patch_file_embed": "patch_0417_embed.png", "patch_file_rgb": "patch_0417_rgb.png" }, "geometry": { "type": "Point", "coordinates": [ 157.950802281361803, 65.422687936717736 ] } },
{ "type": "Feature", "properties": { "index": 418, "lon": -61.158494165922164, "lat": 46.028353602312208, "classification": 115, "subregion_name": "Northern America", "umap_1d_x": 12.737119, "umap_2d_x": -29.368954, "umap_2d_y": 7.713665, "umap_3d_x": -39.341766, "umap_3d_y": 1.8878593, "umap_3d_z": -16.484241, "tsne_1d_x": -28.435751, "tsne_2d_x": -11.039848, "tsne_2d_y": -4.6793671, "tsne_3d_x": 15.218315, "tsne_3d_y": 12.85453, "tsne_3d_z": -5.5374336, "grid_umap_1d_x": 418.0, "grid_umap_2d_x": 17.0, "grid_umap_2d_y": 19.0, "grid_umap_3d_x": 0.0, "grid_umap_3d_y": 4.0, "grid_umap_3d_z": 2.0, "grid_tsne_1d_x": 418.0, "grid_tsne_2d_x": 2.0, "grid_tsne_2d_y": 4.0, "grid_tsne_3d_x": 10.0, "grid_tsne_3d_y": 9.0, "grid_tsne_3d_z": 0.0, "patch_file_embed": "patch_0418_embed.png", "patch_file_rgb": "patch_0418_rgb.png" }, "geometry": { "type": "Point", "coordinates": [ -61.158494165922164, 46.028353602312208 ] } },
{ "type": "Feature", "properties": { "index": 419, "lon": 121.10146498535289, "lat": 54.556697283324425, "classification": 113, "subregion_name": "Eastern Europe", "umap_1d_x": 17.973051, "umap_2d_x": -45.149059, "umap_2d_y": 3.4428368, "umap_3d_x": -44.727551, "umap_3d_y": 19.273148, "umap_3d_z": -35.80368, "tsne_1d_x": -64.059479, "tsne_2d_x": -39.177948, "tsne_2d_y": 16.051682, "tsne_3d_x": 22.547592, "tsne_3d_y": 29.158806, "tsne_3d_z": 24.004616, "grid_umap_1d_x": 419.0, "grid_umap_2d_x": 14.0, "grid_umap_2d_y": 18.0, "grid_umap_3d_x": 5.0, "grid_umap_3d_y": 7.0, "grid_umap_3d_z": 3.0, "grid_tsne_1d_x": 419.0, "grid_tsne_2d_x": 13.0, "grid_tsne_2d_y": 22.0, "grid_tsne_3d_x": 10.0, "grid_tsne_3d_y": 9.0, "grid_tsne_3d_z": 5.0, "patch_file_embed": "patch_0419_embed.png", "patch_file_rgb": "patch_0419_rgb.png" }, "geometry": { "type": "Point", "coordinates": [ 121.101464985352891, 54.556697283324425 ] } },
{ "type": "Feature", "properties": { "index": 420, "lon": 26.525287611589732, "lat": -10.448280315098657, "classification": 116, "subregion_name": "Sub-Saharan Africa", "umap_1d_x": -13.054811, "umap_2d_x": 48.088638, "umap_2d_y": -17.999939, "umap_3d_x": 35.990051, "umap_3d_y": -11.165363, "umap_3d_z": 28.347336, "tsne_1d_x": 52.28619, "tsne_2d_x": 37.020706, "tsne_2d_y": 4.6071663, "tsne_3d_x": -4.6141281, "tsne_3d_y": -39.120373, "tsne_3d_z": -16.907528, "grid_umap_1d_x": 420.0, "grid_umap_2d_x": 28.0, "grid_umap_2d_y": 16.0, "grid_umap_3d_x": 8.0, "grid_umap_3d_y": 2.0, "grid_umap_3d_z": 7.0, "grid_tsne_1d_x": 420.0, "grid_tsne_2d_x": 28.0, "grid_tsne_2d_y": 13.0, "grid_tsne_3d_x": 3.0, "grid_tsne_3d_y": 0.0, "grid_tsne_3d_z": 2.0, "patch_file_embed": "patch_0420_embed.png", "patch_file_rgb": "patch_0420_rgb.png" }, "geometry": { "type": "Point", "coordinates": [ 26.525287611589732, -10.448280315098657 ] } },
{ "type": "Feature", "properties": { "index": 421, "lon": 38.164854341713635, "lat": 8.298222535757958, "classification": 40, "subregion_name": "Sub-Saharan Africa", "umap_1d_x": -1.2406142, "umap_2d_x": 4.9989243, "umap_2d_y": 29.965248, "umap_3d_x": 5.164917, "umap_3d_y": 30.492813, "umap_3d_z": 23.470917, "tsne_1d_x": 18.877842, "tsne_2d_x": 8.928299, "tsne_2d_y": -20.357138, "tsne_3d_x": 9.15448, "tsne_3d_y": -32.167492, "tsne_3d_z": 2.4928589, "grid_umap_1d_x": 421.0, "grid_umap_2d_x": 6.0, "grid_umap_2d_y": 29.0, "grid_umap_3d_x": 5.0, "grid_umap_3d_y": 9.0, "grid_umap_3d_z": 7.0, "grid_tsne_1d_x": 421.0, "grid_tsne_2d_x": 15.0, "grid_tsne_2d_y": 6.0, "grid_tsne_3d_x": 6.0, "grid_tsne_3d_y": 0.0, "grid_tsne_3d_z": 3.0, "patch_file_embed": "patch_0421_embed.png", "patch_file_rgb": "patch_0421_rgb.png" }, "geometry": { "type": "Point", "coordinates": [ 38.164854341713635, 8.298222535757958 ] } },
{ "type": "Feature", "properties": { "index": 422, "lon": 2.613072629368304, "lat": 10.013096670006675, "classification": 40, "subregion_name": "Sub-Saharan Africa", "umap_1d_x": -2.4396899, "umap_2d_x": 10.04755, "umap_2d_y": 24.847862, "umap_3d_x": 8.3735657, "umap_3d_y": 35.176147, "umap_3d_z": 35.466637, "tsne_1d_x": 22.85084, "tsne_2d_x": 17.562813, "tsne_2d_y": -15.088184, "tsne_3d_x": 10.887806, "tsne_3d_y": -38.301502, "tsne_3d_z": 19.839951, "grid_umap_1d_x": 422.0, "grid_umap_2d_x": 10.0, "grid_umap_2d_y": 25.0, "grid_umap_3d_x": 6.0, "grid_umap_3d_y": 8.0, "grid_umap_3d_z": 7.0, "grid_tsne_1d_x": 422.0, "grid_tsne_2d_x": 20.0, "grid_tsne_2d_y": 8.0, "grid_tsne_3d_x": 5.0, "grid_tsne_3d_y": 3.0, "grid_tsne_3d_z": 6.0, "patch_file_embed": "patch_0422_embed.png", "patch_file_rgb": "patch_0422_rgb.png" }, "geometry": { "type": "Point", "coordinates": [ 2.613072629368304, 10.013096670006675 ] } },
{ "type": "Feature", "properties": { "index": 423, "lon": 89.348047076176954, "lat": 68.754374414899246, "classification": 30, "subregion_name": "Eastern Europe", "umap_1d_x": 18.179485, "umap_2d_x": -46.628197, "umap_2d_y": -11.142742, "umap_3d_x": -46.803802, "umap_3d_y": 7.4600945, "umap_3d_z": -46.938854, "tsne_1d_x": -64.789452, "tsne_2d_x": -39.643764, "tsne_2d_y": 31.666512, "tsne_3d_x": -0.28726578, "tsne_3d_y": 26.454941, "tsne_3d_z": 42.287979, "grid_umap_1d_x": 423.0, "grid_umap_2d_x": 12.0, "grid_umap_2d_y": 8.0, "grid_umap_3d_x": 8.0, "grid_umap_3d_y": 5.0, "grid_umap_3d_z": 1.0, "grid_tsne_1d_x": 423.0, "grid_tsne_2d_x": 9.0, "grid_tsne_2d_y": 29.0, "grid_tsne_3d_x": 4.0, "grid_tsne_3d_y": 7.0, "grid_tsne_3d_z": 7.0, "patch_file_embed": "patch_0423_embed.png", "patch_file_rgb": "patch_0423_rgb.png" }, "geometry": { "type": "Point", "coordinates": [ 89.348047076176954, 68.754374414899246 ] } },
{ "type": "Feature", "properties": { "index": 424, "lon": 112.40429911970176, "lat": -1.1082895080852211, "classification": 112, "subregion_name": "South-eastern Asia", "umap_1d_x": -6.3852844, "umap_2d_x": 30.687531, "umap_2d_y": 37.57383, "umap_3d_x": 26.07225, "umap_3d_y": 40.248482, "umap_3d_z": 6.2005043, "tsne_1d_x": 35.796509, "tsne_2d_x": 35.218987, "tsne_2d_y": -31.181442, "tsne_3d_x": 35.981903, "tsne_3d_y": -34.660496, "tsne_3d_z": -19.695091, "grid_umap_1d_x": 424.0, "grid_umap_2d_x": 27.0, "grid_umap_2d_y": 27.0, "grid_umap_3d_x": 8.0, "grid_umap_3d_y": 8.0, "grid_umap_3d_z": 3.0, "grid_tsne_1d_x": 424.0, "grid_tsne_2d_x": 25.0, "grid_tsne_2d_y": 4.0, "grid_tsne_3d_x": 10.0, "grid_tsne_3d_y": 1.0, "grid_tsne_3d_z": 1.0, "patch_file_embed": "patch_0424_embed.png", "patch_file_rgb": "patch_0424_rgb.png" }, "geometry": { "type": "Point", "coordinates": [ 112.404299119701761, -1.108289508085221 ] } },
{ "type": "Feature", "properties": { "index": 425, "lon": 76.958113839702719, "lat": 56.734072733503908, "classification": 124, "subregion_name": "Eastern Europe", "umap_1d_x": 11.653728, "umap_2d_x": -29.664787, "umap_2d_y": 20.171623, "umap_3d_x": -35.803688, "umap_3d_y": 7.8009377, "umap_3d_z": -29.001993, "tsne_1d_x": -60.658222, "tsne_2d_x": -23.18964, "tsne_2d_y": 33.60656, "tsne_3d_x": 11.717808, "tsne_3d_y": 12.962078, "tsne_3d_z": 22.263489, "grid_umap_1d_x": 425.0, "grid_umap_2d_x": 1.0, "grid_umap_2d_y": 23.0, "grid_umap_3d_x": 4.0, "grid_umap_3d_y": 5.0, "grid_umap_3d_z": 2.0, "grid_tsne_1d_x": 425.0, "grid_tsne_2d_x": 0.0, "grid_tsne_2d_y": 31.0, "grid_tsne_3d_x": 7.0, "grid_tsne_3d_y": 6.0, "grid_tsne_3d_z": 6.0, "patch_file_embed": "patch_0425_embed.png", "patch_file_rgb": "patch_0425_rgb.png" }, "geometry": { "type": "Point", "coordinates": [ 76.958113839702719, 56.734072733503908 ] } },
{ "type": "Feature", "properties": { "index": 426, "lon": 13.978880662452582, "lat": -0.57850684448897005, "classification": 112, "subregion_name": "Sub-Saharan Africa", "umap_1d_x": -6.4977069, "umap_2d_x": 30.99884, "umap_2d_y": 41.720818, "umap_3d_x": 27.40255, "umap_3d_y": 36.43055, "umap_3d_z": 9.7681236, "tsne_1d_x": 37.90881, "tsne_2d_x": 38.232567, "tsne_2d_y": -34.578503, "tsne_3d_x": 46.202888, "tsne_3d_y": -33.415649, "tsne_3d_z": -21.023766, "grid_umap_1d_x": 426.0, "grid_umap_2d_x": 26.0, "grid_umap_2d_y": 29.0, "grid_umap_3d_x": 9.0, "grid_umap_3d_y": 8.0, "grid_umap_3d_z": 5.0, "grid_tsne_1d_x": 426.0, "grid_tsne_2d_x": 23.0, "grid_tsne_2d_y": 12.0, "grid_tsne_3d_x": 8.0, "grid_tsne_3d_y": 6.0, "grid_tsne_3d_z": 3.0, "patch_file_embed": "patch_0426_embed.png", "patch_file_rgb": "patch_0426_rgb.png" }, "geometry": { "type": "Point", "coordinates": [ 13.978880662452582, -0.57850684448897 ] } },
{ "type": "Feature", "properties": { "index": 427, "lon": 102.2348611076377, "lat": 4.1668462538407027, "classification": 112, "subregion_name": "South-eastern Asia", "umap_1d_x": -6.5355945, "umap_2d_x": 31.314903, "umap_2d_y": 39.395729, "umap_3d_x": 27.128426, "umap_3d_y": 38.949669, "umap_3d_z": 8.4202995, "tsne_1d_x": 37.298019, "tsne_2d_x": 36.555328, "tsne_2d_y": -34.32653, "tsne_3d_x": 40.639198, "tsne_3d_y": -32.077065, "tsne_3d_z": -23.892923, "grid_umap_1d_x": 427.0, "grid_umap_2d_x": 28.0, "grid_umap_2d_y": 30.0, "grid_umap_3d_x": 10.0, "grid_umap_3d_y": 10.0, "grid_umap_3d_z": 5.0, "grid_tsne_1d_x": 427.0, "grid_tsne_2d_x": 26.0, "grid_tsne_2d_y": 1.0, "grid_tsne_3d_x": 8.0, "grid_tsne_3d_y": 6.0, "grid_tsne_3d_z": 2.0, "patch_file_embed": "patch_0427_embed.png", "patch_file_rgb": "patch_0427_rgb.png" }, "geometry": { "type": "Point", "coordinates": [ 102.234861107637698, 4.166846253840703 ] } },
{ "type": "Feature", "properties": { "index": 428, "lon": 100.65545502846902, "lat": -1.043177332893841, "classification": 112, "subregion_name": "South-eastern Asia", "umap_1d_x": -5.6003141, "umap_2d_x": 27.532097, "umap_2d_y": 34.767838, "umap_3d_x": 22.093422, "umap_3d_y": 35.961685, "umap_3d_z": 8.7922707, "tsne_1d_x": 33.2649, "tsne_2d_x": 31.234894, "tsne_2d_y": -24.990568, "tsne_3d_x": 30.254372, "tsne_3d_y": -27.341717, "tsne_3d_z": -11.304153, "grid_umap_1d_x": 428.0, "grid_umap_2d_x": 23.0, "grid_umap_2d_y": 24.0, "grid_umap_3d_x": 9.0, "grid_umap_3d_y": 9.0, "grid_umap_3d_z": 5.0, "grid_tsne_1d_x": 428.0, "grid_tsne_2d_x": 25.0, "grid_tsne_2d_y": 0.0, "grid_tsne_3d_x": 8.0, "grid_tsne_3d_y": 4.0, "grid_tsne_3d_z": 3.0, "patch_file_embed": "patch_0428_embed.png", "patch_file_rgb": "patch_0428_rgb.png" }, "geometry": { "type": "Point", "coordinates": [ 100.655455028469021, -1.043177332893841 ] } },
{ "type": "Feature", "properties": { "index": 429, "lon": 113.95719595345355, "lat": -22.24127394806667, "classification": 20, "subregion_name": "Unknown", "umap_1d_x": -20.037861, "umap_2d_x": 39.941055, "umap_2d_y": -44.312576, "umap_3d_x": 49.541176, "umap_3d_y": -43.437656, "umap_3d_z": 19.545921, "tsne_1d_x": 76.138634, "tsne_2d_x": 39.374916, "tsne_2d_y": 40.520233, "tsne_3d_x": -40.87587, "tsne_3d_y": -17.263954, "tsne_3d_z": -31.988623, "grid_umap_1d_x": 429.0, "grid_umap_2d_x": 22.0, "grid_umap_2d_y": 2.0, "grid_umap_3d_x": 9.0, "grid_umap_3d_y": 0.0, "grid_umap_3d_z": 2.0, "grid_tsne_1d_x": 429.0, "grid_tsne_2d_x": 28.0, "grid_tsne_2d_y": 30.0, "grid_tsne_3d_x": 2.0, "grid_tsne_3d_y": 6.0, "grid_tsne_3d_z": 1.0, "patch_file_embed": "patch_0429_embed.png", "patch_file_rgb": "patch_0429_rgb.png" }, "geometry": { "type": "Point", "coordinates": [ 113.957195953453549, -22.24127394806667 ] } },
{ "type": "Feature", "properties": { "index": 430, "lon": 46.331391656854663, "lat": 39.237048374171835, "classification": 126, "subregion_name": "Western Asia", "umap_1d_x": 6.679533, "umap_2d_x": -14.214806, "umap_2d_y": 6.3711281, "umap_3d_x": -21.162432, "umap_3d_y": 2.9622841, "umap_3d_z": 6.5773888, "tsne_1d_x": -3.8955333, "tsne_2d_x": 4.6627274, "tsne_2d_y": 17.79126, "tsne_3d_x": -18.683512, "tsne_3d_y": -10.124722, "tsne_3d_z": 19.209427, "grid_umap_1d_x": 430.0, "grid_umap_2d_x": 20.0, "grid_umap_2d_y": 16.0, "grid_umap_3d_x": 0.0, "grid_umap_3d_y": 4.0, "grid_umap_3d_z": 7.0, "grid_tsne_1d_x": 430.0, "grid_tsne_2d_x": 10.0, "grid_tsne_2d_y": 19.0, "grid_tsne_3d_x": 0.0, "grid_tsne_3d_y": 3.0, "grid_tsne_3d_z": 8.0, "patch_file_embed": "patch_0430_embed.png", "patch_file_rgb": "patch_0430_rgb.png" }, "geometry": { "type": "Point", "coordinates": [ 46.331391656854663, 39.237048374171835 ] } },
{ "type": "Feature", "properties": { "index": 431, "lon": -123.43169176571186, "lat": 44.550315398664964, "classification": 111, "subregion_name": "Unknown", "umap_1d_x": 6.795763, "umap_2d_x": -20.38489, "umap_2d_y": -2.7479935, "umap_3d_x": -29.870739, "umap_3d_y": -7.0489426, "umap_3d_z": -0.032718658, "tsne_1d_x": -16.638237, "tsne_2d_x": -4.4309158, "tsne_2d_y": 12.451721, "tsne_3d_x": -25.534693, "tsne_3d_y": -2.1632996, "tsne_3d_z": 2.5181465, "grid_umap_1d_x": 431.0, "grid_umap_2d_x": 0.0, "grid_umap_2d_y": 4.0, "grid_umap_3d_x": 0.0, "grid_umap_3d_y": 0.0, "grid_umap_3d_z": 6.0, "grid_tsne_1d_x": 431.0, "grid_tsne_2d_x": 4.0, "grid_tsne_2d_y": 15.0, "grid_tsne_3d_x": 0.0, "grid_tsne_3d_y": 5.0, "grid_tsne_3d_z": 3.0, "patch_file_embed": "patch_0431_embed.png", "patch_file_rgb": "patch_0431_rgb.png" }, "geometry": { "type": "Point", "coordinates": [ -123.431691765711861, 44.550315398664964 ] } },
{ "type": "Feature", "properties": { "index": 432, "lon": -55.519913153857658, "lat": -31.338290145883871, "classification": 112, "subregion_name": "Latin America and the Caribbean", "umap_1d_x": -16.550617, "umap_2d_x": 34.777092, "umap_2d_y": -22.003853, "umap_3d_x": 44.556381, "umap_3d_y": -17.000122, "umap_3d_z": 8.5800896, "tsne_1d_x": 68.657326, "tsne_2d_x": 28.079544, "tsne_2d_y": 40.719185, "tsne_3d_x": -6.3490028, "tsne_3d_y": -8.4910088, "tsne_3d_z": -36.598396, "grid_umap_1d_x": 432.0, "grid_umap_2d_x": 26.0, "grid_umap_2d_y": 0.0, "grid_umap_3d_x": 8.0, "grid_umap_3d_y": 3.0, "grid_umap_3d_z": 1.0, "grid_tsne_1d_x": 432.0, "grid_tsne_2d_x": 20.0, "grid_tsne_2d_y": 28.0, "grid_tsne_3d_x": 5.0, "grid_tsne_3d_y": 7.0, "grid_tsne_3d_z": 1.0, "patch_file_embed": "patch_0432_embed.png", "patch_file_rgb": "patch_0432_rgb.png" }, "geometry": { "type": "Point", "coordinates": [ -55.519913153857658, -31.338290145883871 ] } },
{ "type": "Feature", "properties": { "index": 433, "lon": -112.40151622781093, "lat": 54.845964946665475, "classification": 126, "subregion_name": "Northern America", "umap_1d_x": 17.893652, "umap_2d_x": -45.448669, "umap_2d_y": -17.534237, "umap_3d_x": -41.657833, "umap_3d_y": 4.3323631, "umap_3d_z": -44.059933, "tsne_1d_x": -59.035896, "tsne_2d_x": -33.757774, "tsne_2d_y": 36.718491, "tsne_3d_x": 8.3093948, "tsne_3d_y": 13.757175, "tsne_3d_z": 44.303093, "grid_umap_1d_x": 433.0, "grid_umap_2d_x": 11.0, "grid_umap_2d_y": 4.0, "grid_umap_3d_x": 8.0, "grid_umap_3d_y": 4.0, "grid_umap_3d_z": 0.0, "grid_tsne_1d_x": 433.0, "grid_tsne_2d_x": 10.0, "grid_tsne_2d_y": 30.0, "grid_tsne_3d_x": 5.0, "grid_tsne_3d_y": 5.0, "grid_tsne_3d_z": 7.0, "patch_file_embed": "patch_0433_embed.png", "patch_file_rgb": "patch_0433_rgb.png" }, "geometry": { "type": "Point", "coordinates": [ -112.40151622781093, 54.845964946665475 ] } },
{ "type": "Feature", "properties": { "index": 434, "lon": -6.4183886505146006, "lat": 40.936195533060797, "classification": 40, "subregion_name": "Southern Europe", "umap_1d_x": 6.3790865, "umap_2d_x": -14.802219, "umap_2d_y": 0.17691422, "umap_3d_x": -22.802444, "umap_3d_y": -3.9712563, "umap_3d_z": 8.6953049, "tsne_1d_x": -2.5051136, "tsne_2d_x": 2.5753136, "tsne_2d_y": 12.652485, "tsne_3d_x": -27.135216, "tsne_3d_y": -12.186787, "tsne_3d_z": 12.26516, "grid_umap_1d_x": 434.0, "grid_umap_2d_x": 19.0, "grid_umap_2d_y": 11.0, "grid_umap_3d_x": 2.0, "grid_umap_3d_y": 0.0, "grid_umap_3d_z": 8.0, "grid_tsne_1d_x": 434.0, "grid_tsne_2d_x": 12.0, "grid_tsne_2d_y": 16.0, "grid_tsne_3d_x": 1.0, "grid_tsne_3d_y": 3.0, "grid_tsne_3d_z": 6.0, "patch_file_embed": "patch_0434_embed.png", "patch_file_rgb": "patch_0434_rgb.png" }, "geometry": { "type": "Point", "coordinates": [ -6.418388650514601, 40.936195533060797 ] } },
{ "type": "Feature", "properties": { "index": 435, "lon": 73.310647022210134, "lat": 44.352967012794153, "classification": 30, "subregion_name": "Unknown", "umap_1d_x": 6.4332261, "umap_2d_x": -13.193932, "umap_2d_y": 7.7902603, "umap_3d_x": -19.778553, "umap_3d_y": 3.6165771, "umap_3d_z": 8.2070351, "tsne_1d_x": -1.6418033, "tsne_2d_x": 7.2291565, "tsne_2d_y": 19.422821, "tsne_3d_x": -14.627983, "tsne_3d_y": -15.934189, "tsne_3d_z": 23.139297, "grid_umap_1d_x": 435.0, "grid_umap_2d_x": 13.0, "grid_umap_2d_y": 15.0, "grid_umap_3d_x": 0.0, "grid_umap_3d_y": 5.0, "grid_umap_3d_z": 8.0, "grid_tsne_1d_x": 435.0, "grid_tsne_2d_x": 16.0, "grid_tsne_2d_y": 21.0, "grid_tsne_3d_x": 3.0, "grid_tsne_3d_y": 4.0, "grid_tsne_3d_z": 8.0, "patch_file_embed": "patch_0435_embed.png", "patch_file_rgb": "patch_0435_rgb.png" }, "geometry": { "type": "Point", "coordinates": [ 73.310647022210134, 44.352967012794153 ] } },
{ "type": "Feature", "properties": { "index": 436, "lon": -60.732136817655316, "lat": -4.8402392843138813, "classification": 112, "subregion_name": "Latin America and the Caribbean", "umap_1d_x": -8.3758516, "umap_2d_x": 35.991051, "umap_2d_y": 26.788231, "umap_3d_x": 34.059792, "umap_3d_y": 44.929482, "umap_3d_z": -2.2436409, "tsne_1d_x": 42.836002, "tsne_2d_x": 47.997704, "tsne_2d_y": -27.682796, "tsne_3d_x": 32.80162, "tsne_3d_y": -49.473785, "tsne_3d_z": -34.67421, "grid_umap_1d_x": 436.0, "grid_umap_2d_x": 30.0, "grid_umap_2d_y": 23.0, "grid_umap_3d_x": 9.0, "grid_umap_3d_y": 8.0, "grid_umap_3d_z": 0.0, "grid_tsne_1d_x": 436.0, "grid_tsne_2d_x": 28.0, "grid_tsne_2d_y": 8.0, "grid_tsne_3d_x": 6.0, "grid_tsne_3d_y": 5.0, "grid_tsne_3d_z": 3.0, "patch_file_embed": "patch_0436_embed.png", "patch_file_rgb": "patch_0436_rgb.png" }, "geometry": { "type": "Point", "coordinates": [ -60.732136817655316, -4.840239284313881 ] } },
{ "type": "Feature", "properties": { "index": 437, "lon": 126.50557043155152, "lat": 37.761318029388605, "classification": 40, "subregion_name": "Eastern Asia", "umap_1d_x": 8.5623264, "umap_2d_x": -13.725971, "umap_2d_y": 32.405884, "umap_3d_x": -12.994965, "umap_3d_y": 26.636024, "umap_3d_z": -6.3633766, "tsne_1d_x": -9.1918106, "tsne_2d_x": -6.0563164, "tsne_2d_y": -25.54801, "tsne_3d_x": 39.035294, "tsne_3d_y": 1.5799713, "tsne_3d_z": 12.60096, "grid_umap_1d_x": 437.0, "grid_umap_2d_x": 6.0, "grid_umap_2d_y": 27.0, "grid_umap_3d_x": 4.0, "grid_umap_3d_y": 10.0, "grid_umap_3d_z": 1.0, "grid_tsne_1d_x": 437.0, "grid_tsne_2d_x": 11.0, "grid_tsne_2d_y": 6.0, "grid_tsne_3d_x": 10.0, "grid_tsne_3d_y": 6.0, "grid_tsne_3d_z": 5.0, "patch_file_embed": "patch_0437_embed.png", "patch_file_rgb": "patch_0437_rgb.png" }, "geometry": { "type": "Point", "coordinates": [ 126.505570431551519, 37.761318029388605 ] } },
{ "type": "Feature", "properties": { "index": 438, "lon": 114.65033589892528, "lat": -3.8898049356189119, "classification": 126, "subregion_name": "Unknown", "umap_1d_x": -13.548847, "umap_2d_x": 42.783356, "umap_2d_y": -11.876343, "umap_3d_x": 41.35173, "umap_3d_y": -2.2574921, "umap_3d_z": 23.843025, "tsne_1d_x": 47.070312, "tsne_2d_x": 44.390488, "tsne_2d_y": 2.9682884, "tsne_3d_x": 9.4586601, "tsne_3d_y": -29.530966, "tsne_3d_z": -29.600449, "grid_umap_1d_x": 438.0, "grid_umap_2d_x": 27.0, "grid_umap_2d_y": 15.0, "grid_umap_3d_x": 10.0, "grid_umap_3d_y": 6.0, "grid_umap_3d_z": 6.0, "grid_tsne_1d_x": 438.0, "grid_tsne_2d_x": 28.0, "grid_tsne_2d_y": 15.0, "grid_tsne_3d_x": 6.0, "grid_tsne_3d_y": 4.0, "grid_tsne_3d_z": 1.0, "patch_file_embed": "patch_0438_embed.png", "patch_file_rgb": "patch_0438_rgb.png" }, "geometry": { "type": "Point", "coordinates": [ 114.650335898925277, -3.889804935618912 ] } },
{ "type": "Feature", "properties": { "index": 439, "lon": 58.20287855991478, "lat": 58.776455349178335, "classification": 114, "subregion_name": "Eastern Europe", "umap_1d_x": 15.292258, "umap_2d_x": -31.896793, "umap_2d_y": -8.6735573, "umap_3d_x": -42.335514, "umap_3d_y": -7.929039, "umap_3d_z": -12.085751, "tsne_1d_x": -30.499914, "tsne_2d_x": -26.305311, "tsne_2d_y": -3.4247894, "tsne_3d_x": -25.55229, "tsne_3d_y": 26.077499, "tsne_3d_z": 12.56839, "grid_umap_1d_x": 439.0, "grid_umap_2d_x": 4.0, "grid_umap_2d_y": 4.0, "grid_umap_3d_x": 0.0, "grid_umap_3d_y": 1.0, "grid_umap_3d_z": 2.0, "grid_tsne_1d_x": 439.0, "grid_tsne_2d_x": 1.0, "grid_tsne_2d_y": 9.0, "grid_tsne_3d_x": 0.0, "grid_tsne_3d_y": 9.0, "grid_tsne_3d_z": 5.0, "patch_file_embed": "patch_0439_embed.png", "patch_file_rgb": "patch_0439_rgb.png" }, "geometry": { "type": "Point", "coordinates": [ 58.20287855991478, 58.776455349178335 ] } },
{ "type": "Feature", "properties": { "index": 440, "lon": 120.94539610752696, "lat": 61.131402989125945, "classification": 113, "subregion_name": "Eastern Europe", "umap_1d_x": 16.011049, "umap_2d_x": -43.529732, "umap_2d_y": 10.774715, "umap_3d_x": -47.956917, "umap_3d_y": 21.532181, "umap_3d_z": -22.62026, "tsne_1d_x": -44.202198, "tsne_2d_x": -42.040157, "tsne_2d_y": 6.0394287, "tsne_3d_x": 9.7166939, "tsne_3d_y": 35.784843, "tsne_3d_z": 17.343964, "grid_umap_1d_x": 440.0, "grid_umap_2d_x": 5.0, "grid_umap_2d_y": 19.0, "grid_umap_3d_x": 0.0, "grid_umap_3d_y": 9.0, "grid_umap_3d_z": 2.0, "grid_tsne_1d_x": 440.0, "grid_tsne_2d_x": 0.0, "grid_tsne_2d_y": 16.0, "grid_tsne_3d_x": 6.0, "grid_tsne_3d_y": 9.0, "grid_tsne_3d_z": 4.0, "patch_file_embed": "patch_0440_embed.png", "patch_file_rgb": "patch_0440_rgb.png" }, "geometry": { "type": "Point", "coordinates": [ 120.94539610752696, 61.131402989125945 ] } },
{ "type": "Feature", "properties": { "index": 441, "lon": 9.4929349343081526, "lat": -1.3223293552080551, "classification": 112, "subregion_name": "Sub-Saharan Africa", "umap_1d_x": -6.904336, "umap_2d_x": 31.614082, "umap_2d_y": 36.777245, "umap_3d_x": 28.00602, "umap_3d_y": 38.782005, "umap_3d_z": 4.4151115, "tsne_1d_x": 36.559814, "tsne_2d_x": 38.714119, "tsne_2d_y": -27.704992, "tsne_3d_x": 41.163696, "tsne_3d_y": -42.224426, "tsne_3d_z": -16.867474, "grid_umap_1d_x": 441.0, "grid_umap_2d_x": 28.0, "grid_umap_2d_y": 28.0, "grid_umap_3d_x": 9.0, "grid_umap_3d_y": 7.0, "grid_umap_3d_z": 3.0, "grid_tsne_1d_x": 441.0, "grid_tsne_2d_x": 27.0, "grid_tsne_2d_y": 3.0, "grid_tsne_3d_x": 10.0, "grid_tsne_3d_y": 1.0, "grid_tsne_3d_z": 2.0, "patch_file_embed": "patch_0441_embed.png", "patch_file_rgb": "patch_0441_rgb.png" }, "geometry": { "type": "Point", "coordinates": [ 9.492934934308153, -1.322329355208055 ] } },
{ "type": "Feature", "properties": { "index": 442, "lon": 127.07016949108367, "lat": -27.254691959031028, "classification": 30, "subregion_name": "Unknown", "umap_1d_x": -20.726152, "umap_2d_x": 42.271698, "umap_2d_y": -49.459187, "umap_3d_x": 47.844505, "umap_3d_y": -48.884987, "umap_3d_z": 26.104965, "tsne_1d_x": 80.565956, "tsne_2d_x": 44.722717, "tsne_2d_y": 43.863571, "tsne_3d_x": -45.068199, "tsne_3d_y": -14.430603, "tsne_3d_z": -17.477993, "grid_umap_1d_x": 442.0, "grid_umap_2d_x": 22.0, "grid_umap_2d_y": 3.0, "grid_umap_3d_x": 5.0, "grid_umap_3d_y": 0.0, "grid_umap_3d_z": 5.0, "grid_tsne_1d_x": 442.0, "grid_tsne_2d_x": 27.0, "grid_tsne_2d_y": 28.0, "grid_tsne_3d_x": 2.0, "grid_tsne_3d_y": 6.0, "grid_tsne_3d_z": 3.0, "patch_file_embed": "patch_0442_embed.png", "patch_file_rgb": "patch_0442_rgb.png" }, "geometry": { "type": "Point", "coordinates": [ 127.070169491083675, -27.254691959031028 ] } },
{ "type": "Feature", "properties": { "index": 443, "lon": -64.27607914939594, "lat": -32.637311761419745, "classification": 20, "subregion_name": "Latin America and the Caribbean", "umap_1d_x": -16.118267, "umap_2d_x": 36.959549, "umap_2d_y": -20.379704, "umap_3d_x": 45.934692, "umap_3d_y": -13.027676, "umap_3d_z": 13.016331, "tsne_1d_x": 64.52845, "tsne_2d_x": 30.939346, "tsne_2d_y": 28.247932, "tsne_3d_x": -10.636425, "tsne_3d_y": -17.530781, "tsne_3d_z": -37.5261, "grid_umap_1d_x": 443.0, "grid_umap_2d_x": 27.0, "grid_umap_2d_y": 3.0, "grid_umap_3d_x": 10.0, "grid_umap_3d_y": 4.0, "grid_umap_3d_z": 2.0, "grid_tsne_1d_x": 443.0, "grid_tsne_2d_x": 27.0, "grid_tsne_2d_y": 26.0, "grid_tsne_3d_x": 4.0, "grid_tsne_3d_y": 6.0, "grid_tsne_3d_z": 2.0, "patch_file_embed": "patch_0443_embed.png", "patch_file_rgb": "patch_0443_rgb.png" }, "geometry": { "type": "Point", "coordinates": [ -64.27607914939594, -32.637311761419745 ] } },
{ "type": "Feature", "properties": { "index": 444, "lon": 126.31270372362331, "lat": 49.965426371271562, "classification": 114, "subregion_name": "Unknown", "umap_1d_x": 12.691064, "umap_2d_x": -34.764641, "umap_2d_y": 16.008339, "umap_3d_x": -40.641693, "umap_3d_y": 15.141373, "umap_3d_z": -12.285725, "tsne_1d_x": -40.890175, "tsne_2d_x": -35.107204, "tsne_2d_y": -3.3946114, "tsne_3d_x": 21.079544, "tsne_3d_y": 22.395592, "tsne_3d_z": 4.217411, "grid_umap_1d_x": 444.0, "grid_umap_2d_x": 0.0, "grid_umap_2d_y": 21.0, "grid_umap_3d_x": 2.0, "grid_umap_3d_y": 7.0, "grid_umap_3d_z": 4.0, "grid_tsne_1d_x": 444.0, "grid_tsne_2d_x": 9.0, "grid_tsne_2d_y": 14.0, "grid_tsne_3d_x": 10.0, "grid_tsne_3d_y": 10.0, "grid_tsne_3d_z": 2.0, "patch_file_embed": "patch_0444_embed.png", "patch_file_rgb": "patch_0444_rgb.png" }, "geometry": { "type": "Point", "coordinates": [ 126.312703723623315, 49.965426371271562 ] } },
{ "type": "Feature", "properties": { "index": 445, "lon": -82.481434339515062, "lat": 35.709138173408633, "classification": 30, "subregion_name": "Unknown", "umap_1d_x": 10.154842, "umap_2d_x": -23.533928, "umap_2d_y": 15.187477, "umap_3d_x": -24.404625, "umap_3d_y": 4.5366516, "umap_3d_z": -23.475965, "tsne_1d_x": -14.405636, "tsne_2d_x": -2.5550842, "tsne_2d_y": -1.2898788, "tsne_3d_x": 5.598877, "tsne_3d_y": 3.0424652, "tsne_3d_z": -2.6779976, "grid_umap_1d_x": 445.0, "grid_umap_2d_x": 0.0, "grid_umap_2d_y": 19.0, "grid_umap_3d_x": 4.0, "grid_umap_3d_y": 4.0, "grid_umap_3d_z": 1.0, "grid_tsne_1d_x": 445.0, "grid_tsne_2d_x": 5.0, "grid_tsne_2d_y": 4.0, "grid_tsne_3d_x": 6.0, "grid_tsne_3d_y": 6.0, "grid_tsne_3d_z": 2.0, "patch_file_embed": "patch_0445_embed.png", "patch_file_rgb": "patch_0445_rgb.png" }, "geometry": { "type": "Point", "coordinates": [ -82.481434339515062, 35.709138173408633 ] } },
{ "type": "Feature", "properties": { "index": 446, "lon": 112.72778363012856, "lat": 22.681777175939573, "classification": 112, "subregion_name": "Unknown", "umap_1d_x": 4.5615034, "umap_2d_x": -6.5420036, "umap_2d_y": 32.632294, "umap_3d_x": -6.3293076, "umap_3d_y": 29.781647, "umap_3d_z": 0.39606094, "tsne_1d_x": 5.5520115, "tsne_2d_x": -1.9709778, "tsne_2d_y": -34.912437, "tsne_3d_x": 44.19796, "tsne_3d_y": -11.997864, "tsne_3d_z": 5.4864006, "grid_umap_1d_x": 446.0, "grid_umap_2d_x": 0.0, "grid_umap_2d_y": 30.0, "grid_umap_3d_x": 5.0, "grid_umap_3d_y": 9.0, "grid_umap_3d_z": 2.0, "grid_tsne_1d_x": 446.0, "grid_tsne_2d_x": 12.0, "grid_tsne_2d_y": 5.0, "grid_tsne_3d_x": 10.0, "grid_tsne_3d_y": 5.0, "grid_tsne_3d_z": 3.0, "patch_file_embed": "patch_0446_embed.png", "patch_file_rgb": "patch_0446_rgb.png" }, "geometry": { "type": "Point", "coordinates": [ 112.727783630128556, 22.681777175939573 ] } },
{ "type": "Feature", "properties": { "index": 447, "lon": 16.170060842190111, "lat": -11.026110136178907, "classification": 30, "subregion_name": "Sub-Saharan Africa", "umap_1d_x": -12.78039, "umap_2d_x": 49.341904, "umap_2d_y": -16.660851, "umap_3d_x": 34.730492, "umap_3d_y": -9.8485985, "umap_3d_z": 29.9813, "tsne_1d_x": 51.761841, "tsne_2d_x": 36.793991, "tsne_2d_y": 2.2754555, "tsne_3d_x": -5.6170273, "tsne_3d_y": -42.601635, "tsne_3d_z": -16.611591, "grid_umap_1d_x": 447.0, "grid_umap_2d_x": 30.0, "grid_umap_2d_y": 14.0, "grid_umap_3d_x": 7.0, "grid_umap_3d_y": 3.0, "grid_umap_3d_z": 7.0, "grid_tsne_1d_x": 447.0, "grid_tsne_2d_x": 31.0, "grid_tsne_2d_y": 9.0, "grid_tsne_3d_x": 4.0, "grid_tsne_3d_y": 4.0, "grid_tsne_3d_z": 4.0, "patch_file_embed": "patch_0447_embed.png", "patch_file_rgb": "patch_0447_rgb.png" }, "geometry": { "type": "Point", "coordinates": [ 16.170060842190111, -11.026110136178907 ] } },
{ "type": "Feature", "properties": { "index": 448, "lon": 95.176647622467726, "lat": 24.241697607185216, "classification": 112, "subregion_name": "South-eastern Asia", "umap_1d_x": -0.6895594, "umap_2d_x": 1.9902344, "umap_2d_y": 36.31588, "umap_3d_x": 3.1756744, "umap_3d_y": 35.794998, "umap_3d_z": 13.563751, "tsne_1d_x": 8.9369955, "tsne_2d_x": 6.4867554, "tsne_2d_y": -31.544662, "tsne_3d_x": 24.184769, "tsne_3d_y": -18.455673, "tsne_3d_z": 11.611736, "grid_umap_1d_x": 448.0, "grid_umap_2d_x": 10.0, "grid_umap_2d_y": 31.0, "grid_umap_3d_x": 5.0, "grid_umap_3d_y": 10.0, "grid_umap_3d_z": 4.0, "grid_tsne_1d_x": 448.0, "grid_tsne_2d_x": 14.0, "grid_tsne_2d_y": 1.0, "grid_tsne_3d_x": 8.0, "grid_tsne_3d_y": 4.0, "grid_tsne_3d_z": 5.0, "patch_file_embed": "patch_0448_embed.png", "patch_file_rgb": "patch_0448_rgb.png" }, "geometry": { "type": "Point", "coordinates": [ 95.176647622467726, 24.241697607185216 ] } },
{ "type": "Feature", "properties": { "index": 449, "lon": -76.897467082127633, "lat": 5.5368267075111248, "classification": 112, "subregion_name": "Latin America and the Caribbean", "umap_1d_x": -5.5770345, "umap_2d_x": 27.233612, "umap_2d_y": 36.485977, "umap_3d_x": 22.042847, "umap_3d_y": 39.040779, "umap_3d_z": 8.4263191, "tsne_1d_x": 34.017704, "tsne_2d_x": 30.625221, "tsne_2d_y": -30.233578, "tsne_3d_x": 32.511864, "tsne_3d_y": -35.279163, "tsne_3d_z": -10.818085, "grid_umap_1d_x": 449.0, "grid_umap_2d_x": 24.0, "grid_umap_2d_y": 29.0, "grid_umap_3d_x": 7.0, "grid_umap_3d_y": 9.0, "grid_umap_3d_z": 3.0, "grid_tsne_1d_x": 449.0, "grid_tsne_2d_x": 24.0, "grid_tsne_2d_y": 1.0, "grid_tsne_3d_x": 8.0, "grid_tsne_3d_y": 2.0, "grid_tsne_3d_z": 3.0, "patch_file_embed": "patch_0449_embed.png", "patch_file_rgb": "patch_0449_rgb.png" }, "geometry": { "type": "Point", "coordinates": [ -76.897467082127633, 5.536826707511125 ] } },
{ "type": "Feature", "properties": { "index": 450, "lon": 158.67761614366299, "lat": -7.7892533963903148, "classification": 112, "subregion_name": "Melanesia", "umap_1d_x": 5.1526761, "umap_2d_x": -10.999542, "umap_2d_y": 23.957657, "umap_3d_x": -12.127922, "umap_3d_y": 21.225746, "umap_3d_z": 5.1689796, "tsne_1d_x": 2.2877007, "tsne_2d_x": 0.55443573, "tsne_2d_y": -15.882835, "tsne_3d_x": 27.734879, "tsne_3d_y": -9.4186249, "tsne_3d_z": -15.898415, "grid_umap_1d_x": 450.0, "grid_umap_2d_x": 9.0, "grid_umap_2d_y": 25.0, "grid_umap_3d_x": 0.0, "grid_umap_3d_y": 10.0, "grid_umap_3d_z": 7.0, "grid_tsne_1d_x": 450.0, "grid_tsne_2d_x": 10.0, "grid_tsne_2d_y": 4.0, "grid_tsne_3d_x": 9.0, "grid_tsne_3d_y": 6.0, "grid_tsne_3d_z": 0.0, "patch_file_embed": "patch_0450_embed.png", "patch_file_rgb": "patch_0450_rgb.png" }, "geometry": { "type": "Point", "coordinates": [ 158.677616143662988, -7.789253396390315 ] } },
{ "type": "Feature", "properties": { "index": 451, "lon": 0.041785526117137997, "lat": 51.953279026885696, "classification": 126, "subregion_name": "Unknown", "umap_1d_x": 22.94878, "umap_2d_x": -21.307272, "umap_2d_y": -16.057365, "umap_3d_x": -29.367046, "umap_3d_y": -15.672707, "umap_3d_z": -9.4289513, "tsne_1d_x": -19.489822, "tsne_2d_x": -8.5252647, "tsne_2d_y": 20.908081, "tsne_3d_x": -37.100281, "tsne_3d_y": -2.8755722, "tsne_3d_z": 14.960442, "grid_umap_1d_x": 451.0, "grid_umap_2d_x": 13.0, "grid_umap_2d_y": 0.0, "grid_umap_3d_x": 3.0, "grid_umap_3d_y": 0.0, "grid_umap_3d_z": 3.0, "grid_tsne_1d_x": 451.0, "grid_tsne_2d_x": 3.0, "grid_tsne_2d_y": 22.0, "grid_tsne_3d_x": 3.0, "grid_tsne_3d_y": 5.0, "grid_tsne_3d_z": 5.0, "patch_file_embed": "patch_0451_embed.png", "patch_file_rgb": "patch_0451_rgb.png" }, "geometry": { "type": "Point", "coordinates": [ 0.041785526117138, 51.953279026885696 ] } },
{ "type": "Feature", "properties": { "index": 452, "lon": 115.62495288103338, "lat": 26.355758510854102, "classification": 126, "subregion_name": "Unknown", "umap_1d_x": 4.4598417, "umap_2d_x": -6.5080147, "umap_2d_y": 33.856819, "umap_3d_x": -7.0295792, "umap_3d_y": 30.974503, "umap_3d_z": 1.9760361, "tsne_1d_x": 4.9873061, "tsne_2d_x": -0.94065475, "tsne_2d_y": -37.307777, "tsne_3d_x": 42.840385, "tsne_3d_y": -11.143501, "tsne_3d_z": 10.805595, "grid_umap_1d_x": 452.0, "grid_umap_2d_x": 2.0, "grid_umap_2d_y": 30.0, "grid_umap_3d_x": 3.0, "grid_umap_3d_y": 10.0, "grid_umap_3d_z": 4.0, "grid_tsne_1d_x": 452.0, "grid_tsne_2d_x": 14.0, "grid_tsne_2d_y": 9.0, "grid_tsne_3d_x": 9.0, "grid_tsne_3d_y": 5.0, "grid_tsne_3d_z": 5.0, "patch_file_embed": "patch_0452_embed.png", "patch_file_rgb": "patch_0452_rgb.png" }, "geometry": { "type": "Point", "coordinates": [ 115.62495288103338, 26.355758510854102 ] } },
{ "type": "Feature", "properties": { "index": 453, "lon": 34.87956439592412, "lat": 38.443200626423817, "classification": 30, "subregion_name": "Western Asia", "umap_1d_x": 6.8915548, "umap_2d_x": -14.669594, "umap_2d_y": 7.7026558, "umap_3d_x": -21.52319, "umap_3d_y": 4.680233, "umap_3d_z": 7.2932243, "tsne_1d_x": -4.5606756, "tsne_2d_x": 6.1066933, "tsne_2d_y": 21.724022, "tsne_3d_x": -10.807964, "tsne_3d_y": -13.991383, "tsne_3d_z": 19.477936, "grid_umap_1d_x": 453.0, "grid_umap_2d_x": 12.0, "grid_umap_2d_y": 15.0, "grid_umap_3d_x": 0.0, "grid_umap_3d_y": 6.0, "grid_umap_3d_z": 7.0, "grid_tsne_1d_x": 453.0, "grid_tsne_2d_x": 18.0, "grid_tsne_2d_y": 23.0, "grid_tsne_3d_x": 2.0, "grid_tsne_3d_y": 2.0, "grid_tsne_3d_z": 7.0, "patch_file_embed": "patch_0453_embed.png", "patch_file_rgb": "patch_0453_rgb.png" }, "geometry": { "type": "Point", "coordinates": [ 34.87956439592412, 38.443200626423817 ] } },
{ "type": "Feature", "properties": { "index": 454, "lon": -124.07839311013444, "lat": 64.315637734159452, "classification": 126, "subregion_name": "Northern America", "umap_1d_x": 15.761879, "umap_2d_x": -40.338287, "umap_2d_y": 4.5891228, "umap_3d_x": -45.930973, "umap_3d_y": 14.144928, "umap_3d_z": -19.673698, "tsne_1d_x": -46.599998, "tsne_2d_x": -42.71394, "tsne_2d_y": -8.9269295, "tsne_3d_x": 18.367958, "tsne_3d_y": 41.766777, "tsne_3d_z": 0.85529708999999343, "grid_umap_1d_x": 454.0, "grid_umap_2d_x": 6.0, "grid_umap_2d_y": 16.0, "grid_umap_3d_x": 0.0, "grid_umap_3d_y": 7.0, "grid_umap_3d_z": 2.0, "grid_tsne_1d_x": 454.0, "grid_tsne_2d_x": 4.0, "grid_tsne_2d_y": 11.0, "grid_tsne_3d_x": 8.0, "grid_tsne_3d_y": 10.0, "grid_tsne_3d_z": 1.0, "patch_file_embed": "patch_0454_embed.png", "patch_file_rgb": "patch_0454_rgb.png" }, "geometry": { "type": "Point", "coordinates": [ -124.078393110134442, 64.315637734159452 ] } },
{ "type": "Feature", "properties": { "index": 455, "lon": 28.501770829350306, "lat": -17.874720343846057, "classification": 40, "subregion_name": "Sub-Saharan Africa", "umap_1d_x": -14.378858, "umap_2d_x": 45.728943, "umap_2d_y": -25.761902, "umap_3d_x": 39.646774, "umap_3d_y": -20.285189, "umap_3d_z": 29.55558, "tsne_1d_x": 54.679825, "tsne_2d_x": 39.255051, "tsne_2d_y": 24.551788, "tsne_3d_x": -19.238949, "tsne_3d_y": -36.268764, "tsne_3d_z": -16.880779, "grid_umap_1d_x": 455.0, "grid_umap_2d_x": 27.0, "grid_umap_2d_y": 9.0, "grid_umap_3d_x": 9.0, "grid_umap_3d_y": 0.0, "grid_umap_3d_z": 7.0, "grid_tsne_1d_x": 455.0, "grid_tsne_2d_x": 28.0, "grid_tsne_2d_y": 23.0, "grid_tsne_3d_x": 1.0, "grid_tsne_3d_y": 1.0, "grid_tsne_3d_z": 3.0, "patch_file_embed": "patch_0455_embed.png", "patch_file_rgb": "patch_0455_rgb.png" }, "geometry": { "type": "Point", "coordinates": [ 28.501770829350306, -17.874720343846057 ] } },
{ "type": "Feature", "properties": { "index": 456, "lon": -61.130185986418297, "lat": 51.163182750221253, "classification": 111, "subregion_name": "Northern America", "umap_1d_x": 14.999352, "umap_2d_x": -35.390503, "umap_2d_y": -5.971405, "umap_3d_x": -45.687168, "umap_3d_y": -5.5593948, "umap_3d_z": -17.145317, "tsne_1d_x": -33.783638, "tsne_2d_x": -21.97785, "tsne_2d_y": 2.2208939, "tsne_3d_x": -18.461466, "tsne_3d_y": 33.353058, "tsne_3d_z": 20.325378, "grid_umap_1d_x": 456.0, "grid_umap_2d_x": 8.0, "grid_umap_2d_y": 8.0, "grid_umap_3d_x": 0.0, "grid_umap_3d_y": 2.0, "grid_umap_3d_z": 2.0, "grid_tsne_1d_x": 456.0, "grid_tsne_2d_x": 11.0, "grid_tsne_2d_y": 15.0, "grid_tsne_3d_x": 1.0, "grid_tsne_3d_y": 10.0, "grid_tsne_3d_z": 6.0, "patch_file_embed": "patch_0456_embed.png", "patch_file_rgb": "patch_0456_rgb.png" }, "geometry": { "type": "Point", "coordinates": [ -61.130185986418297, 51.163182750221253 ] } },
{ "type": "Feature", "properties": { "index": 457, "lon": -70.999020601070711, "lat": 0.28626078814689698, "classification": 112, "subregion_name": "Latin America and the Caribbean", "umap_1d_x": -7.8545475, "umap_2d_x": 35.001373, "umap_2d_y": 33.457848, "umap_3d_x": 30.959267, "umap_3d_y": 45.842087, "umap_3d_z": 0.80402373999999099, "tsne_1d_x": 40.772514, "tsne_2d_x": 44.178024, "tsne_2d_y": -32.09412, "tsne_3d_x": 39.988174, "tsne_3d_y": -40.794937, "tsne_3d_z": -30.248405, "grid_umap_1d_x": 457.0, "grid_umap_2d_x": 25.0, "grid_umap_2d_y": 21.0, "grid_umap_3d_x": 8.0, "grid_umap_3d_y": 9.0, "grid_umap_3d_z": 0.0, "grid_tsne_1d_x": 457.0, "grid_tsne_2d_x": 23.0, "grid_tsne_2d_y": 15.0, "grid_tsne_3d_x": 10.0, "grid_tsne_3d_y": 1.0, "grid_tsne_3d_z": 0.0, "patch_file_embed": "patch_0457_embed.png", "patch_file_rgb": "patch_0457_rgb.png" }, "geometry": { "type": "Point", "coordinates": [ -70.999020601070711, 0.286260788146897 ] } },
{ "type": "Feature", "properties": { "index": 458, "lon": -76.55247543977282, "lat": 1.8575945052646221, "classification": 112, "subregion_name": "Latin America and the Caribbean", "umap_1d_x": -5.5074582, "umap_2d_x": 26.854515, "umap_2d_y": 32.69693, "umap_3d_x": 20.979347, "umap_3d_y": 33.469223, "umap_3d_z": 9.0704079, "tsne_1d_x": 32.468662, "tsne_2d_x": 30.13781, "tsne_2d_y": -22.313118, "tsne_3d_x": 26.247108, "tsne_3d_y": -24.088701, "tsne_3d_z": -9.7452507, "grid_umap_1d_x": 458.0, "grid_umap_2d_x": 23.0, "grid_umap_2d_y": 23.0, "grid_umap_3d_x": 10.0, "grid_umap_3d_y": 10.0, "grid_umap_3d_z": 6.0, "grid_tsne_1d_x": 458.0, "grid_tsne_2d_x": 24.0, "grid_tsne_2d_y": 4.0, "grid_tsne_3d_x": 7.0, "grid_tsne_3d_y": 3.0, "grid_tsne_3d_z": 3.0, "patch_file_embed": "patch_0458_embed.png", "patch_file_rgb": "patch_0458_rgb.png" }, "geometry": { "type": "Point", "coordinates": [ -76.55247543977282, 1.857594505264622 ] } },
{ "type": "Feature", "properties": { "index": 459, "lon": -78.742177289776095, "lat": 54.458918836147291, "classification": 111, "subregion_name": "Northern America", "umap_1d_x": 16.410755, "umap_2d_x": -37.675365, "umap_2d_y": -9.2238922, "umap_3d_x": -46.10928, "umap_3d_y": -5.4517059, "umap_3d_z": -23.763052, "tsne_1d_x": -50.656437, "tsne_2d_x": -25.465593, "tsne_2d_y": 8.017498, "tsne_3d_x": -14.261566, "tsne_3d_y": 27.398788, "tsne_3d_z": 20.696938, "grid_umap_1d_x": 459.0, "grid_umap_2d_x": 16.0, "grid_umap_2d_y": 9.0, "grid_umap_3d_x": 1.0, "grid_umap_3d_y": 2.0, "grid_umap_3d_z": 1.0, "grid_tsne_1d_x": 459.0, "grid_tsne_2d_x": 1.0, "grid_tsne_2d_y": 15.0, "grid_tsne_3d_x": 0.0, "grid_tsne_3d_y": 10.0, "grid_tsne_3d_z": 8.0, "patch_file_embed": "patch_0459_embed.png", "patch_file_rgb": "patch_0459_rgb.png" }, "geometry": { "type": "Point", "coordinates": [ -78.742177289776095, 54.458918836147291 ] } },
{ "type": "Feature", "properties": { "index": 460, "lon": 145.94734072092666, "lat": -20.668136433466643, "classification": 124, "subregion_name": "Unknown", "umap_1d_x": -18.905699, "umap_2d_x": 38.483162, "umap_2d_y": -38.557865, "umap_3d_x": 48.785782, "umap_3d_y": -34.605045, "umap_3d_z": 18.739677, "tsne_1d_x": 75.530281, "tsne_2d_x": 36.764839, "tsne_2d_y": 40.125427, "tsne_3d_x": -30.111473, "tsne_3d_y": -17.564037, "tsne_3d_z": -32.584023, "grid_umap_1d_x": 460.0, "grid_umap_2d_x": 23.0, "grid_umap_2d_y": 2.0, "grid_umap_3d_x": 9.0, "grid_umap_3d_y": 1.0, "grid_umap_3d_z": 3.0, "grid_tsne_1d_x": 460.0, "grid_tsne_2d_x": 26.0, "grid_tsne_2d_y": 30.0, "grid_tsne_3d_x": 1.0, "grid_tsne_3d_y": 4.0, "grid_tsne_3d_z": 0.0, "patch_file_embed": "patch_0460_embed.png", "patch_file_rgb": "patch_0460_rgb.png" }, "geometry": { "type": "Point", "coordinates": [ 145.947340720926661, -20.668136433466643 ] } },
{ "type": "Feature", "properties": { "index": 461, "lon": 27.862058155984215, "lat": 52.441628246229499, "classification": 90, "subregion_name": "Eastern Europe", "umap_1d_x": 22.004894, "umap_2d_x": -24.704128, "umap_2d_y": -10.85368, "umap_3d_x": -34.707005, "umap_3d_y": -11.879761, "umap_3d_z": -12.85442, "tsne_1d_x": -22.222176, "tsne_2d_x": -13.37294, "tsne_2d_y": 15.227303, "tsne_3d_x": -29.773352, "tsne_3d_y": 9.1559296, "tsne_3d_z": 13.417564, "grid_umap_1d_x": 461.0, "grid_umap_2d_x": 6.0, "grid_umap_2d_y": 1.0, "grid_umap_3d_x": 0.0, "grid_umap_3d_y": 0.0, "grid_umap_3d_z": 2.0, "grid_tsne_1d_x": 461.0, "grid_tsne_2d_x": 1.0, "grid_tsne_2d_y": 18.0, "grid_tsne_3d_x": 2.0, "grid_tsne_3d_y": 6.0, "grid_tsne_3d_z": 5.0, "patch_file_embed": "patch_0461_embed.png", "patch_file_rgb": "patch_0461_rgb.png" }, "geometry": { "type": "Point", "coordinates": [ 27.862058155984215, 52.441628246229499 ] } },
{ "type": "Feature", "properties": { "index": 462, "lon": -75.327829903735974, "lat": -7.1390884560245809, "classification": 112, "subregion_name": "Latin America and the Caribbean", "umap_1d_x": -8.8460035, "umap_2d_x": 38.446487, "umap_2d_y": 27.702538, "umap_3d_x": 34.323273, "umap_3d_y": 39.26638, "umap_3d_z": 0.11145401, "tsne_1d_x": 43.749489, "tsne_2d_x": 44.708191, "tsne_2d_y": -22.736677, "tsne_3d_x": 27.133858, "tsne_3d_y": -39.97266, "tsne_3d_z": -29.952829, "grid_umap_1d_x": 462.0, "grid_umap_2d_x": 31.0, "grid_umap_2d_y": 23.0, "grid_umap_3d_x": 9.0, "grid_umap_3d_y": 6.0, "grid_umap_3d_z": 1.0, "grid_tsne_1d_x": 462.0, "grid_tsne_2d_x": 31.0, "grid_tsne_2d_y": 2.0, "grid_tsne_3d_x": 8.0, "grid_tsne_3d_y": 1.0, "grid_tsne_3d_z": 0.0, "patch_file_embed": "patch_0462_embed.png", "patch_file_rgb": "patch_0462_rgb.png" }, "geometry": { "type": "Point", "coordinates": [ -75.327829903735974, -7.139088456024581 ] } },
{ "type": "Feature", "properties": { "index": 463, "lon": 151.10364656412003, "lat": 62.680745410629129, "classification": 113, "subregion_name": "Eastern Europe", "umap_1d_x": 18.632933, "umap_2d_x": -47.462776, "umap_2d_y": 3.4352951, "umap_3d_x": -49.174641, "umap_3d_y": 20.290222, "umap_3d_z": -36.596283, "tsne_1d_x": -68.539139, "tsne_2d_x": -45.142475, "tsne_2d_y": 17.016464, "tsne_3d_x": 8.1604538, "tsne_3d_y": 38.111168, "tsne_3d_z": 28.720802, "grid_umap_1d_x": 463.0, "grid_umap_2d_x": 0.0, "grid_umap_2d_y": 15.0, "grid_umap_3d_x": 1.0, "grid_umap_3d_y": 8.0, "grid_umap_3d_z": 1.0, "grid_tsne_1d_x": 463.0, "grid_tsne_2d_x": 6.0, "grid_tsne_2d_y": 22.0, "grid_tsne_3d_x": 6.0, "grid_tsne_3d_y": 9.0, "grid_tsne_3d_z": 5.0, "patch_file_embed": "patch_0463_embed.png", "patch_file_rgb": "patch_0463_rgb.png" }, "geometry": { "type": "Point", "coordinates": [ 151.103646564120027, 62.680745410629129 ] } },
{ "type": "Feature", "properties": { "index": 464, "lon": 27.336853724639894, "lat": -6.6528229655936713, "classification": 124, "subregion_name": "Sub-Saharan Africa", "umap_1d_x": -12.616636, "umap_2d_x": 49.727318, "umap_2d_y": -14.920963, "umap_3d_x": 34.42141, "umap_3d_y": -6.5364075, "umap_3d_z": 28.9916, "tsne_1d_x": 51.238029, "tsne_2d_x": 38.465981, "tsne_2d_y": 2.003849, "tsne_3d_x": -1.3344383, "tsne_3d_y": -42.855804, "tsne_3d_z": -20.837481, "grid_umap_1d_x": 464.0, "grid_umap_2d_x": 31.0, "grid_umap_2d_y": 15.0, "grid_umap_3d_x": 7.0, "grid_umap_3d_y": 4.0, "grid_umap_3d_z": 6.0, "grid_tsne_1d_x": 464.0, "grid_tsne_2d_x": 30.0, "grid_tsne_2d_y": 11.0, "grid_tsne_3d_x": 5.0, "grid_tsne_3d_y": 1.0, "grid_tsne_3d_z": 2.0, "patch_file_embed": "patch_0464_embed.png", "patch_file_rgb": "patch_0464_rgb.png" }, "geometry": { "type": "Point", "coordinates": [ 27.336853724639894, -6.652822965593671 ] } },
{ "type": "Feature", "properties": { "index": 465, "lon": 41.527414658223876, "lat": 1.3835236172896761, "classification": 20, "subregion_name": "Sub-Saharan Africa", "umap_1d_x": 3.1483054, "umap_2d_x": 6.9136124, "umap_2d_y": 3.3369293, "umap_3d_x": 12.983215, "umap_3d_y": 4.809433, "umap_3d_z": 49.075157, "tsne_1d_x": 28.829182, "tsne_2d_x": 13.670116, "tsne_2d_y": 37.712135, "tsne_3d_x": -18.627871, "tsne_3d_y": -40.267723, "tsne_3d_z": 7.7870789, "grid_umap_1d_x": 465.0, "grid_umap_2d_x": 14.0, "grid_umap_2d_y": 6.0, "grid_umap_3d_x": 4.0, "grid_umap_3d_y": 1.0, "grid_umap_3d_z": 8.0, "grid_tsne_1d_x": 465.0, "grid_tsne_2d_x": 18.0, "grid_tsne_2d_y": 28.0, "grid_tsne_3d_x": 1.0, "grid_tsne_3d_y": 1.0, "grid_tsne_3d_z": 4.0, "patch_file_embed": "patch_0465_embed.png", "patch_file_rgb": "patch_0465_rgb.png" }, "geometry": { "type": "Point", "coordinates": [ 41.527414658223876, 1.383523617289676 ] } },
{ "type": "Feature", "properties": { "index": 466, "lon": 68.164850633056915, "lat": 42.978770305504895, "classification": 30, "subregion_name": "Unknown", "umap_1d_x": 6.3046036, "umap_2d_x": -12.762302, "umap_2d_y": 8.0895348, "umap_3d_x": -19.638357, "umap_3d_y": 3.6065445, "umap_3d_z": 7.9659653, "tsne_1d_x": -1.5435753, "tsne_2d_x": 7.4430237, "tsne_2d_y": 18.799461, "tsne_3d_x": -16.002872, "tsne_3d_y": -16.057526, "tsne_3d_z": 23.693504, "grid_umap_1d_x": 466.0, "grid_umap_2d_x": 16.0, "grid_umap_2d_y": 16.0, "grid_umap_3d_x": 2.0, "grid_umap_3d_y": 5.0, "grid_umap_3d_z": 7.0, "grid_tsne_1d_x": 466.0, "grid_tsne_2d_x": 18.0, "grid_tsne_2d_y": 21.0, "grid_tsne_3d_x": 2.0, "grid_tsne_3d_y": 3.0, "grid_tsne_3d_z": 8.0, "patch_file_embed": "patch_0466_embed.png", "patch_file_rgb": "patch_0466_rgb.png" }, "geometry": { "type": "Point", "coordinates": [ 68.164850633056915, 42.978770305504895 ] } },
{ "type": "Feature", "properties": { "index": 467, "lon": 34.047508266184281, "lat": 5.9131149417279687, "classification": 30, "subregion_name": "Unknown", "umap_1d_x": -2.6523211, "umap_2d_x": 11.365189, "umap_2d_y": 24.516479, "umap_3d_x": 7.7759666, "umap_3d_y": 31.4049, "umap_3d_z": 35.834595, "tsne_1d_x": 22.614964, "tsne_2d_x": 12.560463, "tsne_2d_y": -12.256771, "tsne_3d_x": 14.647011, "tsne_3d_y": -49.06406, "tsne_3d_z": 25.052788, "grid_umap_1d_x": 467.0, "grid_umap_2d_x": 13.0, "grid_umap_2d_y": 24.0, "grid_umap_3d_x": 5.0, "grid_umap_3d_y": 6.0, "grid_umap_3d_z": 6.0, "grid_tsne_1d_x": 467.0, "grid_tsne_2d_x": 17.0, "grid_tsne_2d_y": 13.0, "grid_tsne_3d_x": 5.0, "grid_tsne_3d_y": 5.0, "grid_tsne_3d_z": 5.0, "patch_file_embed": "patch_0467_embed.png", "patch_file_rgb": "patch_0467_rgb.png" }, "geometry": { "type": "Point", "coordinates": [ 34.047508266184281, 5.913114941727969 ] } },
{ "type": "Feature", "properties": { "index": 468, "lon": 145.77983320252258, "lat": 66.116885660642168, "classification": 113, "subregion_name": "Eastern Europe", "umap_1d_x": 19.181993, "umap_2d_x": -47.967415, "umap_2d_y": -1.3746414, "umap_3d_x": -47.355679, "umap_3d_y": 20.606812, "umap_3d_z": -42.2603, "tsne_1d_x": -72.400208, "tsne_2d_x": -46.119976, "tsne_2d_y": 25.71006, "tsne_3d_x": 9.1027794, "tsne_3d_y": 43.314156, "tsne_3d_z": 38.547325, "grid_umap_1d_x": 468.0, "grid_umap_2d_x": 1.0, "grid_umap_2d_y": 12.0, "grid_umap_3d_x": 4.0, "grid_umap_3d_y": 8.0, "grid_umap_3d_z": 1.0, "grid_tsne_1d_x": 468.0, "grid_tsne_2d_x": 15.0, "grid_tsne_2d_y": 27.0, "grid_tsne_3d_x": 6.0, "grid_tsne_3d_y": 10.0, "grid_tsne_3d_z": 7.0, "patch_file_embed": "patch_0468_embed.png", "patch_file_rgb": "patch_0468_rgb.png" }, "geometry": { "type": "Point", "coordinates": [ 145.779833202522582, 66.116885660642168 ] } },
{ "type": "Feature", "properties": { "index": 469, "lon": -73.442777104746071, "lat": 3.1666704255340292, "classification": 30, "subregion_name": "Latin America and the Caribbean", "umap_1d_x": 0.66698933, "umap_2d_x": 10.401581, "umap_2d_y": 43.152138, "umap_3d_x": 6.4490814, "umap_3d_y": 49.180191, "umap_3d_z": 24.545341, "tsne_1d_x": 17.922531, "tsne_2d_x": 21.383354, "tsne_2d_y": -36.940781, "tsne_3d_x": 37.686539, "tsne_3d_y": -43.811718, "tsne_3d_z": 17.273506, "grid_umap_1d_x": 469.0, "grid_umap_2d_x": 21.0, "grid_umap_2d_y": 31.0, "grid_umap_3d_x": 7.0, "grid_umap_3d_y": 10.0, "grid_umap_3d_z": 6.0, "grid_tsne_1d_x": 469.0, "grid_tsne_2d_x": 22.0, "grid_tsne_2d_y": 0.0, "grid_tsne_3d_x": 8.0, "grid_tsne_3d_y": 2.0, "grid_tsne_3d_z": 5.0, "patch_file_embed": "patch_0469_embed.png", "patch_file_rgb": "patch_0469_rgb.png" }, "geometry": { "type": "Point", "coordinates": [ -73.442777104746071, 3.166670425534029 ] } },
{ "type": "Feature", "properties": { "index": 470, "lon": -86.31921845377677, "lat": 46.405025828296118, "classification": 111, "subregion_name": "Unknown", "umap_1d_x": 14.991801, "umap_2d_x": -32.016777, "umap_2d_y": -5.6117706, "umap_3d_x": -43.528706, "umap_3d_y": -6.9864006, "umap_3d_z": -9.3827362, "tsne_1d_x": -30.677803, "tsne_2d_x": -24.922159, "tsne_2d_y": -7.403923, "tsne_3d_x": -18.667763, "tsne_3d_y": 23.576553, "tsne_3d_z": 7.8111229, "grid_umap_1d_x": 470.0, "grid_umap_2d_x": 4.0, "grid_umap_2d_y": 6.0, "grid_umap_3d_x": 1.0, "grid_umap_3d_y": 2.0, "grid_umap_3d_z": 4.0, "grid_tsne_1d_x": 470.0, "grid_tsne_2d_x": 14.0, "grid_tsne_2d_y": 14.0, "grid_tsne_3d_x": 0.0, "grid_tsne_3d_y": 10.0, "grid_tsne_3d_z": 4.0, "patch_file_embed": "patch_0470_embed.png", "patch_file_rgb": "patch_0470_rgb.png" }, "geometry": { "type": "Point", "coordinates": [ -86.31921845377677, 46.405025828296118 ] } },
{ "type": "Feature", "properties": { "index": 471, "lon": 173.83879356785792, "lat": 62.696842830231446, "classification": 30, "subregion_name": "Eastern Europe", "umap_1d_x": 19.078989, "umap_2d_x": -44.708065, "umap_2d_y": -1.7343178, "umap_3d_x": -47.563484, "umap_3d_y": 12.692589, "umap_3d_z": -35.061123, "tsne_1d_x": -65.682388, "tsne_2d_x": -36.693817, "tsne_2d_y": 17.084503, "tsne_3d_x": -3.0239754, "tsne_3d_y": 40.373375, "tsne_3d_z": 34.524345, "grid_umap_1d_x": 471.0, "grid_umap_2d_x": 12.0, "grid_umap_2d_y": 14.0, "grid_umap_3d_x": 2.0, "grid_umap_3d_y": 6.0, "grid_umap_3d_z": 1.0, "grid_tsne_1d_x": 471.0, "grid_tsne_2d_x": 0.0, "grid_tsne_2d_y": 21.0, "grid_tsne_3d_x": 4.0, "grid_tsne_3d_y": 9.0, "grid_tsne_3d_z": 7.0, "patch_file_embed": "patch_0471_embed.png", "patch_file_rgb": "patch_0471_rgb.png" }, "geometry": { "type": "Point", "coordinates": [ 173.83879356785792, 62.696842830231446 ] } },
{ "type": "Feature", "properties": { "index": 472, "lon": -89.344158024903379, "lat": 56.307866708503454, "classification": 126, "subregion_name": "Northern America", "umap_1d_x": 17.370708, "umap_2d_x": -42.668297, "umap_2d_y": -15.028149, "umap_3d_x": -44.813133, "umap_3d_y": -1.091713, "umap_3d_z": -41.544167, "tsne_1d_x": -57.088455, "tsne_2d_x": -29.42975, "tsne_2d_y": 26.441689, "tsne_3d_x": -5.7623482, "tsne_3d_y": 17.710098, "tsne_3d_z": 32.409904, "grid_umap_1d_x": 472.0, "grid_umap_2d_x": 2.0, "grid_umap_2d_y": 2.0, "grid_umap_3d_x": 5.0, "grid_umap_3d_y": 2.0, "grid_umap_3d_z": 0.0, "grid_tsne_1d_x": 472.0, "grid_tsne_2d_x": 8.0, "grid_tsne_2d_y": 27.0, "grid_tsne_3d_x": 3.0, "grid_tsne_3d_y": 7.0, "grid_tsne_3d_z": 8.0, "patch_file_embed": "patch_0472_embed.png", "patch_file_rgb": "patch_0472_rgb.png" }, "geometry": { "type": "Point", "coordinates": [ -89.344158024903379, 56.307866708503454 ] } },
{ "type": "Feature", "properties": { "index": 473, "lon": 96.704564904229926, "lat": 21.109033457738377, "classification": 40, "subregion_name": "South-eastern Asia", "umap_1d_x": 0.090665482, "umap_2d_x": 6.2234879, "umap_2d_y": 41.197929, "umap_3d_x": 3.0824432, "umap_3d_y": 41.555817, "umap_3d_z": 26.996254, "tsne_1d_x": 15.823668, "tsne_2d_x": 14.458931, "tsne_2d_y": -36.21151, "tsne_3d_x": 29.371681, "tsne_3d_y": -29.120523, "tsne_3d_z": 21.165306, "grid_umap_1d_x": 473.0, "grid_umap_2d_x": 19.0, "grid_umap_2d_y": 26.0, "grid_umap_3d_x": 4.0, "grid_umap_3d_y": 8.0, "grid_umap_3d_z": 6.0, "grid_tsne_1d_x": 473.0, "grid_tsne_2d_x": 20.0, "grid_tsne_2d_y": 11.0, "grid_tsne_3d_x": 10.0, "grid_tsne_3d_y": 1.0, "grid_tsne_3d_z": 7.0, "patch_file_embed": "patch_0473_embed.png", "patch_file_rgb": "patch_0473_rgb.png" }, "geometry": { "type": "Point", "coordinates": [ 96.704564904229926, 21.109033457738377 ] } },
{ "type": "Feature", "properties": { "index": 474, "lon": 138.19178337261087, "lat": 52.407212199494069, "classification": 111, "subregion_name": "Eastern Europe", "umap_1d_x": 14.120148, "umap_2d_x": -34.688477, "umap_2d_y": 5.1835365, "umap_3d_x": -45.06535, "umap_3d_y": 4.2354164, "umap_3d_z": -3.0300751, "tsne_1d_x": -36.582031, "tsne_2d_x": -33.486, "tsne_2d_y": -21.22769, "tsne_3d_x": -4.2407951, "tsne_3d_y": 24.664375, "tsne_3d_z": -10.033504, "grid_umap_1d_x": 474.0, "grid_umap_2d_x": 23.0, "grid_umap_2d_y": 20.0, "grid_umap_3d_x": 3.0, "grid_umap_3d_y": 5.0, "grid_umap_3d_z": 6.0, "grid_tsne_1d_x": 474.0, "grid_tsne_2d_x": 0.0, "grid_tsne_2d_y": 1.0, "grid_tsne_3d_x": 5.0, "grid_tsne_3d_y": 9.0, "grid_tsne_3d_z": 0.0, "patch_file_embed": "patch_0474_embed.png", "patch_file_rgb": "patch_0474_rgb.png" }, "geometry": { "type": "Point", "coordinates": [ 138.191783372610871, 52.407212199494069 ] } },
{ "type": "Feature", "properties": { "index": 475, "lon": 18.741816932784701, "lat": 50.870049615528529, "classification": 40, "subregion_name": "Eastern Europe", "umap_1d_x": 23.203638, "umap_2d_x": -19.830772, "umap_2d_y": -12.793076, "umap_3d_x": -29.030228, "umap_3d_y": -12.353024, "umap_3d_z": -14.90377, "tsne_1d_x": -18.88829, "tsne_2d_x": -8.6906891, "tsne_2d_y": 25.206223, "tsne_3d_x": -31.320633, "tsne_3d_y": -3.8915176, "tsne_3d_z": 20.65963, "grid_umap_1d_x": 475.0, "grid_umap_2d_x": 11.0, "grid_umap_2d_y": 1.0, "grid_umap_3d_x": 3.0, "grid_umap_3d_y": 0.0, "grid_umap_3d_z": 1.0, "grid_tsne_1d_x": 475.0, "grid_tsne_2d_x": 15.0, "grid_tsne_2d_y": 26.0, "grid_tsne_3d_x": 1.0, "grid_tsne_3d_y": 4.0, "grid_tsne_3d_z": 7.0, "patch_file_embed": "patch_0475_embed.png", "patch_file_rgb": "patch_0475_rgb.png" }, "geometry": { "type": "Point", "coordinates": [ 18.741816932784701, 50.870049615528529 ] } },
{ "type": "Feature", "properties": { "index": 476, "lon": 39.123765999128324, "lat": 11.611490187604062, "classification": 40, "subregion_name": "Sub-Saharan Africa", "umap_1d_x": -1.2054901, "umap_2d_x": 5.2529106, "umap_2d_y": 30.883446, "umap_3d_x": 4.8385162, "umap_3d_y": 30.887596, "umap_3d_z": 24.911087, "tsne_1d_x": 18.838596, "tsne_2d_x": 7.8816299, "tsne_2d_y": -18.672613, "tsne_3d_x": 8.2193031, "tsne_3d_y": -32.016388, "tsne_3d_z": 7.1202393, "grid_umap_1d_x": 476.0, "grid_umap_2d_x": 10.0, "grid_umap_2d_y": 28.0, "grid_umap_3d_x": 4.0, "grid_umap_3d_y": 8.0, "grid_umap_3d_z": 7.0, "grid_tsne_1d_x": 476.0, "grid_tsne_2d_x": 14.0, "grid_tsne_2d_y": 6.0, "grid_tsne_3d_x": 5.0, "grid_tsne_3d_y": 3.0, "grid_tsne_3d_z": 4.0, "patch_file_embed": "patch_0476_embed.png", "patch_file_rgb": "patch_0476_rgb.png" }, "geometry": { "type": "Point", "coordinates": [ 39.123765999128324, 11.611490187604062 ] } },
{ "type": "Feature", "properties": { "index": 477, "lon": 125.30709210430359, "lat": 50.737679081566156, "classification": 30, "subregion_name": "Unknown", "umap_1d_x": 11.184959, "umap_2d_x": -31.26589, "umap_2d_y": 23.624489, "umap_3d_x": -38.267586, "umap_3d_y": 12.287052, "umap_3d_z": -35.226135, "tsne_1d_x": -62.240822, "tsne_2d_x": -26.487259, "tsne_2d_y": 38.915909, "tsne_3d_x": 20.531281, "tsne_3d_y": 19.09082, "tsne_3d_z": 27.260422, "grid_umap_1d_x": 477.0, "grid_umap_2d_x": 4.0, "grid_umap_2d_y": 25.0, "grid_umap_3d_x": 6.0, "grid_umap_3d_y": 5.0, "grid_umap_3d_z": 3.0, "grid_tsne_1d_x": 477.0, "grid_tsne_2d_x": 14.0, "grid_tsne_2d_y": 30.0, "grid_tsne_3d_x": 9.0, "grid_tsne_3d_y": 7.0, "grid_tsne_3d_z": 7.0, "patch_file_embed": "patch_0477_embed.png", "patch_file_rgb": "patch_0477_rgb.png" }, "geometry": { "type": "Point", "coordinates": [ 125.307092104303592, 50.737679081566156 ] } },
{ "type": "Feature", "properties": { "index": 478, "lon": -66.962055128592638, "lat": -36.247401474279386, "classification": 20, "subregion_name": "Latin America and the Caribbean", "umap_1d_x": -16.389181, "umap_2d_x": 36.88768, "umap_2d_y": -24.327803, "umap_3d_x": 47.124107, "umap_3d_y": -17.947704, "umap_3d_z": 12.78788, "tsne_1d_x": 65.327591, "tsne_2d_x": 32.552162, "tsne_2d_y": 33.197548, "tsne_3d_x": -19.302719, "tsne_3d_y": -13.788074, "tsne_3d_z": -36.27087, "grid_umap_1d_x": 478.0, "grid_umap_2d_x": 24.0, "grid_umap_2d_y": 7.0, "grid_umap_3d_x": 9.0, "grid_umap_3d_y": 2.0, "grid_umap_3d_z": 2.0, "grid_tsne_1d_x": 478.0, "grid_tsne_2d_x": 28.0, "grid_tsne_2d_y": 29.0, "grid_tsne_3d_x": 3.0, "grid_tsne_3d_y": 6.0, "grid_tsne_3d_z": 1.0, "patch_file_embed": "patch_0478_embed.png", "patch_file_rgb": "patch_0478_rgb.png" }, "geometry": { "type": "Point", "coordinates": [ -66.962055128592638, -36.247401474279386 ] } },
{ "type": "Feature", "properties": { "index": 479, "lon": 26.272551095084822, "lat": 3.4532871962369072, "classification": 112, "subregion_name": "Sub-Saharan Africa", "umap_1d_x": -6.4976506, "umap_2d_x": 30.389198, "umap_2d_y": 42.939774, "umap_3d_x": 27.606621, "umap_3d_y": 36.719772, "umap_3d_z": 12.280529, "tsne_1d_x": 38.433743, "tsne_2d_x": 38.908798, "tsne_2d_y": -37.67572, "tsne_3d_x": 48.709236, "tsne_3d_y": -30.581392, "tsne_3d_z": -25.485893, "grid_umap_1d_x": 479.0, "grid_umap_2d_x": 25.0, "grid_umap_2d_y": 30.0, "grid_umap_3d_x": 10.0, "grid_umap_3d_y": 10.0, "grid_umap_3d_z": 7.0, "grid_tsne_1d_x": 479.0, "grid_tsne_2d_x": 25.0, "grid_tsne_2d_y": 5.0, "grid_tsne_3d_x": 8.0, "grid_tsne_3d_y": 7.0, "grid_tsne_3d_z": 2.0, "patch_file_embed": "patch_0479_embed.png", "patch_file_rgb": "patch_0479_rgb.png" }, "geometry": { "type": "Point", "coordinates": [ 26.272551095084822, 3.453287196236907 ] } },
{ "type": "Feature", "properties": { "index": 480, "lon": 19.600986717859485, "lat": 46.512826926301116, "classification": 40, "subregion_name": "Eastern Europe", "umap_1d_x": 23.065388, "umap_2d_x": -19.794258, "umap_2d_y": -10.377991, "umap_3d_x": -29.442734, "umap_3d_y": -11.317245, "umap_3d_z": -12.698338, "tsne_1d_x": -18.186628, "tsne_2d_x": -7.8650093, "tsne_2d_y": 29.044975, "tsne_3d_x": -30.720455, "tsne_3d_y": 1.5758209, "tsne_3d_z": 16.841003, "grid_umap_1d_x": 480.0, "grid_umap_2d_x": 6.0, "grid_umap_2d_y": 0.0, "grid_umap_3d_x": 4.0, "grid_umap_3d_y": 1.0, "grid_umap_3d_z": 3.0, "grid_tsne_1d_x": 480.0, "grid_tsne_2d_x": 15.0, "grid_tsne_2d_y": 28.0, "grid_tsne_3d_x": 1.0, "grid_tsne_3d_y": 5.0, "grid_tsne_3d_z": 6.0, "patch_file_embed": "patch_0480_embed.png", "patch_file_rgb": "patch_0480_rgb.png" }, "geometry": { "type": "Point", "coordinates": [ 19.600986717859485, 46.512826926301116 ] } },
{ "type": "Feature", "properties": { "index": 481, "lon": -48.86919250382681, "lat": -5.7073654790675761, "classification": 126, "subregion_name": "Latin America and the Caribbean", "umap_1d_x": -13.540627, "umap_2d_x": 42.319992, "umap_2d_y": -10.477093, "umap_3d_x": 41.310921, "umap_3d_y": -1.6052704, "umap_3d_z": 21.286896, "tsne_1d_x": 46.622555, "tsne_2d_x": 45.36869, "tsne_2d_y": 2.7115707, "tsne_3d_x": 9.2689857, "tsne_3d_y": -32.53997, "tsne_3d_z": -30.650917, "grid_umap_1d_x": 481.0, "grid_umap_2d_x": 29.0, "grid_umap_2d_y": 12.0, "grid_umap_3d_x": 9.0, "grid_umap_3d_y": 6.0, "grid_umap_3d_z": 4.0, "grid_tsne_1d_x": 481.0, "grid_tsne_2d_x": 23.0, "grid_tsne_2d_y": 19.0, "grid_tsne_3d_x": 6.0, "grid_tsne_3d_y": 1.0, "grid_tsne_3d_z": 0.0, "patch_file_embed": "patch_0481_embed.png", "patch_file_rgb": "patch_0481_rgb.png" }, "geometry": { "type": "Point", "coordinates": [ -48.86919250382681, -5.707365479067576 ] } },
{ "type": "Feature", "properties": { "index": 482, "lon": 79.539839793891304, "lat": 51.025377532629989, "classification": 116, "subregion_name": "Unknown", "umap_1d_x": 14.643854, "umap_2d_x": -34.089607, "umap_2d_y": -0.85294724, "umap_3d_x": -45.684319, "umap_3d_y": -1.4143219, "umap_3d_z": -6.7645988, "tsne_1d_x": -33.874981, "tsne_2d_x": -24.576818, "tsne_2d_y": -19.22699, "tsne_3d_x": -14.530441, "tsne_3d_y": 35.093636, "tsne_3d_z": -4.161026, "grid_umap_1d_x": 482.0, "grid_umap_2d_x": 17.0, "grid_umap_2d_y": 14.0, "grid_umap_3d_x": 2.0, "grid_umap_3d_y": 3.0, "grid_umap_3d_z": 5.0, "grid_tsne_1d_x": 482.0, "grid_tsne_2d_x": 3.0, "grid_tsne_2d_y": 1.0, "grid_tsne_3d_x": 3.0, "grid_tsne_3d_y": 9.0, "grid_tsne_3d_z": 1.0, "patch_file_embed": "patch_0482_embed.png", "patch_file_rgb": "patch_0482_rgb.png" }, "geometry": { "type": "Point", "coordinates": [ 79.539839793891304, 51.025377532629989 ] } },
{ "type": "Feature", "properties": { "index": 483, "lon": 90.85887678719638, "lat": 61.216054493426881, "classification": 111, "subregion_name": "Eastern Europe", "umap_1d_x": 14.515264, "umap_2d_x": -36.485241, "umap_2d_y": 5.5095863, "umap_3d_x": -46.900978, "umap_3d_y": 5.0549698, "umap_3d_z": -5.097332, "tsne_1d_x": -37.922661, "tsne_2d_x": -32.703926, "tsne_2d_y": -12.453331, "tsne_3d_x": -3.3148956, "tsne_3d_y": 33.374275, "tsne_3d_z": 2.4895439, "grid_umap_1d_x": 483.0, "grid_umap_2d_x": 2.0, "grid_umap_2d_y": 15.0, "grid_umap_3d_x": 1.0, "grid_umap_3d_y": 5.0, "grid_umap_3d_z": 5.0, "grid_tsne_1d_x": 483.0, "grid_tsne_2d_x": 2.0, "grid_tsne_2d_y": 7.0, "grid_tsne_3d_x": 5.0, "grid_tsne_3d_y": 8.0, "grid_tsne_3d_z": 2.0, "patch_file_embed": "patch_0483_embed.png", "patch_file_rgb": "patch_0483_rgb.png" }, "geometry": { "type": "Point", "coordinates": [ 90.85887678719638, 61.216054493426881 ] } },
{ "type": "Feature", "properties": { "index": 484, "lon": 27.092613271382902, "lat": 7.7820943105037506, "classification": 20, "subregion_name": "Unknown", "umap_1d_x": -2.1848559, "umap_2d_x": 10.30616, "umap_2d_y": 27.148705, "umap_3d_x": 9.5592079, "umap_3d_y": 32.060936, "umap_3d_z": 32.528412, "tsne_1d_x": 21.82663, "tsne_2d_x": 14.671211, "tsne_2d_y": -16.286007, "tsne_3d_x": 10.957863, "tsne_3d_y": -44.928864, "tsne_3d_z": 14.958725, "grid_umap_1d_x": 484.0, "grid_umap_2d_x": 13.0, "grid_umap_2d_y": 26.0, "grid_umap_3d_x": 8.0, "grid_umap_3d_y": 8.0, "grid_umap_3d_z": 7.0, "grid_tsne_1d_x": 484.0, "grid_tsne_2d_x": 18.0, "grid_tsne_2d_y": 9.0, "grid_tsne_3d_x": 5.0, "grid_tsne_3d_y": 1.0, "grid_tsne_3d_z": 5.0, "patch_file_embed": "patch_0484_embed.png", "patch_file_rgb": "patch_0484_rgb.png" }, "geometry": { "type": "Point", "coordinates": [ 27.092613271382902, 7.782094310503751 ] } },
{ "type": "Feature", "properties": { "index": 485, "lon": 78.605243576715111, "lat": 29.676257423565616, "classification": 114, "subregion_name": "Southern Asia", "umap_1d_x": -0.67990941, "umap_2d_x": 1.1214371, "umap_2d_y": 35.953606, "umap_3d_x": 2.8452797, "umap_3d_y": 34.486511, "umap_3d_z": 13.015236, "tsne_1d_x": 8.4723778, "tsne_2d_x": 5.090786, "tsne_2d_y": -30.122805, "tsne_3d_x": 22.253784, "tsne_3d_y": -17.485481, "tsne_3d_z": 7.2075424, "grid_umap_1d_x": 485.0, "grid_umap_2d_x": 18.0, "grid_umap_2d_y": 25.0, "grid_umap_3d_x": 4.0, "grid_umap_3d_y": 9.0, "grid_umap_3d_z": 4.0, "grid_tsne_1d_x": 485.0, "grid_tsne_2d_x": 14.0, "grid_tsne_2d_y": 5.0, "grid_tsne_3d_x": 8.0, "grid_tsne_3d_y": 4.0, "grid_tsne_3d_z": 4.0, "patch_file_embed": "patch_0485_embed.png", "patch_file_rgb": "patch_0485_rgb.png" }, "geometry": { "type": "Point", "coordinates": [ 78.605243576715111, 29.676257423565616 ] } },
{ "type": "Feature", "properties": { "index": 486, "lon": 147.50471878501907, "lat": 68.793977772142, "classification": 116, "subregion_name": "Eastern Europe", "umap_1d_x": 18.710522, "umap_2d_x": -48.757313, "umap_2d_y": 4.4579926, "umap_3d_x": -49.027302, "umap_3d_y": 23.829041, "umap_3d_z": -38.922829, "tsne_1d_x": -68.283195, "tsne_2d_x": -42.806343, "tsne_2d_y": 14.659958, "tsne_3d_x": 18.760132, "tsne_3d_y": 40.146873, "tsne_3d_z": 28.658142, "grid_umap_1d_x": 486.0, "grid_umap_2d_x": 10.0, "grid_umap_2d_y": 18.0, "grid_umap_3d_x": 4.0, "grid_umap_3d_y": 8.0, "grid_umap_3d_z": 2.0, "grid_tsne_1d_x": 486.0, "grid_tsne_2d_x": 0.0, "grid_tsne_2d_y": 20.0, "grid_tsne_3d_x": 9.0, "grid_tsne_3d_y": 9.0, "grid_tsne_3d_z": 5.0, "patch_file_embed": "patch_0486_embed.png", "patch_file_rgb": "patch_0486_rgb.png" }, "geometry": { "type": "Point", "coordinates": [ 147.504718785019065, 68.793977772142 ] } },
{ "type": "Feature", "properties": { "index": 487, "lon": 38.455895983989649, "lat": 5.3536072288514589, "classification": 126, "subregion_name": "Sub-Saharan Africa", "umap_1d_x": -1.5885248, "umap_2d_x": 6.8532867, "umap_2d_y": 27.544746, "umap_3d_x": 6.3730354, "umap_3d_y": 28.865036, "umap_3d_z": 28.592529, "tsne_1d_x": 19.350826, "tsne_2d_x": 9.4733734, "tsne_2d_y": -15.101032, "tsne_3d_x": 1.9380264, "tsne_3d_y": -38.392635, "tsne_3d_z": 5.2492676, "grid_umap_1d_x": 487.0, "grid_umap_2d_x": 8.0, "grid_umap_2d_y": 27.0, "grid_umap_3d_x": 4.0, "grid_umap_3d_y": 7.0, "grid_umap_3d_z": 7.0, "grid_tsne_1d_x": 487.0, "grid_tsne_2d_x": 13.0, "grid_tsne_2d_y": 0.0, "grid_tsne_3d_x": 4.0, "grid_tsne_3d_y": 1.0, "grid_tsne_3d_z": 4.0, "patch_file_embed": "patch_0487_embed.png", "patch_file_rgb": "patch_0487_rgb.png" }, "geometry": { "type": "Point", "coordinates": [ 38.455895983989649, 5.353607228851459 ] } },
{ "type": "Feature", "properties": { "index": 488, "lon": 127.53750125923261, "lat": 70.661140364045337, "classification": 116, "subregion_name": "Eastern Europe", "umap_1d_x": 18.410109, "umap_2d_x": -47.569462, "umap_2d_y": 8.0416756, "umap_3d_x": -50.0, "umap_3d_y": 25.069679, "umap_3d_z": -31.212543, "tsne_1d_x": -67.175308, "tsne_2d_x": -44.926682, "tsne_2d_y": 9.6865425, "tsne_3d_x": 13.579742, "tsne_3d_y": 45.632446, "tsne_3d_z": 20.631065, "grid_umap_1d_x": 488.0, "grid_umap_2d_x": 8.0, "grid_umap_2d_y": 19.0, "grid_umap_3d_x": 0.0, "grid_umap_3d_y": 10.0, "grid_umap_3d_z": 1.0, "grid_tsne_1d_x": 488.0, "grid_tsne_2d_x": 5.0, "grid_tsne_2d_y": 19.0, "grid_tsne_3d_x": 7.0, "grid_tsne_3d_y": 10.0, "grid_tsne_3d_z": 4.0, "patch_file_embed": "patch_0488_embed.png", "patch_file_rgb": "patch_0488_rgb.png" }, "geometry": { "type": "Point", "coordinates": [ 127.537501259232613, 70.661140364045337 ] } },
{ "type": "Feature", "properties": { "index": 489, "lon": 132.21143751241686, "lat": -15.789737539815327, "classification": 124, "subregion_name": "Unknown", "umap_1d_x": -18.476995, "umap_2d_x": 40.29512, "umap_2d_y": -34.425346, "umap_3d_x": 48.352943, "umap_3d_y": -29.243357, "umap_3d_z": 25.779572, "tsne_1d_x": 74.088982, "tsne_2d_x": 45.330605, "tsne_2d_y": 30.252762, "tsne_3d_x": -28.072037, "tsne_3d_y": -26.294794, "tsne_3d_z": -31.004917, "grid_umap_1d_x": 489.0, "grid_umap_2d_x": 25.0, "grid_umap_2d_y": 3.0, "grid_umap_3d_x": 10.0, "grid_umap_3d_y": 0.0, "grid_umap_3d_z": 5.0, "grid_tsne_1d_x": 489.0, "grid_tsne_2d_x": 26.0, "grid_tsne_2d_y": 24.0, "grid_tsne_3d_x": 1.0, "grid_tsne_3d_y": 3.0, "grid_tsne_3d_z": 0.0, "patch_file_embed": "patch_0489_embed.png", "patch_file_rgb": "patch_0489_rgb.png" }, "geometry": { "type": "Point", "coordinates": [ 132.211437512416865, -15.789737539815327 ] } },
{ "type": "Feature", "properties": { "index": 490, "lon": 120.25348271177052, "lat": 52.167795126559568, "classification": 113, "subregion_name": "Eastern Europe", "umap_1d_x": 13.014632, "umap_2d_x": -35.829742, "umap_2d_y": 15.124359, "umap_3d_x": -42.074802, "umap_3d_y": 15.988625, "umap_3d_z": -9.8771439, "tsne_1d_x": -41.09988, "tsne_2d_x": -36.452492, "tsne_2d_y": -7.1296768, "tsne_3d_x": 14.826103, "tsne_3d_y": 27.410271, "tsne_3d_z": 0.20142365, "grid_umap_1d_x": 490.0, "grid_umap_2d_x": 10.0, "grid_umap_2d_y": 22.0, "grid_umap_3d_x": 0.0, "grid_umap_3d_y": 8.0, "grid_umap_3d_z": 5.0, "grid_tsne_1d_x": 490.0, "grid_tsne_2d_x": 14.0, "grid_tsne_2d_y": 15.0, "grid_tsne_3d_x": 8.0, "grid_tsne_3d_y": 9.0, "grid_tsne_3d_z": 1.0, "patch_file_embed": "patch_0490_embed.png", "patch_file_rgb": "patch_0490_rgb.png" }, "geometry": { "type": "Point", "coordinates": [ 120.253482711770516, 52.167795126559568 ] } },
{ "type": "Feature", "properties": { "index": 491, "lon": 52.013068355872235, "lat": 59.601209517309044, "classification": 114, "subregion_name": "Eastern Europe", "umap_1d_x": 14.910158, "umap_2d_x": -31.809, "umap_2d_y": -6.841053, "umap_3d_x": -42.388279, "umap_3d_y": -6.7353058, "umap_3d_z": -9.4711227, "tsne_1d_x": -30.960033, "tsne_2d_x": -25.976177, "tsne_2d_y": -6.0181885, "tsne_3d_x": -24.14893, "tsne_3d_y": 26.491508, "tsne_3d_z": 8.434021, "grid_umap_1d_x": 491.0, "grid_umap_2d_x": 9.0, "grid_umap_2d_y": 7.0, "grid_umap_3d_x": 5.0, "grid_umap_3d_y": 3.0, "grid_umap_3d_z": 5.0, "grid_tsne_1d_x": 491.0, "grid_tsne_2d_x": 11.0, "grid_tsne_2d_y": 13.0, "grid_tsne_3d_x": 2.0, "grid_tsne_3d_y": 8.0, "grid_tsne_3d_z": 3.0, "patch_file_embed": "patch_0491_embed.png", "patch_file_rgb": "patch_0491_rgb.png" }, "geometry": { "type": "Point", "coordinates": [ 52.013068355872235, 59.601209517309044 ] } },
{ "type": "Feature", "properties": { "index": 492, "lon": 16.469455297008238, "lat": 61.633609703660625, "classification": 111, "subregion_name": "Northern Europe", "umap_1d_x": 20.415743, "umap_2d_x": -33.387791, "umap_2d_y": -14.330338, "umap_3d_x": -41.214512, "umap_3d_y": -9.8374214, "umap_3d_z": -23.150846, "tsne_1d_x": -48.113289, "tsne_2d_x": -22.274605, "tsne_2d_y": 12.957336, "tsne_3d_x": -30.960495, "tsne_3d_y": 24.895241, "tsne_3d_z": 22.967537, "grid_umap_1d_x": 492.0, "grid_umap_2d_x": 17.0, "grid_umap_2d_y": 5.0, "grid_umap_3d_x": 2.0, "grid_umap_3d_y": 1.0, "grid_umap_3d_z": 1.0, "grid_tsne_1d_x": 492.0, "grid_tsne_2d_x": 3.0, "grid_tsne_2d_y": 18.0, "grid_tsne_3d_x": 0.0, "grid_tsne_3d_y": 8.0, "grid_tsne_3d_z": 7.0, "patch_file_embed": "patch_0492_embed.png", "patch_file_rgb": "patch_0492_rgb.png" }, "geometry": { "type": "Point", "coordinates": [ 16.469455297008238, 61.633609703660625 ] } },
{ "type": "Feature", "properties": { "index": 493, "lon": -94.964695290346128, "lat": 50.574379069244472, "classification": 111, "subregion_name": "Northern America", "umap_1d_x": 16.367117, "umap_2d_x": -37.864216, "umap_2d_y": -7.189167, "umap_3d_x": -47.213741, "umap_3d_y": -3.7843704, "umap_3d_z": -23.315487, "tsne_1d_x": -51.302006, "tsne_2d_x": -27.984549, "tsne_2d_y": 8.3351746, "tsne_3d_x": -11.166237, "tsne_3d_y": 20.764359, "tsne_3d_z": 15.198433, "grid_umap_1d_x": 493.0, "grid_umap_2d_x": 0.0, "grid_umap_2d_y": 5.0, "grid_umap_3d_x": 0.0, "grid_umap_3d_y": 2.0, "grid_umap_3d_z": 1.0, "grid_tsne_1d_x": 493.0, "grid_tsne_2d_x": 3.0, "grid_tsne_2d_y": 16.0, "grid_tsne_3d_x": 0.0, "grid_tsne_3d_y": 10.0, "grid_tsne_3d_z": 7.0, "patch_file_embed": "patch_0493_embed.png", "patch_file_rgb": "patch_0493_rgb.png" }, "geometry": { "type": "Point", "coordinates": [ -94.964695290346128, 50.574379069244472 ] } },
{ "type": "Feature", "properties": { "index": 494, "lon": 118.93536484107074, "lat": 51.542900072228946, "classification": 113, "subregion_name": "Eastern Europe", "umap_1d_x": 12.972417, "umap_2d_x": -35.846352, "umap_2d_y": 15.073746, "umap_3d_x": -42.106388, "umap_3d_y": 16.101646, "umap_3d_z": -10.0439, "tsne_1d_x": -41.108963, "tsne_2d_x": -36.546753, "tsne_2d_y": -7.1838722, "tsne_3d_x": 14.915771, "tsne_3d_y": 27.584625, "tsne_3d_z": 0.12317276, "grid_umap_1d_x": 494.0, "grid_umap_2d_x": 4.0, "grid_umap_2d_y": 21.0, "grid_umap_3d_x": 1.0, "grid_umap_3d_y": 8.0, "grid_umap_3d_z": 5.0, "grid_tsne_1d_x": 494.0, "grid_tsne_2d_x": 5.0, "grid_tsne_2d_y": 11.0, "grid_tsne_3d_x": 8.0, "grid_tsne_3d_y": 9.0, "grid_tsne_3d_z": 0.0, "patch_file_embed": "patch_0494_embed.png", "patch_file_rgb": "patch_0494_rgb.png" }, "geometry": { "type": "Point", "coordinates": [ 118.935364841070736, 51.542900072228946 ] } },
{ "type": "Feature", "properties": { "index": 495, "lon": 125.89510581238466, "lat": 51.071733635541904, "classification": 126, "subregion_name": "Unknown", "umap_1d_x": 11.259521, "umap_2d_x": -32.323143, "umap_2d_y": 23.255135, "umap_3d_x": -39.668808, "umap_3d_y": 14.16848, "umap_3d_z": -34.419849, "tsne_1d_x": -63.114208, "tsne_2d_x": -27.468691, "tsne_2d_y": 38.130974, "tsne_3d_x": 21.139061, "tsne_3d_y": 22.620743, "tsne_3d_z": 23.946342, "grid_umap_1d_x": 495.0, "grid_umap_2d_x": 0.0, "grid_umap_2d_y": 24.0, "grid_umap_3d_x": 6.0, "grid_umap_3d_y": 6.0, "grid_umap_3d_z": 3.0, "grid_tsne_1d_x": 495.0, "grid_tsne_2d_x": 8.0, "grid_tsne_2d_y": 31.0, "grid_tsne_3d_x": 9.0, "grid_tsne_3d_y": 8.0, "grid_tsne_3d_z": 5.0, "patch_file_embed": "patch_0495_embed.png", "patch_file_rgb": "patch_0495_rgb.png" }, "geometry": { "type": "Point", "coordinates": [ 125.895105812384656, 51.071733635541904 ] } },
{ "type": "Feature", "properties": { "index": 496, "lon": 142.0596870305601, "lat": 68.076100453144818, "classification": 116, "subregion_name": "Eastern Europe", "umap_1d_x": 19.090744, "umap_2d_x": -50.0, "umap_2d_y": -1.9609375, "umap_3d_x": -48.447899, "umap_3d_y": 20.716179, "umap_3d_z": -46.816555, "tsne_1d_x": -70.399307, "tsne_2d_x": -42.85688, "tsne_2d_y": 23.821503, "tsne_3d_x": 16.10627, "tsne_3d_y": 37.916916, "tsne_3d_z": 37.422218, "grid_umap_1d_x": 496.0, "grid_umap_2d_x": 23.0, "grid_umap_2d_y": 18.0, "grid_umap_3d_x": 6.0, "grid_umap_3d_y": 8.0, "grid_umap_3d_z": 1.0, "grid_tsne_1d_x": 496.0, "grid_tsne_2d_x": 1.0, "grid_tsne_2d_y": 25.0, "grid_tsne_3d_x": 8.0, "grid_tsne_3d_y": 9.0, "grid_tsne_3d_z": 6.0, "patch_file_embed": "patch_0496_embed.png", "patch_file_rgb": "patch_0496_rgb.png" }, "geometry": { "type": "Point", "coordinates": [ 142.059687030560099, 68.076100453144818 ] } },
{ "type": "Feature", "properties": { "index": 497, "lon": 101.2307142312049, "lat": -1.149419104552166, "classification": 112, "subregion_name": "South-eastern Asia", "umap_1d_x": -6.3709393, "umap_2d_x": 30.219566, "umap_2d_y": 38.444786, "umap_3d_x": 26.143074, "umap_3d_y": 39.26516, "umap_3d_z": 7.4934311, "tsne_1d_x": 35.563503, "tsne_2d_x": 35.11338, "tsne_2d_y": -33.466805, "tsne_3d_x": 36.43013, "tsne_3d_y": -30.99506, "tsne_3d_z": -22.327433, "grid_umap_1d_x": 497.0, "grid_umap_2d_x": 27.0, "grid_umap_2d_y": 30.0, "grid_umap_3d_x": 9.0, "grid_umap_3d_y": 8.0, "grid_umap_3d_z": 4.0, "grid_tsne_1d_x": 497.0, "grid_tsne_2d_x": 24.0, "grid_tsne_2d_y": 7.0, "grid_tsne_3d_x": 7.0, "grid_tsne_3d_y": 6.0, "grid_tsne_3d_z": 3.0, "patch_file_embed": "patch_0497_embed.png", "patch_file_rgb": "patch_0497_rgb.png" }, "geometry": { "type": "Point", "coordinates": [ 101.2307142312049, -1.149419104552166 ] } },
{ "type": "Feature", "properties": { "index": 498, "lon": 141.06501315791905, "lat": -5.9194149539817724, "classification": 112, "subregion_name": "Melanesia", "umap_1d_x": -6.9333014, "umap_2d_x": 31.581909, "umap_2d_y": 35.590263, "umap_3d_x": 28.204674, "umap_3d_y": 39.93959, "umap_3d_z": 3.2052574, "tsne_1d_x": 36.313747, "tsne_2d_x": 40.100113, "tsne_2d_y": -28.135012, "tsne_3d_x": 36.974136, "tsne_3d_y": -40.862736, "tsne_3d_z": -19.721804, "grid_umap_1d_x": 498.0, "grid_umap_2d_x": 28.0, "grid_umap_2d_y": 27.0, "grid_umap_3d_x": 8.0, "grid_umap_3d_y": 7.0, "grid_umap_3d_z": 2.0, "grid_tsne_1d_x": 498.0, "grid_tsne_2d_x": 25.0, "grid_tsne_2d_y": 9.0, "grid_tsne_3d_x": 9.0, "grid_tsne_3d_y": 0.0, "grid_tsne_3d_z": 1.0, "patch_file_embed": "patch_0498_embed.png", "patch_file_rgb": "patch_0498_rgb.png" }, "geometry": { "type": "Point", "coordinates": [ 141.065013157919054, -5.919414953981772 ] } },
{ "type": "Feature", "properties": { "index": 499, "lon": 34.517393922902926, "lat": 49.004271161799068, "classification": 30, "subregion_name": "Eastern Europe", "umap_1d_x": 23.072227, "umap_2d_x": -20.166878, "umap_2d_y": -11.470078, "umap_3d_x": -29.750486, "umap_3d_y": -10.940693, "umap_3d_z": -15.745224, "tsne_1d_x": -19.049175, "tsne_2d_x": -9.3445053, "tsne_2d_y": 27.193184, "tsne_3d_x": -28.915592, "tsne_3d_y": -0.46354294, "tsne_3d_z": 20.870804, "grid_umap_1d_x": 499.0, "grid_umap_2d_x": 14.0, "grid_umap_2d_y": 3.0, "grid_umap_3d_x": 5.0, "grid_umap_3d_y": 1.0, "grid_umap_3d_z": 2.0, "grid_tsne_1d_x": 499.0, "grid_tsne_2d_x": 5.0, "grid_tsne_2d_y": 27.0, "grid_tsne_3d_x": 0.0, "grid_tsne_3d_y": 4.0, "grid_tsne_3d_z": 8.0, "patch_file_embed": "patch_0499_embed.png", "patch_file_rgb": "patch_0499_rgb.png" }, "geometry": { "type": "Point", "coordinates": [ 34.517393922902926, 49.004271161799068 ] } },
{ "type": "Feature", "properties": { "index": 500, "lon": -105.10812483033504, "lat": 23.587227420131953, "classification": 111, "subregion_name": "Latin America and the Caribbean", "umap_1d_x": -0.64292818, "umap_2d_x": 1.0515518, "umap_2d_y": 34.122856, "umap_3d_x": 2.3696136, "umap_3d_y": 33.127258, "umap_3d_z": 13.068401, "tsne_1d_x": 8.0307751, "tsne_2d_x": 4.6265678, "tsne_2d_y": -28.827211, "tsne_3d_x": 22.085655, "tsne_3d_y": -17.373055, "tsne_3d_z": 4.8970718, "grid_umap_1d_x": 500.0, "grid_umap_2d_x": 7.0, "grid_umap_2d_y": 30.0, "grid_umap_3d_x": 4.0, "grid_umap_3d_y": 8.0, "grid_umap_3d_z": 4.0, "grid_tsne_1d_x": 500.0, "grid_tsne_2d_x": 12.0, "grid_tsne_2d_y": 0.0, "grid_tsne_3d_x": 10.0, "grid_tsne_3d_y": 1.0, "grid_tsne_3d_z": 4.0, "patch_file_embed": "patch_0500_embed.png", "patch_file_rgb": "patch_0500_rgb.png" }, "geometry": { "type": "Point", "coordinates": [ -105.108124830335043, 23.587227420131953 ] } },
{ "type": "Feature", "properties": { "index": 501, "lon": -14.030877026529538, "lat": 12.13079197313624, "classification": 124, "subregion_name": "Sub-Saharan Africa", "umap_1d_x": -1.9720429, "umap_2d_x": 9.0679588, "umap_2d_y": 30.69416, "umap_3d_x": 7.436718, "umap_3d_y": 36.91674, "umap_3d_z": 30.26741, "tsne_1d_x": 20.304861, "tsne_2d_x": 17.35743, "tsne_2d_y": -19.935146, "tsne_3d_x": 18.779961, "tsne_3d_y": -38.522129, "tsne_3d_z": 17.571938, "grid_umap_1d_x": 501.0, "grid_umap_2d_x": 16.0, "grid_umap_2d_y": 26.0, "grid_umap_3d_x": 6.0, "grid_umap_3d_y": 9.0, "grid_umap_3d_z": 7.0, "grid_tsne_1d_x": 501.0, "grid_tsne_2d_x": 20.0, "grid_tsne_2d_y": 6.0, "grid_tsne_3d_x": 6.0, "grid_tsne_3d_y": 4.0, "grid_tsne_3d_z": 5.0, "patch_file_embed": "patch_0501_embed.png", "patch_file_rgb": "patch_0501_rgb.png" }, "geometry": { "type": "Point", "coordinates": [ -14.030877026529538, 12.13079197313624 ] } },
{ "type": "Feature", "properties": { "index": 502, "lon": -74.428038130905733, "lat": 9.193682527220048, "classification": 30, "subregion_name": "Latin America and the Caribbean", "umap_1d_x": 0.59273756, "umap_2d_x": 10.072506, "umap_2d_y": 43.031693, "umap_3d_x": 6.3486748, "umap_3d_y": 48.10788, "umap_3d_z": 24.031746, "tsne_1d_x": 17.641069, "tsne_2d_x": 20.085098, "tsne_2d_y": -36.120407, "tsne_3d_x": 35.888382, "tsne_3d_y": -40.101944, "tsne_3d_z": 17.405281, "grid_umap_1d_x": 502.0, "grid_umap_2d_x": 22.0, "grid_umap_2d_y": 27.0, "grid_umap_3d_x": 6.0, "grid_umap_3d_y": 10.0, "grid_umap_3d_z": 5.0, "grid_tsne_1d_x": 502.0, "grid_tsne_2d_x": 22.0, "grid_tsne_2d_y": 5.0, "grid_tsne_3d_x": 10.0, "grid_tsne_3d_y": 0.0, "grid_tsne_3d_z": 6.0, "patch_file_embed": "patch_0502_embed.png", "patch_file_rgb": "patch_0502_rgb.png" }, "geometry": { "type": "Point", "coordinates": [ -74.428038130905733, 9.193682527220048 ] } },
{ "type": "Feature", "properties": { "index": 503, "lon": 153.98575435338915, "lat": 64.167495670851281, "classification": 113, "subregion_name": "Eastern Europe", "umap_1d_x": 16.209763, "umap_2d_x": -45.15432, "umap_2d_y": 6.7255211, "umap_3d_x": -49.596329, "umap_3d_y": 20.320778, "umap_3d_z": -25.926451, "tsne_1d_x": -66.531906, "tsne_2d_x": -45.013504, "tsne_2d_y": 5.5556297, "tsne_3d_x": 3.4211159, "tsne_3d_y": 44.687828, "tsne_3d_z": 19.733276, "grid_umap_1d_x": 503.0, "grid_umap_2d_x": 8.0, "grid_umap_2d_y": 18.0, "grid_umap_3d_x": 3.0, "grid_umap_3d_y": 7.0, "grid_umap_3d_z": 3.0, "grid_tsne_1d_x": 503.0, "grid_tsne_2d_x": 8.0, "grid_tsne_2d_y": 18.0, "grid_tsne_3d_x": 5.0, "grid_tsne_3d_y": 10.0, "grid_tsne_3d_z": 4.0, "patch_file_embed": "patch_0503_embed.png", "patch_file_rgb": "patch_0503_rgb.png" }, "geometry": { "type": "Point", "coordinates": [ 153.985754353389154, 64.167495670851281 ] } },
{ "type": "Feature", "properties": { "index": 504, "lon": -44.052527205379249, "lat": -17.567541069797585, "classification": 126, "subregion_name": "Latin America and the Caribbean", "umap_1d_x": -13.978306, "umap_2d_x": 44.405495, "umap_2d_y": -18.434626, "umap_3d_x": 41.063919, "umap_3d_y": -9.9193954, "umap_3d_z": 29.17057, "tsne_1d_x": 56.604542, "tsne_2d_x": 39.410851, "tsne_2d_y": 12.261166, "tsne_3d_x": -2.1070137, "tsne_3d_y": -27.778343, "tsne_3d_z": -21.723721, "grid_umap_1d_x": 504.0, "grid_umap_2d_x": 31.0, "grid_umap_2d_y": 5.0, "grid_umap_3d_x": 10.0, "grid_umap_3d_y": 3.0, "grid_umap_3d_z": 7.0, "grid_tsne_1d_x": 504.0, "grid_tsne_2d_x": 31.0, "grid_tsne_2d_y": 16.0, "grid_tsne_3d_x": 5.0, "grid_tsne_3d_y": 3.0, "grid_tsne_3d_z": 2.0, "patch_file_embed": "patch_0504_embed.png", "patch_file_rgb": "patch_0504_rgb.png" }, "geometry": { "type": "Point", "coordinates": [ -44.052527205379249, -17.567541069797585 ] } },
{ "type": "Feature", "properties": { "index": 505, "lon": 102.11748228351036, "lat": 52.568310229424938, "classification": 111, "subregion_name": "Eastern Europe", "umap_1d_x": 14.265231, "umap_2d_x": -35.776562, "umap_2d_y": 4.7851562, "umap_3d_x": -46.263622, "umap_3d_y": 6.2591019, "umap_3d_z": -2.9976425, "tsne_1d_x": -37.452644, "tsne_2d_x": -35.238113, "tsne_2d_y": -16.595303, "tsne_3d_x": -4.9488983, "tsne_3d_y": 35.415176, "tsne_3d_z": -5.7080231, "grid_umap_1d_x": 505.0, "grid_umap_2d_x": 4.0, "grid_umap_2d_y": 15.0, "grid_umap_3d_x": 0.0, "grid_umap_3d_y": 6.0, "grid_umap_3d_z": 6.0, "grid_tsne_1d_x": 505.0, "grid_tsne_2d_x": 4.0, "grid_tsne_2d_y": 7.0, "grid_tsne_3d_x": 4.0, "grid_tsne_3d_y": 9.0, "grid_tsne_3d_z": 1.0, "patch_file_embed": "patch_0505_embed.png", "patch_file_rgb": "patch_0505_rgb.png" }, "geometry": { "type": "Point", "coordinates": [ 102.117482283510356, 52.568310229424938 ] } },
{ "type": "Feature", "properties": { "index": 506, "lon": 1.4665055398691891, "lat": 11.252590344412909, "classification": 20, "subregion_name": "Sub-Saharan Africa", "umap_1d_x": -2.5661173, "umap_2d_x": 10.602348, "umap_2d_y": 23.211411, "umap_3d_x": 8.6220665, "umap_3d_y": 32.648743, "umap_3d_z": 37.688606, "tsne_1d_x": 23.095865, "tsne_2d_x": 16.613243, "tsne_2d_y": -12.640793, "tsne_3d_x": 10.33461, "tsne_3d_y": -44.31208, "tsne_3d_z": 22.57373, "grid_umap_1d_x": 506.0, "grid_umap_2d_x": 12.0, "grid_umap_2d_y": 23.0, "grid_umap_3d_x": 6.0, "grid_umap_3d_y": 6.0, "grid_umap_3d_z": 6.0, "grid_tsne_1d_x": 506.0, "grid_tsne_2d_x": 19.0, "grid_tsne_2d_y": 7.0, "grid_tsne_3d_x": 5.0, "grid_tsne_3d_y": 0.0, "grid_tsne_3d_z": 7.0, "patch_file_embed": "patch_0506_embed.png", "patch_file_rgb": "patch_0506_rgb.png" }, "geometry": { "type": "Point", "coordinates": [ 1.466505539869189, 11.252590344412909 ] } },
{ "type": "Feature", "properties": { "index": 507, "lon": 143.31135887599919, "lat": -28.026887383317632, "classification": 20, "subregion_name": "Unknown", "umap_1d_x": -20.367388, "umap_2d_x": 40.932869, "umap_2d_y": -47.731335, "umap_3d_x": 49.258331, "umap_3d_y": -47.000305, "umap_3d_z": 21.631287, "tsne_1d_x": 79.30397, "tsne_2d_x": 40.921822, "tsne_2d_y": 42.65947, "tsne_3d_x": -42.409019, "tsne_3d_y": -17.004463, "tsne_3d_z": -27.883617, "grid_umap_1d_x": 507.0, "grid_umap_2d_x": 21.0, "grid_umap_2d_y": 2.0, "grid_umap_3d_x": 8.0, "grid_umap_3d_y": 0.0, "grid_umap_3d_z": 2.0, "grid_tsne_1d_x": 507.0, "grid_tsne_2d_x": 24.0, "grid_tsne_2d_y": 27.0, "grid_tsne_3d_x": 1.0, "grid_tsne_3d_y": 5.0, "grid_tsne_3d_z": 1.0, "patch_file_embed": "patch_0507_embed.png", "patch_file_rgb": "patch_0507_rgb.png" }, "geometry": { "type": "Point", "coordinates": [ 143.31135887599919, -28.026887383317632 ] } },
{ "type": "Feature", "properties": { "index": 508, "lon": 63.877718663943881, "lat": 64.259437587201134, "classification": 126, "subregion_name": "Eastern Europe", "umap_1d_x": 17.88394, "umap_2d_x": -43.544331, "umap_2d_y": -9.8027687, "umap_3d_x": -45.974277, "umap_3d_y": 4.6827011, "umap_3d_z": -39.898582, "tsne_1d_x": -57.272961, "tsne_2d_x": -32.805183, "tsne_2d_y": 24.875427, "tsne_3d_x": 2.3379936, "tsne_3d_y": 24.33931, "tsne_3d_z": 32.162064, "grid_umap_1d_x": 508.0, "grid_umap_2d_x": 8.0, "grid_umap_2d_y": 7.0, "grid_umap_3d_x": 5.0, "grid_umap_3d_y": 4.0, "grid_umap_3d_z": 2.0, "grid_tsne_1d_x": 508.0, "grid_tsne_2d_x": 6.0, "grid_tsne_2d_y": 26.0, "grid_tsne_3d_x": 4.0, "grid_tsne_3d_y": 9.0, "grid_tsne_3d_z": 8.0, "patch_file_embed": "patch_0508_embed.png", "patch_file_rgb": "patch_0508_rgb.png" }, "geometry": { "type": "Point", "coordinates": [ 63.877718663943881, 64.259437587201134 ] } },
{ "type": "Feature", "properties": { "index": 509, "lon": 36.006991962362207, "lat": 0.096762668823466, "classification": 126, "subregion_name": "Sub-Saharan Africa", "umap_1d_x": -1.4781086, "umap_2d_x": 6.6983833, "umap_2d_y": 28.422791, "umap_3d_x": 6.2861862, "umap_3d_y": 28.900604, "umap_3d_z": 27.527908, "tsne_1d_x": 19.30958, "tsne_2d_x": 9.473999, "tsne_2d_y": -15.803478, "tsne_3d_x": 3.0699921, "tsne_3d_y": -38.002251, "tsne_3d_z": 4.947937, "grid_umap_1d_x": 509.0, "grid_umap_2d_x": 10.0, "grid_umap_2d_y": 27.0, "grid_umap_3d_x": 5.0, "grid_umap_3d_y": 8.0, "grid_umap_3d_z": 7.0, "grid_tsne_1d_x": 509.0, "grid_tsne_2d_x": 15.0, "grid_tsne_2d_y": 8.0, "grid_tsne_3d_x": 4.0, "grid_tsne_3d_y": 0.0, "grid_tsne_3d_z": 4.0, "patch_file_embed": "patch_0509_embed.png", "patch_file_rgb": "patch_0509_rgb.png" }, "geometry": { "type": "Point", "coordinates": [ 36.006991962362207, 0.096762668823466 ] } },
{ "type": "Feature", "properties": { "index": 510, "lon": 15.691624461714923, "lat": 10.068714592562685, "classification": 20, "subregion_name": "Sub-Saharan Africa", "umap_1d_x": -2.4689023, "umap_2d_x": 10.397331, "umap_2d_y": 23.821243, "umap_3d_x": 9.0396118, "umap_3d_y": 31.79467, "umap_3d_z": 37.279503, "tsne_1d_x": 22.839394, "tsne_2d_x": 15.843895, "tsne_2d_y": -13.423767, "tsne_3d_x": 9.1869354, "tsne_3d_y": -43.61438, "tsne_3d_z": 19.892815, "grid_umap_1d_x": 510.0, "grid_umap_2d_x": 11.0, "grid_umap_2d_y": 24.0, "grid_umap_3d_x": 8.0, "grid_umap_3d_y": 6.0, "grid_umap_3d_z": 7.0, "grid_tsne_1d_x": 510.0, "grid_tsne_2d_x": 18.0, "grid_tsne_2d_y": 3.0, "grid_tsne_3d_x": 4.0, "grid_tsne_3d_y": 1.0, "grid_tsne_3d_z": 6.0, "patch_file_embed": "patch_0510_embed.png", "patch_file_rgb": "patch_0510_rgb.png" }, "geometry": { "type": "Point", "coordinates": [ 15.691624461714923, 10.068714592562685 ] } },
{ "type": "Feature", "properties": { "index": 511, "lon": 98.906256049632987, "lat": 68.128326506600075, "classification": 116, "subregion_name": "Eastern Europe", "umap_1d_x": 18.715883, "umap_2d_x": -48.291191, "umap_2d_y": 3.9113922, "umap_3d_x": -48.312149, "umap_3d_y": 23.887352, "umap_3d_z": -38.263695, "tsne_1d_x": -68.677582, "tsne_2d_x": -42.492085, "tsne_2d_y": 16.827415, "tsne_3d_x": 14.690712, "tsne_3d_y": 43.496437, "tsne_3d_z": 30.954689, "grid_umap_1d_x": 511.0, "grid_umap_2d_x": 11.0, "grid_umap_2d_y": 18.0, "grid_umap_3d_x": 3.0, "grid_umap_3d_y": 9.0, "grid_umap_3d_z": 1.0, "grid_tsne_1d_x": 511.0, "grid_tsne_2d_x": 8.0, "grid_tsne_2d_y": 22.0, "grid_tsne_3d_x": 7.0, "grid_tsne_3d_y": 9.0, "grid_tsne_3d_z": 5.0, "patch_file_embed": "patch_0511_embed.png", "patch_file_rgb": "patch_0511_rgb.png" }, "geometry": { "type": "Point", "coordinates": [ 98.906256049632987, 68.128326506600075 ] } },
{ "type": "Feature", "properties": { "index": 512, "lon": 25.435669171541065, "lat": -12.071613496595397, "classification": 114, "subregion_name": "Sub-Saharan Africa", "umap_1d_x": -13.049354, "umap_2d_x": 47.65139, "umap_2d_y": -17.969524, "umap_3d_x": 36.753387, "umap_3d_y": -11.1334, "umap_3d_z": 27.307808, "tsne_1d_x": 52.481491, "tsne_2d_x": 37.678253, "tsne_2d_y": 6.0465317, "tsne_3d_x": -3.474575, "tsne_3d_y": -36.507141, "tsne_3d_z": -17.813747, "grid_umap_1d_x": 512.0, "grid_umap_2d_x": 28.0, "grid_umap_2d_y": 15.0, "grid_umap_3d_x": 7.0, "grid_umap_3d_y": 3.0, "grid_umap_3d_z": 5.0, "grid_tsne_1d_x": 512.0, "grid_tsne_2d_x": 28.0, "grid_tsne_2d_y": 14.0, "grid_tsne_3d_x": 4.0, "grid_tsne_3d_y": 1.0, "grid_tsne_3d_z": 2.0, "patch_file_embed": "patch_0512_embed.png", "patch_file_rgb": "patch_0512_rgb.png" }, "geometry": { "type": "Point", "coordinates": [ 25.435669171541065, -12.071613496595397 ] } },
{ "type": "Feature", "properties": { "index": 513, "lon": -61.951566132266009, "lat": -9.9879225823167559, "classification": 112, "subregion_name": "Latin America and the Caribbean", "umap_1d_x": -8.9673176, "umap_2d_x": 38.653412, "umap_2d_y": 26.649193, "umap_3d_x": 35.440285, "umap_3d_y": 39.3573, "umap_3d_z": 0.047801970999991283, "tsne_1d_x": 44.015186, "tsne_2d_x": 46.696793, "tsne_2d_y": -23.071856, "tsne_3d_x": 24.81842, "tsne_3d_y": -46.100166, "tsne_3d_z": -32.398148, "grid_umap_1d_x": 513.0, "grid_umap_2d_x": 31.0, "grid_umap_2d_y": 22.0, "grid_umap_3d_x": 9.0, "grid_umap_3d_y": 5.0, "grid_umap_3d_z": 0.0, "grid_tsne_1d_x": 513.0, "grid_tsne_2d_x": 30.0, "grid_tsne_2d_y": 5.0, "grid_tsne_3d_x": 7.0, "grid_tsne_3d_y": 0.0, "grid_tsne_3d_z": 1.0, "patch_file_embed": "patch_0513_embed.png", "patch_file_rgb": "patch_0513_rgb.png" }, "geometry": { "type": "Point", "coordinates": [ -61.951566132266009, -9.987922582316756 ] } },
{ "type": "Feature", "properties": { "index": 514, "lon": -111.6922848796863, "lat": 56.303130926192125, "classification": 111, "subregion_name": "Northern America", "umap_1d_x": 14.074326, "umap_2d_x": -34.895718, "umap_2d_y": 6.4677582, "umap_3d_x": -44.724072, "umap_3d_y": 6.4903488, "umap_3d_z": -5.2022057, "tsne_1d_x": -37.107014, "tsne_2d_x": -30.910353, "tsne_2d_y": -16.868122, "tsne_3d_x": -0.83067322, "tsne_3d_y": 25.272789, "tsne_3d_z": -1.6767349, "grid_umap_1d_x": 514.0, "grid_umap_2d_x": 21.0, "grid_umap_2d_y": 20.0, "grid_umap_3d_x": 4.0, "grid_umap_3d_y": 5.0, "grid_umap_3d_z": 5.0, "grid_tsne_1d_x": 514.0, "grid_tsne_2d_x": 6.0, "grid_tsne_2d_y": 7.0, "grid_tsne_3d_x": 4.0, "grid_tsne_3d_y": 10.0, "grid_tsne_3d_z": 1.0, "patch_file_embed": "patch_0514_embed.png", "patch_file_rgb": "patch_0514_rgb.png" }, "geometry": { "type": "Point", "coordinates": [ -111.692284879686298, 56.303130926192125 ] } },
{ "type": "Feature", "properties": { "index": 515, "lon": -55.896517059600654, "lat": -27.650177241075276, "classification": 126, "subregion_name": "Latin America and the Caribbean", "umap_1d_x": -17.113998, "umap_2d_x": 33.923599, "umap_2d_y": -16.685059, "umap_3d_x": 46.956177, "umap_3d_y": -13.176041, "umap_3d_z": 4.838459, "tsne_1d_x": 66.381905, "tsne_2d_x": 27.874847, "tsne_2d_y": 30.80455, "tsne_3d_x": -12.768406, "tsne_3d_y": -15.417526, "tsne_3d_z": -47.165421, "grid_umap_1d_x": 515.0, "grid_umap_2d_x": 27.0, "grid_umap_2d_y": 0.0, "grid_umap_3d_x": 9.0, "grid_umap_3d_y": 4.0, "grid_umap_3d_z": 0.0, "grid_tsne_1d_x": 515.0, "grid_tsne_2d_x": 27.0, "grid_tsne_2d_y": 30.0, "grid_tsne_3d_x": 4.0, "grid_tsne_3d_y": 6.0, "grid_tsne_3d_z": 0.0, "patch_file_embed": "patch_0515_embed.png", "patch_file_rgb": "patch_0515_rgb.png" }, "geometry": { "type": "Point", "coordinates": [ -55.896517059600654, -27.650177241075276 ] } },
{ "type": "Feature", "properties": { "index": 516, "lon": 134.36475747987737, "lat": -15.830069866592815, "classification": 114, "subregion_name": "Unknown", "umap_1d_x": -18.442162, "umap_2d_x": 40.105186, "umap_2d_y": -33.862404, "umap_3d_x": 48.318863, "umap_3d_y": -28.829943, "umap_3d_z": 25.057442, "tsne_1d_x": 74.070107, "tsne_2d_x": 44.850899, "tsne_2d_y": 30.016441, "tsne_3d_x": -27.658306, "tsne_3d_y": -25.349995, "tsne_3d_z": -32.046757, "grid_umap_1d_x": 516.0, "grid_umap_2d_x": 26.0, "grid_umap_2d_y": 1.0, "grid_umap_3d_x": 8.0, "grid_umap_3d_y": 2.0, "grid_umap_3d_z": 3.0, "grid_tsne_1d_x": 516.0, "grid_tsne_2d_x": 23.0, "grid_tsne_2d_y": 23.0, "grid_tsne_3d_x": 2.0, "grid_tsne_3d_y": 4.0, "grid_tsne_3d_z": 1.0, "patch_file_embed": "patch_0516_embed.png", "patch_file_rgb": "patch_0516_rgb.png" }, "geometry": { "type": "Point", "coordinates": [ 134.364757479877369, -15.830069866592815 ] } },
{ "type": "Feature", "properties": { "index": 517, "lon": 124.24696912661727, "lat": -17.906304309958465, "classification": 126, "subregion_name": "Unknown", "umap_1d_x": -18.723684, "umap_2d_x": 40.36338, "umap_2d_y": -36.796787, "umap_3d_x": 48.651382, "umap_3d_y": -32.147411, "umap_3d_z": 25.776672, "tsne_1d_x": 74.508522, "tsne_2d_x": 45.41674, "tsne_2d_y": 32.97876, "tsne_3d_x": -31.904703, "tsne_3d_y": -25.304356, "tsne_3d_z": -28.731976, "grid_umap_1d_x": 517.0, "grid_umap_2d_x": 24.0, "grid_umap_2d_y": 4.0, "grid_umap_3d_x": 9.0, "grid_umap_3d_y": 0.0, "grid_umap_3d_z": 5.0, "grid_tsne_1d_x": 517.0, "grid_tsne_2d_x": 29.0, "grid_tsne_2d_y": 26.0, "grid_tsne_3d_x": 1.0, "grid_tsne_3d_y": 3.0, "grid_tsne_3d_z": 1.0, "patch_file_embed": "patch_0517_embed.png", "patch_file_rgb": "patch_0517_rgb.png" }, "geometry": { "type": "Point", "coordinates": [ 124.246969126617273, -17.906304309958465 ] } },
{ "type": "Feature", "properties": { "index": 518, "lon": 136.41518755223359, "lat": 47.383130830292146, "classification": 114, "subregion_name": "Eastern Europe", "umap_1d_x": 12.748914, "umap_2d_x": -34.707455, "umap_2d_y": 14.452606, "umap_3d_x": -40.689457, "umap_3d_y": 13.75304, "umap_3d_z": -11.811153, "tsne_1d_x": -40.534256, "tsne_2d_x": -34.597862, "tsne_2d_y": -5.9463844, "tsne_3d_x": 16.976807, "tsne_3d_y": 21.986893, "tsne_3d_z": 0.23258209, "grid_umap_1d_x": 518.0, "grid_umap_2d_x": 13.0, "grid_umap_2d_y": 22.0, "grid_umap_3d_x": 2.0, "grid_umap_3d_y": 6.0, "grid_umap_3d_z": 4.0, "grid_tsne_1d_x": 518.0, "grid_tsne_2d_x": 16.0, "grid_tsne_2d_y": 16.0, "grid_tsne_3d_x": 10.0, "grid_tsne_3d_y": 10.0, "grid_tsne_3d_z": 1.0, "patch_file_embed": "patch_0518_embed.png", "patch_file_rgb": "patch_0518_rgb.png" }, "geometry": { "type": "Point", "coordinates": [ 136.41518755223359, 47.383130830292146 ] } },
{ "type": "Feature", "properties": { "index": 519, "lon": -59.002807404142473, "lat": -29.778863074788532, "classification": 90, "subregion_name": "Latin America and the Caribbean", "umap_1d_x": -17.127106, "umap_2d_x": 33.944138, "umap_2d_y": -15.942619, "umap_3d_x": 47.179985, "umap_3d_y": -11.836044, "umap_3d_z": 5.2036514, "tsne_1d_x": 66.050545, "tsne_2d_x": 26.974419, "tsne_2d_y": 28.387505, "tsne_3d_x": -8.5158081, "tsne_3d_y": -17.714867, "tsne_3d_z": -47.818241, "grid_umap_1d_x": 519.0, "grid_umap_2d_x": 25.0, "grid_umap_2d_y": 6.0, "grid_umap_3d_x": 10.0, "grid_umap_3d_y": 4.0, "grid_umap_3d_z": 0.0, "grid_tsne_1d_x": 519.0, "grid_tsne_2d_x": 22.0, "grid_tsne_2d_y": 24.0, "grid_tsne_3d_x": 5.0, "grid_tsne_3d_y": 6.0, "grid_tsne_3d_z": 0.0, "patch_file_embed": "patch_0519_embed.png", "patch_file_rgb": "patch_0519_rgb.png" }, "geometry": { "type": "Point", "coordinates": [ -59.002807404142473, -29.778863074788532 ] } },
{ "type": "Feature", "properties": { "index": 520, "lon": -2.676220853557254, "lat": 41.641054075545952, "classification": 126, "subregion_name": "Southern Europe", "umap_1d_x": 6.592473, "umap_2d_x": -15.077808, "umap_2d_y": 1.2566566, "umap_3d_x": -24.177446, "umap_3d_y": -4.0187798, "umap_3d_z": 8.6930199, "tsne_1d_x": -3.3102791, "tsne_2d_x": 0.10949326000001, "tsne_2d_y": 14.886139, "tsne_3d_x": -18.846209, "tsne_3d_y": -11.492382, "tsne_3d_z": 5.510128, "grid_umap_1d_x": 520.0, "grid_umap_2d_x": 6.0, "grid_umap_2d_y": 8.0, "grid_umap_3d_x": 2.0, "grid_umap_3d_y": 1.0, "grid_umap_3d_z": 7.0, "grid_tsne_1d_x": 520.0, "grid_tsne_2d_x": 8.0, "grid_tsne_2d_y": 17.0, "grid_tsne_3d_x": 2.0, "grid_tsne_3d_y": 3.0, "grid_tsne_3d_z": 4.0, "patch_file_embed": "patch_0520_embed.png", "patch_file_rgb": "patch_0520_rgb.png" }, "geometry": { "type": "Point", "coordinates": [ -2.676220853557254, 41.641054075545952 ] } },
{ "type": "Feature", "properties": { "index": 521, "lon": -93.597623096145227, "lat": 46.535450703049335, "classification": 30, "subregion_name": "Unknown", "umap_1d_x": 11.54076, "umap_2d_x": -29.125586, "umap_2d_y": 18.98835, "umap_3d_x": -35.647335, "umap_3d_y": 8.5943985, "umap_3d_z": -24.77273, "tsne_1d_x": -15.667485, "tsne_2d_x": -19.823444, "tsne_2d_y": 32.549248, "tsne_3d_x": 10.461212, "tsne_3d_y": 6.6251106, "tsne_3d_z": 14.09523, "grid_umap_1d_x": 521.0, "grid_umap_2d_x": 5.0, "grid_umap_2d_y": 23.0, "grid_umap_3d_x": 3.0, "grid_umap_3d_y": 5.0, "grid_umap_3d_z": 2.0, "grid_tsne_1d_x": 521.0, "grid_tsne_2d_x": 7.0, "grid_tsne_2d_y": 30.0, "grid_tsne_3d_x": 8.0, "grid_tsne_3d_y": 5.0, "grid_tsne_3d_z": 7.0, "patch_file_embed": "patch_0521_embed.png", "patch_file_rgb": "patch_0521_rgb.png" }, "geometry": { "type": "Point", "coordinates": [ -93.597623096145227, 46.535450703049335 ] } },
{ "type": "Feature", "properties": { "index": 522, "lon": 57.167843933900969, "lat": 65.380345387655538, "classification": 90, "subregion_name": "Eastern Europe", "umap_1d_x": 17.584429, "umap_2d_x": -42.776455, "umap_2d_y": -13.109173, "umap_3d_x": -44.882809, "umap_3d_y": 0.88918686, "umap_3d_z": -42.172283, "tsne_1d_x": -56.634777, "tsne_2d_x": -30.892778, "tsne_2d_y": 25.187057, "tsne_3d_x": -2.6399155, "tsne_3d_y": 23.386116, "tsne_3d_z": 31.265877, "grid_umap_1d_x": 522.0, "grid_umap_2d_x": 5.0, "grid_umap_2d_y": 4.0, "grid_umap_3d_x": 6.0, "grid_umap_3d_y": 3.0, "grid_umap_3d_z": 2.0, "grid_tsne_1d_x": 522.0, "grid_tsne_2d_x": 3.0, "grid_tsne_2d_y": 26.0, "grid_tsne_3d_x": 3.0, "grid_tsne_3d_y": 8.0, "grid_tsne_3d_z": 7.0, "patch_file_embed": "patch_0522_embed.png", "patch_file_rgb": "patch_0522_rgb.png" }, "geometry": { "type": "Point", "coordinates": [ 57.167843933900969, 65.380345387655538 ] } },
{ "type": "Feature", "properties": { "index": 523, "lon": -4.5033725223640317, "lat": 9.4169584949078029, "classification": 126, "subregion_name": "Sub-Saharan Africa", "umap_1d_x": -2.6128173, "umap_2d_x": 10.674458, "umap_2d_y": 22.291527, "umap_3d_x": 8.1897736, "umap_3d_y": 33.896698, "umap_3d_z": 39.912254, "tsne_1d_x": 23.577192, "tsne_2d_x": 17.691269, "tsne_2d_y": -11.304604, "tsne_3d_x": 9.5366402, "tsne_3d_y": -39.174297, "tsne_3d_z": 23.395241, "grid_umap_1d_x": 523.0, "grid_umap_2d_x": 15.0, "grid_umap_2d_y": 23.0, "grid_umap_3d_x": 2.0, "grid_umap_3d_y": 7.0, "grid_umap_3d_z": 8.0, "grid_tsne_1d_x": 523.0, "grid_tsne_2d_x": 20.0, "grid_tsne_2d_y": 10.0, "grid_tsne_3d_x": 5.0, "grid_tsne_3d_y": 2.0, "grid_tsne_3d_z": 7.0, "patch_file_embed": "patch_0523_embed.png", "patch_file_rgb": "patch_0523_rgb.png" }, "geometry": { "type": "Point", "coordinates": [ -4.503372522364032, 9.416958494907803 ] } },
{ "type": "Feature", "properties": { "index": 524, "lon": 98.793505450694227, "lat": 55.144266310585024, "classification": 114, "subregion_name": "Eastern Europe", "umap_1d_x": 13.045453, "umap_2d_x": -35.659607, "umap_2d_y": 12.759602, "umap_3d_x": -42.773045, "umap_3d_y": 13.778675, "umap_3d_z": -10.566223, "tsne_1d_x": -40.300705, "tsne_2d_x": -33.131088, "tsne_2d_y": -5.4637527, "tsne_3d_x": 10.344929, "tsne_3d_y": 25.91333, "tsne_3d_z": 4.6853256, "grid_umap_1d_x": 524.0, "grid_umap_2d_x": 16.0, "grid_umap_2d_y": 21.0, "grid_umap_3d_x": 1.0, "grid_umap_3d_y": 6.0, "grid_umap_3d_z": 4.0, "grid_tsne_1d_x": 524.0, "grid_tsne_2d_x": 0.0, "grid_tsne_2d_y": 9.0, "grid_tsne_3d_x": 8.0, "grid_tsne_3d_y": 10.0, "grid_tsne_3d_z": 2.0, "patch_file_embed": "patch_0524_embed.png", "patch_file_rgb": "patch_0524_rgb.png" }, "geometry": { "type": "Point", "coordinates": [ 98.793505450694227, 55.144266310585024 ] } },
{ "type": "Feature", "properties": { "index": 525, "lon": 154.52828416337616, "lat": 65.99635291412838, "classification": 113, "subregion_name": "Eastern Europe", "umap_1d_x": 18.629225, "umap_2d_x": -48.25853, "umap_2d_y": 4.2353706, "umap_3d_x": -48.202469, "umap_3d_y": 24.718132, "umap_3d_z": -37.399723, "tsne_1d_x": -68.400276, "tsne_2d_x": -42.702072, "tsne_2d_y": 16.121597, "tsne_3d_x": 15.219269, "tsne_3d_y": 43.753815, "tsne_3d_z": 29.781212, "grid_umap_1d_x": 525.0, "grid_umap_2d_x": 2.0, "grid_umap_2d_y": 16.0, "grid_umap_3d_x": 2.0, "grid_umap_3d_y": 10.0, "grid_umap_3d_z": 0.0, "grid_tsne_1d_x": 525.0, "grid_tsne_2d_x": 2.0, "grid_tsne_2d_y": 21.0, "grid_tsne_3d_x": 8.0, "grid_tsne_3d_y": 9.0, "grid_tsne_3d_z": 5.0, "patch_file_embed": "patch_0525_embed.png", "patch_file_rgb": "patch_0525_rgb.png" }, "geometry": { "type": "Point", "coordinates": [ 154.528284163376156, 65.99635291412838 ] } },
{ "type": "Feature", "properties": { "index": 526, "lon": 25.479635165350288, "lat": -0.30335733922395702, "classification": 112, "subregion_name": "Sub-Saharan Africa", "umap_1d_x": -6.5515342, "umap_2d_x": 31.082085, "umap_2d_y": 41.975845, "umap_3d_x": 27.677299, "umap_3d_y": 35.814308, "umap_3d_z": 10.166161, "tsne_1d_x": 37.948009, "tsne_2d_x": 38.601936, "tsne_2d_y": -35.173912, "tsne_3d_x": 47.506729, "tsne_3d_y": -33.524864, "tsne_3d_z": -21.978647, "grid_umap_1d_x": 526.0, "grid_umap_2d_x": 24.0, "grid_umap_2d_y": 24.0, "grid_umap_3d_x": 9.0, "grid_umap_3d_y": 8.0, "grid_umap_3d_z": 6.0, "grid_tsne_1d_x": 526.0, "grid_tsne_2d_x": 27.0, "grid_tsne_2d_y": 0.0, "grid_tsne_3d_x": 9.0, "grid_tsne_3d_y": 5.0, "grid_tsne_3d_z": 2.0, "patch_file_embed": "patch_0526_embed.png", "patch_file_rgb": "patch_0526_rgb.png" }, "geometry": { "type": "Point", "coordinates": [ 25.479635165350288, -0.303357339223957 ] } },
{ "type": "Feature", "properties": { "index": 527, "lon": 80.575964654563052, "lat": 19.814204540369445, "classification": 40, "subregion_name": "Southern Asia", "umap_1d_x": -0.089148171, "umap_2d_x": 5.347908, "umap_2d_y": 39.322548, "umap_3d_x": 3.2702866, "umap_3d_y": 38.236839, "umap_3d_z": 26.464493, "tsne_1d_x": 14.626565, "tsne_2d_x": 11.069332, "tsne_2d_y": -35.747009, "tsne_3d_x": 18.852905, "tsne_3d_y": -28.855358, "tsne_3d_z": 21.88147, "grid_umap_1d_x": 527.0, "grid_umap_2d_x": 14.0, "grid_umap_2d_y": 30.0, "grid_umap_3d_x": 4.0, "grid_umap_3d_y": 9.0, "grid_umap_3d_z": 7.0, "grid_tsne_1d_x": 527.0, "grid_tsne_2d_x": 16.0, "grid_tsne_2d_y": 1.0, "grid_tsne_3d_x": 6.0, "grid_tsne_3d_y": 2.0, "grid_tsne_3d_z": 7.0, "patch_file_embed": "patch_0527_embed.png", "patch_file_rgb": "patch_0527_rgb.png" }, "geometry": { "type": "Point", "coordinates": [ 80.575964654563052, 19.814204540369445 ] } },
{ "type": "Feature", "properties": { "index": 528, "lon": -89.699012146950992, "lat": 53.980223588765767, "classification": 111, "subregion_name": "Northern America", "umap_1d_x": 16.439629, "umap_2d_x": -38.191586, "umap_2d_y": -6.5468903, "umap_3d_x": -47.686344, "umap_3d_y": -3.4271431, "umap_3d_z": -22.800959, "tsne_1d_x": -51.403202, "tsne_2d_x": -28.757736, "tsne_2d_y": 10.330154, "tsne_3d_x": -8.178009, "tsne_3d_y": 25.38459, "tsne_3d_z": 14.802956, "grid_umap_1d_x": 528.0, "grid_umap_2d_x": 4.0, "grid_umap_2d_y": 7.0, "grid_umap_3d_x": 3.0, "grid_umap_3d_y": 3.0, "grid_umap_3d_z": 3.0, "grid_tsne_1d_x": 528.0, "grid_tsne_2d_x": 6.0, "grid_tsne_2d_y": 18.0, "grid_tsne_3d_x": 2.0, "grid_tsne_3d_y": 10.0, "grid_tsne_3d_z": 6.0, "patch_file_embed": "patch_0528_embed.png", "patch_file_rgb": "patch_0528_rgb.png" }, "geometry": { "type": "Point", "coordinates": [ -89.699012146950992, 53.980223588765767 ] } },
{ "type": "Feature", "properties": { "index": 529, "lon": 20.907232600366854, "lat": -8.4762478237053713, "classification": 30, "subregion_name": "Sub-Saharan Africa", "umap_1d_x": -12.720021, "umap_2d_x": 49.748344, "umap_2d_y": -15.622272, "umap_3d_x": 34.091202, "umap_3d_y": -8.0201492, "umap_3d_z": 30.542213, "tsne_1d_x": 51.356609, "tsne_2d_x": 37.393814, "tsne_2d_y": 1.3303871, "tsne_3d_x": -5.1151161, "tsne_3d_y": -44.154907, "tsne_3d_z": -18.278732, "grid_umap_1d_x": 529.0, "grid_umap_2d_x": 29.0, "grid_umap_2d_y": 17.0, "grid_umap_3d_x": 6.0, "grid_umap_3d_y": 4.0, "grid_umap_3d_z": 6.0, "grid_tsne_1d_x": 529.0, "grid_tsne_2d_x": 29.0, "grid_tsne_2d_y": 11.0, "grid_tsne_3d_x": 4.0, "grid_tsne_3d_y": 2.0, "grid_tsne_3d_z": 3.0, "patch_file_embed": "patch_0529_embed.png", "patch_file_rgb": "patch_0529_rgb.png" }, "geometry": { "type": "Point", "coordinates": [ 20.907232600366854, -8.476247823705371 ] } },
{ "type": "Feature", "properties": { "index": 530, "lon": -96.288223619374278, "lat": 59.275667610107746, "classification": 111, "subregion_name": "Northern America", "umap_1d_x": 17.89616, "umap_2d_x": -44.546967, "umap_2d_y": -8.0991859, "umap_3d_x": -46.772308, "umap_3d_y": 9.1728935, "umap_3d_z": -40.552517, "tsne_1d_x": -60.040176, "tsne_2d_x": -36.952087, "tsne_2d_y": 26.727196, "tsne_3d_x": 14.981285, "tsne_3d_y": 25.987778, "tsne_3d_z": 33.720215, "grid_umap_1d_x": 530.0, "grid_umap_2d_x": 5.0, "grid_umap_2d_y": 8.0, "grid_umap_3d_x": 5.0, "grid_umap_3d_y": 5.0, "grid_umap_3d_z": 2.0, "grid_tsne_1d_x": 530.0, "grid_tsne_2d_x": 2.0, "grid_tsne_2d_y": 27.0, "grid_tsne_3d_x": 7.0, "grid_tsne_3d_y": 7.0, "grid_tsne_3d_z": 6.0, "patch_file_embed": "patch_0530_embed.png", "patch_file_rgb": "patch_0530_rgb.png" }, "geometry": { "type": "Point", "coordinates": [ -96.288223619374278, 59.275667610107746 ] } },
{ "type": "Feature", "properties": { "index": 531, "lon": 140.58741096145644, "lat": 64.972827521207861, "classification": 30, "subregion_name": "Eastern Europe", "umap_1d_x": 19.443848, "umap_2d_x": -48.46413, "umap_2d_y": -5.1009102, "umap_3d_x": -46.449871, "umap_3d_y": 19.987717, "umap_3d_z": -45.557671, "tsne_1d_x": -73.626419, "tsne_2d_x": -48.480583, "tsne_2d_y": 26.723701, "tsne_3d_x": 9.4775848, "tsne_3d_y": 49.052368, "tsne_3d_z": 42.423859, "grid_umap_1d_x": 531.0, "grid_umap_2d_x": 1.0, "grid_umap_2d_y": 9.0, "grid_umap_3d_x": 5.0, "grid_umap_3d_y": 8.0, "grid_umap_3d_z": 0.0, "grid_tsne_1d_x": 531.0, "grid_tsne_2d_x": 1.0, "grid_tsne_2d_y": 27.0, "grid_tsne_3d_x": 6.0, "grid_tsne_3d_y": 9.0, "grid_tsne_3d_z": 6.0, "patch_file_embed": "patch_0531_embed.png", "patch_file_rgb": "patch_0531_rgb.png" }, "geometry": { "type": "Point", "coordinates": [ 140.587410961456442, 64.972827521207861 ] } },
{ "type": "Feature", "properties": { "index": 532, "lon": 128.27702198571291, "lat": 58.66248377676412, "classification": 113, "subregion_name": "Eastern Europe", "umap_1d_x": 15.309632, "umap_2d_x": -40.131935, "umap_2d_y": 12.140472, "umap_3d_x": -46.896141, "umap_3d_y": 18.522263, "umap_3d_z": -13.177475, "tsne_1d_x": -42.942909, "tsne_2d_x": -41.114014, "tsne_2d_y": -1.9024353, "tsne_3d_x": 10.04604, "tsne_3d_y": 36.407631, "tsne_3d_z": 8.471714, "grid_umap_1d_x": 532.0, "grid_umap_2d_x": 15.0, "grid_umap_2d_y": 21.0, "grid_umap_3d_x": 2.0, "grid_umap_3d_y": 8.0, "grid_umap_3d_z": 5.0, "grid_tsne_1d_x": 532.0, "grid_tsne_2d_x": 3.0, "grid_tsne_2d_y": 13.0, "grid_tsne_3d_x": 7.0, "grid_tsne_3d_y": 8.0, "grid_tsne_3d_z": 2.0, "patch_file_embed": "patch_0532_embed.png", "patch_file_rgb": "patch_0532_rgb.png" }, "geometry": { "type": "Point", "coordinates": [ 128.277021985712906, 58.66248377676412 ] } },
{ "type": "Feature", "properties": { "index": 533, "lon": 10.3642562038319, "lat": 33.246392612199116, "classification": 60, "subregion_name": "Northern Africa", "umap_1d_x": 5.7335596, "umap_2d_x": -10.11491, "umap_2d_y": 5.5538712, "umap_3d_x": -18.835999, "umap_3d_y": 0.25352097, "umap_3d_z": 13.819565, "tsne_1d_x": -0.31358606, "tsne_2d_x": 10.002293, "tsne_2d_y": 10.525333, "tsne_3d_x": -15.630215, "tsne_3d_y": -26.708542, "tsne_3d_z": 18.181679, "grid_umap_1d_x": 533.0, "grid_umap_2d_x": 9.0, "grid_umap_2d_y": 11.0, "grid_umap_3d_x": 1.0, "grid_umap_3d_y": 2.0, "grid_umap_3d_z": 8.0, "grid_tsne_1d_x": 533.0, "grid_tsne_2d_x": 14.0, "grid_tsne_2d_y": 13.0, "grid_tsne_3d_x": 2.0, "grid_tsne_3d_y": 2.0, "grid_tsne_3d_z": 6.0, "patch_file_embed": "patch_0533_embed.png", "patch_file_rgb": "patch_0533_rgb.png" }, "geometry": { "type": "Point", "coordinates": [ 10.3642562038319, 33.246392612199116 ] } },
{ "type": "Feature", "properties": { "index": 534, "lon": -5.1005699346497977, "lat": 58.177010431186034, "classification": 30, "subregion_name": "Unknown", "umap_1d_x": 22.245426, "umap_2d_x": -23.564138, "umap_2d_y": -16.282017, "umap_3d_x": -32.149529, "umap_3d_y": -16.518955, "umap_3d_z": -9.3109169, "tsne_1d_x": -20.969799, "tsne_2d_x": -12.352852, "tsne_2d_y": 19.790176, "tsne_3d_x": -42.174232, "tsne_3d_y": 5.6984367, "tsne_3d_z": 13.227802, "grid_umap_1d_x": 534.0, "grid_umap_2d_x": 11.0, "grid_umap_2d_y": 0.0, "grid_umap_3d_x": 3.0, "grid_umap_3d_y": 0.0, "grid_umap_3d_z": 4.0, "grid_tsne_1d_x": 534.0, "grid_tsne_2d_x": 9.0, "grid_tsne_2d_y": 22.0, "grid_tsne_3d_x": 2.0, "grid_tsne_3d_y": 6.0, "grid_tsne_3d_z": 4.0, "patch_file_embed": "patch_0534_embed.png", "patch_file_rgb": "patch_0534_rgb.png" }, "geometry": { "type": "Point", "coordinates": [ -5.100569934649798, 58.177010431186034 ] } },
{ "type": "Feature", "properties": { "index": 535, "lon": 26.706590377308544, "lat": 68.453239784714555, "classification": 111, "subregion_name": "Unknown", "umap_1d_x": 20.094168, "umap_2d_x": -34.424934, "umap_2d_y": -12.341698, "umap_3d_x": -43.047775, "umap_3d_y": -7.7518044, "umap_3d_z": -21.928772, "tsne_1d_x": -47.416153, "tsne_2d_x": -23.631498, "tsne_2d_y": 9.8397789, "tsne_3d_x": -24.144178, "tsne_3d_y": 26.689087, "tsne_3d_z": 19.047905, "grid_umap_1d_x": 535.0, "grid_umap_2d_x": 8.0, "grid_umap_2d_y": 4.0, "grid_umap_3d_x": 4.0, "grid_umap_3d_y": 2.0, "grid_umap_3d_z": 3.0, "grid_tsne_1d_x": 535.0, "grid_tsne_2d_x": 10.0, "grid_tsne_2d_y": 18.0, "grid_tsne_3d_x": 2.0, "grid_tsne_3d_y": 8.0, "grid_tsne_3d_z": 5.0, "patch_file_embed": "patch_0535_embed.png", "patch_file_rgb": "patch_0535_rgb.png" }, "geometry": { "type": "Point", "coordinates": [ 26.706590377308544, 68.453239784714555 ] } },
{ "type": "Feature", "properties": { "index": 536, "lon": 108.86734374146437, "lat": 18.539385927477937, "classification": 40, "subregion_name": "Unknown", "umap_1d_x": 0.62066227, "umap_2d_x": 8.7072372, "umap_2d_y": 43.981857, "umap_3d_x": 4.2151146, "umap_3d_y": 47.537109, "umap_3d_z": 26.526413, "tsne_1d_x": 16.797474, "tsne_2d_x": 17.523079, "tsne_2d_y": -40.087925, "tsne_3d_x": 36.8908, "tsne_3d_y": -34.703793, "tsne_3d_z": 21.75872, "grid_umap_1d_x": 536.0, "grid_umap_2d_x": 19.0, "grid_umap_2d_y": 30.0, "grid_umap_3d_x": 5.0, "grid_umap_3d_y": 10.0, "grid_umap_3d_z": 6.0, "grid_tsne_1d_x": 536.0, "grid_tsne_2d_x": 21.0, "grid_tsne_2d_y": 3.0, "grid_tsne_3d_x": 9.0, "grid_tsne_3d_y": 3.0, "grid_tsne_3d_z": 6.0, "patch_file_embed": "patch_0536_embed.png", "patch_file_rgb": "patch_0536_rgb.png" }, "geometry": { "type": "Point", "coordinates": [ 108.867343741464367, 18.539385927477937 ] } },
{ "type": "Feature", "properties": { "index": 537, "lon": 87.736770674831291, "lat": 65.501250501925881, "classification": 111, "subregion_name": "Eastern Europe", "umap_1d_x": 15.408379, "umap_2d_x": -38.303543, "umap_2d_y": 1.6792717, "umap_3d_x": -47.819408, "umap_3d_y": 1.5849724, "umap_3d_z": -10.92902, "tsne_1d_x": -33.068729, "tsne_2d_x": -28.935789, "tsne_2d_y": -8.6988029, "tsne_3d_x": -8.4870529, "tsne_3d_y": 35.998619, "tsne_3d_z": 9.2858009, "grid_umap_1d_x": 537.0, "grid_umap_2d_x": 10.0, "grid_umap_2d_y": 15.0, "grid_umap_3d_x": 0.0, "grid_umap_3d_y": 4.0, "grid_umap_3d_z": 3.0, "grid_tsne_1d_x": 537.0, "grid_tsne_2d_x": 10.0, "grid_tsne_2d_y": 12.0, "grid_tsne_3d_x": 4.0, "grid_tsne_3d_y": 8.0, "grid_tsne_3d_z": 3.0, "patch_file_embed": "patch_0537_embed.png", "patch_file_rgb": "patch_0537_rgb.png" }, "geometry": { "type": "Point", "coordinates": [ 87.736770674831291, 65.501250501925881 ] } },
{ "type": "Feature", "properties": { "index": 538, "lon": -137.29595672908579, "lat": 63.477819138448865, "classification": 111, "subregion_name": "Northern America", "umap_1d_x": 14.200641, "umap_2d_x": -35.058128, "umap_2d_y": 2.4971085, "umap_3d_x": -45.431427, "umap_3d_y": 2.1804886, "umap_3d_z": -5.2490578, "tsne_1d_x": -35.568527, "tsne_2d_x": -30.227385, "tsne_2d_y": -21.649885, "tsne_3d_x": -4.5158615, "tsne_3d_y": 18.128304, "tsne_3d_z": 1.0472908, "grid_umap_1d_x": 538.0, "grid_umap_2d_x": 3.0, "grid_umap_2d_y": 13.0, "grid_umap_3d_x": 2.0, "grid_umap_3d_y": 4.0, "grid_umap_3d_z": 5.0, "grid_tsne_1d_x": 538.0, "grid_tsne_2d_x": 0.0, "grid_tsne_2d_y": 0.0, "grid_tsne_3d_x": 2.0, "grid_tsne_3d_y": 10.0, "grid_tsne_3d_z": 2.0, "patch_file_embed": "patch_0538_embed.png", "patch_file_rgb": "patch_0538_rgb.png" }, "geometry": { "type": "Point", "coordinates": [ -137.295956729085788, 63.477819138448865 ] } },
{ "type": "Feature", "properties": { "index": 539, "lon": -113.54495739533282, "lat": 57.312020241371954, "classification": 121, "subregion_name": "Northern America", "umap_1d_x": 16.69191, "umap_2d_x": -39.577805, "umap_2d_y": -4.4326515, "umap_3d_x": -47.676594, "umap_3d_y": 0.87887573, "umap_3d_z": -25.359491, "tsne_1d_x": -51.589279, "tsne_2d_x": -31.164112, "tsne_2d_y": 9.6392975, "tsne_3d_x": -4.1908646, "tsne_3d_y": 17.063744, "tsne_3d_z": 14.56102, "grid_umap_1d_x": 539.0, "grid_umap_2d_x": 14.0, "grid_umap_2d_y": 12.0, "grid_umap_3d_x": 5.0, "grid_umap_3d_y": 4.0, "grid_umap_3d_z": 4.0, "grid_tsne_1d_x": 539.0, "grid_tsne_2d_x": 2.0, "grid_tsne_2d_y": 17.0, "grid_tsne_3d_x": 1.0, "grid_tsne_3d_y": 10.0, "grid_tsne_3d_z": 8.0, "patch_file_embed": "patch_0539_embed.png", "patch_file_rgb": "patch_0539_rgb.png" }, "geometry": { "type": "Point", "coordinates": [ -113.544957395332816, 57.312020241371954 ] } },
{ "type": "Feature", "properties": { "index": 540, "lon": 31.329214835008713, "lat": -8.275573902799124, "classification": 114, "subregion_name": "Sub-Saharan Africa", "umap_1d_x": -12.907601, "umap_2d_x": 48.102745, "umap_2d_y": -17.354172, "umap_3d_x": 35.562096, "umap_3d_y": -10.038673, "umap_3d_z": 26.457626, "tsne_1d_x": 51.873276, "tsne_2d_x": 34.81543, "tsne_2d_y": 1.9982986, "tsne_3d_x": 1.5420494, "tsne_3d_y": -37.530907, "tsne_3d_z": -12.979935, "grid_umap_1d_x": 540.0, "grid_umap_2d_x": 30.0, "grid_umap_2d_y": 13.0, "grid_umap_3d_x": 7.0, "grid_umap_3d_y": 4.0, "grid_umap_3d_z": 5.0, "grid_tsne_1d_x": 540.0, "grid_tsne_2d_x": 31.0, "grid_tsne_2d_y": 7.0, "grid_tsne_3d_x": 5.0, "grid_tsne_3d_y": 0.0, "grid_tsne_3d_z": 3.0, "patch_file_embed": "patch_0540_embed.png", "patch_file_rgb": "patch_0540_rgb.png" }, "geometry": { "type": "Point", "coordinates": [ 31.329214835008713, -8.275573902799124 ] } },
{ "type": "Feature", "properties": { "index": 541, "lon": 133.54925991211599, "lat": 59.907013184875552, "classification": 113, "subregion_name": "Eastern Europe", "umap_1d_x": 16.233219, "umap_2d_x": -44.321712, "umap_2d_y": 9.1966095, "umap_3d_x": -47.920609, "umap_3d_y": 21.655502, "umap_3d_z": -24.796232, "tsne_1d_x": -44.313389, "tsne_2d_x": -41.580883, "tsne_2d_y": 7.2518463, "tsne_3d_x": 12.271435, "tsne_3d_y": 36.507126, "tsne_3d_z": 19.464371, "grid_umap_1d_x": 541.0, "grid_umap_2d_x": 18.0, "grid_umap_2d_y": 21.0, "grid_umap_3d_x": 1.0, "grid_umap_3d_y": 9.0, "grid_umap_3d_z": 2.0, "grid_tsne_1d_x": 541.0, "grid_tsne_2d_x": 11.0, "grid_tsne_2d_y": 19.0, "grid_tsne_3d_x": 7.0, "grid_tsne_3d_y": 9.0, "grid_tsne_3d_z": 4.0, "patch_file_embed": "patch_0541_embed.png", "patch_file_rgb": "patch_0541_rgb.png" }, "geometry": { "type": "Point", "coordinates": [ 133.549259912115986, 59.907013184875552 ] } },
{ "type": "Feature", "properties": { "index": 542, "lon": -134.43510918087492, "lat": 61.959014748492621, "classification": 111, "subregion_name": "Northern America", "umap_1d_x": 14.249024, "umap_2d_x": -35.272682, "umap_2d_y": 1.232975, "umap_3d_x": -44.55302, "umap_3d_y": 2.1822433, "umap_3d_z": -7.7043457, "tsne_1d_x": -35.058624, "tsne_2d_x": -30.369053, "tsne_2d_y": 4.3514481, "tsne_3d_x": -20.462921, "tsne_3d_y": 13.925194, "tsne_3d_z": -8.7815781, "grid_umap_1d_x": 542.0, "grid_umap_2d_x": 11.0, "grid_umap_2d_y": 14.0, "grid_umap_3d_x": 1.0, "grid_umap_3d_y": 4.0, "grid_umap_3d_z": 4.0, "grid_tsne_1d_x": 542.0, "grid_tsne_2d_x": 11.0, "grid_tsne_2d_y": 17.0, "grid_tsne_3d_x": 0.0, "grid_tsne_3d_y": 8.0, "grid_tsne_3d_z": 0.0, "patch_file_embed": "patch_0542_embed.png", "patch_file_rgb": "patch_0542_rgb.png" }, "geometry": { "type": "Point", "coordinates": [ -134.435109180874917, 61.959014748492621 ] } },
{ "type": "Feature", "properties": { "index": 543, "lon": 17.159180454795376, "lat": 40.742494519569604, "classification": 40, "subregion_name": "Southern Europe", "umap_1d_x": 6.3455577, "umap_2d_x": -15.104023, "umap_2d_y": -1.246769, "umap_3d_x": -23.315886, "umap_3d_y": -5.0374908, "umap_3d_z": 7.2445374, "tsne_1d_x": -2.5330265, "tsne_2d_x": 2.7219582, "tsne_2d_y": 12.980366, "tsne_3d_x": -26.900299, "tsne_3d_y": -11.70546, "tsne_3d_z": 12.341915, "grid_umap_1d_x": 543.0, "grid_umap_2d_x": 15.0, "grid_umap_2d_y": 9.0, "grid_umap_3d_x": 1.0, "grid_umap_3d_y": 0.0, "grid_umap_3d_z": 7.0, "grid_tsne_1d_x": 543.0, "grid_tsne_2d_x": 17.0, "grid_tsne_2d_y": 18.0, "grid_tsne_3d_x": 0.0, "grid_tsne_3d_y": 3.0, "grid_tsne_3d_z": 6.0, "patch_file_embed": "patch_0543_embed.png", "patch_file_rgb": "patch_0543_rgb.png" }, "geometry": { "type": "Point", "coordinates": [ 17.159180454795376, 40.742494519569604 ] } },
{ "type": "Feature", "properties": { "index": 544, "lon": 22.351118072071472, "lat": 37.909732375296159, "classification": 126, "subregion_name": "Southern Europe", "umap_1d_x": 6.6564212, "umap_2d_x": -15.271435, "umap_2d_y": 3.1875534, "umap_3d_x": -23.415529, "umap_3d_y": -1.6572189, "umap_3d_z": 9.1933556, "tsne_1d_x": -3.4375198, "tsne_2d_x": 1.0987511, "tsne_2d_y": 17.061119, "tsne_3d_x": -17.786694, "tsne_3d_y": -11.032005, "tsne_3d_z": 8.9788971, "grid_umap_1d_x": 544.0, "grid_umap_2d_x": 7.0, "grid_umap_2d_y": 10.0, "grid_umap_3d_x": 1.0, "grid_umap_3d_y": 2.0, "grid_umap_3d_z": 7.0, "grid_tsne_1d_x": 544.0, "grid_tsne_2d_x": 19.0, "grid_tsne_2d_y": 21.0, "grid_tsne_3d_x": 1.0, "grid_tsne_3d_y": 2.0, "grid_tsne_3d_z": 5.0, "patch_file_embed": "patch_0544_embed.png", "patch_file_rgb": "patch_0544_rgb.png" }, "geometry": { "type": "Point", "coordinates": [ 22.351118072071472, 37.909732375296159 ] } },
{ "type": "Feature", "properties": { "index": 545, "lon": 40.065799665082551, "lat": 0.18661164564972699, "classification": 20, "subregion_name": "Sub-Saharan Africa", "umap_1d_x": 3.0562394, "umap_2d_x": 7.0185013, "umap_2d_y": 3.9502754, "umap_3d_x": 12.779362, "umap_3d_y": 5.6273766, "umap_3d_z": 49.284431, "tsne_1d_x": 28.55092, "tsne_2d_x": 13.266201, "tsne_2d_y": 36.143227, "tsne_3d_x": -19.15085, "tsne_3d_y": -41.830101, "tsne_3d_z": 10.575336, "grid_umap_1d_x": 545.0, "grid_umap_2d_x": 15.0, "grid_umap_2d_y": 7.0, "grid_umap_3d_x": 4.0, "grid_umap_3d_y": 3.0, "grid_umap_3d_z": 7.0, "grid_tsne_1d_x": 545.0, "grid_tsne_2d_x": 15.0, "grid_tsne_2d_y": 31.0, "grid_tsne_3d_x": 1.0, "grid_tsne_3d_y": 0.0, "grid_tsne_3d_z": 5.0, "patch_file_embed": "patch_0545_embed.png", "patch_file_rgb": "patch_0545_rgb.png" }, "geometry": { "type": "Point", "coordinates": [ 40.065799665082551, 0.186611645649727 ] } },
{ "type": "Feature", "properties": { "index": 546, "lon": 81.131971580661229, "lat": 25.568368735077584, "classification": 40, "subregion_name": "Southern Asia", "umap_1d_x": 1.1828218, "umap_2d_x": 4.4741516, "umap_2d_y": 47.919785, "umap_3d_x": -1.2655296, "umap_3d_y": 44.494682, "umap_3d_z": 28.08313, "tsne_1d_x": 13.77254, "tsne_2d_x": 13.239395, "tsne_2d_y": -44.980995, "tsne_3d_x": 31.085007, "tsne_3d_y": -26.278648, "tsne_3d_z": 30.584869, "grid_umap_1d_x": 546.0, "grid_umap_2d_x": 20.0, "grid_umap_2d_y": 26.0, "grid_umap_3d_x": 1.0, "grid_umap_3d_y": 10.0, "grid_umap_3d_z": 8.0, "grid_tsne_1d_x": 546.0, "grid_tsne_2d_x": 19.0, "grid_tsne_2d_y": 3.0, "grid_tsne_3d_x": 9.0, "grid_tsne_3d_y": 3.0, "grid_tsne_3d_z": 7.0, "patch_file_embed": "patch_0546_embed.png", "patch_file_rgb": "patch_0546_rgb.png" }, "geometry": { "type": "Point", "coordinates": [ 81.131971580661229, 25.568368735077584 ] } },
{ "type": "Feature", "properties": { "index": 547, "lon": 102.55708013712302, "lat": 2.1082682311103231, "classification": 122, "subregion_name": "South-eastern Asia", "umap_1d_x": -4.8572102, "umap_2d_x": 23.752335, "umap_2d_y": 37.044464, "umap_3d_x": 18.081055, "umap_3d_y": 40.352341, "umap_3d_z": 12.078453, "tsne_1d_x": 31.116194, "tsne_2d_x": 26.29528, "tsne_2d_y": -32.26683, "tsne_3d_x": 35.321815, "tsne_3d_y": -40.348057, "tsne_3d_z": -2.276619, "grid_umap_1d_x": 547.0, "grid_umap_2d_x": 22.0, "grid_umap_2d_y": 31.0, "grid_umap_3d_x": 8.0, "grid_umap_3d_y": 10.0, "grid_umap_3d_z": 6.0, "grid_tsne_1d_x": 547.0, "grid_tsne_2d_x": 23.0, "grid_tsne_2d_y": 0.0, "grid_tsne_3d_x": 8.0, "grid_tsne_3d_y": 2.0, "grid_tsne_3d_z": 4.0, "patch_file_embed": "patch_0547_embed.png", "patch_file_rgb": "patch_0547_rgb.png" }, "geometry": { "type": "Point", "coordinates": [ 102.557080137123023, 2.108268231110323 ] } },
{ "type": "Feature", "properties": { "index": 548, "lon": 75.017524258031386, "lat": 15.231250320339782, "classification": 126, "subregion_name": "Southern Asia", "umap_1d_x": -0.28461614, "umap_2d_x": 5.5063133, "umap_2d_y": 36.37236, "umap_3d_x": 3.7468033, "umap_3d_y": 36.29213, "umap_3d_z": 26.014839, "tsne_1d_x": 15.117958, "tsne_2d_x": 12.71891, "tsne_2d_y": -34.445766, "tsne_3d_x": 22.58741, "tsne_3d_y": -30.349045, "tsne_3d_z": 19.887497, "grid_umap_1d_x": 548.0, "grid_umap_2d_x": 12.0, "grid_umap_2d_y": 31.0, "grid_umap_3d_x": 4.0, "grid_umap_3d_y": 10.0, "grid_umap_3d_z": 8.0, "grid_tsne_1d_x": 548.0, "grid_tsne_2d_x": 18.0, "grid_tsne_2d_y": 6.0, "grid_tsne_3d_x": 8.0, "grid_tsne_3d_y": 1.0, "grid_tsne_3d_z": 6.0, "patch_file_embed": "patch_0548_embed.png", "patch_file_rgb": "patch_0548_rgb.png" }, "geometry": { "type": "Point", "coordinates": [ 75.017524258031386, 15.231250320339782 ] } },
{ "type": "Feature", "properties": { "index": 549, "lon": 112.334913844418, "lat": 59.940785647188534, "classification": 111, "subregion_name": "Eastern Europe", "umap_1d_x": 14.247718, "umap_2d_x": -36.253586, "umap_2d_y": 6.5922661, "umap_3d_x": -46.564877, "umap_3d_y": 8.0295448, "umap_3d_z": -4.8677711, "tsne_1d_x": -37.935299, "tsne_2d_x": -32.847275, "tsne_2d_y": -13.15694, "tsne_3d_x": -2.5765152, "tsne_3d_y": 33.03334, "tsne_3d_z": 1.3986168, "grid_umap_1d_x": 549.0, "grid_umap_2d_x": 20.0, "grid_umap_2d_y": 20.0, "grid_umap_3d_x": 1.0, "grid_umap_3d_y": 7.0, "grid_umap_3d_z": 6.0, "grid_tsne_1d_x": 549.0, "grid_tsne_2d_x": 11.0, "grid_tsne_2d_y": 12.0, "grid_tsne_3d_x": 5.0, "grid_tsne_3d_y": 9.0, "grid_tsne_3d_z": 2.0, "patch_file_embed": "patch_0549_embed.png", "patch_file_rgb": "patch_0549_rgb.png" }, "geometry": { "type": "Point", "coordinates": [ 112.334913844417997, 59.940785647188534 ] } },
{ "type": "Feature", "properties": { "index": 550, "lon": 9.2008461039012275, "lat": 49.387442930734807, "classification": 40, "subregion_name": "Western Europe", "umap_1d_x": 22.584726, "umap_2d_x": -20.840359, "umap_2d_y": -6.1490593, "umap_3d_x": -29.773369, "umap_3d_y": -9.6802788, "umap_3d_z": -4.8115845, "tsne_1d_x": -17.502579, "tsne_2d_x": -6.3525925, "tsne_2d_y": 15.962509, "tsne_3d_x": -29.374178, "tsne_3d_y": -0.5219574, "tsne_3d_z": 10.762947, "grid_umap_1d_x": 550.0, "grid_umap_2d_x": 9.0, "grid_umap_2d_y": 5.0, "grid_umap_3d_x": 4.0, "grid_umap_3d_y": 1.0, "grid_umap_3d_z": 5.0, "grid_tsne_1d_x": 550.0, "grid_tsne_2d_x": 13.0, "grid_tsne_2d_y": 20.0, "grid_tsne_3d_x": 0.0, "grid_tsne_3d_y": 5.0, "grid_tsne_3d_z": 5.0, "patch_file_embed": "patch_0550_embed.png", "patch_file_rgb": "patch_0550_rgb.png" }, "geometry": { "type": "Point", "coordinates": [ 9.200846103901227, 49.387442930734807 ] } },
{ "type": "Feature", "properties": { "index": 551, "lon": 42.747625389223828, "lat": 27.376837036273287, "classification": 60, "subregion_name": "Western Asia", "umap_1d_x": 5.7408876, "umap_2d_x": -10.164192, "umap_2d_y": 5.8251801, "umap_3d_x": -18.678778, "umap_3d_y": 0.64140701000001, "umap_3d_z": 13.812302, "tsne_1d_x": -0.31087187, "tsne_2d_x": 9.3515854, "tsne_2d_y": 10.764385, "tsne_3d_x": -14.864044, "tsne_3d_y": -26.260719, "tsne_3d_z": 19.443947, "grid_umap_1d_x": 551.0, "grid_umap_2d_x": 8.0, "grid_umap_2d_y": 11.0, "grid_umap_3d_x": 2.0, "grid_umap_3d_y": 3.0, "grid_umap_3d_z": 8.0, "grid_tsne_1d_x": 551.0, "grid_tsne_2d_x": 13.0, "grid_tsne_2d_y": 13.0, "grid_tsne_3d_x": 3.0, "grid_tsne_3d_y": 3.0, "grid_tsne_3d_z": 6.0, "patch_file_embed": "patch_0551_embed.png", "patch_file_rgb": "patch_0551_rgb.png" }, "geometry": { "type": "Point", "coordinates": [ 42.747625389223828, 27.376837036273287 ] } },
{ "type": "Feature", "properties": { "index": 552, "lon": 30.433228050542823, "lat": -0.74996040123623697, "classification": 30, "subregion_name": "Sub-Saharan Africa", "umap_1d_x": -12.954968, "umap_2d_x": 48.696899, "umap_2d_y": -20.803175, "umap_3d_x": 34.783134, "umap_3d_y": -11.888508, "umap_3d_z": 29.387756, "tsne_1d_x": 49.926743, "tsne_2d_x": 32.189316, "tsne_2d_y": 3.1707573, "tsne_3d_x": -2.8825951, "tsne_3d_y": -41.131897, "tsne_3d_z": -6.1078873, "grid_umap_1d_x": 552.0, "grid_umap_2d_x": 28.0, "grid_umap_2d_y": 14.0, "grid_umap_3d_x": 6.0, "grid_umap_3d_y": 3.0, "grid_umap_3d_z": 6.0, "grid_tsne_1d_x": 552.0, "grid_tsne_2d_x": 26.0, "grid_tsne_2d_y": 13.0, "grid_tsne_3d_x": 4.0, "grid_tsne_3d_y": 2.0, "grid_tsne_3d_z": 4.0, "patch_file_embed": "patch_0552_embed.png", "patch_file_rgb": "patch_0552_rgb.png" }, "geometry": { "type": "Point", "coordinates": [ 30.433228050542823, -0.749960401236237 ] } },
{ "type": "Feature", "properties": { "index": 553, "lon": 108.93685808617738, "lat": 51.88469827460051, "classification": 113, "subregion_name": "Eastern Europe", "umap_1d_x": 14.277319, "umap_2d_x": -35.548172, "umap_2d_y": 3.7598724, "umap_3d_x": -46.499432, "umap_3d_y": 5.2182541, "umap_3d_z": -3.5816498, "tsne_1d_x": -37.208035, "tsne_2d_x": -35.646835, "tsne_2d_y": -17.638802, "tsne_3d_x": -4.933445, "tsne_3d_y": 35.780334, "tsne_3d_z": -7.5662689, "grid_umap_1d_x": 553.0, "grid_umap_2d_x": 22.0, "grid_umap_2d_y": 19.0, "grid_umap_3d_x": 0.0, "grid_umap_3d_y": 5.0, "grid_umap_3d_z": 5.0, "grid_tsne_1d_x": 553.0, "grid_tsne_2d_x": 11.0, "grid_tsne_2d_y": 11.0, "grid_tsne_3d_x": 4.0, "grid_tsne_3d_y": 10.0, "grid_tsne_3d_z": 0.0, "patch_file_embed": "patch_0553_embed.png", "patch_file_rgb": "patch_0553_rgb.png" }, "geometry": { "type": "Point", "coordinates": [ 108.936858086177381, 51.88469827460051 ] } },
{ "type": "Feature", "properties": { "index": 554, "lon": 108.19133140104998, "lat": 65.296807429931803, "classification": 116, "subregion_name": "Eastern Europe", "umap_1d_x": 18.850374, "umap_2d_x": -48.786015, "umap_2d_y": 1.4398117, "umap_3d_x": -48.124264, "umap_3d_y": 23.22226, "umap_3d_z": -40.809467, "tsne_1d_x": -69.341484, "tsne_2d_x": -42.141502, "tsne_2d_y": 18.744514, "tsne_3d_x": 15.632256, "tsne_3d_y": 42.660858, "tsne_3d_z": 33.960571, "grid_umap_1d_x": 554.0, "grid_umap_2d_x": 8.0, "grid_umap_2d_y": 16.0, "grid_umap_3d_x": 5.0, "grid_umap_3d_y": 9.0, "grid_umap_3d_z": 1.0, "grid_tsne_1d_x": 554.0, "grid_tsne_2d_x": 18.0, "grid_tsne_2d_y": 24.0, "grid_tsne_3d_x": 8.0, "grid_tsne_3d_y": 10.0, "grid_tsne_3d_z": 6.0, "patch_file_embed": "patch_0554_embed.png", "patch_file_rgb": "patch_0554_rgb.png" }, "geometry": { "type": "Point", "coordinates": [ 108.191331401049979, 65.296807429931803 ] } },
{ "type": "Feature", "properties": { "index": 555, "lon": 75.629951392083626, "lat": 21.567311857188116, "classification": 40, "subregion_name": "Southern Asia", "umap_1d_x": 0.046567459, "umap_2d_x": 5.4806099, "umap_2d_y": 40.729919, "umap_3d_x": 2.4671097, "umap_3d_y": 39.642677, "umap_3d_z": 28.36734, "tsne_1d_x": 14.817699, "tsne_2d_x": 11.513988, "tsne_2d_y": -37.288754, "tsne_3d_x": 20.301712, "tsne_3d_y": -29.935452, "tsne_3d_z": 24.20015, "grid_umap_1d_x": 555.0, "grid_umap_2d_x": 14.0, "grid_umap_2d_y": 31.0, "grid_umap_3d_x": 3.0, "grid_umap_3d_y": 8.0, "grid_umap_3d_z": 7.0, "grid_tsne_1d_x": 555.0, "grid_tsne_2d_x": 18.0, "grid_tsne_2d_y": 12.0, "grid_tsne_3d_x": 6.0, "grid_tsne_3d_y": 4.0, "grid_tsne_3d_z": 6.0, "patch_file_embed": "patch_0555_embed.png", "patch_file_rgb": "patch_0555_rgb.png" }, "geometry": { "type": "Point", "coordinates": [ 75.629951392083626, 21.567311857188116 ] } },
{ "type": "Feature", "properties": { "index": 556, "lon": -120.77673419187823, "lat": 53.193871647689932, "classification": 111, "subregion_name": "Northern America", "umap_1d_x": 13.745828, "umap_2d_x": -31.802015, "umap_2d_y": 4.4441299, "umap_3d_x": -41.094612, "umap_3d_y": 2.6149101, "umap_3d_z": -2.237072, "tsne_1d_x": -35.515598, "tsne_2d_x": -16.572636, "tsne_2d_y": 2.8038673, "tsne_3d_x": -11.955177, "tsne_3d_y": 13.7883, "tsne_3d_z": -8.1034622, "grid_umap_1d_x": 556.0, "grid_umap_2d_x": 4.0, "grid_umap_2d_y": 14.0, "grid_umap_3d_x": 0.0, "grid_umap_3d_y": 4.0, "grid_umap_3d_z": 5.0, "grid_tsne_1d_x": 556.0, "grid_tsne_2d_x": 3.0, "grid_tsne_2d_y": 11.0, "grid_tsne_3d_x": 0.0, "grid_tsne_3d_y": 9.0, "grid_tsne_3d_z": 0.0, "patch_file_embed": "patch_0556_embed.png", "patch_file_rgb": "patch_0556_rgb.png" }, "geometry": { "type": "Point", "coordinates": [ -120.776734191878234, 53.193871647689932 ] } },
{ "type": "Feature", "properties": { "index": 557, "lon": -69.594995533416153, "lat": -9.6390442624622352, "classification": 112, "subregion_name": "Latin America and the Caribbean", "umap_1d_x": -8.8329201, "umap_2d_x": 38.230881, "umap_2d_y": 27.711601, "umap_3d_x": 34.849091, "umap_3d_y": 39.346153, "umap_3d_z": 0.017536162999995497, "tsne_1d_x": 43.778084, "tsne_2d_x": 44.79631, "tsne_2d_y": -23.63936, "tsne_3d_x": 25.837799, "tsne_3d_y": -42.033897, "tsne_3d_z": -28.394363, "grid_umap_1d_x": 557.0, "grid_umap_2d_x": 26.0, "grid_umap_2d_y": 20.0, "grid_umap_3d_x": 10.0, "grid_umap_3d_y": 7.0, "grid_umap_3d_z": 1.0, "grid_tsne_1d_x": 557.0, "grid_tsne_2d_x": 27.0, "grid_tsne_2d_y": 9.0, "grid_tsne_3d_x": 6.0, "grid_tsne_3d_y": 4.0, "grid_tsne_3d_z": 3.0, "patch_file_embed": "patch_0557_embed.png", "patch_file_rgb": "patch_0557_rgb.png" }, "geometry": { "type": "Point", "coordinates": [ -69.594995533416153, -9.639044262462235 ] } },
{ "type": "Feature", "properties": { "index": 558, "lon": -117.16231688278258, "lat": 57.011252661584138, "classification": 114, "subregion_name": "Northern America", "umap_1d_x": 14.017558, "umap_2d_x": -35.277039, "umap_2d_y": 9.3094902, "umap_3d_x": -44.403347, "umap_3d_y": 9.3274841, "umap_3d_z": -7.1248932, "tsne_1d_x": -38.502151, "tsne_2d_x": -31.344034, "tsne_2d_y": -10.532505, "tsne_3d_x": 3.7497101, "tsne_3d_y": 25.823334, "tsne_3d_z": -0.37528229, "grid_umap_1d_x": 558.0, "grid_umap_2d_x": 2.0, "grid_umap_2d_y": 17.0, "grid_umap_3d_x": 2.0, "grid_umap_3d_y": 6.0, "grid_umap_3d_z": 5.0, "grid_tsne_1d_x": 558.0, "grid_tsne_2d_x": 1.0, "grid_tsne_2d_y": 7.0, "grid_tsne_3d_x": 6.0, "grid_tsne_3d_y": 9.0, "grid_tsne_3d_z": 1.0, "patch_file_embed": "patch_0558_embed.png", "patch_file_rgb": "patch_0558_rgb.png" }, "geometry": { "type": "Point", "coordinates": [ -117.162316882782576, 57.011252661584138 ] } },
{ "type": "Feature", "properties": { "index": 559, "lon": -145.48386495563165, "lat": 62.671131146756892, "classification": 111, "subregion_name": "Unknown", "umap_1d_x": 14.562636, "umap_2d_x": -38.674835, "umap_2d_y": -2.4408722, "umap_3d_x": -46.778053, "umap_3d_y": 2.7015152, "umap_3d_z": -22.145983, "tsne_1d_x": -49.884918, "tsne_2d_x": -30.717848, "tsne_2d_y": 5.4584389, "tsne_3d_x": -13.519047, "tsne_3d_y": 43.277405, "tsne_3d_z": 23.805298, "grid_umap_1d_x": 559.0, "grid_umap_2d_x": 5.0, "grid_umap_2d_y": 10.0, "grid_umap_3d_x": 1.0, "grid_umap_3d_y": 4.0, "grid_umap_3d_z": 2.0, "grid_tsne_1d_x": 559.0, "grid_tsne_2d_x": 6.0, "grid_tsne_2d_y": 16.0, "grid_tsne_3d_x": 3.0, "grid_tsne_3d_y": 10.0, "grid_tsne_3d_z": 5.0, "patch_file_embed": "patch_0559_embed.png", "patch_file_rgb": "patch_0559_rgb.png" }, "geometry": { "type": "Point", "coordinates": [ -145.483864955631645, 62.671131146756892 ] } },
{ "type": "Feature", "properties": { "index": 560, "lon": 25.942580936666019, "lat": 9.0681016724421681, "classification": 20, "subregion_name": "Unknown", "umap_1d_x": -2.2918277, "umap_2d_x": 10.099609, "umap_2d_y": 25.798508, "umap_3d_x": 9.3127975, "umap_3d_y": 32.08474, "umap_3d_z": 34.507057, "tsne_1d_x": 22.350222, "tsne_2d_x": 15.735085, "tsne_2d_y": -14.6735, "tsne_3d_x": 9.9500847, "tsne_3d_y": -43.946617, "tsne_3d_z": 17.447762, "grid_umap_1d_x": 560.0, "grid_umap_2d_x": 17.0, "grid_umap_2d_y": 24.0, "grid_umap_3d_x": 8.0, "grid_umap_3d_y": 6.0, "grid_umap_3d_z": 6.0, "grid_tsne_1d_x": 560.0, "grid_tsne_2d_x": 20.0, "grid_tsne_2d_y": 18.0, "grid_tsne_3d_x": 4.0, "grid_tsne_3d_y": 3.0, "grid_tsne_3d_z": 5.0, "patch_file_embed": "patch_0560_embed.png", "patch_file_rgb": "patch_0560_rgb.png" }, "geometry": { "type": "Point", "coordinates": [ 25.942580936666019, 9.068101672442168 ] } },
{ "type": "Feature", "properties": { "index": 561, "lon": 27.189244101043442, "lat": 51.433549972004329, "classification": 111, "subregion_name": "Eastern Europe", "umap_1d_x": 22.080856, "umap_2d_x": -24.579134, "umap_2d_y": -13.515881, "umap_3d_x": -32.943985, "umap_3d_y": -13.257065, "umap_3d_z": -13.649117, "tsne_1d_x": -20.741705, "tsne_2d_x": -10.741936, "tsne_2d_y": 24.273346, "tsne_3d_x": -34.565956, "tsne_3d_y": 6.1586723, "tsne_3d_z": 19.144989, "grid_umap_1d_x": 561.0, "grid_umap_2d_x": 17.0, "grid_umap_2d_y": 4.0, "grid_umap_3d_x": 1.0, "grid_umap_3d_y": 0.0, "grid_umap_3d_z": 2.0, "grid_tsne_1d_x": 561.0, "grid_tsne_2d_x": 12.0, "grid_tsne_2d_y": 25.0, "grid_tsne_3d_x": 1.0, "grid_tsne_3d_y": 6.0, "grid_tsne_3d_z": 6.0, "patch_file_embed": "patch_0561_embed.png", "patch_file_rgb": "patch_0561_rgb.png" }, "geometry": { "type": "Point", "coordinates": [ 27.189244101043442, 51.433549972004329 ] } },
{ "type": "Feature", "properties": { "index": 562, "lon": 33.494119245189552, "lat": -11.470747739358259, "classification": 126, "subregion_name": "Sub-Saharan Africa", "umap_1d_x": -14.081828, "umap_2d_x": 45.680008, "umap_2d_y": -21.213797, "umap_3d_x": 39.792984, "umap_3d_y": -13.865025, "umap_3d_z": 28.484108, "tsne_1d_x": 54.318588, "tsne_2d_x": 37.98143, "tsne_2d_y": 10.183441, "tsne_3d_x": -9.5608063, "tsne_3d_y": -33.26091, "tsne_3d_z": -19.293121, "grid_umap_1d_x": 562.0, "grid_umap_2d_x": 29.0, "grid_umap_2d_y": 8.0, "grid_umap_3d_x": 10.0, "grid_umap_3d_y": 1.0, "grid_umap_3d_z": 7.0, "grid_tsne_1d_x": 562.0, "grid_tsne_2d_x": 30.0, "grid_tsne_2d_y": 15.0, "grid_tsne_3d_x": 2.0, "grid_tsne_3d_y": 0.0, "grid_tsne_3d_z": 1.0, "patch_file_embed": "patch_0562_embed.png", "patch_file_rgb": "patch_0562_rgb.png" }, "geometry": { "type": "Point", "coordinates": [ 33.494119245189552, -11.470747739358259 ] } },
{ "type": "Feature", "properties": { "index": 563, "lon": 163.76471791664443, "lat": 67.575885174957932, "classification": 126, "subregion_name": "Eastern Europe", "umap_1d_x": 19.22818, "umap_2d_x": -49.627022, "umap_2d_y": -3.9528046, "umap_3d_x": -47.524994, "umap_3d_y": 20.276535, "umap_3d_z": -48.667278, "tsne_1d_x": -70.996162, "tsne_2d_x": -43.42448, "tsne_2d_y": 26.443466, "tsne_3d_x": 15.674698, "tsne_3d_y": 37.6978, "tsne_3d_z": 40.993813, "grid_umap_1d_x": 563.0, "grid_umap_2d_x": 14.0, "grid_umap_2d_y": 14.0, "grid_umap_3d_x": 7.0, "grid_umap_3d_y": 8.0, "grid_umap_3d_z": 0.0, "grid_tsne_1d_x": 563.0, "grid_tsne_2d_x": 3.0, "grid_tsne_2d_y": 27.0, "grid_tsne_3d_x": 7.0, "grid_tsne_3d_y": 8.0, "grid_tsne_3d_z": 6.0, "patch_file_embed": "patch_0563_embed.png", "patch_file_rgb": "patch_0563_rgb.png" }, "geometry": { "type": "Point", "coordinates": [ 163.764717916644429, 67.575885174957932 ] } },
{ "type": "Feature", "properties": { "index": 564, "lon": -65.594879385303358, "lat": -28.709205153726597, "classification": 30, "subregion_name": "Latin America and the Caribbean", "umap_1d_x": -15.755504, "umap_2d_x": 38.880447, "umap_2d_y": -22.159239, "umap_3d_x": 44.292709, "umap_3d_y": -15.642017, "umap_3d_z": 17.372925, "tsne_1d_x": 64.628723, "tsne_2d_x": 33.163872, "tsne_2d_y": 28.164787, "tsne_3d_x": -13.639469, "tsne_3d_y": -17.32518, "tsne_3d_z": -32.628639, "grid_umap_1d_x": 564.0, "grid_umap_2d_x": 27.0, "grid_umap_2d_y": 4.0, "grid_umap_3d_x": 9.0, "grid_umap_3d_y": 2.0, "grid_umap_3d_z": 3.0, "grid_tsne_1d_x": 564.0, "grid_tsne_2d_x": 26.0, "grid_tsne_2d_y": 25.0, "grid_tsne_3d_x": 3.0, "grid_tsne_3d_y": 4.0, "grid_tsne_3d_z": 0.0, "patch_file_embed": "patch_0564_embed.png", "patch_file_rgb": "patch_0564_rgb.png" }, "geometry": { "type": "Point", "coordinates": [ -65.594879385303358, -28.709205153726597 ] } },
{ "type": "Feature", "properties": { "index": 565, "lon": 117.95174760161837, "lat": 55.670200977091568, "classification": 113, "subregion_name": "Eastern Europe", "umap_1d_x": 16.326782, "umap_2d_x": -44.376297, "umap_2d_y": 7.9785118, "umap_3d_x": -46.616764, "umap_3d_y": 18.513145, "umap_3d_z": -28.526514, "tsne_1d_x": -44.423096, "tsne_2d_x": -42.117516, "tsne_2d_y": 9.6490517, "tsne_3d_x": 3.6158485, "tsne_3d_y": 38.046387, "tsne_3d_z": 23.864349, "grid_umap_1d_x": 565.0, "grid_umap_2d_x": 15.0, "grid_umap_2d_y": 20.0, "grid_umap_3d_x": 0.0, "grid_umap_3d_y": 8.0, "grid_umap_3d_z": 1.0, "grid_tsne_1d_x": 565.0, "grid_tsne_2d_x": 12.0, "grid_tsne_2d_y": 20.0, "grid_tsne_3d_x": 5.0, "grid_tsne_3d_y": 10.0, "grid_tsne_3d_z": 5.0, "patch_file_embed": "patch_0565_embed.png", "patch_file_rgb": "patch_0565_rgb.png" }, "geometry": { "type": "Point", "coordinates": [ 117.951747601618365, 55.670200977091568 ] } },
{ "type": "Feature", "properties": { "index": 566, "lon": 32.582334564598, "lat": 10.292861858275629, "classification": 30, "subregion_name": "Unknown", "umap_1d_x": -2.4255764, "umap_2d_x": 10.548622, "umap_2d_y": 24.77372, "umap_3d_x": 9.0194473, "umap_3d_y": 32.213715, "umap_3d_z": 36.006355, "tsne_1d_x": 22.624531, "tsne_2d_x": 14.933105, "tsne_2d_y": -13.362659, "tsne_3d_x": 11.189575, "tsne_3d_y": -45.964149, "tsne_3d_z": 20.962631, "grid_umap_1d_x": 566.0, "grid_umap_2d_x": 15.0, "grid_umap_2d_y": 24.0, "grid_umap_3d_x": 7.0, "grid_umap_3d_y": 7.0, "grid_umap_3d_z": 7.0, "grid_tsne_1d_x": 566.0, "grid_tsne_2d_x": 18.0, "grid_tsne_2d_y": 10.0, "grid_tsne_3d_x": 5.0, "grid_tsne_3d_y": 1.0, "grid_tsne_3d_z": 6.0, "patch_file_embed": "patch_0566_embed.png", "patch_file_rgb": "patch_0566_rgb.png" }, "geometry": { "type": "Point", "coordinates": [ 32.582334564598, 10.292861858275629 ] } },
{ "type": "Feature", "properties": { "index": 567, "lon": 5.2031728767542518, "lat": 51.616703351524492, "classification": 30, "subregion_name": "Unknown", "umap_1d_x": 22.98418, "umap_2d_x": -21.183622, "umap_2d_y": -16.085739, "umap_3d_x": -29.473261, "umap_3d_y": -16.365387, "umap_3d_z": -9.4704704, "tsne_1d_x": -19.56843, "tsne_2d_x": -8.9386597, "tsne_2d_y": 21.77169, "tsne_3d_x": -37.186806, "tsne_3d_y": -3.311409, "tsne_3d_z": 14.896049, "grid_umap_1d_x": 567.0, "grid_umap_2d_x": 14.0, "grid_umap_2d_y": 0.0, "grid_umap_3d_x": 5.0, "grid_umap_3d_y": 0.0, "grid_umap_3d_z": 4.0, "grid_tsne_1d_x": 567.0, "grid_tsne_2d_x": 6.0, "grid_tsne_2d_y": 23.0, "grid_tsne_3d_x": 2.0, "grid_tsne_3d_y": 4.0, "grid_tsne_3d_z": 5.0, "patch_file_embed": "patch_0567_embed.png", "patch_file_rgb": "patch_0567_rgb.png" }, "geometry": { "type": "Point", "coordinates": [ 5.203172876754252, 51.616703351524492 ] } },
{ "type": "Feature", "properties": { "index": 568, "lon": -76.263586627927253, "lat": 41.022192878316915, "classification": 40, "subregion_name": "Unknown", "umap_1d_x": 10.390275, "umap_2d_x": -22.787085, "umap_2d_y": 17.196365, "umap_3d_x": -25.659616, "umap_3d_y": 3.2474403, "umap_3d_z": -20.900192, "tsne_1d_x": -15.109461, "tsne_2d_x": -1.6956253, "tsne_2d_y": 1.4786606, "tsne_3d_x": 5.6627083, "tsne_3d_y": 2.5584717, "tsne_3d_z": 3.8473244, "grid_umap_1d_x": 568.0, "grid_umap_2d_x": 2.0, "grid_umap_2d_y": 21.0, "grid_umap_3d_x": 1.0, "grid_umap_3d_y": 4.0, "grid_umap_3d_z": 0.0, "grid_tsne_1d_x": 568.0, "grid_tsne_2d_x": 8.0, "grid_tsne_2d_y": 8.0, "grid_tsne_3d_x": 5.0, "grid_tsne_3d_y": 4.0, "grid_tsne_3d_z": 4.0, "patch_file_embed": "patch_0568_embed.png", "patch_file_rgb": "patch_0568_rgb.png" }, "geometry": { "type": "Point", "coordinates": [ -76.263586627927253, 41.022192878316915 ] } },
{ "type": "Feature", "properties": { "index": 569, "lon": 16.646589252235657, "lat": -19.13762745840809, "classification": 20, "subregion_name": "Sub-Saharan Africa", "umap_1d_x": -15.118782, "umap_2d_x": 45.632935, "umap_2d_y": -32.068489, "umap_3d_x": 40.453758, "umap_3d_y": -26.742485, "umap_3d_z": 29.364311, "tsne_1d_x": 71.727448, "tsne_2d_x": 38.133736, "tsne_2d_y": 28.337463, "tsne_3d_x": -24.751553, "tsne_3d_y": -31.027773, "tsne_3d_z": -15.189697, "grid_umap_1d_x": 569.0, "grid_umap_2d_x": 28.0, "grid_umap_2d_y": 4.0, "grid_umap_3d_x": 7.0, "grid_umap_3d_y": 0.0, "grid_umap_3d_z": 7.0, "grid_tsne_1d_x": 569.0, "grid_tsne_2d_x": 31.0, "grid_tsne_2d_y": 26.0, "grid_tsne_3d_x": 0.0, "grid_tsne_3d_y": 0.0, "grid_tsne_3d_z": 2.0, "patch_file_embed": "patch_0569_embed.png", "patch_file_rgb": "patch_0569_rgb.png" }, "geometry": { "type": "Point", "coordinates": [ 16.646589252235657, -19.13762745840809 ] } },
{ "type": "Feature", "properties": { "index": 570, "lon": -59.515715491160933, "lat": -8.2535279665485461, "classification": 112, "subregion_name": "Latin America and the Caribbean", "umap_1d_x": -8.9149523, "umap_2d_x": 38.193054, "umap_2d_y": 26.413704, "umap_3d_x": 35.470734, "umap_3d_y": 40.869423, "umap_3d_z": 0.17469406, "tsne_1d_x": 44.025566, "tsne_2d_x": 47.56868, "tsne_2d_y": -24.078247, "tsne_3d_x": 27.412781, "tsne_3d_y": -42.03904, "tsne_3d_z": -34.559029, "grid_umap_1d_x": 570.0, "grid_umap_2d_x": 29.0, "grid_umap_2d_y": 21.0, "grid_umap_3d_x": 10.0, "grid_umap_3d_y": 8.0, "grid_umap_3d_z": 2.0, "grid_tsne_1d_x": 570.0, "grid_tsne_2d_x": 29.0, "grid_tsne_2d_y": 7.0, "grid_tsne_3d_x": 7.0, "grid_tsne_3d_y": 3.0, "grid_tsne_3d_z": 1.0, "patch_file_embed": "patch_0570_embed.png", "patch_file_rgb": "patch_0570_rgb.png" }, "geometry": { "type": "Point", "coordinates": [ -59.515715491160933, -8.253527966548546 ] } },
{ "type": "Feature", "properties": { "index": 571, "lon": -100.57681040288841, "lat": 19.142743680379326, "classification": 20, "subregion_name": "Latin America and the Caribbean", "umap_1d_x": -0.28715599, "umap_2d_x": 4.2394753, "umap_2d_y": 36.859818, "umap_3d_x": 3.0936852, "umap_3d_y": 35.72361, "umap_3d_z": 22.876549, "tsne_1d_x": 11.117682, "tsne_2d_x": 10.104836, "tsne_2d_y": -31.554266, "tsne_3d_x": 15.268578, "tsne_3d_y": -24.444595, "tsne_3d_z": 16.344681, "grid_umap_1d_x": 571.0, "grid_umap_2d_x": 14.0, "grid_umap_2d_y": 29.0, "grid_umap_3d_x": 4.0, "grid_umap_3d_y": 7.0, "grid_umap_3d_z": 5.0, "grid_tsne_1d_x": 571.0, "grid_tsne_2d_x": 16.0, "grid_tsne_2d_y": 5.0, "grid_tsne_3d_x": 7.0, "grid_tsne_3d_y": 0.0, "grid_tsne_3d_z": 7.0, "patch_file_embed": "patch_0571_embed.png", "patch_file_rgb": "patch_0571_rgb.png" }, "geometry": { "type": "Point", "coordinates": [ -100.576810402888412, 19.142743680379326 ] } },
{ "type": "Feature", "properties": { "index": 572, "lon": 176.65169214226233, "lat": -38.742700897622932, "classification": 112, "subregion_name": "Unknown", "umap_1d_x": -16.443258, "umap_2d_x": 35.083237, "umap_2d_y": -21.2384, "umap_3d_x": 43.410553, "umap_3d_y": -15.670444, "umap_3d_z": 8.4613342, "tsne_1d_x": 69.108086, "tsne_2d_x": 26.112709, "tsne_2d_y": 39.736115, "tsne_3d_x": -1.7037315, "tsne_3d_y": -6.2515717, "tsne_3d_z": -39.587673, "grid_umap_1d_x": 572.0, "grid_umap_2d_x": 24.0, "grid_umap_2d_y": 6.0, "grid_umap_3d_x": 10.0, "grid_umap_3d_y": 3.0, "grid_umap_3d_z": 1.0, "grid_tsne_1d_x": 572.0, "grid_tsne_2d_x": 19.0, "grid_tsne_2d_y": 28.0, "grid_tsne_3d_x": 7.0, "grid_tsne_3d_y": 8.0, "grid_tsne_3d_z": 0.0, "patch_file_embed": "patch_0572_embed.png", "patch_file_rgb": "patch_0572_rgb.png" }, "geometry": { "type": "Point", "coordinates": [ 176.651692142262334, -38.742700897622932 ] } },
{ "type": "Feature", "properties": { "index": 573, "lon": 97.407400562783607, "lat": 63.092991549285884, "classification": 113, "subregion_name": "Eastern Europe", "umap_1d_x": 15.775372, "umap_2d_x": -40.92696, "umap_2d_y": 7.9950562, "umap_3d_x": -48.363613, "umap_3d_y": 15.3965, "umap_3d_z": -16.770103, "tsne_1d_x": -45.416855, "tsne_2d_x": -38.621048, "tsne_2d_y": 1.7045517, "tsne_3d_x": -0.32773972, "tsne_3d_y": 40.655014, "tsne_3d_z": 13.124378, "grid_umap_1d_x": 573.0, "grid_umap_2d_x": 22.0, "grid_umap_2d_y": 21.0, "grid_umap_3d_x": 0.0, "grid_umap_3d_y": 7.0, "grid_umap_3d_z": 3.0, "grid_tsne_1d_x": 573.0, "grid_tsne_2d_x": 15.0, "grid_tsne_2d_y": 18.0, "grid_tsne_3d_x": 5.0, "grid_tsne_3d_y": 7.0, "grid_tsne_3d_z": 3.0, "patch_file_embed": "patch_0573_embed.png", "patch_file_rgb": "patch_0573_rgb.png" }, "geometry": { "type": "Point", "coordinates": [ 97.407400562783607, 63.092991549285884 ] } },
{ "type": "Feature", "properties": { "index": 574, "lon": 69.939239102426058, "lat": 61.997279036982462, "classification": 111, "subregion_name": "Eastern Europe", "umap_1d_x": 14.569202, "umap_2d_x": -34.193527, "umap_2d_y": -0.65003586, "umap_3d_x": -46.146259, "umap_3d_y": -1.3130989, "umap_3d_z": -4.7588272, "tsne_1d_x": -33.153393, "tsne_2d_x": -28.005514, "tsne_2d_y": -13.773018, "tsne_3d_x": -12.760128, "tsne_3d_y": 31.18914, "tsne_3d_z": 2.0354462, "grid_umap_1d_x": 574.0, "grid_umap_2d_x": 3.0, "grid_umap_2d_y": 10.0, "grid_umap_3d_x": 1.0, "grid_umap_3d_y": 3.0, "grid_umap_3d_z": 5.0, "grid_tsne_1d_x": 574.0, "grid_tsne_2d_x": 5.0, "grid_tsne_2d_y": 7.0, "grid_tsne_3d_x": 3.0, "grid_tsne_3d_y": 9.0, "grid_tsne_3d_z": 2.0, "patch_file_embed": "patch_0574_embed.png", "patch_file_rgb": "patch_0574_rgb.png" }, "geometry": { "type": "Point", "coordinates": [ 69.939239102426058, 61.997279036982462 ] } },
{ "type": "Feature", "properties": { "index": 575, "lon": -161.44155926044613, "lat": 55.384211713754794, "classification": 126, "subregion_name": "Unknown", "umap_1d_x": 22.040913, "umap_2d_x": -24.632845, "umap_2d_y": -16.271732, "umap_3d_x": -32.782059, "umap_3d_y": -16.339188, "umap_3d_z": -9.9683609, "tsne_1d_x": -21.206417, "tsne_2d_x": -13.879574, "tsne_2d_y": 20.933357, "tsne_3d_x": -45.745506, "tsne_3d_y": 8.0729179, "tsne_3d_z": 13.545017, "grid_umap_1d_x": 575.0, "grid_umap_2d_x": 15.0, "grid_umap_2d_y": 2.0, "grid_umap_3d_x": 2.0, "grid_umap_3d_y": 0.0, "grid_umap_3d_z": 3.0, "grid_tsne_1d_x": 575.0, "grid_tsne_2d_x": 9.0, "grid_tsne_2d_y": 23.0, "grid_tsne_3d_x": 0.0, "grid_tsne_3d_y": 6.0, "grid_tsne_3d_z": 4.0, "patch_file_embed": "patch_0575_embed.png", "patch_file_rgb": "patch_0575_rgb.png" }, "geometry": { "type": "Point", "coordinates": [ -161.441559260446127, 55.384211713754794 ] } },
{ "type": "Feature", "properties": { "index": 576, "lon": 145.23502107046448, "lat": -41.381062192161949, "classification": 112, "subregion_name": "Unknown", "umap_1d_x": -16.479826, "umap_2d_x": 34.584824, "umap_2d_y": -21.601147, "umap_3d_x": 43.309685, "umap_3d_y": -16.178009, "umap_3d_z": 7.6302948, "tsne_1d_x": 69.121277, "tsne_2d_x": 26.40451, "tsne_2d_y": 40.085518, "tsne_3d_x": -2.7343407, "tsne_3d_y": -6.0380859, "tsne_3d_z": -39.206978, "grid_umap_1d_x": 576.0, "grid_umap_2d_x": 24.0, "grid_umap_2d_y": 5.0, "grid_umap_3d_x": 9.0, "grid_umap_3d_y": 2.0, "grid_umap_3d_z": 1.0, "grid_tsne_1d_x": 576.0, "grid_tsne_2d_x": 21.0, "grid_tsne_2d_y": 31.0, "grid_tsne_3d_x": 6.0, "grid_tsne_3d_y": 7.0, "grid_tsne_3d_z": 0.0, "patch_file_embed": "patch_0576_embed.png", "patch_file_rgb": "patch_0576_rgb.png" }, "geometry": { "type": "Point", "coordinates": [ 145.235021070464484, -41.381062192161949 ] } },
{ "type": "Feature", "properties": { "index": 577, "lon": -92.679413973300925, "lat": 50.781109243762501, "classification": 111, "subregion_name": "Northern America", "umap_1d_x": 14.449226, "umap_2d_x": -34.916084, "umap_2d_y": 0.16924286, "umap_3d_x": -45.959141, "umap_3d_y": -0.49105835, "umap_3d_z": -7.9589806, "tsne_1d_x": -34.455509, "tsne_2d_x": -27.844257, "tsne_2d_y": -17.656208, "tsne_3d_x": -11.737526, "tsne_3d_y": 24.276566, "tsne_3d_z": 0.75556564, "grid_umap_1d_x": 577.0, "grid_umap_2d_x": 7.0, "grid_umap_2d_y": 12.0, "grid_umap_3d_x": 1.0, "grid_umap_3d_y": 3.0, "grid_umap_3d_z": 4.0, "grid_tsne_1d_x": 577.0, "grid_tsne_2d_x": 3.0, "grid_tsne_2d_y": 3.0, "grid_tsne_3d_x": 3.0, "grid_tsne_3d_y": 8.0, "grid_tsne_3d_z": 2.0, "patch_file_embed": "patch_0577_embed.png", "patch_file_rgb": "patch_0577_rgb.png" }, "geometry": { "type": "Point", "coordinates": [ -92.679413973300925, 50.781109243762501 ] } },
{ "type": "Feature", "properties": { "index": 578, "lon": 66.770656400381455, "lat": 58.126774634315481, "classification": 90, "subregion_name": "Eastern Europe", "umap_1d_x": 11.865344, "umap_2d_x": -30.272514, "umap_2d_y": 18.166313, "umap_3d_x": -37.595009, "umap_3d_y": 8.3451767, "umap_3d_z": -25.700661, "tsne_1d_x": -54.105385, "tsne_2d_x": -24.596066, "tsne_2d_y": 31.399254, "tsne_3d_x": 7.3744469, "tsne_3d_y": 14.241455, "tsne_3d_z": 19.050499, "grid_umap_1d_x": 578.0, "grid_umap_2d_x": 0.0, "grid_umap_2d_y": 22.0, "grid_umap_3d_x": 0.0, "grid_umap_3d_y": 5.0, "grid_umap_3d_z": 0.0, "grid_tsne_1d_x": 578.0, "grid_tsne_2d_x": 0.0, "grid_tsne_2d_y": 30.0, "grid_tsne_3d_x": 6.0, "grid_tsne_3d_y": 7.0, "grid_tsne_3d_z": 7.0, "patch_file_embed": "patch_0578_embed.png", "patch_file_rgb": "patch_0578_rgb.png" }, "geometry": { "type": "Point", "coordinates": [ 66.770656400381455, 58.126774634315481 ] } },
{ "type": "Feature", "properties": { "index": 579, "lon": 93.305438623528175, "lat": 66.477910631357091, "classification": 113, "subregion_name": "Eastern Europe", "umap_1d_x": 18.584743, "umap_2d_x": -47.77132, "umap_2d_y": 2.9600906, "umap_3d_x": -47.889496, "umap_3d_y": 23.573463, "umap_3d_z": -38.302208, "tsne_1d_x": -68.425102, "tsne_2d_x": -41.503296, "tsne_2d_y": 16.571899, "tsne_3d_x": 14.476395, "tsne_3d_y": 47.290421, "tsne_3d_z": 31.389633, "grid_umap_1d_x": 579.0, "grid_umap_2d_x": 5.0, "grid_umap_2d_y": 16.0, "grid_umap_3d_x": 2.0, "grid_umap_3d_y": 9.0, "grid_umap_3d_z": 0.0, "grid_tsne_1d_x": 579.0, "grid_tsne_2d_x": 10.0, "grid_tsne_2d_y": 22.0, "grid_tsne_3d_x": 7.0, "grid_tsne_3d_y": 8.0, "grid_tsne_3d_z": 4.0, "patch_file_embed": "patch_0579_embed.png", "patch_file_rgb": "patch_0579_rgb.png" }, "geometry": { "type": "Point", "coordinates": [ 93.305438623528175, 66.477910631357091 ] } },
{ "type": "Feature", "properties": { "index": 580, "lon": 116.62660359786827, "lat": 2.3780176674881801, "classification": 112, "subregion_name": "South-eastern Asia", "umap_1d_x": -6.3114491, "umap_2d_x": 30.393372, "umap_2d_y": 37.899788, "umap_3d_x": 25.989883, "umap_3d_y": 39.968422, "umap_3d_z": 6.5403175, "tsne_1d_x": 35.57378, "tsne_2d_x": 35.073334, "tsne_2d_y": -32.225292, "tsne_3d_x": 35.363541, "tsne_3d_y": -33.202015, "tsne_3d_z": -21.195894, "grid_umap_1d_x": 580.0, "grid_umap_2d_x": 28.0, "grid_umap_2d_y": 31.0, "grid_umap_3d_x": 7.0, "grid_umap_3d_y": 6.0, "grid_umap_3d_z": 3.0, "grid_tsne_1d_x": 580.0, "grid_tsne_2d_x": 23.0, "grid_tsne_2d_y": 11.0, "grid_tsne_3d_x": 8.0, "grid_tsne_3d_y": 4.0, "grid_tsne_3d_z": 2.0, "patch_file_embed": "patch_0580_embed.png", "patch_file_rgb": "patch_0580_rgb.png" }, "geometry": { "type": "Point", "coordinates": [ 116.626603597868268, 2.37801766748818 ] } },
{ "type": "Feature", "properties": { "index": 581, "lon": 77.674398062537932, "lat": 59.371773832414789, "classification": 111, "subregion_name": "Eastern Europe", "umap_1d_x": 15.134276, "umap_2d_x": -32.042881, "umap_2d_y": -7.8346062, "umap_3d_x": -42.730076, "umap_3d_y": -7.6485405, "umap_3d_z": -10.085396, "tsne_1d_x": -30.995312, "tsne_2d_x": -26.658516, "tsne_2d_y": -5.827858, "tsne_3d_x": -22.879496, "tsne_3d_y": 27.155334, "tsne_3d_z": 9.7818909, "grid_umap_1d_x": 581.0, "grid_umap_2d_x": 5.0, "grid_umap_2d_y": 5.0, "grid_umap_3d_x": 4.0, "grid_umap_3d_y": 2.0, "grid_umap_3d_z": 5.0, "grid_tsne_1d_x": 581.0, "grid_tsne_2d_x": 1.0, "grid_tsne_2d_y": 8.0, "grid_tsne_3d_x": 1.0, "grid_tsne_3d_y": 9.0, "grid_tsne_3d_z": 4.0, "patch_file_embed": "patch_0581_embed.png", "patch_file_rgb": "patch_0581_rgb.png" }, "geometry": { "type": "Point", "coordinates": [ 77.674398062537932, 59.371773832414789 ] } },
{ "type": "Feature", "properties": { "index": 582, "lon": 121.80390213069001, "lat": 66.053620380290084, "classification": 20, "subregion_name": "Eastern Europe", "umap_1d_x": 18.468981, "umap_2d_x": -49.202374, "umap_2d_y": 0.16769791, "umap_3d_x": -48.89608, "umap_3d_y": 18.066162, "umap_3d_z": -43.029907, "tsne_1d_x": -69.599205, "tsne_2d_x": -43.187428, "tsne_2d_y": 21.116486, "tsne_3d_x": 13.583519, "tsne_3d_y": 33.512413, "tsne_3d_z": 33.298584, "grid_umap_1d_x": 582.0, "grid_umap_2d_x": 14.0, "grid_umap_2d_y": 17.0, "grid_umap_3d_x": 3.0, "grid_umap_3d_y": 7.0, "grid_umap_3d_z": 0.0, "grid_tsne_1d_x": 582.0, "grid_tsne_2d_x": 8.0, "grid_tsne_2d_y": 24.0, "grid_tsne_3d_x": 7.0, "grid_tsne_3d_y": 9.0, "grid_tsne_3d_z": 6.0, "patch_file_embed": "patch_0582_embed.png", "patch_file_rgb": "patch_0582_rgb.png" }, "geometry": { "type": "Point", "coordinates": [ 121.803902130690005, 66.053620380290084 ] } },
{ "type": "Feature", "properties": { "index": 583, "lon": 109.08945210085716, "lat": 48.838122979937069, "classification": 113, "subregion_name": "Eastern Asia", "umap_1d_x": 13.525182, "umap_2d_x": -37.919235, "umap_2d_y": 13.095482, "umap_3d_x": -43.980301, "umap_3d_y": 16.146538, "umap_3d_z": -13.301563, "tsne_1d_x": -41.90609, "tsne_2d_x": -39.708622, "tsne_2d_y": -7.5624695, "tsne_3d_x": 19.098541, "tsne_3d_y": 33.2006, "tsne_3d_z": 5.2698212, "grid_umap_1d_x": 583.0, "grid_umap_2d_x": 5.0, "grid_umap_2d_y": 20.0, "grid_umap_3d_x": 0.0, "grid_umap_3d_y": 8.0, "grid_umap_3d_z": 3.0, "grid_tsne_1d_x": 583.0, "grid_tsne_2d_x": 18.0, "grid_tsne_2d_y": 17.0, "grid_tsne_3d_x": 9.0, "grid_tsne_3d_y": 10.0, "grid_tsne_3d_z": 2.0, "patch_file_embed": "patch_0583_embed.png", "patch_file_rgb": "patch_0583_rgb.png" }, "geometry": { "type": "Point", "coordinates": [ 109.089452100857159, 48.838122979937069 ] } },
{ "type": "Feature", "properties": { "index": 584, "lon": 95.525288280301822, "lat": 63.787139119268545, "classification": 116, "subregion_name": "Eastern Europe", "umap_1d_x": 15.832366, "umap_2d_x": -41.038422, "umap_2d_y": 7.5515823, "umap_3d_x": -48.566891, "umap_3d_y": 14.900833, "umap_3d_z": -17.114849, "tsne_1d_x": -45.35323, "tsne_2d_x": -38.810524, "tsne_2d_y": 1.7247925, "tsne_3d_x": -0.3310318, "tsne_3d_y": 39.521149, "tsne_3d_z": 12.002682, "grid_umap_1d_x": 584.0, "grid_umap_2d_x": 13.0, "grid_umap_2d_y": 19.0, "grid_umap_3d_x": 3.0, "grid_umap_3d_y": 6.0, "grid_umap_3d_z": 4.0, "grid_tsne_1d_x": 584.0, "grid_tsne_2d_x": 5.0, "grid_tsne_2d_y": 15.0, "grid_tsne_3d_x": 5.0, "grid_tsne_3d_y": 8.0, "grid_tsne_3d_z": 3.0, "patch_file_embed": "patch_0584_embed.png", "patch_file_rgb": "patch_0584_rgb.png" }, "geometry": { "type": "Point", "coordinates": [ 95.525288280301822, 63.787139119268545 ] } },
{ "type": "Feature", "properties": { "index": 585, "lon": 53.817211358751422, "lat": 27.509465348269842, "classification": 60, "subregion_name": "Southern Asia", "umap_1d_x": 5.7324905, "umap_2d_x": -10.116215, "umap_2d_y": 5.7796021, "umap_3d_x": -18.726877, "umap_3d_y": 0.32125092, "umap_3d_z": 14.071342, "tsne_1d_x": -0.22096129, "tsne_2d_x": 9.8833389, "tsne_2d_y": 11.542084, "tsne_3d_x": -13.132828, "tsne_3d_y": -26.510805, "tsne_3d_z": 18.074661, "grid_umap_1d_x": 585.0, "grid_umap_2d_x": 15.0, "grid_umap_2d_y": 13.0, "grid_umap_3d_x": 3.0, "grid_umap_3d_y": 2.0, "grid_umap_3d_z": 8.0, "grid_tsne_1d_x": 585.0, "grid_tsne_2d_x": 16.0, "grid_tsne_2d_y": 15.0, "grid_tsne_3d_x": 2.0, "grid_tsne_3d_y": 0.0, "grid_tsne_3d_z": 7.0, "patch_file_embed": "patch_0585_embed.png", "patch_file_rgb": "patch_0585_rgb.png" }, "geometry": { "type": "Point", "coordinates": [ 53.817211358751422, 27.509465348269842 ] } },
{ "type": "Feature", "properties": { "index": 586, "lon": 92.080417549058893, "lat": 26.456238575564456, "classification": 40, "subregion_name": "Southern Asia", "umap_1d_x": 1.3952159, "umap_2d_x": 3.846508, "umap_2d_y": 49.548927, "umap_3d_x": -1.9909248, "umap_3d_y": 46.099457, "umap_3d_z": 26.603004, "tsne_1d_x": 13.175704, "tsne_2d_x": 14.97493, "tsne_2d_y": -46.152515, "tsne_3d_x": 37.44149, "tsne_3d_y": -25.975285, "tsne_3d_z": 28.491203, "grid_umap_1d_x": 586.0, "grid_umap_2d_x": 20.0, "grid_umap_2d_y": 27.0, "grid_umap_3d_x": 1.0, "grid_umap_3d_y": 10.0, "grid_umap_3d_z": 7.0, "grid_tsne_1d_x": 586.0, "grid_tsne_2d_x": 21.0, "grid_tsne_2d_y": 15.0, "grid_tsne_3d_x": 10.0, "grid_tsne_3d_y": 3.0, "grid_tsne_3d_z": 7.0, "patch_file_embed": "patch_0586_embed.png", "patch_file_rgb": "patch_0586_rgb.png" }, "geometry": { "type": "Point", "coordinates": [ 92.080417549058893, 26.456238575564456 ] } },
{ "type": "Feature", "properties": { "index": 587, "lon": 100.10585145797876, "lat": 31.568237151101698, "classification": 30, "subregion_name": "Unknown", "umap_1d_x": 8.0189695, "umap_2d_x": -13.381573, "umap_2d_y": 25.482979, "umap_3d_x": -13.537392, "umap_3d_y": 21.895584, "umap_3d_z": -0.083259583, "tsne_1d_x": 1.3326095, "tsne_2d_x": -1.4886932, "tsne_2d_y": -20.426147, "tsne_3d_x": 28.527504, "tsne_3d_y": -7.0746689, "tsne_3d_z": -6.7261734, "grid_umap_1d_x": 587.0, "grid_umap_2d_x": 2.0, "grid_umap_2d_y": 26.0, "grid_umap_3d_x": 0.0, "grid_umap_3d_y": 10.0, "grid_umap_3d_z": 4.0, "grid_tsne_1d_x": 587.0, "grid_tsne_2d_x": 10.0, "grid_tsne_2d_y": 3.0, "grid_tsne_3d_x": 10.0, "grid_tsne_3d_y": 6.0, "grid_tsne_3d_z": 1.0, "patch_file_embed": "patch_0587_embed.png", "patch_file_rgb": "patch_0587_rgb.png" }, "geometry": { "type": "Point", "coordinates": [ 100.105851457978758, 31.568237151101698 ] } },
{ "type": "Feature", "properties": { "index": 588, "lon": 79.005879553276714, "lat": 26.96305044726104, "classification": 40, "subregion_name": "Southern Asia", "umap_1d_x": 1.1458631, "umap_2d_x": 4.6063194, "umap_2d_y": 47.962738, "umap_3d_x": -0.88866043, "umap_3d_y": 43.816147, "umap_3d_z": 28.984001, "tsne_1d_x": 13.66957, "tsne_2d_x": 12.904156, "tsne_2d_y": -45.186447, "tsne_3d_x": 31.681465, "tsne_3d_y": -26.501717, "tsne_3d_z": 32.487373, "grid_umap_1d_x": 588.0, "grid_umap_2d_x": 19.0, "grid_umap_2d_y": 28.0, "grid_umap_3d_x": 1.0, "grid_umap_3d_y": 8.0, "grid_umap_3d_z": 8.0, "grid_tsne_1d_x": 588.0, "grid_tsne_2d_x": 20.0, "grid_tsne_2d_y": 13.0, "grid_tsne_3d_x": 8.0, "grid_tsne_3d_y": 5.0, "grid_tsne_3d_z": 6.0, "patch_file_embed": "patch_0588_embed.png", "patch_file_rgb": "patch_0588_rgb.png" }, "geometry": { "type": "Point", "coordinates": [ 79.005879553276714, 26.96305044726104 ] } },
{ "type": "Feature", "properties": { "index": 589, "lon": -49.817382907711135, "lat": -7.6673662222030501, "classification": 30, "subregion_name": "Latin America and the Caribbean", "umap_1d_x": -14.500856, "umap_2d_x": 43.099991, "umap_2d_y": -17.14534, "umap_3d_x": 42.153229, "umap_3d_y": -8.1005554, "umap_3d_z": 27.765152, "tsne_1d_x": 58.508465, "tsne_2d_x": 42.422424, "tsne_2d_y": 14.000084, "tsne_3d_x": -7.7037048, "tsne_3d_y": -36.255291, "tsne_3d_z": -30.239479, "grid_umap_1d_x": 589.0, "grid_umap_2d_x": 31.0, "grid_umap_2d_y": 4.0, "grid_umap_3d_x": 10.0, "grid_umap_3d_y": 4.0, "grid_umap_3d_z": 6.0, "grid_tsne_1d_x": 589.0, "grid_tsne_2d_x": 30.0, "grid_tsne_2d_y": 18.0, "grid_tsne_3d_x": 4.0, "grid_tsne_3d_y": 1.0, "grid_tsne_3d_z": 0.0, "patch_file_embed": "patch_0589_embed.png", "patch_file_rgb": "patch_0589_rgb.png" }, "geometry": { "type": "Point", "coordinates": [ -49.817382907711135, -7.66736622220305 ] } },
{ "type": "Feature", "properties": { "index": 590, "lon": 21.648043229076535, "lat": -26.604015134795475, "classification": 30, "subregion_name": "Sub-Saharan Africa", "umap_1d_x": -20.323771, "umap_2d_x": 42.7146, "umap_2d_y": -45.12891, "umap_3d_x": 46.682388, "umap_3d_y": -44.546879, "umap_3d_z": 25.33754, "tsne_1d_x": 78.980225, "tsne_2d_x": 40.673386, "tsne_2d_y": 34.593765, "tsne_3d_x": -34.975979, "tsne_3d_y": -22.665596, "tsne_3d_z": -16.02758, "grid_umap_1d_x": 590.0, "grid_umap_2d_x": 23.0, "grid_umap_2d_y": 4.0, "grid_umap_3d_x": 6.0, "grid_umap_3d_y": 1.0, "grid_umap_3d_z": 5.0, "grid_tsne_1d_x": 590.0, "grid_tsne_2d_x": 31.0, "grid_tsne_2d_y": 29.0, "grid_tsne_3d_x": 0.0, "grid_tsne_3d_y": 2.0, "grid_tsne_3d_z": 2.0, "patch_file_embed": "patch_0590_embed.png", "patch_file_rgb": "patch_0590_rgb.png" }, "geometry": { "type": "Point", "coordinates": [ 21.648043229076535, -26.604015134795475 ] } },
{ "type": "Feature", "properties": { "index": 591, "lon": -98.366076288262832, "lat": 39.178889000706135, "classification": 30, "subregion_name": "Unknown", "umap_1d_x": 9.6761694, "umap_2d_x": -20.381927, "umap_2d_y": 16.27697, "umap_3d_x": -24.079519, "umap_3d_y": 3.878315, "umap_3d_z": -15.532852, "tsne_1d_x": -11.640809, "tsne_2d_x": 1.6700287, "tsne_2d_y": 2.8321571, "tsne_3d_x": 10.04591, "tsne_3d_y": -4.1811638, "tsne_3d_z": 9.5977783, "grid_umap_1d_x": 591.0, "grid_umap_2d_x": 21.0, "grid_umap_2d_y": 23.0, "grid_umap_3d_x": 3.0, "grid_umap_3d_y": 4.0, "grid_umap_3d_z": 2.0, "grid_tsne_1d_x": 591.0, "grid_tsne_2d_x": 15.0, "grid_tsne_2d_y": 12.0, "grid_tsne_3d_x": 7.0, "grid_tsne_3d_y": 3.0, "grid_tsne_3d_z": 6.0, "patch_file_embed": "patch_0591_embed.png", "patch_file_rgb": "patch_0591_rgb.png" }, "geometry": { "type": "Point", "coordinates": [ -98.366076288262832, 39.178889000706135 ] } },
{ "type": "Feature", "properties": { "index": 592, "lon": 15.88788849983348, "lat": -12.705289184692354, "classification": 30, "subregion_name": "Sub-Saharan Africa", "umap_1d_x": -12.849753, "umap_2d_x": 48.469208, "umap_2d_y": -16.383858, "umap_3d_x": 35.886108, "umap_3d_y": -10.589527, "umap_3d_z": 27.055771, "tsne_1d_x": 51.965542, "tsne_2d_x": 35.935356, "tsne_2d_y": 3.0148926, "tsne_3d_x": -1.8720779, "tsne_3d_y": -39.622093, "tsne_3d_z": -13.908508, "grid_umap_1d_x": 592.0, "grid_umap_2d_x": 29.0, "grid_umap_2d_y": 15.0, "grid_umap_3d_x": 6.0, "grid_umap_3d_y": 4.0, "grid_umap_3d_z": 5.0, "grid_tsne_1d_x": 592.0, "grid_tsne_2d_x": 23.0, "grid_tsne_2d_y": 18.0, "grid_tsne_3d_x": 4.0, "grid_tsne_3d_y": 0.0, "grid_tsne_3d_z": 3.0, "patch_file_embed": "patch_0592_embed.png", "patch_file_rgb": "patch_0592_rgb.png" }, "geometry": { "type": "Point", "coordinates": [ 15.88788849983348, -12.705289184692354 ] } },
{ "type": "Feature", "properties": { "index": 593, "lon": 29.915202678740656, "lat": -12.990118266123282, "classification": 124, "subregion_name": "Sub-Saharan Africa", "umap_1d_x": -13.586451, "umap_2d_x": 46.554039, "umap_2d_y": -19.394594, "umap_3d_x": 38.280457, "umap_3d_y": -11.799404, "umap_3d_z": 27.49575, "tsne_1d_x": 53.106464, "tsne_2d_x": 38.146889, "tsne_2d_y": 8.1884384, "tsne_3d_x": -5.6050568, "tsne_3d_y": -34.227303, "tsne_3d_z": -19.394176, "grid_umap_1d_x": 593.0, "grid_umap_2d_x": 29.0, "grid_umap_2d_y": 11.0, "grid_umap_3d_x": 9.0, "grid_umap_3d_y": 2.0, "grid_umap_3d_z": 6.0, "grid_tsne_1d_x": 593.0, "grid_tsne_2d_x": 30.0, "grid_tsne_2d_y": 14.0, "grid_tsne_3d_x": 3.0, "grid_tsne_3d_y": 0.0, "grid_tsne_3d_z": 1.0, "patch_file_embed": "patch_0593_embed.png", "patch_file_rgb": "patch_0593_rgb.png" }, "geometry": { "type": "Point", "coordinates": [ 29.915202678740656, -12.990118266123282 ] } },
{ "type": "Feature", "properties": { "index": 594, "lon": 68.594665269044953, "lat": 60.087696264259748, "classification": 20, "subregion_name": "Eastern Europe", "umap_1d_x": 17.35186, "umap_2d_x": -43.114819, "umap_2d_y": -14.914555, "umap_3d_x": -44.123844, "umap_3d_y": -0.69120407, "umap_3d_z": -41.98954, "tsne_1d_x": -57.189693, "tsne_2d_x": -29.583338, "tsne_2d_y": 28.454918, "tsne_3d_x": -1.0247192, "tsne_3d_y": 17.720657, "tsne_3d_z": 29.906448, "grid_umap_1d_x": 594.0, "grid_umap_2d_x": 12.0, "grid_umap_2d_y": 6.0, "grid_umap_3d_x": 6.0, "grid_umap_3d_y": 1.0, "grid_umap_3d_z": 0.0, "grid_tsne_1d_x": 594.0, "grid_tsne_2d_x": 2.0, "grid_tsne_2d_y": 28.0, "grid_tsne_3d_x": 4.0, "grid_tsne_3d_y": 6.0, "grid_tsne_3d_z": 6.0, "patch_file_embed": "patch_0594_embed.png", "patch_file_rgb": "patch_0594_rgb.png" }, "geometry": { "type": "Point", "coordinates": [ 68.594665269044953, 60.087696264259748 ] } },
{ "type": "Feature", "properties": { "index": 595, "lon": 74.28629604979696, "lat": 22.643688852997656, "classification": 126, "subregion_name": "Southern Asia", "umap_1d_x": -0.11865768, "umap_2d_x": 5.2462883, "umap_2d_y": 39.475571, "umap_3d_x": 2.9324226, "umap_3d_y": 38.560692, "umap_3d_z": 26.457687, "tsne_1d_x": 14.678759, "tsne_2d_x": 11.83297, "tsne_2d_y": -35.452511, "tsne_3d_x": 21.174149, "tsne_3d_y": -27.309414, "tsne_3d_z": 21.433006, "grid_umap_1d_x": 595.0, "grid_umap_2d_x": 15.0, "grid_umap_2d_y": 29.0, "grid_umap_3d_x": 3.0, "grid_umap_3d_y": 9.0, "grid_umap_3d_z": 7.0, "grid_tsne_1d_x": 595.0, "grid_tsne_2d_x": 17.0, "grid_tsne_2d_y": 4.0, "grid_tsne_3d_x": 8.0, "grid_tsne_3d_y": 1.0, "grid_tsne_3d_z": 7.0, "patch_file_embed": "patch_0595_embed.png", "patch_file_rgb": "patch_0595_rgb.png" }, "geometry": { "type": "Point", "coordinates": [ 74.28629604979696, 22.643688852997656 ] } },
{ "type": "Feature", "properties": { "index": 596, "lon": -110.89026105720889, "lat": 42.610479029837961, "classification": 111, "subregion_name": "Unknown", "umap_1d_x": 7.3461738, "umap_2d_x": -16.920551, "umap_2d_y": 7.1939697, "umap_3d_x": -23.776508, "umap_3d_y": 3.8321266, "umap_3d_z": 7.3974495, "tsne_1d_x": -5.9489522, "tsne_2d_x": 0.73897934, "tsne_2d_y": 25.425468, "tsne_3d_x": -8.8692131, "tsne_3d_y": -6.6856728, "tsne_3d_z": 8.3297653, "grid_umap_1d_x": 596.0, "grid_umap_2d_x": 15.0, "grid_umap_2d_y": 16.0, "grid_umap_3d_x": 0.0, "grid_umap_3d_y": 5.0, "grid_umap_3d_z": 7.0, "grid_tsne_1d_x": 596.0, "grid_tsne_2d_x": 16.0, "grid_tsne_2d_y": 26.0, "grid_tsne_3d_x": 0.0, "grid_tsne_3d_y": 1.0, "grid_tsne_3d_z": 6.0, "patch_file_embed": "patch_0596_embed.png", "patch_file_rgb": "patch_0596_rgb.png" }, "geometry": { "type": "Point", "coordinates": [ -110.890261057208889, 42.610479029837961 ] } },
{ "type": "Feature", "properties": { "index": 597, "lon": 91.616128008181477, "lat": 29.379964125906795, "classification": 20, "subregion_name": "Unknown", "umap_1d_x": 7.988709, "umap_2d_x": -13.1954, "umap_2d_y": 25.585213, "umap_3d_x": -13.296783, "umap_3d_y": 22.1558, "umap_3d_z": 0.44115829, "tsne_1d_x": 1.4039766, "tsne_2d_x": -0.95999527, "tsne_2d_y": -21.713146, "tsne_3d_x": 30.571358, "tsne_3d_y": -8.1187897, "tsne_3d_z": -5.6337051, "grid_umap_1d_x": 597.0, "grid_umap_2d_x": 1.0, "grid_umap_2d_y": 26.0, "grid_umap_3d_x": 0.0, "grid_umap_3d_y": 10.0, "grid_umap_3d_z": 5.0, "grid_tsne_1d_x": 597.0, "grid_tsne_2d_x": 13.0, "grid_tsne_2d_y": 9.0, "grid_tsne_3d_x": 10.0, "grid_tsne_3d_y": 5.0, "grid_tsne_3d_z": 2.0, "patch_file_embed": "patch_0597_embed.png", "patch_file_rgb": "patch_0597_rgb.png" }, "geometry": { "type": "Point", "coordinates": [ 91.616128008181477, 29.379964125906795 ] } },
{ "type": "Feature", "properties": { "index": 598, "lon": 40.910712245781582, "lat": 3.6131609471914321, "classification": 20, "subregion_name": "Sub-Saharan Africa", "umap_1d_x": 3.0736885, "umap_2d_x": 6.925045, "umap_2d_y": 3.2308998, "umap_3d_x": 12.976116, "umap_3d_y": 5.0693207, "umap_3d_z": 48.904633, "tsne_1d_x": 28.804483, "tsne_2d_x": 14.107391, "tsne_2d_y": 37.414772, "tsne_3d_x": -16.830303, "tsne_3d_y": -40.297688, "tsne_3d_z": 8.1032219, "grid_umap_1d_x": 598.0, "grid_umap_2d_x": 9.0, "grid_umap_2d_y": 4.0, "grid_umap_3d_x": 4.0, "grid_umap_3d_y": 2.0, "grid_umap_3d_z": 8.0, "grid_tsne_1d_x": 598.0, "grid_tsne_2d_x": 18.0, "grid_tsne_2d_y": 29.0, "grid_tsne_3d_x": 2.0, "grid_tsne_3d_y": 1.0, "grid_tsne_3d_z": 5.0, "patch_file_embed": "patch_0598_embed.png", "patch_file_rgb": "patch_0598_rgb.png" }, "geometry": { "type": "Point", "coordinates": [ 40.910712245781582, 3.613160947191432 ] } },
{ "type": "Feature", "properties": { "index": 599, "lon": -42.558313751662325, "lat": -3.2985401269591179, "classification": 116, "subregion_name": "Latin America and the Caribbean", "umap_1d_x": -14.289176, "umap_2d_x": 42.797783, "umap_2d_y": -15.511597, "umap_3d_x": 42.545319, "umap_3d_y": -7.1955528, "umap_3d_z": 31.804153, "tsne_1d_x": 57.503712, "tsne_2d_x": 37.433189, "tsne_2d_y": 17.160294, "tsne_3d_x": -5.7813301, "tsne_3d_y": -19.730663, "tsne_3d_z": -26.093887, "grid_umap_1d_x": 599.0, "grid_umap_2d_x": 30.0, "grid_umap_2d_y": 7.0, "grid_umap_3d_x": 8.0, "grid_umap_3d_y": 6.0, "grid_umap_3d_z": 5.0, "grid_tsne_1d_x": 599.0, "grid_tsne_2d_x": 30.0, "grid_tsne_2d_y": 19.0, "grid_tsne_3d_x": 4.0, "grid_tsne_3d_y": 4.0, "grid_tsne_3d_z": 1.0, "patch_file_embed": "patch_0599_embed.png", "patch_file_rgb": "patch_0599_rgb.png" }, "geometry": { "type": "Point", "coordinates": [ -42.558313751662325, -3.298540126959118 ] } },
{ "type": "Feature", "properties": { "index": 600, "lon": 148.31407313262412, "lat": -29.411385906100715, "classification": 30, "subregion_name": "Unknown", "umap_1d_x": -19.243259, "umap_2d_x": 38.563026, "umap_2d_y": -41.209324, "umap_3d_x": 49.089844, "umap_3d_y": -37.272545, "umap_3d_z": 18.162361, "tsne_1d_x": 76.306511, "tsne_2d_x": 37.241257, "tsne_2d_y": 42.617195, "tsne_3d_x": -32.186607, "tsne_3d_y": -14.221779, "tsne_3d_z": -30.115295, "grid_umap_1d_x": 600.0, "grid_umap_2d_x": 21.0, "grid_umap_2d_y": 3.0, "grid_umap_3d_x": 10.0, "grid_umap_3d_y": 0.0, "grid_umap_3d_z": 3.0, "grid_tsne_1d_x": 600.0, "grid_tsne_2d_x": 25.0, "grid_tsne_2d_y": 30.0, "grid_tsne_3d_x": 1.0, "grid_tsne_3d_y": 5.0, "grid_tsne_3d_z": 0.0, "patch_file_embed": "patch_0600_embed.png", "patch_file_rgb": "patch_0600_rgb.png" }, "geometry": { "type": "Point", "coordinates": [ 148.314073132624117, -29.411385906100715 ] } },
{ "type": "Feature", "properties": { "index": 601, "lon": 34.71402436634753, "lat": 59.688763491187146, "classification": 126, "subregion_name": "Eastern Europe", "umap_1d_x": 21.286686, "umap_2d_x": -29.556042, "umap_2d_y": -12.898994, "umap_3d_x": -38.065491, "umap_3d_y": -9.6216965, "umap_3d_z": -16.611164, "tsne_1d_x": -25.639456, "tsne_2d_x": -18.979076, "tsne_2d_y": 12.380344, "tsne_3d_x": -26.121574, "tsne_3d_y": 17.070152, "tsne_3d_z": 15.537384, "grid_umap_1d_x": 601.0, "grid_umap_2d_x": 4.0, "grid_umap_2d_y": 0.0, "grid_umap_3d_x": 1.0, "grid_umap_3d_y": 1.0, "grid_umap_3d_z": 2.0, "grid_tsne_1d_x": 601.0, "grid_tsne_2d_x": 15.0, "grid_tsne_2d_y": 20.0, "grid_tsne_3d_x": 1.0, "grid_tsne_3d_y": 7.0, "grid_tsne_3d_z": 5.0, "patch_file_embed": "patch_0601_embed.png", "patch_file_rgb": "patch_0601_rgb.png" }, "geometry": { "type": "Point", "coordinates": [ 34.71402436634753, 59.688763491187146 ] } },
{ "type": "Feature", "properties": { "index": 602, "lon": 110.94548673184102, "lat": 56.704422085189023, "classification": 30, "subregion_name": "Eastern Europe", "umap_1d_x": 18.985842, "umap_2d_x": -47.754105, "umap_2d_y": -2.1472359, "umap_3d_x": -46.288441, "umap_3d_y": 20.657867, "umap_3d_z": -42.166359, "tsne_1d_x": -72.216393, "tsne_2d_x": -39.966957, "tsne_2d_y": 21.026695, "tsne_3d_x": 22.726974, "tsne_3d_y": 33.272224, "tsne_3d_z": 32.745239, "grid_umap_1d_x": 602.0, "grid_umap_2d_x": 18.0, "grid_umap_2d_y": 16.0, "grid_umap_3d_x": 5.0, "grid_umap_3d_y": 8.0, "grid_umap_3d_z": 1.0, "grid_tsne_1d_x": 602.0, "grid_tsne_2d_x": 12.0, "grid_tsne_2d_y": 24.0, "grid_tsne_3d_x": 10.0, "grid_tsne_3d_y": 10.0, "grid_tsne_3d_z": 7.0, "patch_file_embed": "patch_0602_embed.png", "patch_file_rgb": "patch_0602_rgb.png" }, "geometry": { "type": "Point", "coordinates": [ 110.945486731841015, 56.704422085189023 ] } },
{ "type": "Feature", "properties": { "index": 603, "lon": 64.286192268286726, "lat": 65.653765422592144, "classification": 90, "subregion_name": "Eastern Europe", "umap_1d_x": 17.668583, "umap_2d_x": -43.254242, "umap_2d_y": -13.028957, "umap_3d_x": -45.192604, "umap_3d_y": 1.4062233, "umap_3d_z": -42.569027, "tsne_1d_x": -56.916817, "tsne_2d_x": -31.465494, "tsne_2d_y": 25.879105, "tsne_3d_x": -0.72551346, "tsne_3d_y": 23.067841, "tsne_3d_z": 32.84333, "grid_umap_1d_x": 603.0, "grid_umap_2d_x": 16.0, "grid_umap_2d_y": 8.0, "grid_umap_3d_x": 5.0, "grid_umap_3d_y": 3.0, "grid_umap_3d_z": 1.0, "grid_tsne_1d_x": 603.0, "grid_tsne_2d_x": 0.0, "grid_tsne_2d_y": 26.0, "grid_tsne_3d_x": 4.0, "grid_tsne_3d_y": 7.0, "grid_tsne_3d_z": 6.0, "patch_file_embed": "patch_0603_embed.png", "patch_file_rgb": "patch_0603_rgb.png" }, "geometry": { "type": "Point", "coordinates": [ 64.286192268286726, 65.653765422592144 ] } },
{ "type": "Feature", "properties": { "index": 604, "lon": -123.4486128338538, "lat": 54.246142481912884, "classification": 111, "subregion_name": "Northern America", "umap_1d_x": 16.532585, "umap_2d_x": -37.523354, "umap_2d_y": -6.1633606, "umap_3d_x": -45.093365, "umap_3d_y": -0.50302124, "umap_3d_z": -23.208698, "tsne_1d_x": -23.704487, "tsne_2d_x": -19.247555, "tsne_2d_y": 6.7738342, "tsne_3d_x": -11.120197, "tsne_3d_y": 11.183208, "tsne_3d_z": 14.384819, "grid_umap_1d_x": 604.0, "grid_umap_2d_x": 7.0, "grid_umap_2d_y": 8.0, "grid_umap_3d_x": 0.0, "grid_umap_3d_y": 3.0, "grid_umap_3d_z": 1.0, "grid_tsne_1d_x": 604.0, "grid_tsne_2d_x": 13.0, "grid_tsne_2d_y": 17.0, "grid_tsne_3d_x": 0.0, "grid_tsne_3d_y": 7.0, "grid_tsne_3d_z": 8.0, "patch_file_embed": "patch_0604_embed.png", "patch_file_rgb": "patch_0604_rgb.png" }, "geometry": { "type": "Point", "coordinates": [ -123.448612833853801, 54.246142481912884 ] } },
{ "type": "Feature", "properties": { "index": 605, "lon": 103.1779012355978, "lat": -2.8804644530129759, "classification": 116, "subregion_name": "South-eastern Asia", "umap_1d_x": -7.0218244, "umap_2d_x": 31.92128, "umap_2d_y": 36.357475, "umap_3d_x": 28.070007, "umap_3d_y": 40.045197, "umap_3d_z": 3.4110298, "tsne_1d_x": 36.407627, "tsne_2d_x": 38.793739, "tsne_2d_y": -26.315876, "tsne_3d_x": 39.970123, "tsne_3d_y": -43.838593, "tsne_3d_z": -15.602203, "grid_umap_1d_x": 605.0, "grid_umap_2d_x": 29.0, "grid_umap_2d_y": 29.0, "grid_umap_3d_x": 10.0, "grid_umap_3d_y": 10.0, "grid_umap_3d_z": 3.0, "grid_tsne_1d_x": 605.0, "grid_tsne_2d_x": 28.0, "grid_tsne_2d_y": 1.0, "grid_tsne_3d_x": 10.0, "grid_tsne_3d_y": 0.0, "grid_tsne_3d_z": 2.0, "patch_file_embed": "patch_0605_embed.png", "patch_file_rgb": "patch_0605_rgb.png" }, "geometry": { "type": "Point", "coordinates": [ 103.177901235597801, -2.880464453012976 ] } },
{ "type": "Feature", "properties": { "index": 606, "lon": -65.922265979485445, "lat": -30.267165368148476, "classification": 20, "subregion_name": "Latin America and the Caribbean", "umap_1d_x": -16.304914, "umap_2d_x": 37.068756, "umap_2d_y": -23.069004, "umap_3d_x": 47.095558, "umap_3d_y": -17.108517, "umap_3d_z": 13.128738, "tsne_1d_x": 65.016075, "tsne_2d_x": 32.240387, "tsne_2d_y": 31.018028, "tsne_3d_x": -16.944626, "tsne_3d_y": -16.892986, "tsne_3d_z": -37.055023, "grid_umap_1d_x": 606.0, "grid_umap_2d_x": 27.0, "grid_umap_2d_y": 2.0, "grid_umap_3d_x": 9.0, "grid_umap_3d_y": 3.0, "grid_umap_3d_z": 2.0, "grid_tsne_1d_x": 606.0, "grid_tsne_2d_x": 31.0, "grid_tsne_2d_y": 30.0, "grid_tsne_3d_x": 3.0, "grid_tsne_3d_y": 5.0, "grid_tsne_3d_z": 1.0, "patch_file_embed": "patch_0606_embed.png", "patch_file_rgb": "patch_0606_rgb.png" }, "geometry": { "type": "Point", "coordinates": [ -65.922265979485445, -30.267165368148476 ] } },
{ "type": "Feature", "properties": { "index": 607, "lon": 151.81873818591549, "lat": -32.435663783527936, "classification": 122, "subregion_name": "Unknown", "umap_1d_x": -16.699348, "umap_2d_x": 34.64283, "umap_2d_y": -24.711075, "umap_3d_x": 45.18261, "umap_3d_y": -18.813641, "umap_3d_z": 8.9589767, "tsne_1d_x": 67.913643, "tsne_2d_x": 30.458908, "tsne_2d_y": 37.543098, "tsne_3d_x": -14.88406, "tsne_3d_y": -7.2125282, "tsne_3d_z": -36.564598, "grid_umap_1d_x": 607.0, "grid_umap_2d_x": 21.0, "grid_umap_2d_y": 9.0, "grid_umap_3d_x": 10.0, "grid_umap_3d_y": 0.0, "grid_umap_3d_z": 1.0, "grid_tsne_1d_x": 607.0, "grid_tsne_2d_x": 25.0, "grid_tsne_2d_y": 31.0, "grid_tsne_3d_x": 3.0, "grid_tsne_3d_y": 7.0, "grid_tsne_3d_z": 1.0, "patch_file_embed": "patch_0607_embed.png", "patch_file_rgb": "patch_0607_rgb.png" }, "geometry": { "type": "Point", "coordinates": [ 151.818738185915493, -32.435663783527936 ] } },
{ "type": "Feature", "properties": { "index": 608, "lon": 138.62440261960893, "lat": 36.657184601283944, "classification": 114, "subregion_name": "Eastern Asia", "umap_1d_x": 8.8326979, "umap_2d_x": -10.748409, "umap_2d_y": 31.9123, "umap_3d_x": -9.7865181, "umap_3d_y": 25.538757, "umap_3d_z": -4.9638557, "tsne_1d_x": -10.467363, "tsne_2d_x": -6.8566513, "tsne_2d_y": -32.210693, "tsne_3d_x": 39.187416, "tsne_3d_y": 0.81911087, "tsne_3d_z": 2.6739311, "grid_umap_1d_x": 608.0, "grid_umap_2d_x": 0.0, "grid_umap_2d_y": 29.0, "grid_umap_3d_x": 6.0, "grid_umap_3d_y": 10.0, "grid_umap_3d_z": 0.0, "grid_tsne_1d_x": 608.0, "grid_tsne_2d_x": 11.0, "grid_tsne_2d_y": 5.0, "grid_tsne_3d_x": 9.0, "grid_tsne_3d_y": 7.0, "grid_tsne_3d_z": 3.0, "patch_file_embed": "patch_0608_embed.png", "patch_file_rgb": "patch_0608_rgb.png" }, "geometry": { "type": "Point", "coordinates": [ 138.624402619608929, 36.657184601283944 ] } },
{ "type": "Feature", "properties": { "index": 609, "lon": 70.005363939521715, "lat": 42.433360170607557, "classification": 40, "subregion_name": "Unknown", "umap_1d_x": 6.9118414, "umap_2d_x": -14.426704, "umap_2d_y": 7.3518753, "umap_3d_x": -21.621546, "umap_3d_y": 2.224617, "umap_3d_z": 7.084465, "tsne_1d_x": -4.226603, "tsne_2d_x": 3.1024094, "tsne_2d_y": 19.46714, "tsne_3d_x": -15.361591, "tsne_3d_y": -10.094337, "tsne_3d_z": 15.533432, "grid_umap_1d_x": 609.0, "grid_umap_2d_x": 24.0, "grid_umap_2d_y": 18.0, "grid_umap_3d_x": 0.0, "grid_umap_3d_y": 3.0, "grid_umap_3d_z": 7.0, "grid_tsne_1d_x": 609.0, "grid_tsne_2d_x": 19.0, "grid_tsne_2d_y": 22.0, "grid_tsne_3d_x": 0.0, "grid_tsne_3d_y": 2.0, "grid_tsne_3d_z": 7.0, "patch_file_embed": "patch_0609_embed.png", "patch_file_rgb": "patch_0609_rgb.png" }, "geometry": { "type": "Point", "coordinates": [ 70.005363939521715, 42.433360170607557 ] } },
{ "type": "Feature", "properties": { "index": 610, "lon": 24.795810060575548, "lat": 53.061671237299464, "classification": 40, "subregion_name": "Eastern Europe", "umap_1d_x": 23.152096, "umap_2d_x": -19.781961, "umap_2d_y": -12.131752, "umap_3d_x": -29.046391, "umap_3d_y": -11.940838, "umap_3d_z": -14.513226, "tsne_1d_x": -18.562918, "tsne_2d_x": -7.5714874, "tsne_2d_y": 27.591774, "tsne_3d_x": -33.404678, "tsne_3d_y": 0.74314499, "tsne_3d_z": 23.469048, "grid_umap_1d_x": 610.0, "grid_umap_2d_x": 15.0, "grid_umap_2d_y": 3.0, "grid_umap_3d_x": 2.0, "grid_umap_3d_y": 0.0, "grid_umap_3d_z": 1.0, "grid_tsne_1d_x": 610.0, "grid_tsne_2d_x": 17.0, "grid_tsne_2d_y": 27.0, "grid_tsne_3d_x": 1.0, "grid_tsne_3d_y": 5.0, "grid_tsne_3d_z": 7.0, "patch_file_embed": "patch_0610_embed.png", "patch_file_rgb": "patch_0610_rgb.png" }, "geometry": { "type": "Point", "coordinates": [ 24.795810060575548, 53.061671237299464 ] } },
{ "type": "Feature", "properties": { "index": 611, "lon": 124.52528986192766, "lat": 12.320326884545025, "classification": 112, "subregion_name": "South-eastern Asia", "umap_1d_x": -5.0306225, "umap_2d_x": 24.530991, "umap_2d_y": 37.022064, "umap_3d_x": 19.3153, "umap_3d_y": 39.783096, "umap_3d_z": 10.628593, "tsne_1d_x": 31.605154, "tsne_2d_x": 27.580589, "tsne_2d_y": -30.435497, "tsne_3d_x": 32.944771, "tsne_3d_y": -36.676891, "tsne_3d_z": -3.9624977, "grid_umap_1d_x": 611.0, "grid_umap_2d_x": 22.0, "grid_umap_2d_y": 28.0, "grid_umap_3d_x": 7.0, "grid_umap_3d_y": 8.0, "grid_umap_3d_z": 4.0, "grid_tsne_1d_x": 611.0, "grid_tsne_2d_x": 23.0, "grid_tsne_2d_y": 3.0, "grid_tsne_3d_x": 10.0, "grid_tsne_3d_y": 0.0, "grid_tsne_3d_z": 3.0, "patch_file_embed": "patch_0611_embed.png", "patch_file_rgb": "patch_0611_rgb.png" }, "geometry": { "type": "Point", "coordinates": [ 124.525289861927661, 12.320326884545025 ] } },
{ "type": "Feature", "properties": { "index": 612, "lon": -124.14491937398361, "lat": 60.582785974327578, "classification": 111, "subregion_name": "Northern America", "umap_1d_x": 13.785241, "umap_2d_x": -33.495186, "umap_2d_y": 5.0772476, "umap_3d_x": -42.937714, "umap_3d_y": 4.9004784, "umap_3d_z": -2.5475159, "tsne_1d_x": -35.993515, "tsne_2d_x": -31.087629, "tsne_2d_y": -24.856659, "tsne_3d_x": -5.8550682, "tsne_3d_y": 16.053429, "tsne_3d_z": -5.3096313, "grid_umap_1d_x": 612.0, "grid_umap_2d_x": 24.0, "grid_umap_2d_y": 20.0, "grid_umap_3d_x": 1.0, "grid_umap_3d_y": 5.0, "grid_umap_3d_z": 6.0, "grid_tsne_1d_x": 612.0, "grid_tsne_2d_x": 4.0, "grid_tsne_2d_y": 1.0, "grid_tsne_3d_x": 1.0, "grid_tsne_3d_y": 10.0, "grid_tsne_3d_z": 0.0, "patch_file_embed": "patch_0612_embed.png", "patch_file_rgb": "patch_0612_rgb.png" }, "geometry": { "type": "Point", "coordinates": [ -124.144919373983612, 60.582785974327578 ] } },
{ "type": "Feature", "properties": { "index": 613, "lon": -68.836561037002411, "lat": -2.9946926360862989, "classification": 112, "subregion_name": "Latin America and the Caribbean", "umap_1d_x": -8.3150949, "umap_2d_x": 36.276184, "umap_2d_y": 29.232887, "umap_3d_x": 32.747971, "umap_3d_y": 42.516365, "umap_3d_z": -0.16873169, "tsne_1d_x": 42.319977, "tsne_2d_x": 44.013336, "tsne_2d_y": -25.884407, "tsne_3d_x": 30.443748, "tsne_3d_y": -47.613693, "tsne_3d_z": -25.630152, "grid_umap_1d_x": 613.0, "grid_umap_2d_x": 30.0, "grid_umap_2d_y": 24.0, "grid_umap_3d_x": 10.0, "grid_umap_3d_y": 9.0, "grid_umap_3d_z": 1.0, "grid_tsne_1d_x": 613.0, "grid_tsne_2d_x": 31.0, "grid_tsne_2d_y": 0.0, "grid_tsne_3d_x": 7.0, "grid_tsne_3d_y": 1.0, "grid_tsne_3d_z": 2.0, "patch_file_embed": "patch_0613_embed.png", "patch_file_rgb": "patch_0613_rgb.png" }, "geometry": { "type": "Point", "coordinates": [ -68.836561037002411, -2.994692636086299 ] } },
{ "type": "Feature", "properties": { "index": 614, "lon": 133.67968417026634, "lat": -25.17184875977231, "classification": 20, "subregion_name": "Unknown", "umap_1d_x": -20.425165, "umap_2d_x": 41.573212, "umap_2d_y": -48.6297, "umap_3d_x": 47.837105, "umap_3d_y": -47.359428, "umap_3d_z": 24.968887, "tsne_1d_x": 80.067291, "tsne_2d_x": 44.230629, "tsne_2d_y": 46.407059, "tsne_3d_x": -40.51226, "tsne_3d_y": -17.203384, "tsne_3d_z": -17.635071, "grid_umap_1d_x": 614.0, "grid_umap_2d_x": 20.0, "grid_umap_2d_y": 7.0, "grid_umap_3d_x": 7.0, "grid_umap_3d_y": 0.0, "grid_umap_3d_z": 5.0, "grid_tsne_1d_x": 614.0, "grid_tsne_2d_x": 23.0, "grid_tsne_2d_y": 27.0, "grid_tsne_3d_x": 1.0, "grid_tsne_3d_y": 3.0, "grid_tsne_3d_z": 3.0, "patch_file_embed": "patch_0614_embed.png", "patch_file_rgb": "patch_0614_rgb.png" }, "geometry": { "type": "Point", "coordinates": [ 133.679684170266341, -25.17184875977231 ] } },
{ "type": "Feature", "properties": { "index": 615, "lon": 13.816737039793992, "lat": 42.546473990019436, "classification": 126, "subregion_name": "Southern Europe", "umap_1d_x": 6.7188306, "umap_2d_x": -18.97385, "umap_2d_y": -1.5932732, "umap_3d_x": -28.096693, "umap_3d_y": -6.0508804, "umap_3d_z": 2.4957542, "tsne_1d_x": -7.069984, "tsne_2d_x": -3.3587608, "tsne_2d_y": 12.755268, "tsne_3d_x": -24.748957, "tsne_3d_y": -4.4211884, "tsne_3d_z": 3.5224609, "grid_umap_1d_x": 615.0, "grid_umap_2d_x": 14.0, "grid_umap_2d_y": 9.0, "grid_umap_3d_x": 0.0, "grid_umap_3d_y": 1.0, "grid_umap_3d_z": 6.0, "grid_tsne_1d_x": 615.0, "grid_tsne_2d_x": 14.0, "grid_tsne_2d_y": 18.0, "grid_tsne_3d_x": 1.0, "grid_tsne_3d_y": 4.0, "grid_tsne_3d_z": 4.0, "patch_file_embed": "patch_0615_embed.png", "patch_file_rgb": "patch_0615_rgb.png" }, "geometry": { "type": "Point", "coordinates": [ 13.816737039793992, 42.546473990019436 ] } },
{ "type": "Feature", "properties": { "index": 616, "lon": 126.52434280464252, "lat": 54.776880350848913, "classification": 30, "subregion_name": "Eastern Europe", "umap_1d_x": 11.286872, "umap_2d_x": -45.873501, "umap_2d_y": -7.4784775, "umap_3d_x": -40.878075, "umap_3d_y": 11.627434, "umap_3d_z": -38.992329, "tsne_1d_x": -61.753159, "tsne_2d_x": -28.596243, "tsne_2d_y": 41.35952, "tsne_3d_x": 20.647659, "tsne_3d_y": 17.342224, "tsne_3d_z": 32.187065, "grid_umap_1d_x": 616.0, "grid_umap_2d_x": 22.0, "grid_umap_2d_y": 14.0, "grid_umap_3d_x": 7.0, "grid_umap_3d_y": 5.0, "grid_umap_3d_z": 2.0, "grid_tsne_1d_x": 616.0, "grid_tsne_2d_x": 10.0, "grid_tsne_2d_y": 31.0, "grid_tsne_3d_x": 8.0, "grid_tsne_3d_y": 6.0, "grid_tsne_3d_z": 6.0, "patch_file_embed": "patch_0616_embed.png", "patch_file_rgb": "patch_0616_rgb.png" }, "geometry": { "type": "Point", "coordinates": [ 126.524342804642515, 54.776880350848913 ] } },
{ "type": "Feature", "properties": { "index": 617, "lon": 35.263989055119566, "lat": -7.7042941202414346, "classification": 124, "subregion_name": "Sub-Saharan Africa", "umap_1d_x": -13.467272, "umap_2d_x": 46.629578, "umap_2d_y": -21.209574, "umap_3d_x": 38.157631, "umap_3d_y": -13.503338, "umap_3d_z": 30.774467, "tsne_1d_x": 53.826942, "tsne_2d_x": 34.623016, "tsne_2d_y": 11.800648, "tsne_3d_x": -10.105911, "tsne_3d_y": -31.527016, "tsne_3d_z": -10.573044, "grid_umap_1d_x": 617.0, "grid_umap_2d_x": 30.0, "grid_umap_2d_y": 8.0, "grid_umap_3d_x": 7.0, "grid_umap_3d_y": 2.0, "grid_umap_3d_z": 6.0, "grid_tsne_1d_x": 617.0, "grid_tsne_2d_x": 31.0, "grid_tsne_2d_y": 14.0, "grid_tsne_3d_x": 3.0, "grid_tsne_3d_y": 3.0, "grid_tsne_3d_z": 4.0, "patch_file_embed": "patch_0617_embed.png", "patch_file_rgb": "patch_0617_rgb.png" }, "geometry": { "type": "Point", "coordinates": [ 35.263989055119566, -7.704294120241435 ] } },
{ "type": "Feature", "properties": { "index": 618, "lon": -84.232523315546516, "lat": 38.215400070602612, "classification": 126, "subregion_name": "Unknown", "umap_1d_x": 10.274641, "umap_2d_x": -23.065727, "umap_2d_y": 15.867203, "umap_3d_x": -24.585829, "umap_3d_y": 4.430378, "umap_3d_z": -22.145515, "tsne_1d_x": -14.66587, "tsne_2d_x": -1.4353371, "tsne_2d_y": -2.5392685, "tsne_3d_x": 3.3595505, "tsne_3d_y": -0.95821762, "tsne_3d_z": -1.295208, "grid_umap_1d_x": 618.0, "grid_umap_2d_x": 2.0, "grid_umap_2d_y": 20.0, "grid_umap_3d_x": 6.0, "grid_umap_3d_y": 4.0, "grid_umap_3d_z": 3.0, "grid_tsne_1d_x": 618.0, "grid_tsne_2d_x": 5.0, "grid_tsne_2d_y": 2.0, "grid_tsne_3d_x": 4.0, "grid_tsne_3d_y": 2.0, "grid_tsne_3d_z": 1.0, "patch_file_embed": "patch_0618_embed.png", "patch_file_rgb": "patch_0618_rgb.png" }, "geometry": { "type": "Point", "coordinates": [ -84.232523315546516, 38.215400070602612 ] } },
{ "type": "Feature", "properties": { "index": 619, "lon": 46.262019107089856, "lat": 6.1930368452928519, "classification": 20, "subregion_name": "Sub-Saharan Africa", "umap_1d_x": 2.9809735, "umap_2d_x": 7.502018, "umap_2d_y": 5.0641823, "umap_3d_x": 12.366631, "umap_3d_y": 6.7117615, "umap_3d_z": 49.535088, "tsne_1d_x": 28.425852, "tsne_2d_x": 14.590408, "tsne_2d_y": 35.329903, "tsne_3d_x": -15.336697, "tsne_3d_y": -42.584583, "tsne_3d_z": 11.283154, "grid_umap_1d_x": 619.0, "grid_umap_2d_x": 13.0, "grid_umap_2d_y": 7.0, "grid_umap_3d_x": 6.0, "grid_umap_3d_y": 4.0, "grid_umap_3d_z": 7.0, "grid_tsne_1d_x": 619.0, "grid_tsne_2d_x": 17.0, "grid_tsne_2d_y": 30.0, "grid_tsne_3d_x": 3.0, "grid_tsne_3d_y": 0.0, "grid_tsne_3d_z": 5.0, "patch_file_embed": "patch_0619_embed.png", "patch_file_rgb": "patch_0619_rgb.png" }, "geometry": { "type": "Point", "coordinates": [ 46.262019107089856, 6.193036845292852 ] } },
{ "type": "Feature", "properties": { "index": 620, "lon": -60.44415180946298, "lat": 53.373909650507059, "classification": 126, "subregion_name": "Northern America", "umap_1d_x": 17.265804, "umap_2d_x": -39.292244, "umap_2d_y": -15.891262, "umap_3d_x": -45.510479, "umap_3d_y": -5.5706367, "umap_3d_z": -36.70586, "tsne_1d_x": -55.392174, "tsne_2d_x": -25.547987, "tsne_2d_y": 22.442314, "tsne_3d_x": -16.10561, "tsne_3d_y": 18.106964, "tsne_3d_z": 34.830719, "grid_umap_1d_x": 620.0, "grid_umap_2d_x": 5.0, "grid_umap_2d_y": 1.0, "grid_umap_3d_x": 5.0, "grid_umap_3d_y": 1.0, "grid_umap_3d_z": 1.0, "grid_tsne_1d_x": 620.0, "grid_tsne_2d_x": 7.0, "grid_tsne_2d_y": 24.0, "grid_tsne_3d_x": 1.0, "grid_tsne_3d_y": 7.0, "grid_tsne_3d_z": 8.0, "patch_file_embed": "patch_0620_embed.png", "patch_file_rgb": "patch_0620_rgb.png" }, "geometry": { "type": "Point", "coordinates": [ -60.44415180946298, 53.373909650507059 ] } },
{ "type": "Feature", "properties": { "index": 621, "lon": -92.426345002119533, "lat": 18.259798430718064, "classification": 90, "subregion_name": "Latin America and the Caribbean", "umap_1d_x": 0.61969191, "umap_2d_x": 9.8681793, "umap_2d_y": 43.092491, "umap_3d_x": 5.8641319, "umap_3d_y": 46.958748, "umap_3d_z": 23.169586, "tsne_1d_x": 17.636913, "tsne_2d_x": 19.613197, "tsne_2d_y": -34.653419, "tsne_3d_x": 36.348038, "tsne_3d_y": -37.5434, "tsne_3d_z": 15.680801, "grid_umap_1d_x": 621.0, "grid_umap_2d_x": 19.0, "grid_umap_2d_y": 31.0, "grid_umap_3d_x": 5.0, "grid_umap_3d_y": 10.0, "grid_umap_3d_z": 5.0, "grid_tsne_1d_x": 621.0, "grid_tsne_2d_x": 22.0, "grid_tsne_2d_y": 8.0, "grid_tsne_3d_x": 9.0, "grid_tsne_3d_y": 3.0, "grid_tsne_3d_z": 5.0, "patch_file_embed": "patch_0621_embed.png", "patch_file_rgb": "patch_0621_rgb.png" }, "geometry": { "type": "Point", "coordinates": [ -92.426345002119533, 18.259798430718064 ] } },
{ "type": "Feature", "properties": { "index": 622, "lon": 52.630084618742444, "lat": 53.255166013896485, "classification": 40, "subregion_name": "Eastern Europe", "umap_1d_x": 11.437048, "umap_2d_x": -28.530006, "umap_2d_y": 21.685699, "umap_3d_x": -35.020615, "umap_3d_y": 6.0579529, "umap_3d_z": -30.834518, "tsne_1d_x": -60.847904, "tsne_2d_x": -21.969563, "tsne_2d_y": 35.862907, "tsne_3d_x": 8.9173241, "tsne_3d_y": 9.4348831, "tsne_3d_z": 27.126549, "grid_umap_1d_x": 622.0, "grid_umap_2d_x": 8.0, "grid_umap_2d_y": 24.0, "grid_umap_3d_x": 2.0, "grid_umap_3d_y": 5.0, "grid_umap_3d_z": 0.0, "grid_tsne_1d_x": 622.0, "grid_tsne_2d_x": 5.0, "grid_tsne_2d_y": 31.0, "grid_tsne_3d_x": 6.0, "grid_tsne_3d_y": 5.0, "grid_tsne_3d_z": 6.0, "patch_file_embed": "patch_0622_embed.png", "patch_file_rgb": "patch_0622_rgb.png" }, "geometry": { "type": "Point", "coordinates": [ 52.630084618742444, 53.255166013896485 ] } },
{ "type": "Feature", "properties": { "index": 623, "lon": 25.181236363410136, "lat": -19.580064695704792, "classification": 124, "subregion_name": "Sub-Saharan Africa", "umap_1d_x": -14.360766, "umap_2d_x": 45.798126, "umap_2d_y": -24.666178, "umap_3d_x": 39.549934, "umap_3d_y": -18.07782, "umap_3d_z": 28.869255, "tsne_1d_x": 54.502342, "tsne_2d_x": 38.216652, "tsne_2d_y": 23.122574, "tsne_3d_x": -16.255085, "tsne_3d_y": -32.222733, "tsne_3d_z": -17.762688, "grid_umap_1d_x": 623.0, "grid_umap_2d_x": 27.0, "grid_umap_2d_y": 10.0, "grid_umap_3d_x": 8.0, "grid_umap_3d_y": 1.0, "grid_umap_3d_z": 6.0, "grid_tsne_1d_x": 623.0, "grid_tsne_2d_x": 31.0, "grid_tsne_2d_y": 23.0, "grid_tsne_3d_x": 2.0, "grid_tsne_3d_y": 2.0, "grid_tsne_3d_z": 3.0, "patch_file_embed": "patch_0623_embed.png", "patch_file_rgb": "patch_0623_rgb.png" }, "geometry": { "type": "Point", "coordinates": [ 25.181236363410136, -19.580064695704792 ] } },
{ "type": "Feature", "properties": { "index": 624, "lon": -75.811007171546805, "lat": 54.608575918737756, "classification": 30, "subregion_name": "Northern America", "umap_1d_x": 17.420952, "umap_2d_x": -40.925873, "umap_2d_y": -16.464756, "umap_3d_x": -46.609547, "umap_3d_y": -2.4095917, "umap_3d_z": -41.09993, "tsne_1d_x": -55.839939, "tsne_2d_x": -28.103004, "tsne_2d_y": 23.118988, "tsne_3d_x": -10.929462, "tsne_3d_y": 22.553909, "tsne_3d_z": 37.060219, "grid_umap_1d_x": 624.0, "grid_umap_2d_x": 18.0, "grid_umap_2d_y": 6.0, "grid_umap_3d_x": 6.0, "grid_umap_3d_y": 2.0, "grid_umap_3d_z": 2.0, "grid_tsne_1d_x": 624.0, "grid_tsne_2d_x": 17.0, "grid_tsne_2d_y": 25.0, "grid_tsne_3d_x": 3.0, "grid_tsne_3d_y": 7.0, "grid_tsne_3d_z": 6.0, "patch_file_embed": "patch_0624_embed.png", "patch_file_rgb": "patch_0624_rgb.png" }, "geometry": { "type": "Point", "coordinates": [ -75.811007171546805, 54.608575918737756 ] } },
{ "type": "Feature", "properties": { "index": 625, "lon": 102.683130842997, "lat": -1.874315042263369, "classification": 112, "subregion_name": "South-eastern Asia", "umap_1d_x": -6.7718868, "umap_2d_x": 31.108566, "umap_2d_y": 36.936501, "umap_3d_x": 27.395927, "umap_3d_y": 38.566521, "umap_3d_z": 5.3146172, "tsne_1d_x": 36.397579, "tsne_2d_x": 37.471184, "tsne_2d_y": -28.499138, "tsne_3d_x": 41.202301, "tsne_3d_y": -38.542458, "tsne_3d_z": -14.58831, "grid_umap_1d_x": 625.0, "grid_umap_2d_x": 27.0, "grid_umap_2d_y": 26.0, "grid_umap_3d_x": 8.0, "grid_umap_3d_y": 6.0, "grid_umap_3d_z": 3.0, "grid_tsne_1d_x": 625.0, "grid_tsne_2d_x": 22.0, "grid_tsne_2d_y": 16.0, "grid_tsne_3d_x": 7.0, "grid_tsne_3d_y": 6.0, "grid_tsne_3d_z": 4.0, "patch_file_embed": "patch_0625_embed.png", "patch_file_rgb": "patch_0625_rgb.png" }, "geometry": { "type": "Point", "coordinates": [ 102.683130842997002, -1.874315042263369 ] } },
{ "type": "Feature", "properties": { "index": 626, "lon": 112.01111390822513, "lat": 59.269066941562031, "classification": 111, "subregion_name": "Eastern Europe", "umap_1d_x": 15.423595, "umap_2d_x": -40.104458, "umap_2d_y": 9.3105927, "umap_3d_x": -47.664639, "umap_3d_y": 15.811607, "umap_3d_z": -13.714485, "tsne_1d_x": -43.132027, "tsne_2d_x": -39.203068, "tsne_2d_y": 0.32167435, "tsne_3d_x": 1.5449295, "tsne_3d_y": 38.531563, "tsne_3d_z": 10.030396, "grid_umap_1d_x": 626.0, "grid_umap_2d_x": 9.0, "grid_umap_2d_y": 19.0, "grid_umap_3d_x": 1.0, "grid_umap_3d_y": 7.0, "grid_umap_3d_z": 4.0, "grid_tsne_1d_x": 626.0, "grid_tsne_2d_x": 4.0, "grid_tsne_2d_y": 14.0, "grid_tsne_3d_x": 5.0, "grid_tsne_3d_y": 9.0, "grid_tsne_3d_z": 3.0, "patch_file_embed": "patch_0626_embed.png", "patch_file_rgb": "patch_0626_rgb.png" }, "geometry": { "type": "Point", "coordinates": [ 112.011113908225127, 59.269066941562031 ] } },
{ "type": "Feature", "properties": { "index": 627, "lon": -59.322658811428028, "lat": -23.782449112817233, "classification": 114, "subregion_name": "Latin America and the Caribbean", "umap_1d_x": -16.038147, "umap_2d_x": 36.519753, "umap_2d_y": -16.530418, "umap_3d_x": 46.073227, "umap_3d_y": -10.474857, "umap_3d_z": 12.281387, "tsne_1d_x": 64.17482, "tsne_2d_x": 29.657539, "tsne_2d_y": 26.447311, "tsne_3d_x": -7.2992401, "tsne_3d_y": -20.011133, "tsne_3d_z": -40.451221, "grid_umap_1d_x": 627.0, "grid_umap_2d_x": 28.0, "grid_umap_2d_y": 2.0, "grid_umap_3d_x": 10.0, "grid_umap_3d_y": 5.0, "grid_umap_3d_z": 2.0, "grid_tsne_1d_x": 627.0, "grid_tsne_2d_x": 24.0, "grid_tsne_2d_y": 24.0, "grid_tsne_3d_x": 5.0, "grid_tsne_3d_y": 6.0, "grid_tsne_3d_z": 2.0, "patch_file_embed": "patch_0627_embed.png", "patch_file_rgb": "patch_0627_rgb.png" }, "geometry": { "type": "Point", "coordinates": [ -59.322658811428028, -23.782449112817233 ] } },
{ "type": "Feature", "properties": { "index": 628, "lon": -91.061691228343363, "lat": 15.438732083595497, "classification": 126, "subregion_name": "Latin America and the Caribbean", "umap_1d_x": -0.68801498, "umap_2d_x": 3.2262154, "umap_2d_y": 33.930252, "umap_3d_x": 4.0592804, "umap_3d_y": 35.636749, "umap_3d_z": 14.344582, "tsne_1d_x": 9.5405569, "tsne_2d_x": 10.054005, "tsne_2d_y": -27.058804, "tsne_3d_x": 23.34877, "tsne_3d_y": -24.669477, "tsne_3d_z": 4.031002, "grid_umap_1d_x": 628.0, "grid_umap_2d_x": 9.0, "grid_umap_2d_y": 30.0, "grid_umap_3d_x": 6.0, "grid_umap_3d_y": 8.0, "grid_umap_3d_z": 3.0, "grid_tsne_1d_x": 628.0, "grid_tsne_2d_x": 17.0, "grid_tsne_2d_y": 12.0, "grid_tsne_3d_x": 9.0, "grid_tsne_3d_y": 0.0, "grid_tsne_3d_z": 4.0, "patch_file_embed": "patch_0628_embed.png", "patch_file_rgb": "patch_0628_rgb.png" }, "geometry": { "type": "Point", "coordinates": [ -91.061691228343363, 15.438732083595497 ] } },
{ "type": "Feature", "properties": { "index": 629, "lon": 27.264505026244734, "lat": -24.225430476582055, "classification": 20, "subregion_name": "Sub-Saharan Africa", "umap_1d_x": -15.173223, "umap_2d_x": 45.45591, "umap_2d_y": -31.431942, "umap_3d_x": 40.440132, "umap_3d_y": -25.799253, "umap_3d_z": 29.373817, "tsne_1d_x": 71.671013, "tsne_2d_x": 38.5317, "tsne_2d_y": 27.618301, "tsne_3d_x": -24.176004, "tsne_3d_y": -30.619455, "tsne_3d_z": -17.9846, "grid_umap_1d_x": 629.0, "grid_umap_2d_x": 30.0, "grid_umap_2d_y": 0.0, "grid_umap_3d_x": 8.0, "grid_umap_3d_y": 0.0, "grid_umap_3d_z": 7.0, "grid_tsne_1d_x": 629.0, "grid_tsne_2d_x": 31.0, "grid_tsne_2d_y": 25.0, "grid_tsne_3d_x": 0.0, "grid_tsne_3d_y": 0.0, "grid_tsne_3d_z": 1.0, "patch_file_embed": "patch_0629_embed.png", "patch_file_rgb": "patch_0629_rgb.png" }, "geometry": { "type": "Point", "coordinates": [ 27.264505026244734, -24.225430476582055 ] } },
{ "type": "Feature", "properties": { "index": 630, "lon": 22.203453657003251, "lat": 13.462206879393221, "classification": 20, "subregion_name": "Sub-Saharan Africa", "umap_1d_x": 1.9693428, "umap_2d_x": 9.9703865, "umap_2d_y": 16.121254, "umap_3d_x": 8.6529617, "umap_3d_y": 27.246277, "umap_3d_z": 45.621994, "tsne_1d_x": 25.056841, "tsne_2d_x": 15.54586, "tsne_2d_y": -5.3133736, "tsne_3d_x": 0.11621094, "tsne_3d_y": -36.014824, "tsne_3d_z": 24.97921, "grid_umap_1d_x": 630.0, "grid_umap_2d_x": 17.0, "grid_umap_2d_y": 18.0, "grid_umap_3d_x": 2.0, "grid_umap_3d_y": 6.0, "grid_umap_3d_z": 8.0, "grid_tsne_1d_x": 630.0, "grid_tsne_2d_x": 18.0, "grid_tsne_2d_y": 14.0, "grid_tsne_3d_x": 4.0, "grid_tsne_3d_y": 1.0, "grid_tsne_3d_z": 8.0, "patch_file_embed": "patch_0630_embed.png", "patch_file_rgb": "patch_0630_rgb.png" }, "geometry": { "type": "Point", "coordinates": [ 22.203453657003251, 13.462206879393221 ] } },
{ "type": "Feature", "properties": { "index": 631, "lon": -127.24127946885694, "lat": 65.396780466593995, "classification": 90, "subregion_name": "Northern America", "umap_1d_x": 17.922325, "umap_2d_x": -45.295246, "umap_2d_y": -15.62682, "umap_3d_x": -42.814968, "umap_3d_y": 4.3296509, "umap_3d_z": -44.077579, "tsne_1d_x": -58.893738, "tsne_2d_x": -33.329048, "tsne_2d_y": 33.753204, "tsne_3d_x": 7.0234375, "tsne_3d_y": 16.414017, "tsne_3d_z": 40.027, "grid_umap_1d_x": 631.0, "grid_umap_2d_x": 4.0, "grid_umap_2d_y": 3.0, "grid_umap_3d_x": 7.0, "grid_umap_3d_y": 3.0, "grid_umap_3d_z": 1.0, "grid_tsne_1d_x": 631.0, "grid_tsne_2d_x": 6.0, "grid_tsne_2d_y": 30.0, "grid_tsne_3d_x": 5.0, "grid_tsne_3d_y": 6.0, "grid_tsne_3d_z": 7.0, "patch_file_embed": "patch_0631_embed.png", "patch_file_rgb": "patch_0631_rgb.png" }, "geometry": { "type": "Point", "coordinates": [ -127.241279468856945, 65.396780466593995 ] } },
{ "type": "Feature", "properties": { "index": 632, "lon": 46.207452459259173, "lat": -15.787073034244315, "classification": 124, "subregion_name": "Sub-Saharan Africa", "umap_1d_x": -14.273683, "umap_2d_x": 43.375031, "umap_2d_y": -17.107235, "umap_3d_x": 41.808929, "umap_3d_y": -8.0879211, "umap_3d_z": 28.045258, "tsne_1d_x": 58.194763, "tsne_2d_x": 41.405365, "tsne_2d_y": 12.729691, "tsne_3d_x": -4.3774033, "tsne_3d_y": -35.828236, "tsne_3d_z": -30.939651, "grid_umap_1d_x": 632.0, "grid_umap_2d_x": 25.0, "grid_umap_2d_y": 15.0, "grid_umap_3d_x": 8.0, "grid_umap_3d_y": 5.0, "grid_umap_3d_z": 5.0, "grid_tsne_1d_x": 632.0, "grid_tsne_2d_x": 30.0, "grid_tsne_2d_y": 17.0, "grid_tsne_3d_x": 5.0, "grid_tsne_3d_y": 4.0, "grid_tsne_3d_z": 2.0, "patch_file_embed": "patch_0632_embed.png", "patch_file_rgb": "patch_0632_rgb.png" }, "geometry": { "type": "Point", "coordinates": [ 46.207452459259173, -15.787073034244315 ] } },
{ "type": "Feature", "properties": { "index": 633, "lon": -97.64123016716259, "lat": 28.209796921892917, "classification": 30, "subregion_name": "Unknown", "umap_1d_x": 3.5818126, "umap_2d_x": 0.21178054999999318, "umap_2d_y": 25.0392, "umap_3d_x": -1.8253937, "umap_3d_y": 29.442039, "umap_3d_z": 18.163132, "tsne_1d_x": 2.8132281, "tsne_2d_x": 16.630539, "tsne_2d_y": 14.720528, "tsne_3d_x": 5.5761032, "tsne_3d_y": -11.216984, "tsne_3d_z": -6.3758278, "grid_umap_1d_x": 633.0, "grid_umap_2d_x": 2.0, "grid_umap_2d_y": 25.0, "grid_umap_3d_x": 0.0, "grid_umap_3d_y": 9.0, "grid_umap_3d_z": 8.0, "grid_tsne_1d_x": 633.0, "grid_tsne_2d_x": 17.0, "grid_tsne_2d_y": 15.0, "grid_tsne_3d_x": 6.0, "grid_tsne_3d_y": 1.0, "grid_tsne_3d_z": 1.0, "patch_file_embed": "patch_0633_embed.png", "patch_file_rgb": "patch_0633_rgb.png" }, "geometry": { "type": "Point", "coordinates": [ -97.64123016716259, 28.209796921892917 ] } },
{ "type": "Feature", "properties": { "index": 634, "lon": -119.21202070241938, "lat": 49.065567121637343, "classification": 111, "subregion_name": "Northern America", "umap_1d_x": 13.618329, "umap_2d_x": -26.935862, "umap_2d_y": 1.5123367, "umap_3d_x": -38.820274, "umap_3d_y": 0.35208893000001001, "umap_3d_z": 0.24388885, "tsne_1d_x": -24.584404, "tsne_2d_x": -11.535446, "tsne_2d_y": 2.9823723, "tsne_3d_x": -14.932419, "tsne_3d_y": 7.7954483, "tsne_3d_z": -2.0044823, "grid_umap_1d_x": 634.0, "grid_umap_2d_x": 6.0, "grid_umap_2d_y": 11.0, "grid_umap_3d_x": 0.0, "grid_umap_3d_y": 3.0, "grid_umap_3d_z": 6.0, "grid_tsne_1d_x": 634.0, "grid_tsne_2d_x": 6.0, "grid_tsne_2d_y": 11.0, "grid_tsne_3d_x": 1.0, "grid_tsne_3d_y": 7.0, "grid_tsne_3d_z": 2.0, "patch_file_embed": "patch_0634_embed.png", "patch_file_rgb": "patch_0634_rgb.png" }, "geometry": { "type": "Point", "coordinates": [ -119.21202070241938, 49.065567121637343 ] } },
{ "type": "Feature", "properties": { "index": 635, "lon": 86.84958083762325, "lat": 66.973197070686297, "classification": 111, "subregion_name": "Eastern Europe", "umap_1d_x": 15.895938, "umap_2d_x": -41.073433, "umap_2d_y": 4.509182, "umap_3d_x": -48.416821, "umap_3d_y": 10.981827, "umap_3d_z": -18.62384, "tsne_1d_x": -46.091976, "tsne_2d_x": -36.495926, "tsne_2d_y": 4.8002663, "tsne_3d_x": -6.6080589, "tsne_3d_y": 36.522881, "tsne_3d_z": 12.615204, "grid_umap_1d_x": 635.0, "grid_umap_2d_x": 18.0, "grid_umap_2d_y": 19.0, "grid_umap_3d_x": 0.0, "grid_umap_3d_y": 6.0, "grid_umap_3d_z": 2.0, "grid_tsne_1d_x": 635.0, "grid_tsne_2d_x": 5.0, "grid_tsne_2d_y": 16.0, "grid_tsne_3d_x": 3.0, "grid_tsne_3d_y": 10.0, "grid_tsne_3d_z": 4.0, "patch_file_embed": "patch_0635_embed.png", "patch_file_rgb": "patch_0635_rgb.png" }, "geometry": { "type": "Point", "coordinates": [ 86.84958083762325, 66.973197070686297 ] } },
{ "type": "Feature", "properties": { "index": 636, "lon": 59.01473783036937, "lat": 54.857356908149157, "classification": 114, "subregion_name": "Eastern Europe", "umap_1d_x": 13.755966, "umap_2d_x": -35.109375, "umap_2d_y": 10.004383, "umap_3d_x": -43.64547, "umap_3d_y": 10.525833, "umap_3d_z": -7.7220879, "tsne_1d_x": -38.631931, "tsne_2d_x": -31.517155, "tsne_2d_y": -10.011326, "tsne_3d_x": 4.9304619, "tsne_3d_y": 25.57653, "tsne_3d_z": 0.24485779, "grid_umap_1d_x": 636.0, "grid_umap_2d_x": 0.0, "grid_umap_2d_y": 17.0, "grid_umap_3d_x": 0.0, "grid_umap_3d_y": 7.0, "grid_umap_3d_z": 5.0, "grid_tsne_1d_x": 636.0, "grid_tsne_2d_x": 8.0, "grid_tsne_2d_y": 11.0, "grid_tsne_3d_x": 6.0, "grid_tsne_3d_y": 10.0, "grid_tsne_3d_z": 1.0, "patch_file_embed": "patch_0636_embed.png", "patch_file_rgb": "patch_0636_rgb.png" }, "geometry": { "type": "Point", "coordinates": [ 59.01473783036937, 54.857356908149157 ] } },
{ "type": "Feature", "properties": { "index": 637, "lon": -61.317516107512034, "lat": -3.10302460807236, "classification": 112, "subregion_name": "Latin America and the Caribbean", "umap_1d_x": -8.4979744, "umap_2d_x": 36.095467, "umap_2d_y": 26.569885, "umap_3d_x": 34.069626, "umap_3d_y": 45.276871, "umap_3d_z": -2.4698181, "tsne_1d_x": 42.770058, "tsne_2d_x": 47.923332, "tsne_2d_y": -28.101797, "tsne_3d_x": 33.836639, "tsne_3d_y": -48.649303, "tsne_3d_z": -35.421455, "grid_umap_1d_x": 637.0, "grid_umap_2d_x": 29.0, "grid_umap_2d_y": 22.0, "grid_umap_3d_x": 8.0, "grid_umap_3d_y": 7.0, "grid_umap_3d_z": 0.0, "grid_tsne_1d_x": 637.0, "grid_tsne_2d_x": 30.0, "grid_tsne_2d_y": 4.0, "grid_tsne_3d_x": 8.0, "grid_tsne_3d_y": 2.0, "grid_tsne_3d_z": 0.0, "patch_file_embed": "patch_0637_embed.png", "patch_file_rgb": "patch_0637_rgb.png" }, "geometry": { "type": "Point", "coordinates": [ -61.317516107512034, -3.10302460807236 ] } },
{ "type": "Feature", "properties": { "index": 638, "lon": -127.96734599998851, "lat": 63.137739669618753, "classification": 30, "subregion_name": "Northern America", "umap_1d_x": 19.173798, "umap_2d_x": -47.721649, "umap_2d_y": -2.8167953, "umap_3d_x": -46.469692, "umap_3d_y": 18.808212, "umap_3d_z": -42.964699, "tsne_1d_x": -72.85183, "tsne_2d_x": -46.924858, "tsne_2d_y": 24.440666, "tsne_3d_x": 1.7842102, "tsne_3d_y": 40.83847, "tsne_3d_z": 42.113365, "grid_umap_1d_x": 638.0, "grid_umap_2d_x": 9.0, "grid_umap_2d_y": 13.0, "grid_umap_3d_x": 5.0, "grid_umap_3d_y": 7.0, "grid_umap_3d_z": 1.0, "grid_tsne_1d_x": 638.0, "grid_tsne_2d_x": 7.0, "grid_tsne_2d_y": 26.0, "grid_tsne_3d_x": 4.0, "grid_tsne_3d_y": 10.0, "grid_tsne_3d_z": 8.0, "patch_file_embed": "patch_0638_embed.png", "patch_file_rgb": "patch_0638_rgb.png" }, "geometry": { "type": "Point", "coordinates": [ -127.96734599998851, 63.137739669618753 ] } },
{ "type": "Feature", "properties": { "index": 639, "lon": -1.317223193882143, "lat": 14.218074972883912, "classification": 30, "subregion_name": "Sub-Saharan Africa", "umap_1d_x": 2.0005209, "umap_2d_x": 9.7350731, "umap_2d_y": 15.331017, "umap_3d_x": 8.7479057, "umap_3d_y": 26.194672, "umap_3d_z": 46.204819, "tsne_1d_x": 25.463177, "tsne_2d_x": 16.92804, "tsne_2d_y": -2.9485779, "tsne_3d_x": -3.9393616, "tsne_3d_y": -40.302902, "tsne_3d_z": 23.042595, "grid_umap_1d_x": 639.0, "grid_umap_2d_x": 16.0, "grid_umap_2d_y": 17.0, "grid_umap_3d_x": 4.0, "grid_umap_3d_y": 6.0, "grid_umap_3d_z": 8.0, "grid_tsne_1d_x": 639.0, "grid_tsne_2d_x": 19.0, "grid_tsne_2d_y": 13.0, "grid_tsne_3d_x": 3.0, "grid_tsne_3d_y": 0.0, "grid_tsne_3d_z": 7.0, "patch_file_embed": "patch_0639_embed.png", "patch_file_rgb": "patch_0639_rgb.png" }, "geometry": { "type": "Point", "coordinates": [ -1.317223193882143, 14.218074972883912 ] } },
{ "type": "Feature", "properties": { "index": 640, "lon": -121.4780383126958, "lat": 57.603208430131929, "classification": 111, "subregion_name": "Northern America", "umap_1d_x": 14.14144, "umap_2d_x": -35.167385, "umap_2d_y": 6.6975517, "umap_3d_x": -45.226803, "umap_3d_y": 7.7693863, "umap_3d_z": -3.4538803, "tsne_1d_x": -37.720211, "tsne_2d_x": -30.908926, "tsne_2d_y": -13.820557, "tsne_3d_x": 1.211937, "tsne_3d_y": 29.855377, "tsne_3d_z": -3.7974014, "grid_umap_1d_x": 640.0, "grid_umap_2d_x": 16.0, "grid_umap_2d_y": 19.0, "grid_umap_3d_x": 0.0, "grid_umap_3d_y": 7.0, "grid_umap_3d_z": 6.0, "grid_tsne_1d_x": 640.0, "grid_tsne_2d_x": 7.0, "grid_tsne_2d_y": 9.0, "grid_tsne_3d_x": 6.0, "grid_tsne_3d_y": 9.0, "grid_tsne_3d_z": 0.0, "patch_file_embed": "patch_0640_embed.png", "patch_file_rgb": "patch_0640_rgb.png" }, "geometry": { "type": "Point", "coordinates": [ -121.478038312695801, 57.603208430131929 ] } },
{ "type": "Feature", "properties": { "index": 641, "lon": 25.187454615413088, "lat": -24.698657812733849, "classification": 20, "subregion_name": "Sub-Saharan Africa", "umap_1d_x": -15.207707, "umap_2d_x": 45.460999, "umap_2d_y": -32.926613, "umap_3d_x": 40.55352, "umap_3d_y": -27.141903, "umap_3d_z": 29.292877, "tsne_1d_x": 71.844788, "tsne_2d_x": 39.071564, "tsne_2d_y": 29.312737, "tsne_3d_x": -27.421846, "tsne_3d_y": -29.706875, "tsne_3d_z": -17.255737, "grid_umap_1d_x": 641.0, "grid_umap_2d_x": 26.0, "grid_umap_2d_y": 8.0, "grid_umap_3d_x": 6.0, "grid_umap_3d_y": 1.0, "grid_umap_3d_z": 6.0, "grid_tsne_1d_x": 641.0, "grid_tsne_2d_x": 25.0, "grid_tsne_2d_y": 24.0, "grid_tsne_3d_x": 2.0, "grid_tsne_3d_y": 3.0, "grid_tsne_3d_z": 3.0, "patch_file_embed": "patch_0641_embed.png", "patch_file_rgb": "patch_0641_rgb.png" }, "geometry": { "type": "Point", "coordinates": [ 25.187454615413088, -24.698657812733849 ] } },
{ "type": "Feature", "properties": { "index": 642, "lon": 66.236137164959814, "lat": 58.020473618831403, "classification": 114, "subregion_name": "Eastern Europe", "umap_1d_x": 11.987694, "umap_2d_x": -30.863834, "umap_2d_y": 17.084747, "umap_3d_x": -37.081955, "umap_3d_y": 9.4913597, "umap_3d_z": -21.471802, "tsne_1d_x": -53.972099, "tsne_2d_x": -22.575003, "tsne_2d_y": 29.637337, "tsne_3d_x": 9.5729408, "tsne_3d_y": 14.836327, "tsne_3d_z": 13.554008, "grid_umap_1d_x": 642.0, "grid_umap_2d_x": 6.0, "grid_umap_2d_y": 22.0, "grid_umap_3d_x": 0.0, "grid_umap_3d_y": 6.0, "grid_umap_3d_z": 1.0, "grid_tsne_1d_x": 642.0, "grid_tsne_2d_x": 14.0, "grid_tsne_2d_y": 28.0, "grid_tsne_3d_x": 8.0, "grid_tsne_3d_y": 9.0, "grid_tsne_3d_z": 7.0, "patch_file_embed": "patch_0642_embed.png", "patch_file_rgb": "patch_0642_rgb.png" }, "geometry": { "type": "Point", "coordinates": [ 66.236137164959814, 58.020473618831403 ] } },
{ "type": "Feature", "properties": { "index": 643, "lon": 135.19587418847522, "lat": -13.557229179035431, "classification": 124, "subregion_name": "Unknown", "umap_1d_x": -18.331734, "umap_2d_x": 40.483498, "umap_2d_y": -32.352852, "umap_3d_x": 47.937561, "umap_3d_y": -27.265373, "umap_3d_z": 25.884102, "tsne_1d_x": 73.638161, "tsne_2d_x": 44.740883, "tsne_2d_y": 27.647858, "tsne_3d_x": -24.912401, "tsne_3d_y": -30.119785, "tsne_3d_z": -31.264771, "grid_umap_1d_x": 643.0, "grid_umap_2d_x": 26.0, "grid_umap_2d_y": 3.0, "grid_umap_3d_x": 8.0, "grid_umap_3d_y": 2.0, "grid_umap_3d_z": 4.0, "grid_tsne_1d_x": 643.0, "grid_tsne_2d_x": 30.0, "grid_tsne_2d_y": 24.0, "grid_tsne_3d_x": 2.0, "grid_tsne_3d_y": 3.0, "grid_tsne_3d_z": 2.0, "patch_file_embed": "patch_0643_embed.png", "patch_file_rgb": "patch_0643_rgb.png" }, "geometry": { "type": "Point", "coordinates": [ 135.195874188475216, -13.557229179035431 ] } },
{ "type": "Feature", "properties": { "index": 644, "lon": 45.89045599319607, "lat": 7.8601598908900456, "classification": 20, "subregion_name": "Sub-Saharan Africa", "umap_1d_x": 2.9888854, "umap_2d_x": 7.3719673, "umap_2d_y": 4.879921, "umap_3d_x": 12.246769, "umap_3d_y": 7.1063881, "umap_3d_z": 49.856201, "tsne_1d_x": 28.365236, "tsne_2d_x": 14.362915, "tsne_2d_y": 35.067734, "tsne_3d_x": -15.236671, "tsne_3d_y": -42.124359, "tsne_3d_z": 11.663784, "grid_umap_1d_x": 644.0, "grid_umap_2d_x": 19.0, "grid_umap_2d_y": 9.0, "grid_umap_3d_x": 5.0, "grid_umap_3d_y": 4.0, "grid_umap_3d_z": 7.0, "grid_tsne_1d_x": 644.0, "grid_tsne_2d_x": 16.0, "grid_tsne_2d_y": 30.0, "grid_tsne_3d_x": 3.0, "grid_tsne_3d_y": 2.0, "grid_tsne_3d_z": 5.0, "patch_file_embed": "patch_0644_embed.png", "patch_file_rgb": "patch_0644_rgb.png" }, "geometry": { "type": "Point", "coordinates": [ 45.89045599319607, 7.860159890890046 ] } },
{ "type": "Feature", "properties": { "index": 645, "lon": 114.0340284277496, "lat": 53.626658427679772, "classification": 30, "subregion_name": "Eastern Europe", "umap_1d_x": 11.289028, "umap_2d_x": -31.207273, "umap_2d_y": 23.182564, "umap_3d_x": -38.3004, "umap_3d_y": 12.958599, "umap_3d_z": -34.067715, "tsne_1d_x": -62.441265, "tsne_2d_x": -26.569275, "tsne_2d_y": 41.760269, "tsne_3d_x": 24.993004, "tsne_3d_y": 15.470764, "tsne_3d_z": 23.916245, "grid_umap_1d_x": 645.0, "grid_umap_2d_x": 1.0, "grid_umap_2d_y": 24.0, "grid_umap_3d_x": 2.0, "grid_umap_3d_y": 6.0, "grid_umap_3d_z": 0.0, "grid_tsne_1d_x": 645.0, "grid_tsne_2d_x": 11.0, "grid_tsne_2d_y": 31.0, "grid_tsne_3d_x": 9.0, "grid_tsne_3d_y": 7.0, "grid_tsne_3d_z": 6.0, "patch_file_embed": "patch_0645_embed.png", "patch_file_rgb": "patch_0645_rgb.png" }, "geometry": { "type": "Point", "coordinates": [ 114.034028427749604, 53.626658427679772 ] } },
{ "type": "Feature", "properties": { "index": 646, "lon": 148.30085562892538, "lat": 61.476442065276643, "classification": 113, "subregion_name": "Eastern Europe", "umap_1d_x": 18.980541, "umap_2d_x": -46.593498, "umap_2d_y": 2.0777893, "umap_3d_x": -48.87307, "umap_3d_y": 18.760231, "umap_3d_z": -36.11813, "tsne_1d_x": -66.645546, "tsne_2d_x": -46.885159, "tsne_2d_y": 16.439812, "tsne_3d_x": 3.9193039, "tsne_3d_y": 41.730896, "tsne_3d_z": 28.933632, "grid_umap_1d_x": 646.0, "grid_umap_2d_x": 0.0, "grid_umap_2d_y": 14.0, "grid_umap_3d_x": 4.0, "grid_umap_3d_y": 7.0, "grid_umap_3d_z": 3.0, "grid_tsne_1d_x": 646.0, "grid_tsne_2d_x": 17.0, "grid_tsne_2d_y": 23.0, "grid_tsne_3d_x": 5.0, "grid_tsne_3d_y": 10.0, "grid_tsne_3d_z": 6.0, "patch_file_embed": "patch_0646_embed.png", "patch_file_rgb": "patch_0646_rgb.png" }, "geometry": { "type": "Point", "coordinates": [ 148.300855628925376, 61.476442065276643 ] } },
{ "type": "Feature", "properties": { "index": 647, "lon": -78.870255559848786, "lat": 46.432759860909002, "classification": 115, "subregion_name": "Northern America", "umap_1d_x": 13.481461, "umap_2d_x": -30.737244, "umap_2d_y": 0.97701645, "umap_3d_x": -41.735023, "umap_3d_y": -2.328064, "umap_3d_z": -12.306423, "tsne_1d_x": -29.374807, "tsne_2d_x": -17.063854, "tsne_2d_y": -4.9171524, "tsne_3d_x": -20.09627, "tsne_3d_y": 26.117287, "tsne_3d_z": -13.89682, "grid_umap_1d_x": 647.0, "grid_umap_2d_x": 1.0, "grid_umap_2d_y": 10.0, "grid_umap_3d_x": 3.0, "grid_umap_3d_y": 3.0, "grid_umap_3d_z": 4.0, "grid_tsne_1d_x": 647.0, "grid_tsne_2d_x": 3.0, "grid_tsne_2d_y": 7.0, "grid_tsne_3d_x": 1.0, "grid_tsne_3d_y": 9.0, "grid_tsne_3d_z": 0.0, "patch_file_embed": "patch_0647_embed.png", "patch_file_rgb": "patch_0647_rgb.png" }, "geometry": { "type": "Point", "coordinates": [ -78.870255559848786, 46.432759860909002 ] } },
{ "type": "Feature", "properties": { "index": 648, "lon": 116.48665370917826, "lat": 69.285270779397479, "classification": 116, "subregion_name": "Eastern Europe", "umap_1d_x": 18.725138, "umap_2d_x": -49.502666, "umap_2d_y": 0.28017043999999203, "umap_3d_x": -49.248707, "umap_3d_y": 21.477272, "umap_3d_z": -43.057285, "tsne_1d_x": -69.729317, "tsne_2d_x": -42.621067, "tsne_2d_y": 21.865501, "tsne_3d_x": 16.138252, "tsne_3d_y": 36.628265, "tsne_3d_z": 34.362915, "grid_umap_1d_x": 648.0, "grid_umap_2d_x": 10.0, "grid_umap_2d_y": 16.0, "grid_umap_3d_x": 2.0, "grid_umap_3d_y": 8.0, "grid_umap_3d_z": 0.0, "grid_tsne_1d_x": 648.0, "grid_tsne_2d_x": 4.0, "grid_tsne_2d_y": 24.0, "grid_tsne_3d_x": 8.0, "grid_tsne_3d_y": 8.0, "grid_tsne_3d_z": 5.0, "patch_file_embed": "patch_0648_embed.png", "patch_file_rgb": "patch_0648_rgb.png" }, "geometry": { "type": "Point", "coordinates": [ 116.486653709178256, 69.285270779397479 ] } },
{ "type": "Feature", "properties": { "index": 649, "lon": 101.59080975960711, "lat": 4.2841664939323891, "classification": 112, "subregion_name": "South-eastern Asia", "umap_1d_x": -5.5896163, "umap_2d_x": 27.19146, "umap_2d_y": 35.927727, "umap_3d_x": 22.340538, "umap_3d_y": 37.410637, "umap_3d_z": 8.4454536, "tsne_1d_x": 33.546928, "tsne_2d_x": 31.166794, "tsne_2d_y": -27.14538, "tsne_3d_x": 35.488388, "tsne_3d_y": -29.390949, "tsne_3d_z": -9.0377617, "grid_umap_1d_x": 649.0, "grid_umap_2d_x": 23.0, "grid_umap_2d_y": 26.0, "grid_umap_3d_x": 8.0, "grid_umap_3d_y": 8.0, "grid_umap_3d_z": 4.0, "grid_tsne_1d_x": 649.0, "grid_tsne_2d_x": 23.0, "grid_tsne_2d_y": 8.0, "grid_tsne_3d_x": 10.0, "grid_tsne_3d_y": 3.0, "grid_tsne_3d_z": 3.0, "patch_file_embed": "patch_0649_embed.png", "patch_file_rgb": "patch_0649_rgb.png" }, "geometry": { "type": "Point", "coordinates": [ 101.590809759607112, 4.284166493932389 ] } },
{ "type": "Feature", "properties": { "index": 650, "lon": -95.132333428763644, "lat": 56.311343410804426, "classification": 121, "subregion_name": "Northern America", "umap_1d_x": 16.766819, "umap_2d_x": -39.234013, "umap_2d_y": -7.3947258, "umap_3d_x": -48.804241, "umap_3d_y": -1.5332756, "umap_3d_z": -29.241814, "tsne_1d_x": -52.267212, "tsne_2d_x": -30.368713, "tsne_2d_y": 13.66164, "tsne_3d_x": -5.11129, "tsne_3d_y": 23.814896, "tsne_3d_z": 18.529358, "grid_umap_1d_x": 650.0, "grid_umap_2d_x": 12.0, "grid_umap_2d_y": 9.0, "grid_umap_3d_x": 1.0, "grid_umap_3d_y": 3.0, "grid_umap_3d_z": 1.0, "grid_tsne_1d_x": 650.0, "grid_tsne_2d_x": 2.0, "grid_tsne_2d_y": 19.0, "grid_tsne_3d_x": 2.0, "grid_tsne_3d_y": 10.0, "grid_tsne_3d_z": 7.0, "patch_file_embed": "patch_0650_embed.png", "patch_file_rgb": "patch_0650_rgb.png" }, "geometry": { "type": "Point", "coordinates": [ -95.132333428763644, 56.311343410804426 ] } },
{ "type": "Feature", "properties": { "index": 651, "lon": 16.759410956370289, "lat": -11.683274464271598, "classification": 20, "subregion_name": "Sub-Saharan Africa", "umap_1d_x": -12.791132, "umap_2d_x": 48.898972, "umap_2d_y": -16.537792, "umap_3d_x": 35.252151, "umap_3d_y": -10.243988, "umap_3d_z": 28.36512, "tsne_1d_x": 51.946865, "tsne_2d_x": 36.16362, "tsne_2d_y": 2.9643478, "tsne_3d_x": -2.8436203, "tsne_3d_y": -40.406437, "tsne_3d_z": -14.303608, "grid_umap_1d_x": 651.0, "grid_umap_2d_x": 31.0, "grid_umap_2d_y": 12.0, "grid_umap_3d_x": 7.0, "grid_umap_3d_y": 3.0, "grid_umap_3d_z": 6.0, "grid_tsne_1d_x": 651.0, "grid_tsne_2d_x": 24.0, "grid_tsne_2d_y": 17.0, "grid_tsne_3d_x": 4.0, "grid_tsne_3d_y": 1.0, "grid_tsne_3d_z": 3.0, "patch_file_embed": "patch_0651_embed.png", "patch_file_rgb": "patch_0651_rgb.png" }, "geometry": { "type": "Point", "coordinates": [ 16.759410956370289, -11.683274464271598 ] } },
{ "type": "Feature", "properties": { "index": 652, "lon": 35.829631873707939, "lat": -1.685821160587146, "classification": 126, "subregion_name": "Sub-Saharan Africa", "umap_1d_x": -1.4946747, "umap_2d_x": 5.9291115, "umap_2d_y": 28.827911, "umap_3d_x": 6.4637794, "umap_3d_y": 28.452316, "umap_3d_z": 26.278374, "tsne_1d_x": 30.34329, "tsne_2d_x": 31.51091, "tsne_2d_y": 5.2935715, "tsne_3d_x": -7.3365173, "tsne_3d_y": -40.007511, "tsne_3d_z": -4.7198105, "grid_umap_1d_x": 652.0, "grid_umap_2d_x": 7.0, "grid_umap_2d_y": 28.0, "grid_umap_3d_x": 5.0, "grid_umap_3d_y": 7.0, "grid_umap_3d_z": 6.0, "grid_tsne_1d_x": 652.0, "grid_tsne_2d_x": 29.0, "grid_tsne_2d_y": 9.0, "grid_tsne_3d_x": 3.0, "grid_tsne_3d_y": 0.0, "grid_tsne_3d_z": 4.0, "patch_file_embed": "patch_0652_embed.png", "patch_file_rgb": "patch_0652_rgb.png" }, "geometry": { "type": "Point", "coordinates": [ 35.829631873707939, -1.685821160587146 ] } },
{ "type": "Feature", "properties": { "index": 653, "lon": -51.177921521921149, "lat": -4.4265529039118974, "classification": 112, "subregion_name": "Latin America and the Caribbean", "umap_1d_x": -8.8011656, "umap_2d_x": 38.064323, "umap_2d_y": 24.492493, "umap_3d_x": 35.993698, "umap_3d_y": 42.564568, "umap_3d_z": 0.41399765, "tsne_1d_x": 45.069622, "tsne_2d_x": 49.829414, "tsne_2d_y": -23.391018, "tsne_3d_x": 26.33905, "tsne_3d_y": -43.124916, "tsne_3d_z": -40.755554, "grid_umap_1d_x": 653.0, "grid_umap_2d_x": 29.0, "grid_umap_2d_y": 19.0, "grid_umap_3d_x": 9.0, "grid_umap_3d_y": 7.0, "grid_umap_3d_z": 2.0, "grid_tsne_1d_x": 653.0, "grid_tsne_2d_x": 28.0, "grid_tsne_2d_y": 10.0, "grid_tsne_3d_x": 7.0, "grid_tsne_3d_y": 4.0, "grid_tsne_3d_z": 0.0, "patch_file_embed": "patch_0653_embed.png", "patch_file_rgb": "patch_0653_rgb.png" }, "geometry": { "type": "Point", "coordinates": [ -51.177921521921149, -4.426552903911897 ] } },
{ "type": "Feature", "properties": { "index": 654, "lon": 15.8414883528975, "lat": 57.169157322610943, "classification": 111, "subregion_name": "Northern Europe", "umap_1d_x": 21.165575, "umap_2d_x": -27.567993, "umap_2d_y": -9.8617096, "umap_3d_x": -38.996166, "umap_3d_y": -14.506535, "umap_3d_z": -4.0229073, "tsne_1d_x": -26.780781, "tsne_2d_x": -18.827963, "tsne_2d_y": -10.876545, "tsne_3d_x": -36.146534, "tsne_3d_y": 20.324097, "tsne_3d_z": -0.1584549, "grid_umap_1d_x": 654.0, "grid_umap_2d_x": 6.0, "grid_umap_2d_y": 3.0, "grid_umap_3d_x": 4.0, "grid_umap_3d_y": 0.0, "grid_umap_3d_z": 6.0, "grid_tsne_1d_x": 654.0, "grid_tsne_2d_x": 6.0, "grid_tsne_2d_y": 6.0, "grid_tsne_3d_x": 0.0, "grid_tsne_3d_y": 8.0, "grid_tsne_3d_z": 2.0, "patch_file_embed": "patch_0654_embed.png", "patch_file_rgb": "patch_0654_rgb.png" }, "geometry": { "type": "Point", "coordinates": [ 15.8414883528975, 57.169157322610943 ] } },
{ "type": "Feature", "properties": { "index": 655, "lon": 37.640378325335377, "lat": 38.511287669541701, "classification": 40, "subregion_name": "Western Asia", "umap_1d_x": 6.6434989, "umap_2d_x": -13.610176, "umap_2d_y": 6.7594109, "umap_3d_x": -20.683426, "umap_3d_y": 2.2002449, "umap_3d_z": 7.7137833, "tsne_1d_x": -2.4854245, "tsne_2d_x": 5.3193626, "tsne_2d_y": 17.227547, "tsne_3d_x": -19.269598, "tsne_3d_y": -12.83709, "tsne_3d_z": 18.797234, "grid_umap_1d_x": 655.0, "grid_umap_2d_x": 16.0, "grid_umap_2d_y": 15.0, "grid_umap_3d_x": 1.0, "grid_umap_3d_y": 3.0, "grid_umap_3d_z": 7.0, "grid_tsne_1d_x": 655.0, "grid_tsne_2d_x": 17.0, "grid_tsne_2d_y": 20.0, "grid_tsne_3d_x": 1.0, "grid_tsne_3d_y": 3.0, "grid_tsne_3d_z": 7.0, "patch_file_embed": "patch_0655_embed.png", "patch_file_rgb": "patch_0655_rgb.png" }, "geometry": { "type": "Point", "coordinates": [ 37.640378325335377, 38.511287669541701 ] } },
{ "type": "Feature", "properties": { "index": 656, "lon": 69.941219633414335, "lat": 38.811089273606896, "classification": 30, "subregion_name": "Central Asia", "umap_1d_x": 7.1215429, "umap_2d_x": -15.431946, "umap_2d_y": 9.1362228, "umap_3d_x": -22.244352, "umap_3d_y": 3.9574318, "umap_3d_z": 6.0595284, "tsne_1d_x": -5.0765214, "tsne_2d_x": 2.2223778, "tsne_2d_y": 21.864471, "tsne_3d_x": -10.621235, "tsne_3d_y": -8.7049332, "tsne_3d_z": 16.529396, "grid_umap_1d_x": 656.0, "grid_umap_2d_x": 18.0, "grid_umap_2d_y": 18.0, "grid_umap_3d_x": 0.0, "grid_umap_3d_y": 5.0, "grid_umap_3d_z": 6.0, "grid_tsne_1d_x": 656.0, "grid_tsne_2d_x": 14.0, "grid_tsne_2d_y": 23.0, "grid_tsne_3d_x": 1.0, "grid_tsne_3d_y": 2.0, "grid_tsne_3d_z": 8.0, "patch_file_embed": "patch_0656_embed.png", "patch_file_rgb": "patch_0656_rgb.png" }, "geometry": { "type": "Point", "coordinates": [ 69.941219633414335, 38.811089273606896 ] } },
{ "type": "Feature", "properties": { "index": 657, "lon": 127.78233126805014, "lat": -1.4184972375012559, "classification": 112, "subregion_name": "Unknown", "umap_1d_x": -5.1296492, "umap_2d_x": 25.188652, "umap_2d_y": 36.795929, "umap_3d_x": 19.81234, "umap_3d_y": 39.629227, "umap_3d_z": 10.262794, "tsne_1d_x": 31.950544, "tsne_2d_x": 28.119209, "tsne_2d_y": -29.908987, "tsne_3d_x": 32.113953, "tsne_3d_y": -35.820282, "tsne_3d_z": -4.9757996, "grid_umap_1d_x": 657.0, "grid_umap_2d_x": 23.0, "grid_umap_2d_y": 29.0, "grid_umap_3d_x": 7.0, "grid_umap_3d_y": 10.0, "grid_umap_3d_z": 3.0, "grid_tsne_1d_x": 657.0, "grid_tsne_2d_x": 23.0, "grid_tsne_2d_y": 5.0, "grid_tsne_3d_x": 9.0, "grid_tsne_3d_y": 1.0, "grid_tsne_3d_z": 3.0, "patch_file_embed": "patch_0657_embed.png", "patch_file_rgb": "patch_0657_rgb.png" }, "geometry": { "type": "Point", "coordinates": [ 127.782331268050143, -1.418497237501256 ] } },
{ "type": "Feature", "properties": { "index": 658, "lon": 27.399675962605926, "lat": 39.062065106763271, "classification": 111, "subregion_name": "Western Asia", "umap_1d_x": 6.5677347, "umap_2d_x": -15.622486, "umap_2d_y": 0.46092987, "umap_3d_x": -24.759092, "umap_3d_y": -4.3632851, "umap_3d_z": 8.1395454, "tsne_1d_x": -3.3835032, "tsne_2d_x": -0.15702438, "tsne_2d_y": 13.171173, "tsne_3d_x": -21.806171, "tsne_3d_y": -11.38813, "tsne_3d_z": 3.7394333, "grid_umap_1d_x": 658.0, "grid_umap_2d_x": 20.0, "grid_umap_2d_y": 12.0, "grid_umap_3d_x": 0.0, "grid_umap_3d_y": 0.0, "grid_umap_3d_z": 7.0, "grid_tsne_1d_x": 658.0, "grid_tsne_2d_x": 6.0, "grid_tsne_2d_y": 15.0, "grid_tsne_3d_x": 1.0, "grid_tsne_3d_y": 3.0, "grid_tsne_3d_z": 4.0, "patch_file_embed": "patch_0658_embed.png", "patch_file_rgb": "patch_0658_rgb.png" }, "geometry": { "type": "Point", "coordinates": [ 27.399675962605926, 39.062065106763271 ] } },
{ "type": "Feature", "properties": { "index": 659, "lon": 102.61864137280827, "lat": 66.871815005388257, "classification": 30, "subregion_name": "Eastern Europe", "umap_1d_x": 19.022501, "umap_2d_x": -48.802784, "umap_2d_y": -2.1560898, "umap_3d_x": -48.406368, "umap_3d_y": 18.750809, "umap_3d_z": -45.768482, "tsne_1d_x": -70.539452, "tsne_2d_x": -43.960705, "tsne_2d_y": 24.082039, "tsne_3d_x": 10.178017, "tsne_3d_y": 37.107582, "tsne_3d_z": 38.082413, "grid_umap_1d_x": 659.0, "grid_umap_2d_x": 3.0, "grid_umap_2d_y": 12.0, "grid_umap_3d_x": 7.0, "grid_umap_3d_y": 6.0, "grid_umap_3d_z": 2.0, "grid_tsne_1d_x": 659.0, "grid_tsne_2d_x": 12.0, "grid_tsne_2d_y": 26.0, "grid_tsne_3d_x": 6.0, "grid_tsne_3d_y": 9.0, "grid_tsne_3d_z": 7.0, "patch_file_embed": "patch_0659_embed.png", "patch_file_rgb": "patch_0659_rgb.png" }, "geometry": { "type": "Point", "coordinates": [ 102.61864137280827, 66.871815005388257 ] } },
{ "type": "Feature", "properties": { "index": 660, "lon": 18.117033218920398, "lat": -19.000673223335191, "classification": 20, "subregion_name": "Sub-Saharan Africa", "umap_1d_x": -15.182713, "umap_2d_x": 45.666168, "umap_2d_y": -32.532478, "umap_3d_x": 40.502121, "umap_3d_y": -27.29425, "umap_3d_z": 29.357826, "tsne_1d_x": 71.687546, "tsne_2d_x": 37.864151, "tsne_2d_y": 28.741592, "tsne_3d_x": -25.542257, "tsne_3d_y": -31.789717, "tsne_3d_z": -14.665092, "grid_umap_1d_x": 660.0, "grid_umap_2d_x": 27.0, "grid_umap_2d_y": 6.0, "grid_umap_3d_x": 5.0, "grid_umap_3d_y": 0.0, "grid_umap_3d_z": 8.0, "grid_tsne_1d_x": 660.0, "grid_tsne_2d_x": 28.0, "grid_tsne_2d_y": 25.0, "grid_tsne_3d_x": 0.0, "grid_tsne_3d_y": 0.0, "grid_tsne_3d_z": 3.0, "patch_file_embed": "patch_0660_embed.png", "patch_file_rgb": "patch_0660_rgb.png" }, "geometry": { "type": "Point", "coordinates": [ 18.117033218920398, -19.000673223335191 ] } },
{ "type": "Feature", "properties": { "index": 661, "lon": 5.8701203605807564, "lat": 48.99148922745573, "classification": 40, "subregion_name": "Unknown", "umap_1d_x": 22.440569, "umap_2d_x": -20.952637, "umap_2d_y": -5.7369576, "umap_3d_x": -30.225719, "umap_3d_y": -9.201889, "umap_3d_z": -3.1189957, "tsne_1d_x": -17.023661, "tsne_2d_x": -5.9313011, "tsne_2d_y": 13.943512, "tsne_3d_x": -29.25016, "tsne_3d_y": 0.018589020000007395, "tsne_3d_z": 6.8334656, "grid_umap_1d_x": 661.0, "grid_umap_2d_x": 3.0, "grid_umap_2d_y": 3.0, "grid_umap_3d_x": 1.0, "grid_umap_3d_y": 0.0, "grid_umap_3d_z": 5.0, "grid_tsne_1d_x": 661.0, "grid_tsne_2d_x": 6.0, "grid_tsne_2d_y": 17.0, "grid_tsne_3d_x": 0.0, "grid_tsne_3d_y": 5.0, "grid_tsne_3d_z": 4.0, "patch_file_embed": "patch_0661_embed.png", "patch_file_rgb": "patch_0661_rgb.png" }, "geometry": { "type": "Point", "coordinates": [ 5.870120360580756, 48.99148922745573 ] } },
{ "type": "Feature", "properties": { "index": 662, "lon": 113.26825195681442, "lat": 29.222567778082976, "classification": 122, "subregion_name": "Unknown", "umap_1d_x": 4.5101504, "umap_2d_x": -6.9212341, "umap_2d_y": 32.735321, "umap_3d_x": -6.8055, "umap_3d_y": 29.634338, "umap_3d_z": 0.30299377, "tsne_1d_x": 5.2281189, "tsne_2d_x": -2.5525475, "tsne_2d_y": -36.456203, "tsne_3d_x": 45.745522, "tsne_3d_y": -9.8153877, "tsne_3d_z": 6.9405022, "grid_umap_1d_x": 662.0, "grid_umap_2d_x": 5.0, "grid_umap_2d_y": 28.0, "grid_umap_3d_x": 4.0, "grid_umap_3d_y": 10.0, "grid_umap_3d_z": 2.0, "grid_tsne_1d_x": 662.0, "grid_tsne_2d_x": 13.0, "grid_tsne_2d_y": 8.0, "grid_tsne_3d_x": 9.0, "grid_tsne_3d_y": 6.0, "grid_tsne_3d_z": 4.0, "patch_file_embed": "patch_0662_embed.png", "patch_file_rgb": "patch_0662_rgb.png" }, "geometry": { "type": "Point", "coordinates": [ 113.268251956814424, 29.222567778082976 ] } },
{ "type": "Feature", "properties": { "index": 663, "lon": -62.686114844361981, "lat": -15.647294836693504, "classification": 112, "subregion_name": "Latin America and the Caribbean", "umap_1d_x": -9.188776, "umap_2d_x": 39.443932, "umap_2d_y": 24.835304, "umap_3d_x": 36.203568, "umap_3d_y": 36.263626, "umap_3d_z": 1.5645447, "tsne_1d_x": 45.522316, "tsne_2d_x": 47.060791, "tsne_2d_y": -18.353514, "tsne_3d_x": 17.005066, "tsne_3d_y": -44.252834, "tsne_3d_z": -32.621292, "grid_umap_1d_x": 663.0, "grid_umap_2d_x": 31.0, "grid_umap_2d_y": 18.0, "grid_umap_3d_x": 10.0, "grid_umap_3d_y": 6.0, "grid_umap_3d_z": 3.0, "grid_tsne_1d_x": 663.0, "grid_tsne_2d_x": 31.0, "grid_tsne_2d_y": 6.0, "grid_tsne_3d_x": 6.0, "grid_tsne_3d_y": 0.0, "grid_tsne_3d_z": 0.0, "patch_file_embed": "patch_0663_embed.png", "patch_file_rgb": "patch_0663_rgb.png" }, "geometry": { "type": "Point", "coordinates": [ -62.686114844361981, -15.647294836693504 ] } },
{ "type": "Feature", "properties": { "index": 664, "lon": 117.50684584231686, "lat": 61.840267624816491, "classification": 113, "subregion_name": "Eastern Europe", "umap_1d_x": 15.453481, "umap_2d_x": -40.575275, "umap_2d_y": 13.432003, "umap_3d_x": -47.412075, "umap_3d_y": 19.625031, "umap_3d_z": -11.724648, "tsne_1d_x": -42.856415, "tsne_2d_x": -40.408848, "tsne_2d_y": -2.3347092, "tsne_3d_x": 7.1069298, "tsne_3d_y": 37.911385, "tsne_3d_z": 6.1171532, "grid_umap_1d_x": 664.0, "grid_umap_2d_x": 1.0, "grid_umap_2d_y": 20.0, "grid_umap_3d_x": 0.0, "grid_umap_3d_y": 9.0, "grid_umap_3d_z": 6.0, "grid_tsne_1d_x": 664.0, "grid_tsne_2d_x": 6.0, "grid_tsne_2d_y": 14.0, "grid_tsne_3d_x": 6.0, "grid_tsne_3d_y": 9.0, "grid_tsne_3d_z": 2.0, "patch_file_embed": "patch_0664_embed.png", "patch_file_rgb": "patch_0664_rgb.png" }, "geometry": { "type": "Point", "coordinates": [ 117.506845842316864, 61.840267624816491 ] } },
{ "type": "Feature", "properties": { "index": 665, "lon": -67.703085709236035, "lat": 45.725752974597228, "classification": 115, "subregion_name": "Northern America", "umap_1d_x": 13.341989, "umap_2d_x": -30.468901, "umap_2d_y": 1.3049011, "umap_3d_x": -41.409996, "umap_3d_y": -2.1756248, "umap_3d_z": -13.450657, "tsne_1d_x": -29.174446, "tsne_2d_x": -16.164818, "tsne_2d_y": -4.4953537, "tsne_3d_x": -19.512367, "tsne_3d_y": 27.726677, "tsne_3d_z": -16.398106, "grid_umap_1d_x": 665.0, "grid_umap_2d_x": 0.0, "grid_umap_2d_y": 10.0, "grid_umap_3d_x": 2.0, "grid_umap_3d_y": 3.0, "grid_umap_3d_z": 3.0, "grid_tsne_1d_x": 665.0, "grid_tsne_2d_x": 0.0, "grid_tsne_2d_y": 5.0, "grid_tsne_3d_x": 2.0, "grid_tsne_3d_y": 9.0, "grid_tsne_3d_z": 0.0, "patch_file_embed": "patch_0665_embed.png", "patch_file_rgb": "patch_0665_rgb.png" }, "geometry": { "type": "Point", "coordinates": [ -67.703085709236035, 45.725752974597228 ] } },
{ "type": "Feature", "properties": { "index": 666, "lon": -48.905614981638962, "lat": -17.113859123194267, "classification": 40, "subregion_name": "Latin America and the Caribbean", "umap_1d_x": -14.361615, "umap_2d_x": 43.919823, "umap_2d_y": -21.035353, "umap_3d_x": 41.877251, "umap_3d_y": -11.8134, "umap_3d_z": 27.348228, "tsne_1d_x": 58.264973, "tsne_2d_x": 40.748077, "tsne_2d_y": 16.054443, "tsne_3d_x": -13.529163, "tsne_3d_y": -36.469357, "tsne_3d_z": -28.483637, "grid_umap_1d_x": 666.0, "grid_umap_2d_x": 25.0, "grid_umap_2d_y": 14.0, "grid_umap_3d_x": 9.0, "grid_umap_3d_y": 3.0, "grid_umap_3d_z": 5.0, "grid_tsne_1d_x": 666.0, "grid_tsne_2d_x": 22.0, "grid_tsne_2d_y": 21.0, "grid_tsne_3d_x": 2.0, "grid_tsne_3d_y": 0.0, "grid_tsne_3d_z": 0.0, "patch_file_embed": "patch_0666_embed.png", "patch_file_rgb": "patch_0666_rgb.png" }, "geometry": { "type": "Point", "coordinates": [ -48.905614981638962, -17.113859123194267 ] } },
{ "type": "Feature", "properties": { "index": 667, "lon": -89.470808944010059, "lat": 34.153950727333807, "classification": 111, "subregion_name": "Unknown", "umap_1d_x": 10.11711, "umap_2d_x": -23.176781, "umap_2d_y": 11.225266, "umap_3d_x": -22.063374, "umap_3d_y": 5.5300827, "umap_3d_z": -22.317415, "tsne_1d_x": -12.267713, "tsne_2d_x": -3.3821373, "tsne_2d_y": -7.4660721, "tsne_3d_x": 2.9582634, "tsne_3d_y": -1.6320839, "tsne_3d_z": -10.267742, "grid_umap_1d_x": 667.0, "grid_umap_2d_x": 23.0, "grid_umap_2d_y": 21.0, "grid_umap_3d_x": 3.0, "grid_umap_3d_y": 4.0, "grid_umap_3d_z": 0.0, "grid_tsne_1d_x": 667.0, "grid_tsne_2d_x": 4.0, "grid_tsne_2d_y": 0.0, "grid_tsne_3d_x": 5.0, "grid_tsne_3d_y": 5.0, "grid_tsne_3d_z": 1.0, "patch_file_embed": "patch_0667_embed.png", "patch_file_rgb": "patch_0667_rgb.png" }, "geometry": { "type": "Point", "coordinates": [ -89.470808944010059, 34.153950727333807 ] } },
{ "type": "Feature", "properties": { "index": 668, "lon": 108.9202093499087, "lat": 13.287896756966148, "classification": 112, "subregion_name": "South-eastern Asia", "umap_1d_x": 1.0032846, "umap_2d_x": 5.5016861, "umap_2d_y": 46.352257, "umap_3d_x": 0.56615448, "umap_3d_y": 44.514671, "umap_3d_z": 28.631577, "tsne_1d_x": 13.850053, "tsne_2d_x": 14.054832, "tsne_2d_y": -43.137383, "tsne_3d_x": 32.082756, "tsne_3d_y": -31.156523, "tsne_3d_z": 34.341599, "grid_umap_1d_x": 668.0, "grid_umap_2d_x": 17.0, "grid_umap_2d_y": 30.0, "grid_umap_3d_x": 2.0, "grid_umap_3d_y": 10.0, "grid_umap_3d_z": 7.0, "grid_tsne_1d_x": 668.0, "grid_tsne_2d_x": 19.0, "grid_tsne_2d_y": 1.0, "grid_tsne_3d_x": 8.0, "grid_tsne_3d_y": 3.0, "grid_tsne_3d_z": 7.0, "patch_file_embed": "patch_0668_embed.png", "patch_file_rgb": "patch_0668_rgb.png" }, "geometry": { "type": "Point", "coordinates": [ 108.920209349908703, 13.287896756966148 ] } },
{ "type": "Feature", "properties": { "index": 669, "lon": -90.529755653617073, "lat": 48.201444424132077, "classification": 111, "subregion_name": "Unknown", "umap_1d_x": 14.339971, "umap_2d_x": -34.275406, "umap_2d_y": 1.1503754, "umap_3d_x": -45.267967, "umap_3d_y": 0.095130919999995456, "umap_3d_z": -8.1455803, "tsne_1d_x": -34.430199, "tsne_2d_x": -26.964973, "tsne_2d_y": -17.354183, "tsne_3d_x": -12.51598, "tsne_3d_y": 22.832886, "tsne_3d_z": -2.0235672, "grid_umap_1d_x": 669.0, "grid_umap_2d_x": 23.0, "grid_umap_2d_y": 17.0, "grid_umap_3d_x": 4.0, "grid_umap_3d_y": 4.0, "grid_umap_3d_z": 5.0, "grid_tsne_1d_x": 669.0, "grid_tsne_2d_x": 6.0, "grid_tsne_2d_y": 5.0, "grid_tsne_3d_x": 2.0, "grid_tsne_3d_y": 9.0, "grid_tsne_3d_z": 1.0, "patch_file_embed": "patch_0669_embed.png", "patch_file_rgb": "patch_0669_rgb.png" }, "geometry": { "type": "Point", "coordinates": [ -90.529755653617073, 48.201444424132077 ] } },
{ "type": "Feature", "properties": { "index": 670, "lon": -99.4960858524869, "lat": 52.442909445085149, "classification": 111, "subregion_name": "Northern America", "umap_1d_x": 14.715776, "umap_2d_x": -36.667435, "umap_2d_y": 8.7892838, "umap_3d_x": -44.609879, "umap_3d_y": 9.0433769, "umap_3d_z": -13.016232, "tsne_1d_x": -39.508968, "tsne_2d_x": -32.303265, "tsne_2d_y": -6.4969368, "tsne_3d_x": 5.2695198, "tsne_3d_y": 25.888023, "tsne_3d_z": 8.4161682, "grid_umap_1d_x": 670.0, "grid_umap_2d_x": 3.0, "grid_umap_2d_y": 17.0, "grid_umap_3d_x": 2.0, "grid_umap_3d_y": 5.0, "grid_umap_3d_z": 4.0, "grid_tsne_1d_x": 670.0, "grid_tsne_2d_x": 8.0, "grid_tsne_2d_y": 12.0, "grid_tsne_3d_x": 6.0, "grid_tsne_3d_y": 9.0, "grid_tsne_3d_z": 3.0, "patch_file_embed": "patch_0670_embed.png", "patch_file_rgb": "patch_0670_rgb.png" }, "geometry": { "type": "Point", "coordinates": [ -99.4960858524869, 52.442909445085149 ] } },
{ "type": "Feature", "properties": { "index": 671, "lon": 126.29394641821062, "lat": 50.922814342904445, "classification": 126, "subregion_name": "Unknown", "umap_1d_x": 11.167024, "umap_2d_x": -31.507839, "umap_2d_y": 23.792358, "umap_3d_x": -38.846718, "umap_3d_y": 12.078167, "umap_3d_z": -36.072235, "tsne_1d_x": -62.249191, "tsne_2d_x": -26.571064, "tsne_2d_y": 38.820107, "tsne_3d_x": 20.521095, "tsne_3d_y": 19.31794, "tsne_3d_z": 27.26403, "grid_umap_1d_x": 671.0, "grid_umap_2d_x": 3.0, "grid_umap_2d_y": 25.0, "grid_umap_3d_x": 4.0, "grid_umap_3d_y": 6.0, "grid_umap_3d_z": 0.0, "grid_tsne_1d_x": 671.0, "grid_tsne_2d_x": 9.0, "grid_tsne_2d_y": 31.0, "grid_tsne_3d_x": 9.0, "grid_tsne_3d_y": 8.0, "grid_tsne_3d_z": 7.0, "patch_file_embed": "patch_0671_embed.png", "patch_file_rgb": "patch_0671_rgb.png" }, "geometry": { "type": "Point", "coordinates": [ 126.293946418210624, 50.922814342904445 ] } },
{ "type": "Feature", "properties": { "index": 672, "lon": -73.531311471549216, "lat": 2.334915203159269, "classification": 112, "subregion_name": "Latin America and the Caribbean", "umap_1d_x": -7.7595692, "umap_2d_x": 35.140022, "umap_2d_y": 33.814392, "umap_3d_x": 30.781921, "umap_3d_y": 47.419014, "umap_3d_z": 1.5121269, "tsne_1d_x": 40.493599, "tsne_2d_x": 43.682343, "tsne_2d_y": -33.163013, "tsne_3d_x": 42.200035, "tsne_3d_y": -40.607449, "tsne_3d_z": -29.973116, "grid_umap_1d_x": 672.0, "grid_umap_2d_x": 28.0, "grid_umap_2d_y": 25.0, "grid_umap_3d_x": 7.0, "grid_umap_3d_y": 10.0, "grid_umap_3d_z": 0.0, "grid_tsne_1d_x": 672.0, "grid_tsne_2d_x": 27.0, "grid_tsne_2d_y": 5.0, "grid_tsne_3d_x": 8.0, "grid_tsne_3d_y": 5.0, "grid_tsne_3d_z": 2.0, "patch_file_embed": "patch_0672_embed.png", "patch_file_rgb": "patch_0672_rgb.png" }, "geometry": { "type": "Point", "coordinates": [ -73.531311471549216, 2.334915203159269 ] } },
{ "type": "Feature", "properties": { "index": 673, "lon": 80.93199924440836, "lat": 55.176611476866995, "classification": 90, "subregion_name": "Eastern Europe", "umap_1d_x": 11.855316, "umap_2d_x": -30.308645, "umap_2d_y": 18.155029, "umap_3d_x": -36.774776, "umap_3d_y": 9.1911736, "umap_3d_z": -23.61154, "tsne_1d_x": -54.047428, "tsne_2d_x": -21.99592, "tsne_2d_y": 30.97728, "tsne_3d_x": 10.049248, "tsne_3d_y": 12.066376, "tsne_3d_z": 15.480087, "grid_umap_1d_x": 673.0, "grid_umap_2d_x": 8.0, "grid_umap_2d_y": 23.0, "grid_umap_3d_x": 4.0, "grid_umap_3d_y": 5.0, "grid_umap_3d_z": 3.0, "grid_tsne_1d_x": 673.0, "grid_tsne_2d_x": 12.0, "grid_tsne_2d_y": 29.0, "grid_tsne_3d_x": 7.0, "grid_tsne_3d_y": 6.0, "grid_tsne_3d_z": 5.0, "patch_file_embed": "patch_0673_embed.png", "patch_file_rgb": "patch_0673_rgb.png" }, "geometry": { "type": "Point", "coordinates": [ 80.93199924440836, 55.176611476866995 ] } },
{ "type": "Feature", "properties": { "index": 674, "lon": 13.65687490158129, "lat": -3.0939176961020962, "classification": 112, "subregion_name": "Sub-Saharan Africa", "umap_1d_x": -6.5788708, "umap_2d_x": 31.080536, "umap_2d_y": 40.353363, "umap_3d_x": 27.128838, "umap_3d_y": 36.516418, "umap_3d_z": 7.5204315, "tsne_1d_x": 37.271885, "tsne_2d_x": 38.142906, "tsne_2d_y": -31.655317, "tsne_3d_x": 43.760109, "tsne_3d_y": -36.064976, "tsne_3d_z": -18.961143, "grid_umap_1d_x": 674.0, "grid_umap_2d_x": 24.0, "grid_umap_2d_y": 21.0, "grid_umap_3d_x": 9.0, "grid_umap_3d_y": 7.0, "grid_umap_3d_z": 4.0, "grid_tsne_1d_x": 674.0, "grid_tsne_2d_x": 26.0, "grid_tsne_2d_y": 4.0, "grid_tsne_3d_x": 8.0, "grid_tsne_3d_y": 5.0, "grid_tsne_3d_z": 3.0, "patch_file_embed": "patch_0674_embed.png", "patch_file_rgb": "patch_0674_rgb.png" }, "geometry": { "type": "Point", "coordinates": [ 13.65687490158129, -3.093917696102096 ] } },
{ "type": "Feature", "properties": { "index": 675, "lon": 132.86950737732417, "lat": -1.58248504843381, "classification": 112, "subregion_name": "South-eastern Asia", "umap_1d_x": -6.279408, "umap_2d_x": 29.63147, "umap_2d_y": 36.771156, "umap_3d_x": 25.752205, "umap_3d_y": 38.729843, "umap_3d_z": 5.4509239, "tsne_1d_x": 35.253338, "tsne_2d_x": 35.99324, "tsne_2d_y": -28.405289, "tsne_3d_x": 36.681091, "tsne_3d_y": -36.64069, "tsne_3d_z": -14.090652, "grid_umap_1d_x": 675.0, "grid_umap_2d_x": 24.0, "grid_umap_2d_y": 22.0, "grid_umap_3d_x": 8.0, "grid_umap_3d_y": 7.0, "grid_umap_3d_z": 3.0, "grid_tsne_1d_x": 675.0, "grid_tsne_2d_x": 26.0, "grid_tsne_2d_y": 2.0, "grid_tsne_3d_x": 8.0, "grid_tsne_3d_y": 3.0, "grid_tsne_3d_z": 3.0, "patch_file_embed": "patch_0675_embed.png", "patch_file_rgb": "patch_0675_rgb.png" }, "geometry": { "type": "Point", "coordinates": [ 132.869507377324169, -1.58248504843381 ] } },
{ "type": "Feature", "properties": { "index": 676, "lon": -61.667649078835353, "lat": 6.4462995665149094, "classification": 112, "subregion_name": "Latin America and the Caribbean", "umap_1d_x": -7.605217, "umap_2d_x": 35.166206, "umap_2d_y": 35.311005, "umap_3d_x": 30.487549, "umap_3d_y": 48.322525, "umap_3d_z": 3.2089424, "tsne_1d_x": 39.985176, "tsne_2d_x": 44.89521, "tsne_2d_y": -37.137791, "tsne_3d_x": 45.91835, "tsne_3d_y": -37.258057, "tsne_3d_z": -36.097206, "grid_umap_1d_x": 676.0, "grid_umap_2d_x": 30.0, "grid_umap_2d_y": 29.0, "grid_umap_3d_x": 6.0, "grid_umap_3d_y": 9.0, "grid_umap_3d_z": 2.0, "grid_tsne_1d_x": 676.0, "grid_tsne_2d_x": 26.0, "grid_tsne_2d_y": 7.0, "grid_tsne_3d_x": 10.0, "grid_tsne_3d_y": 5.0, "grid_tsne_3d_z": 0.0, "patch_file_embed": "patch_0676_embed.png", "patch_file_rgb": "patch_0676_rgb.png" }, "geometry": { "type": "Point", "coordinates": [ -61.667649078835353, 6.446299566514909 ] } },
{ "type": "Feature", "properties": { "index": 677, "lon": -43.172327294723004, "lat": -10.702899737148833, "classification": 20, "subregion_name": "Latin America and the Caribbean", "umap_1d_x": -14.051083, "umap_2d_x": 43.502197, "umap_2d_y": -15.012623, "umap_3d_x": 41.944931, "umap_3d_y": -7.3647308, "umap_3d_z": 33.266922, "tsne_1d_x": 57.124165, "tsne_2d_x": 36.346542, "tsne_2d_y": 15.120544, "tsne_3d_x": -6.6651993, "tsne_3d_y": -21.1187, "tsne_3d_z": -20.639515, "grid_umap_1d_x": 677.0, "grid_umap_2d_x": 31.0, "grid_umap_2d_y": 7.0, "grid_umap_3d_x": 8.0, "grid_umap_3d_y": 5.0, "grid_umap_3d_z": 6.0, "grid_tsne_1d_x": 677.0, "grid_tsne_2d_x": 31.0, "grid_tsne_2d_y": 17.0, "grid_tsne_3d_x": 3.0, "grid_tsne_3d_y": 2.0, "grid_tsne_3d_z": 1.0, "patch_file_embed": "patch_0677_embed.png", "patch_file_rgb": "patch_0677_rgb.png" }, "geometry": { "type": "Point", "coordinates": [ -43.172327294723004, -10.702899737148833 ] } },
{ "type": "Feature", "properties": { "index": 678, "lon": 130.03609924529906, "lat": 53.003552804031159, "classification": 113, "subregion_name": "Eastern Europe", "umap_1d_x": 16.333614, "umap_2d_x": -34.526867, "umap_2d_y": 18.898163, "umap_3d_x": -44.190662, "umap_3d_y": 17.682785, "umap_3d_z": -30.192953, "tsne_1d_x": -63.645775, "tsne_2d_x": -40.314777, "tsne_2d_y": 13.062256, "tsne_3d_x": 15.081367, "tsne_3d_y": 28.610161, "tsne_3d_z": 22.590919, "grid_umap_1d_x": 678.0, "grid_umap_2d_x": 3.0, "grid_umap_2d_y": 23.0, "grid_umap_3d_x": 2.0, "grid_umap_3d_y": 7.0, "grid_umap_3d_z": 2.0, "grid_tsne_1d_x": 678.0, "grid_tsne_2d_x": 5.0, "grid_tsne_2d_y": 20.0, "grid_tsne_3d_x": 9.0, "grid_tsne_3d_y": 10.0, "grid_tsne_3d_z": 6.0, "patch_file_embed": "patch_0678_embed.png", "patch_file_rgb": "patch_0678_rgb.png" }, "geometry": { "type": "Point", "coordinates": [ 130.036099245299056, 53.003552804031159 ] } },
{ "type": "Feature", "properties": { "index": 679, "lon": -13.318800272918821, "lat": 11.907261685635333, "classification": 114, "subregion_name": "Sub-Saharan Africa", "umap_1d_x": -1.9933646, "umap_2d_x": 9.5156898, "umap_2d_y": 29.893753, "umap_3d_x": 8.0562172, "umap_3d_y": 35.7342, "umap_3d_z": 30.989258, "tsne_1d_x": 20.420347, "tsne_2d_x": 17.238571, "tsne_2d_y": -19.750933, "tsne_3d_x": 18.534988, "tsne_3d_y": -39.172493, "tsne_3d_z": 17.579376, "grid_umap_1d_x": 679.0, "grid_umap_2d_x": 14.0, "grid_umap_2d_y": 27.0, "grid_umap_3d_x": 7.0, "grid_umap_3d_y": 7.0, "grid_umap_3d_z": 5.0, "grid_tsne_1d_x": 679.0, "grid_tsne_2d_x": 21.0, "grid_tsne_2d_y": 16.0, "grid_tsne_3d_x": 6.0, "grid_tsne_3d_y": 3.0, "grid_tsne_3d_z": 5.0, "patch_file_embed": "patch_0679_embed.png", "patch_file_rgb": "patch_0679_rgb.png" }, "geometry": { "type": "Point", "coordinates": [ -13.318800272918821, 11.907261685635333 ] } },
{ "type": "Feature", "properties": { "index": 680, "lon": -104.93941971260605, "lat": 24.072425377278449, "classification": 126, "subregion_name": "Latin America and the Caribbean", "umap_1d_x": -0.51603401, "umap_2d_x": 2.8150558, "umap_2d_y": 31.595528, "umap_3d_x": 2.0828362, "umap_3d_y": 31.432259, "umap_3d_z": 19.053566, "tsne_1d_x": 7.5896988, "tsne_2d_x": 6.3396378, "tsne_2d_y": -24.294886, "tsne_3d_x": 9.6138725, "tsne_3d_y": -21.204626, "tsne_3d_z": 7.0312958, "grid_umap_1d_x": 680.0, "grid_umap_2d_x": 5.0, "grid_umap_2d_y": 30.0, "grid_umap_3d_x": 3.0, "grid_umap_3d_y": 10.0, "grid_umap_3d_z": 7.0, "grid_tsne_1d_x": 680.0, "grid_tsne_2d_x": 14.0, "grid_tsne_2d_y": 7.0, "grid_tsne_3d_x": 6.0, "grid_tsne_3d_y": 2.0, "grid_tsne_3d_z": 4.0, "patch_file_embed": "patch_0680_embed.png", "patch_file_rgb": "patch_0680_rgb.png" }, "geometry": { "type": "Point", "coordinates": [ -104.939419712606053, 24.072425377278449 ] } },
{ "type": "Feature", "properties": { "index": 681, "lon": 103.3206423315429, "lat": 54.148062147049288, "classification": 30, "subregion_name": "Eastern Europe", "umap_1d_x": 11.2941, "umap_2d_x": -31.833685, "umap_2d_y": 23.32457, "umap_3d_x": -38.648388, "umap_3d_y": 13.174118, "umap_3d_z": -34.316406, "tsne_1d_x": -62.903847, "tsne_2d_x": -27.206348, "tsne_2d_y": 37.033371, "tsne_3d_x": 20.085968, "tsne_3d_y": 20.544426, "tsne_3d_z": 23.114929, "grid_umap_1d_x": 681.0, "grid_umap_2d_x": 7.0, "grid_umap_2d_y": 25.0, "grid_umap_3d_x": 4.0, "grid_umap_3d_y": 6.0, "grid_umap_3d_z": 1.0, "grid_tsne_1d_x": 681.0, "grid_tsne_2d_x": 6.0, "grid_tsne_2d_y": 31.0, "grid_tsne_3d_x": 9.0, "grid_tsne_3d_y": 8.0, "grid_tsne_3d_z": 6.0, "patch_file_embed": "patch_0681_embed.png", "patch_file_rgb": "patch_0681_rgb.png" }, "geometry": { "type": "Point", "coordinates": [ 103.320642331542899, 54.148062147049288 ] } },
{ "type": "Feature", "properties": { "index": 682, "lon": 95.940569034208409, "lat": 21.813774324593894, "classification": 40, "subregion_name": "South-eastern Asia", "umap_1d_x": 0.29219523, "umap_2d_x": 7.0495377, "umap_2d_y": 43.054489, "umap_3d_x": 3.2180786, "umap_3d_y": 44.086761, "umap_3d_z": 28.009636, "tsne_1d_x": 15.82061, "tsne_2d_x": 14.710785, "tsne_2d_y": -38.697834, "tsne_3d_x": 29.091789, "tsne_3d_y": -31.900089, "tsne_3d_z": 24.525436, "grid_umap_1d_x": 682.0, "grid_umap_2d_x": 21.0, "grid_umap_2d_y": 24.0, "grid_umap_3d_x": 4.0, "grid_umap_3d_y": 10.0, "grid_umap_3d_z": 7.0, "grid_tsne_1d_x": 682.0, "grid_tsne_2d_x": 19.0, "grid_tsne_2d_y": 0.0, "grid_tsne_3d_x": 9.0, "grid_tsne_3d_y": 1.0, "grid_tsne_3d_z": 7.0, "patch_file_embed": "patch_0682_embed.png", "patch_file_rgb": "patch_0682_rgb.png" }, "geometry": { "type": "Point", "coordinates": [ 95.940569034208409, 21.813774324593894 ] } },
{ "type": "Feature", "properties": { "index": 683, "lon": -55.39077210870326, "lat": 5.5361806963618818, "classification": 112, "subregion_name": "Latin America and the Caribbean", "umap_1d_x": -7.720417, "umap_2d_x": 35.619034, "umap_2d_y": 34.576233, "umap_3d_x": 30.741661, "umap_3d_y": 48.500404, "umap_3d_z": 3.0082397, "tsne_1d_x": 40.40823, "tsne_2d_x": 45.526436, "tsne_2d_y": -33.902908, "tsne_3d_x": 43.965462, "tsne_3d_y": -41.04599, "tsne_3d_z": -35.435299, "grid_umap_1d_x": 683.0, "grid_umap_2d_x": 25.0, "grid_umap_2d_y": 22.0, "grid_umap_3d_x": 7.0, "grid_umap_3d_y": 10.0, "grid_umap_3d_z": 2.0, "grid_tsne_1d_x": 683.0, "grid_tsne_2d_x": 30.0, "grid_tsne_2d_y": 0.0, "grid_tsne_3d_x": 9.0, "grid_tsne_3d_y": 5.0, "grid_tsne_3d_z": 1.0, "patch_file_embed": "patch_0683_embed.png", "patch_file_rgb": "patch_0683_rgb.png" }, "geometry": { "type": "Point", "coordinates": [ -55.39077210870326, 5.536180696361882 ] } },
{ "type": "Feature", "properties": { "index": 684, "lon": -96.876973920126503, "lat": 56.544840052781183, "classification": 111, "subregion_name": "Northern America", "umap_1d_x": 14.247118, "umap_2d_x": -35.38007, "umap_2d_y": 2.1202278, "umap_3d_x": -45.586887, "umap_3d_y": 2.9397202, "umap_3d_z": -6.5528336, "tsne_1d_x": -35.128288, "tsne_2d_x": -28.906624, "tsne_2d_y": -21.643019, "tsne_3d_x": -8.5704613, "tsne_3d_y": 19.591293, "tsne_3d_z": 2.7241096, "grid_umap_1d_x": 684.0, "grid_umap_2d_x": 8.0, "grid_umap_2d_y": 14.0, "grid_umap_3d_x": 0.0, "grid_umap_3d_y": 4.0, "grid_umap_3d_z": 4.0, "grid_tsne_1d_x": 684.0, "grid_tsne_2d_x": 5.0, "grid_tsne_2d_y": 3.0, "grid_tsne_3d_x": 1.0, "grid_tsne_3d_y": 10.0, "grid_tsne_3d_z": 3.0, "patch_file_embed": "patch_0684_embed.png", "patch_file_rgb": "patch_0684_rgb.png" }, "geometry": { "type": "Point", "coordinates": [ -96.876973920126503, 56.544840052781183 ] } },
{ "type": "Feature", "properties": { "index": 685, "lon": -53.690227568378475, "lat": -28.370741237455249, "classification": 40, "subregion_name": "Latin America and the Caribbean", "umap_1d_x": -16.984392, "umap_2d_x": 34.365982, "umap_2d_y": -17.579445, "umap_3d_x": 46.616432, "umap_3d_y": -13.954659, "umap_3d_z": 6.0003357, "tsne_1d_x": 66.519348, "tsne_2d_x": 28.952919, "tsne_2d_y": 32.030991, "tsne_3d_x": -17.144852, "tsne_3d_y": -15.99641, "tsne_3d_z": -46.54565, "grid_umap_1d_x": 685.0, "grid_umap_2d_x": 25.0, "grid_umap_2d_y": 5.0, "grid_umap_3d_x": 9.0, "grid_umap_3d_y": 3.0, "grid_umap_3d_z": 0.0, "grid_tsne_1d_x": 685.0, "grid_tsne_2d_x": 21.0, "grid_tsne_2d_y": 25.0, "grid_tsne_3d_x": 3.0, "grid_tsne_3d_y": 6.0, "grid_tsne_3d_z": 0.0, "patch_file_embed": "patch_0685_embed.png", "patch_file_rgb": "patch_0685_rgb.png" }, "geometry": { "type": "Point", "coordinates": [ -53.690227568378475, -28.370741237455249 ] } },
{ "type": "Feature", "properties": { "index": 686, "lon": 40.338915732639862, "lat": 62.731928078083257, "classification": 111, "subregion_name": "Eastern Europe", "umap_1d_x": 14.819452, "umap_2d_x": -30.503147, "umap_2d_y": -4.7651329, "umap_3d_x": -43.733826, "umap_3d_y": -10.532795, "umap_3d_z": -2.9148026, "tsne_1d_x": -31.801912, "tsne_2d_x": -24.157232, "tsne_2d_y": -12.89109, "tsne_3d_x": -23.522842, "tsne_3d_y": 30.134163, "tsne_3d_z": 0.18824768000001058, "grid_umap_1d_x": 686.0, "grid_umap_2d_x": 3.0, "grid_umap_2d_y": 6.0, "grid_umap_3d_x": 3.0, "grid_umap_3d_y": 1.0, "grid_umap_3d_z": 6.0, "grid_tsne_1d_x": 686.0, "grid_tsne_2d_x": 11.0, "grid_tsne_2d_y": 10.0, "grid_tsne_3d_x": 2.0, "grid_tsne_3d_y": 8.0, "grid_tsne_3d_z": 2.0, "patch_file_embed": "patch_0686_embed.png", "patch_file_rgb": "patch_0686_rgb.png" }, "geometry": { "type": "Point", "coordinates": [ 40.338915732639862, 62.731928078083257 ] } },
{ "type": "Feature", "properties": { "index": 687, "lon": -49.437918040655461, "lat": -21.470464671661979, "classification": 40, "subregion_name": "Latin America and the Caribbean", "umap_1d_x": -14.822324, "umap_2d_x": 42.626503, "umap_2d_y": -20.602283, "umap_3d_x": 43.56356, "umap_3d_y": -12.169945, "umap_3d_z": 24.809547, "tsne_1d_x": 60.105774, "tsne_2d_x": 42.384605, "tsne_2d_y": 19.965996, "tsne_3d_x": -16.525032, "tsne_3d_y": -34.304707, "tsne_3d_z": -33.080349, "grid_umap_1d_x": 687.0, "grid_umap_2d_x": 26.0, "grid_umap_2d_y": 10.0, "grid_umap_3d_x": 9.0, "grid_umap_3d_y": 3.0, "grid_umap_3d_z": 4.0, "grid_tsne_1d_x": 687.0, "grid_tsne_2d_x": 25.0, "grid_tsne_2d_y": 22.0, "grid_tsne_3d_x": 2.0, "grid_tsne_3d_y": 2.0, "grid_tsne_3d_z": 0.0, "patch_file_embed": "patch_0687_embed.png", "patch_file_rgb": "patch_0687_rgb.png" }, "geometry": { "type": "Point", "coordinates": [ -49.437918040655461, -21.470464671661979 ] } },
{ "type": "Feature", "properties": { "index": 688, "lon": 102.91920447603076, "lat": 23.024604522769451, "classification": 112, "subregion_name": "Unknown", "umap_1d_x": -0.77455741, "umap_2d_x": 1.3106422, "umap_2d_y": 35.776718, "umap_3d_x": 3.3457336, "umap_3d_y": 35.285278, "umap_3d_z": 11.996098, "tsne_1d_x": 8.5945826, "tsne_2d_x": 3.9541016, "tsne_2d_y": -32.502686, "tsne_3d_x": 28.057373, "tsne_3d_y": -20.459398, "tsne_3d_z": 5.1491852, "grid_umap_1d_x": 688.0, "grid_umap_2d_x": 10.0, "grid_umap_2d_y": 30.0, "grid_umap_3d_x": 6.0, "grid_umap_3d_y": 10.0, "grid_umap_3d_z": 3.0, "grid_tsne_1d_x": 688.0, "grid_tsne_2d_x": 13.0, "grid_tsne_2d_y": 3.0, "grid_tsne_3d_x": 10.0, "grid_tsne_3d_y": 2.0, "grid_tsne_3d_z": 4.0, "patch_file_embed": "patch_0688_embed.png", "patch_file_rgb": "patch_0688_rgb.png" }, "geometry": { "type": "Point", "coordinates": [ 102.919204476030757, 23.024604522769451 ] } },
{ "type": "Feature", "properties": { "index": 689, "lon": 155.22949961112306, "lat": 63.152521776398885, "classification": 116, "subregion_name": "Eastern Europe", "umap_1d_x": 19.140831, "umap_2d_x": -45.541546, "umap_2d_y": 0.37423325, "umap_3d_x": -48.336502, "umap_3d_y": 16.811363, "umap_3d_z": -34.408501, "tsne_1d_x": -66.234673, "tsne_2d_x": -47.852791, "tsne_2d_y": 17.884697, "tsne_3d_x": 0.6248703, "tsne_3d_y": 43.157074, "tsne_3d_z": 31.319534, "grid_umap_1d_x": 689.0, "grid_umap_2d_x": 5.0, "grid_umap_2d_y": 14.0, "grid_umap_3d_x": 5.0, "grid_umap_3d_y": 6.0, "grid_umap_3d_z": 4.0, "grid_tsne_1d_x": 689.0, "grid_tsne_2d_x": 12.0, "grid_tsne_2d_y": 23.0, "grid_tsne_3d_x": 4.0, "grid_tsne_3d_y": 10.0, "grid_tsne_3d_z": 6.0, "patch_file_embed": "patch_0689_embed.png", "patch_file_rgb": "patch_0689_rgb.png" }, "geometry": { "type": "Point", "coordinates": [ 155.22949961112306, 63.152521776398885 ] } },
{ "type": "Feature", "properties": { "index": 690, "lon": 33.916149430392949, "lat": 49.89519497954322, "classification": 30, "subregion_name": "Eastern Europe", "umap_1d_x": 23.142097, "umap_2d_x": -20.11236, "umap_2d_y": -11.472721, "umap_3d_x": -29.491476, "umap_3d_y": -11.489342, "umap_3d_z": -14.558125, "tsne_1d_x": -18.972429, "tsne_2d_x": -9.0866852, "tsne_2d_y": 28.021965, "tsne_3d_x": -30.854408, "tsne_3d_y": 1.5548935, "tsne_3d_z": 19.453552, "grid_umap_1d_x": 690.0, "grid_umap_2d_x": 7.0, "grid_umap_2d_y": 0.0, "grid_umap_3d_x": 4.0, "grid_umap_3d_y": 1.0, "grid_umap_3d_z": 2.0, "grid_tsne_1d_x": 690.0, "grid_tsne_2d_x": 0.0, "grid_tsne_2d_y": 28.0, "grid_tsne_3d_x": 0.0, "grid_tsne_3d_y": 5.0, "grid_tsne_3d_z": 7.0, "patch_file_embed": "patch_0690_embed.png", "patch_file_rgb": "patch_0690_rgb.png" }, "geometry": { "type": "Point", "coordinates": [ 33.916149430392949, 49.89519497954322 ] } },
{ "type": "Feature", "properties": { "index": 691, "lon": 147.02756112293304, "lat": -21.707242056843931, "classification": 30, "subregion_name": "Unknown", "umap_1d_x": -19.109842, "umap_2d_x": 39.479706, "umap_2d_y": -39.946003, "umap_3d_x": 48.775238, "umap_3d_y": -36.09589, "umap_3d_z": 22.451065, "tsne_1d_x": 75.549019, "tsne_2d_x": 44.019165, "tsne_2d_y": 35.57888, "tsne_3d_x": -32.622017, "tsne_3d_y": -19.513464, "tsne_3d_z": -28.736214, "grid_umap_1d_x": 691.0, "grid_umap_2d_x": 24.0, "grid_umap_2d_y": 0.0, "grid_umap_3d_x": 10.0, "grid_umap_3d_y": 0.0, "grid_umap_3d_z": 4.0, "grid_tsne_1d_x": 691.0, "grid_tsne_2d_x": 28.0, "grid_tsne_2d_y": 27.0, "grid_tsne_3d_x": 0.0, "grid_tsne_3d_y": 3.0, "grid_tsne_3d_z": 0.0, "patch_file_embed": "patch_0691_embed.png", "patch_file_rgb": "patch_0691_rgb.png" }, "geometry": { "type": "Point", "coordinates": [ 147.027561122933037, -21.707242056843931 ] } },
{ "type": "Feature", "properties": { "index": 692, "lon": -13.765536518638953, "lat": 10.087927909966623, "classification": 30, "subregion_name": "Sub-Saharan Africa", "umap_1d_x": 0.34446949, "umap_2d_x": 8.530407, "umap_2d_y": 41.951508, "umap_3d_x": 5.020565, "umap_3d_y": 44.895523, "umap_3d_z": 29.275162, "tsne_1d_x": 16.783482, "tsne_2d_x": 16.996574, "tsne_2d_y": -37.029289, "tsne_3d_x": 29.01001, "tsne_3d_y": -37.795403, "tsne_3d_z": 23.7313, "grid_umap_1d_x": 692.0, "grid_umap_2d_x": 19.0, "grid_umap_2d_y": 27.0, "grid_umap_3d_x": 6.0, "grid_umap_3d_y": 10.0, "grid_umap_3d_z": 7.0, "grid_tsne_1d_x": 692.0, "grid_tsne_2d_x": 21.0, "grid_tsne_2d_y": 9.0, "grid_tsne_3d_x": 9.0, "grid_tsne_3d_y": 0.0, "grid_tsne_3d_z": 7.0, "patch_file_embed": "patch_0692_embed.png", "patch_file_rgb": "patch_0692_rgb.png" }, "geometry": { "type": "Point", "coordinates": [ -13.765536518638953, 10.087927909966623 ] } },
{ "type": "Feature", "properties": { "index": 693, "lon": 55.407274982614837, "lat": 28.272414174519611, "classification": 60, "subregion_name": "Southern Asia", "umap_1d_x": 6.0011506, "umap_2d_x": -11.0797, "umap_2d_y": 5.6388206, "umap_3d_x": -20.006922, "umap_3d_y": 0.024776458999994588, "umap_3d_z": 13.010723, "tsne_1d_x": -0.093559273, "tsne_2d_x": 9.6221046, "tsne_2d_y": 14.11869, "tsne_3d_x": -10.980724, "tsne_3d_y": -23.267609, "tsne_3d_z": 14.502197, "grid_umap_1d_x": 693.0, "grid_umap_2d_x": 11.0, "grid_umap_2d_y": 12.0, "grid_umap_3d_x": 0.0, "grid_umap_3d_y": 2.0, "grid_umap_3d_z": 8.0, "grid_tsne_1d_x": 693.0, "grid_tsne_2d_x": 12.0, "grid_tsne_2d_y": 15.0, "grid_tsne_3d_x": 2.0, "grid_tsne_3d_y": 1.0, "grid_tsne_3d_z": 6.0, "patch_file_embed": "patch_0693_embed.png", "patch_file_rgb": "patch_0693_rgb.png" }, "geometry": { "type": "Point", "coordinates": [ 55.407274982614837, 28.272414174519611 ] } },
{ "type": "Feature", "properties": { "index": 694, "lon": -73.751525453191817, "lat": 7.7779451213922206, "classification": 90, "subregion_name": "Latin America and the Caribbean", "umap_1d_x": 0.66580969, "umap_2d_x": 10.244282, "umap_2d_y": 43.155159, "umap_3d_x": 6.4467735, "umap_3d_y": 48.985054, "umap_3d_z": 24.115196, "tsne_1d_x": 17.746058, "tsne_2d_x": 20.473793, "tsne_2d_y": -36.378769, "tsne_3d_x": 36.68882, "tsne_3d_y": -41.066406, "tsne_3d_z": 17.429436, "grid_umap_1d_x": 694.0, "grid_umap_2d_x": 21.0, "grid_umap_2d_y": 30.0, "grid_umap_3d_x": 6.0, "grid_umap_3d_y": 8.0, "grid_umap_3d_z": 4.0, "grid_tsne_1d_x": 694.0, "grid_tsne_2d_x": 22.0, "grid_tsne_2d_y": 1.0, "grid_tsne_3d_x": 8.0, "grid_tsne_3d_y": 3.0, "grid_tsne_3d_z": 5.0, "patch_file_embed": "patch_0694_embed.png", "patch_file_rgb": "patch_0694_rgb.png" }, "geometry": { "type": "Point", "coordinates": [ -73.751525453191817, 7.777945121392221 ] } },
{ "type": "Feature", "properties": { "index": 695, "lon": 68.637539860964466, "lat": 58.095172867019002, "classification": 126, "subregion_name": "Eastern Europe", "umap_1d_x": 11.833626, "umap_2d_x": -30.194752, "umap_2d_y": 17.840668, "umap_3d_x": -36.612633, "umap_3d_y": 9.144146, "umap_3d_z": -23.415285, "tsne_1d_x": -54.122581, "tsne_2d_x": -23.287148, "tsne_2d_y": 31.054337, "tsne_3d_x": 11.806114, "tsne_3d_y": 15.219246, "tsne_3d_z": 17.108208, "grid_umap_1d_x": 695.0, "grid_umap_2d_x": 1.0, "grid_umap_2d_y": 22.0, "grid_umap_3d_x": 1.0, "grid_umap_3d_y": 5.0, "grid_umap_3d_z": 1.0, "grid_tsne_1d_x": 695.0, "grid_tsne_2d_x": 13.0, "grid_tsne_2d_y": 29.0, "grid_tsne_3d_x": 8.0, "grid_tsne_3d_y": 7.0, "grid_tsne_3d_z": 6.0, "patch_file_embed": "patch_0695_embed.png", "patch_file_rgb": "patch_0695_rgb.png" }, "geometry": { "type": "Point", "coordinates": [ 68.637539860964466, 58.095172867019002 ] } },
{ "type": "Feature", "properties": { "index": 696, "lon": -72.317805187281792, "lat": -0.040995090155483999, "classification": 112, "subregion_name": "Latin America and the Caribbean", "umap_1d_x": -7.8532805, "umap_2d_x": 35.088005, "umap_2d_y": 33.064575, "umap_3d_x": 31.227592, "umap_3d_y": 44.217133, "umap_3d_z": 1.333313, "tsne_1d_x": 41.032597, "tsne_2d_x": 43.400017, "tsne_2d_y": -30.905266, "tsne_3d_x": 36.919861, "tsne_3d_y": -38.661812, "tsne_3d_z": -29.356892, "grid_umap_1d_x": 696.0, "grid_umap_2d_x": 27.0, "grid_umap_2d_y": 23.0, "grid_umap_3d_x": 8.0, "grid_umap_3d_y": 8.0, "grid_umap_3d_z": 1.0, "grid_tsne_1d_x": 696.0, "grid_tsne_2d_x": 29.0, "grid_tsne_2d_y": 1.0, "grid_tsne_3d_x": 9.0, "grid_tsne_3d_y": 2.0, "grid_tsne_3d_z": 0.0, "patch_file_embed": "patch_0696_embed.png", "patch_file_rgb": "patch_0696_rgb.png" }, "geometry": { "type": "Point", "coordinates": [ -72.317805187281792, -0.040995090155484 ] } },
{ "type": "Feature", "properties": { "index": 697, "lon": -88.204435658132397, "lat": 48.715659481259976, "classification": 115, "subregion_name": "Northern America", "umap_1d_x": 15.024387, "umap_2d_x": -33.422516, "umap_2d_y": -5.6207581, "umap_3d_x": -43.835274, "umap_3d_y": -4.7258987, "umap_3d_z": -14.56493, "tsne_1d_x": -29.947042, "tsne_2d_x": -19.894871, "tsne_2d_y": -2.0814514, "tsne_3d_x": -23.875916, "tsne_3d_y": 34.659836, "tsne_3d_z": 13.376663, "grid_umap_1d_x": 697.0, "grid_umap_2d_x": 6.0, "grid_umap_2d_y": 7.0, "grid_umap_3d_x": 1.0, "grid_umap_3d_y": 2.0, "grid_umap_3d_z": 3.0, "grid_tsne_1d_x": 697.0, "grid_tsne_2d_x": 7.0, "grid_tsne_2d_y": 11.0, "grid_tsne_3d_x": 1.0, "grid_tsne_3d_y": 9.0, "grid_tsne_3d_z": 5.0, "patch_file_embed": "patch_0697_embed.png", "patch_file_rgb": "patch_0697_rgb.png" }, "geometry": { "type": "Point", "coordinates": [ -88.204435658132397, 48.715659481259976 ] } },
{ "type": "Feature", "properties": { "index": 698, "lon": 20.090530667567407, "lat": 8.1937391987635095, "classification": 124, "subregion_name": "Sub-Saharan Africa", "umap_1d_x": -2.1716835, "umap_2d_x": 10.36969, "umap_2d_y": 27.530663, "umap_3d_x": 9.6295433, "umap_3d_y": 31.93383, "umap_3d_z": 32.526138, "tsne_1d_x": 21.9072, "tsne_2d_x": 15.116898, "tsne_2d_y": -16.769146, "tsne_3d_x": 12.228756, "tsne_3d_y": -43.651131, "tsne_3d_z": 15.181923, "grid_umap_1d_x": 698.0, "grid_umap_2d_x": 15.0, "grid_umap_2d_y": 25.0, "grid_umap_3d_x": 9.0, "grid_umap_3d_y": 7.0, "grid_umap_3d_z": 6.0, "grid_tsne_1d_x": 698.0, "grid_tsne_2d_x": 18.0, "grid_tsne_2d_y": 5.0, "grid_tsne_3d_x": 5.0, "grid_tsne_3d_y": 2.0, "grid_tsne_3d_z": 5.0, "patch_file_embed": "patch_0698_embed.png", "patch_file_rgb": "patch_0698_rgb.png" }, "geometry": { "type": "Point", "coordinates": [ 20.090530667567407, 8.19373919876351 ] } },
{ "type": "Feature", "properties": { "index": 699, "lon": -75.283886469837839, "lat": 3.6864132379337349, "classification": 122, "subregion_name": "Latin America and the Caribbean", "umap_1d_x": -13.067986, "umap_2d_x": 46.792824, "umap_2d_y": -15.431477, "umap_3d_x": 35.050667, "umap_3d_y": -8.4168625, "umap_3d_z": 22.968994, "tsne_1d_x": 49.242031, "tsne_2d_x": 32.159386, "tsne_2d_y": -1.6616364, "tsne_3d_x": 8.815773, "tsne_3d_y": -34.285828, "tsne_3d_z": -8.5896568, "grid_umap_1d_x": 699.0, "grid_umap_2d_x": 31.0, "grid_umap_2d_y": 11.0, "grid_umap_3d_x": 7.0, "grid_umap_3d_y": 4.0, "grid_umap_3d_z": 4.0, "grid_tsne_1d_x": 699.0, "grid_tsne_2d_x": 24.0, "grid_tsne_2d_y": 14.0, "grid_tsne_3d_x": 7.0, "grid_tsne_3d_y": 0.0, "grid_tsne_3d_z": 2.0, "patch_file_embed": "patch_0699_embed.png", "patch_file_rgb": "patch_0699_rgb.png" }, "geometry": { "type": "Point", "coordinates": [ -75.283886469837839, 3.686413237933735 ] } },
{ "type": "Feature", "properties": { "index": 700, "lon": -74.095653907650785, "lat": -9.7689413428327896, "classification": 112, "subregion_name": "Latin America and the Caribbean", "umap_1d_x": -12.031375, "umap_2d_x": 45.542526, "umap_2d_y": -10.400249, "umap_3d_x": 38.694771, "umap_3d_y": -0.77333069, "umap_3d_z": 24.193771, "tsne_1d_x": 47.895901, "tsne_2d_x": 42.979279, "tsne_2d_y": -6.0337143, "tsne_3d_x": 2.0430794, "tsne_3d_y": -45.452648, "tsne_3d_z": -32.403366, "grid_umap_1d_x": 700.0, "grid_umap_2d_x": 29.0, "grid_umap_2d_y": 16.0, "grid_umap_3d_x": 10.0, "grid_umap_3d_y": 7.0, "grid_umap_3d_z": 6.0, "grid_tsne_1d_x": 700.0, "grid_tsne_2d_x": 22.0, "grid_tsne_2d_y": 19.0, "grid_tsne_3d_x": 5.0, "grid_tsne_3d_y": 0.0, "grid_tsne_3d_z": 0.0, "patch_file_embed": "patch_0700_embed.png", "patch_file_rgb": "patch_0700_rgb.png" }, "geometry": { "type": "Point", "coordinates": [ -74.095653907650785, -9.76894134283279 ] } },
{ "type": "Feature", "properties": { "index": 701, "lon": -119.27169127228268, "lat": 62.065055614155085, "classification": 126, "subregion_name": "Northern America", "umap_1d_x": 17.915907, "umap_2d_x": -45.360538, "umap_2d_y": -16.578568, "umap_3d_x": -42.038765, "umap_3d_y": 4.2840958, "umap_3d_z": -44.167725, "tsne_1d_x": -58.991619, "tsne_2d_x": -33.964676, "tsne_2d_y": 36.282722, "tsne_3d_x": 8.7519836, "tsne_3d_y": 14.068245, "tsne_3d_z": 43.620834, "grid_umap_1d_x": 701.0, "grid_umap_2d_x": 3.0, "grid_umap_2d_y": 2.0, "grid_umap_3d_x": 7.0, "grid_umap_3d_y": 4.0, "grid_umap_3d_z": 0.0, "grid_tsne_1d_x": 701.0, "grid_tsne_2d_x": 2.0, "grid_tsne_2d_y": 31.0, "grid_tsne_3d_x": 6.0, "grid_tsne_3d_y": 5.0, "grid_tsne_3d_z": 7.0, "patch_file_embed": "patch_0701_embed.png", "patch_file_rgb": "patch_0701_rgb.png" }, "geometry": { "type": "Point", "coordinates": [ -119.271691272282681, 62.065055614155085 ] } },
{ "type": "Feature", "properties": { "index": 702, "lon": 142.9853419484636, "lat": -5.1188987103080592, "classification": 112, "subregion_name": "Melanesia", "umap_1d_x": -5.5225253, "umap_2d_x": 27.186638, "umap_2d_y": 33.471062, "umap_3d_x": 21.552231, "umap_3d_y": 35.362274, "umap_3d_z": 8.7859268, "tsne_1d_x": 32.910694, "tsne_2d_x": 31.036606, "tsne_2d_y": -24.096096, "tsne_3d_x": 29.270622, "tsne_3d_y": -26.168394, "tsne_3d_z": -10.695278, "grid_umap_1d_x": 702.0, "grid_umap_2d_x": 24.0, "grid_umap_2d_y": 25.0, "grid_umap_3d_x": 8.0, "grid_umap_3d_y": 7.0, "grid_umap_3d_z": 5.0, "grid_tsne_1d_x": 702.0, "grid_tsne_2d_x": 22.0, "grid_tsne_2d_y": 13.0, "grid_tsne_3d_x": 9.0, "grid_tsne_3d_y": 1.0, "grid_tsne_3d_z": 2.0, "patch_file_embed": "patch_0702_embed.png", "patch_file_rgb": "patch_0702_rgb.png" }, "geometry": { "type": "Point", "coordinates": [ 142.985341948463599, -5.118898710308059 ] } },
{ "type": "Feature", "properties": { "index": 703, "lon": 0.71907202557918004, "lat": 49.150102851543295, "classification": 125, "subregion_name": "Unknown", "umap_1d_x": 22.500845, "umap_2d_x": -20.755163, "umap_2d_y": -5.7270966, "umap_3d_x": -29.80776, "umap_3d_y": -9.2252388, "umap_3d_z": -3.3822365, "tsne_1d_x": -17.102255, "tsne_2d_x": -5.557621, "tsne_2d_y": 14.424255, "tsne_3d_x": -29.602827, "tsne_3d_y": -1.0543709, "tsne_3d_z": 7.0208855, "grid_umap_1d_x": 703.0, "grid_umap_2d_x": 14.0, "grid_umap_2d_y": 7.0, "grid_umap_3d_x": 2.0, "grid_umap_3d_y": 0.0, "grid_umap_3d_z": 5.0, "grid_tsne_1d_x": 703.0, "grid_tsne_2d_x": 1.0, "grid_tsne_2d_y": 16.0, "grid_tsne_3d_x": 2.0, "grid_tsne_3d_y": 5.0, "grid_tsne_3d_z": 4.0, "patch_file_embed": "patch_0703_embed.png", "patch_file_rgb": "patch_0703_rgb.png" }, "geometry": { "type": "Point", "coordinates": [ 0.71907202557918, 49.150102851543295 ] } },
{ "type": "Feature", "properties": { "index": 704, "lon": -122.68984311487736, "lat": 41.370383597040018, "classification": 116, "subregion_name": "Unknown", "umap_1d_x": 7.2588639, "umap_2d_x": -16.165195, "umap_2d_y": 5.5956078, "umap_3d_x": -23.958885, "umap_3d_y": 2.5347939, "umap_3d_z": 8.7545586, "tsne_1d_x": -5.593709, "tsne_2d_x": 1.7929611, "tsne_2d_y": 25.243858, "tsne_3d_x": -11.060211, "tsne_3d_y": -10.223286, "tsne_3d_z": 6.6199226, "grid_umap_1d_x": 704.0, "grid_umap_2d_x": 10.0, "grid_umap_2d_y": 13.0, "grid_umap_3d_x": 2.0, "grid_umap_3d_y": 4.0, "grid_umap_3d_z": 7.0, "grid_tsne_1d_x": 704.0, "grid_tsne_2d_x": 19.0, "grid_tsne_2d_y": 26.0, "grid_tsne_3d_x": 0.0, "grid_tsne_3d_y": 1.0, "grid_tsne_3d_z": 4.0, "patch_file_embed": "patch_0704_embed.png", "patch_file_rgb": "patch_0704_rgb.png" }, "geometry": { "type": "Point", "coordinates": [ -122.689843114877362, 41.370383597040018 ] } },
{ "type": "Feature", "properties": { "index": 705, "lon": 91.199209315352732, "lat": 52.350645097455711, "classification": 111, "subregion_name": "Eastern Europe", "umap_1d_x": 13.915956, "umap_2d_x": -34.058418, "umap_2d_y": 5.6128311, "umap_3d_x": -43.952637, "umap_3d_y": 5.1397209, "umap_3d_z": -2.974556, "tsne_1d_x": -36.314785, "tsne_2d_x": -31.919626, "tsne_2d_y": -20.013603, "tsne_3d_x": -5.973568, "tsne_3d_y": 22.308647, "tsne_3d_z": -5.373867, "grid_umap_1d_x": 705.0, "grid_umap_2d_x": 11.0, "grid_umap_2d_y": 17.0, "grid_umap_3d_x": 4.0, "grid_umap_3d_y": 5.0, "grid_umap_3d_z": 6.0, "grid_tsne_1d_x": 705.0, "grid_tsne_2d_x": 1.0, "grid_tsne_2d_y": 2.0, "grid_tsne_3d_x": 2.0, "grid_tsne_3d_y": 10.0, "grid_tsne_3d_z": 0.0, "patch_file_embed": "patch_0705_embed.png", "patch_file_rgb": "patch_0705_rgb.png" }, "geometry": { "type": "Point", "coordinates": [ 91.199209315352732, 52.350645097455711 ] } },
{ "type": "Feature", "properties": { "index": 706, "lon": -64.214105732386429, "lat": -19.653531183674964, "classification": 20, "subregion_name": "Latin America and the Caribbean", "umap_1d_x": -15.621181, "umap_2d_x": 38.91349, "umap_2d_y": -20.039827, "umap_3d_x": 40.771011, "umap_3d_y": -12.34301, "umap_3d_z": 15.95433, "tsne_1d_x": 62.553047, "tsne_2d_x": 28.959236, "tsne_2d_y": 16.761047, "tsne_3d_x": 5.6496506, "tsne_3d_y": -14.614887, "tsne_3d_z": -30.206934, "grid_umap_1d_x": 706.0, "grid_umap_2d_x": 27.0, "grid_umap_2d_y": 5.0, "grid_umap_3d_x": 9.0, "grid_umap_3d_y": 3.0, "grid_umap_3d_z": 3.0, "grid_tsne_1d_x": 706.0, "grid_tsne_2d_x": 24.0, "grid_tsne_2d_y": 19.0, "grid_tsne_3d_x": 6.0, "grid_tsne_3d_y": 5.0, "grid_tsne_3d_z": 1.0, "patch_file_embed": "patch_0706_embed.png", "patch_file_rgb": "patch_0706_rgb.png" }, "geometry": { "type": "Point", "coordinates": [ -64.214105732386429, -19.653531183674964 ] } },
{ "type": "Feature", "properties": { "index": 707, "lon": -130.55754625120323, "lat": 54.737047027057315, "classification": 111, "subregion_name": "Unknown", "umap_1d_x": 13.474852, "umap_2d_x": -26.2085, "umap_2d_y": -1.0003853, "umap_3d_x": -36.814022, "umap_3d_y": -3.2506485, "umap_3d_z": -0.53289795, "tsne_1d_x": -24.875109, "tsne_2d_x": -13.061077, "tsne_2d_y": 5.7719879, "tsne_3d_x": -24.507109, "tsne_3d_y": 10.098808, "tsne_3d_z": -5.5552673, "grid_umap_1d_x": 707.0, "grid_umap_2d_x": 18.0, "grid_umap_2d_y": 13.0, "grid_umap_3d_x": 1.0, "grid_umap_3d_y": 3.0, "grid_umap_3d_z": 6.0, "grid_tsne_1d_x": 707.0, "grid_tsne_2d_x": 3.0, "grid_tsne_2d_y": 12.0, "grid_tsne_3d_x": 0.0, "grid_tsne_3d_y": 7.0, "grid_tsne_3d_z": 1.0, "patch_file_embed": "patch_0707_embed.png", "patch_file_rgb": "patch_0707_rgb.png" }, "geometry": { "type": "Point", "coordinates": [ -130.557546251203235, 54.737047027057315 ] } },
{ "type": "Feature", "properties": { "index": 708, "lon": 114.47561124190594, "lat": 0.076019323753457005, "classification": 112, "subregion_name": "South-eastern Asia", "umap_1d_x": -6.4050956, "umap_2d_x": 30.542183, "umap_2d_y": 38.213005, "umap_3d_x": 26.456985, "umap_3d_y": 37.932503, "umap_3d_z": 6.5472527, "tsne_1d_x": 36.409904, "tsne_2d_x": 36.871971, "tsne_2d_y": -29.291311, "tsne_3d_x": 41.069893, "tsne_3d_y": -35.986347, "tsne_3d_z": -14.665569, "grid_umap_1d_x": 708.0, "grid_umap_2d_x": 27.0, "grid_umap_2d_y": 28.0, "grid_umap_3d_x": 10.0, "grid_umap_3d_y": 10.0, "grid_umap_3d_z": 4.0, "grid_tsne_1d_x": 708.0, "grid_tsne_2d_x": 26.0, "grid_tsne_2d_y": 3.0, "grid_tsne_3d_x": 10.0, "grid_tsne_3d_y": 2.0, "grid_tsne_3d_z": 2.0, "patch_file_embed": "patch_0708_embed.png", "patch_file_rgb": "patch_0708_rgb.png" }, "geometry": { "type": "Point", "coordinates": [ 114.475611241905938, 0.076019323753457 ] } },
{ "type": "Feature", "properties": { "index": 709, "lon": -78.661534379860583, "lat": -6.3021404040683109, "classification": 30, "subregion_name": "Latin America and the Caribbean", "umap_1d_x": -5.5048313, "umap_2d_x": 26.685539, "umap_2d_y": 32.188965, "umap_3d_x": 20.662537, "umap_3d_y": 32.829483, "umap_3d_z": 9.3582764, "tsne_1d_x": 32.376469, "tsne_2d_x": 30.936172, "tsne_2d_y": -21.14636, "tsne_3d_x": 27.586487, "tsne_3d_y": -22.635988, "tsne_3d_z": -7.3398972, "grid_umap_1d_x": 709.0, "grid_umap_2d_x": 25.0, "grid_umap_2d_y": 28.0, "grid_umap_3d_x": 9.0, "grid_umap_3d_y": 9.0, "grid_umap_3d_z": 6.0, "grid_tsne_1d_x": 709.0, "grid_tsne_2d_x": 24.0, "grid_tsne_2d_y": 6.0, "grid_tsne_3d_x": 9.0, "grid_tsne_3d_y": 2.0, "grid_tsne_3d_z": 3.0, "patch_file_embed": "patch_0709_embed.png", "patch_file_rgb": "patch_0709_rgb.png" }, "geometry": { "type": "Point", "coordinates": [ -78.661534379860583, -6.302140404068311 ] } },
{ "type": "Feature", "properties": { "index": 710, "lon": 0.199037699115934, "lat": 8.045902097716862, "classification": 126, "subregion_name": "Sub-Saharan Africa", "umap_1d_x": -2.1717041, "umap_2d_x": 10.35236, "umap_2d_y": 27.279617, "umap_3d_x": 8.5702705, "umap_3d_y": 35.916534, "umap_3d_z": 32.29599, "tsne_1d_x": 21.702398, "tsne_2d_x": 18.057144, "tsne_2d_y": -16.70203, "tsne_3d_x": 13.944046, "tsne_3d_y": -37.673813, "tsne_3d_z": 17.208374, "grid_umap_1d_x": 710.0, "grid_umap_2d_x": 11.0, "grid_umap_2d_y": 27.0, "grid_umap_3d_x": 7.0, "grid_umap_3d_y": 9.0, "grid_umap_3d_z": 7.0, "grid_tsne_1d_x": 710.0, "grid_tsne_2d_x": 21.0, "grid_tsne_2d_y": 14.0, "grid_tsne_3d_x": 6.0, "grid_tsne_3d_y": 1.0, "grid_tsne_3d_z": 6.0, "patch_file_embed": "patch_0710_embed.png", "patch_file_rgb": "patch_0710_rgb.png" }, "geometry": { "type": "Point", "coordinates": [ 0.199037699115934, 8.045902097716862 ] } },
{ "type": "Feature", "properties": { "index": 711, "lon": 114.23442778364898, "lat": 28.885160995019447, "classification": 111, "subregion_name": "Unknown", "umap_1d_x": 4.5806069, "umap_2d_x": -7.1778526, "umap_2d_y": 32.211197, "umap_3d_x": -6.6010437, "umap_3d_y": 28.67878, "umap_3d_z": -1.0259247, "tsne_1d_x": 5.3304925, "tsne_2d_x": -2.7741089, "tsne_2d_y": -34.832874, "tsne_3d_x": 45.461937, "tsne_3d_y": -10.121563, "tsne_3d_z": 4.7514038, "grid_umap_1d_x": 711.0, "grid_umap_2d_x": 4.0, "grid_umap_2d_y": 28.0, "grid_umap_3d_x": 6.0, "grid_umap_3d_y": 9.0, "grid_umap_3d_z": 1.0, "grid_tsne_1d_x": 711.0, "grid_tsne_2d_x": 11.0, "grid_tsne_2d_y": 3.0, "grid_tsne_3d_x": 9.0, "grid_tsne_3d_y": 6.0, "grid_tsne_3d_z": 3.0, "patch_file_embed": "patch_0711_embed.png", "patch_file_rgb": "patch_0711_rgb.png" }, "geometry": { "type": "Point", "coordinates": [ 114.234427783648982, 28.885160995019447 ] } },
{ "type": "Feature", "properties": { "index": 712, "lon": -102.57056028234038, "lat": 54.594000801770548, "classification": 111, "subregion_name": "Northern America", "umap_1d_x": 16.732073, "umap_2d_x": -39.4188, "umap_2d_y": -7.3006516, "umap_3d_x": -48.30302, "umap_3d_y": -1.910656, "umap_3d_z": -28.015652, "tsne_1d_x": -52.008331, "tsne_2d_x": -29.963673, "tsne_2d_y": 12.275143, "tsne_3d_x": -6.3806534, "tsne_3d_y": 20.996826, "tsne_3d_z": 17.825836, "grid_umap_1d_x": 712.0, "grid_umap_2d_x": 5.0, "grid_umap_2d_y": 7.0, "grid_umap_3d_x": 4.0, "grid_umap_3d_y": 3.0, "grid_umap_3d_z": 3.0, "grid_tsne_1d_x": 712.0, "grid_tsne_2d_x": 6.0, "grid_tsne_2d_y": 19.0, "grid_tsne_3d_x": 2.0, "grid_tsne_3d_y": 9.0, "grid_tsne_3d_z": 7.0, "patch_file_embed": "patch_0712_embed.png", "patch_file_rgb": "patch_0712_rgb.png" }, "geometry": { "type": "Point", "coordinates": [ -102.570560282340381, 54.594000801770548 ] } },
{ "type": "Feature", "properties": { "index": 713, "lon": 165.72530962933359, "lat": -21.38966809518697, "classification": 112, "subregion_name": "Unknown", "umap_1d_x": -15.569188, "umap_2d_x": 38.99836, "umap_2d_y": -16.628532, "umap_3d_x": 43.357971, "umap_3d_y": -9.1693993, "umap_3d_z": 16.36245, "tsne_1d_x": 62.765884, "tsne_2d_x": 47.806793, "tsne_2d_y": 11.994225, "tsne_3d_x": 1.7627068, "tsne_3d_y": -22.926823, "tsne_3d_z": -38.025787, "grid_umap_1d_x": 713.0, "grid_umap_2d_x": 29.0, "grid_umap_2d_y": 3.0, "grid_umap_3d_x": 9.0, "grid_umap_3d_y": 4.0, "grid_umap_3d_z": 3.0, "grid_tsne_1d_x": 713.0, "grid_tsne_2d_x": 26.0, "grid_tsne_2d_y": 19.0, "grid_tsne_3d_x": 6.0, "grid_tsne_3d_y": 4.0, "grid_tsne_3d_z": 0.0, "patch_file_embed": "patch_0713_embed.png", "patch_file_rgb": "patch_0713_rgb.png" }, "geometry": { "type": "Point", "coordinates": [ 165.725309629333594, -21.38966809518697 ] } },
{ "type": "Feature", "properties": { "index": 714, "lon": -86.460150806293129, "lat": 39.155297459093646, "classification": 114, "subregion_name": "Unknown", "umap_1d_x": 9.9354839, "umap_2d_x": -24.242613, "umap_2d_y": 14.945053, "umap_3d_x": -23.9182, "umap_3d_y": 4.9399185, "umap_3d_z": -26.26852, "tsne_1d_x": -13.655437, "tsne_2d_x": -6.8651466, "tsne_2d_y": -4.3844147, "tsne_3d_x": 12.804066, "tsne_3d_y": 4.7923203, "tsne_3d_z": -6.1909294, "grid_umap_1d_x": 714.0, "grid_umap_2d_x": 1.0, "grid_umap_2d_y": 19.0, "grid_umap_3d_x": 6.0, "grid_umap_3d_y": 4.0, "grid_umap_3d_z": 0.0, "grid_tsne_1d_x": 714.0, "grid_tsne_2d_x": 1.0, "grid_tsne_2d_y": 1.0, "grid_tsne_3d_x": 9.0, "grid_tsne_3d_y": 7.0, "grid_tsne_3d_z": 0.0, "patch_file_embed": "patch_0714_embed.png", "patch_file_rgb": "patch_0714_rgb.png" }, "geometry": { "type": "Point", "coordinates": [ -86.460150806293129, 39.155297459093646 ] } },
{ "type": "Feature", "properties": { "index": 715, "lon": -73.966375453321461, "lat": 55.948312908918908, "classification": 20, "subregion_name": "Northern America", "umap_1d_x": 17.192076, "umap_2d_x": -40.710064, "umap_2d_y": -12.608746, "umap_3d_x": -46.833912, "umap_3d_y": -1.6333656, "umap_3d_z": -36.046291, "tsne_1d_x": -54.94595, "tsne_2d_x": -29.557287, "tsne_2d_y": 20.296181, "tsne_3d_x": -11.109573, "tsne_3d_y": 25.743454, "tsne_3d_z": 29.827614, "grid_umap_1d_x": 715.0, "grid_umap_2d_x": 11.0, "grid_umap_2d_y": 6.0, "grid_umap_3d_x": 6.0, "grid_umap_3d_y": 3.0, "grid_umap_3d_z": 3.0, "grid_tsne_1d_x": 715.0, "grid_tsne_2d_x": 5.0, "grid_tsne_2d_y": 23.0, "grid_tsne_3d_x": 2.0, "grid_tsne_3d_y": 9.0, "grid_tsne_3d_z": 8.0, "patch_file_embed": "patch_0715_embed.png", "patch_file_rgb": "patch_0715_rgb.png" }, "geometry": { "type": "Point", "coordinates": [ -73.966375453321461, 55.948312908918908 ] } },
{ "type": "Feature", "properties": { "index": 716, "lon": 132.92860729088051, "lat": 47.697144167815807, "classification": 40, "subregion_name": "Unknown", "umap_1d_x": 8.8534136, "umap_2d_x": -16.617714, "umap_2d_y": 30.355949, "umap_3d_x": -15.778839, "umap_3d_y": 23.653717, "umap_3d_z": -7.7090874, "tsne_1d_x": -8.111968, "tsne_2d_x": -8.8458023, "tsne_2d_y": -20.59409, "tsne_3d_x": 32.859047, "tsne_3d_y": 12.692314, "tsne_3d_z": 14.211662, "grid_umap_1d_x": 716.0, "grid_umap_2d_x": 6.0, "grid_umap_2d_y": 26.0, "grid_umap_3d_x": 1.0, "grid_umap_3d_y": 10.0, "grid_umap_3d_z": 1.0, "grid_tsne_1d_x": 716.0, "grid_tsne_2d_x": 8.0, "grid_tsne_2d_y": 4.0, "grid_tsne_3d_x": 10.0, "grid_tsne_3d_y": 8.0, "grid_tsne_3d_z": 5.0, "patch_file_embed": "patch_0716_embed.png", "patch_file_rgb": "patch_0716_rgb.png" }, "geometry": { "type": "Point", "coordinates": [ 132.928607290880507, 47.697144167815807 ] } },
{ "type": "Feature", "properties": { "index": 717, "lon": -73.771734138367847, "lat": 54.954354058084945, "classification": 20, "subregion_name": "Northern America", "umap_1d_x": 17.442726, "umap_2d_x": -40.981506, "umap_2d_y": -16.272453, "umap_3d_x": -46.500671, "umap_3d_y": -3.0458374, "umap_3d_z": -40.562244, "tsne_1d_x": -55.844357, "tsne_2d_x": -28.279846, "tsne_2d_y": 23.246216, "tsne_3d_x": -10.639404, "tsne_3d_y": 21.842934, "tsne_3d_z": 35.791756, "grid_umap_1d_x": 717.0, "grid_umap_2d_x": 7.0, "grid_umap_2d_y": 2.0, "grid_umap_3d_x": 4.0, "grid_umap_3d_y": 1.0, "grid_umap_3d_z": 0.0, "grid_tsne_1d_x": 717.0, "grid_tsne_2d_x": 16.0, "grid_tsne_2d_y": 25.0, "grid_tsne_3d_x": 2.0, "grid_tsne_3d_y": 7.0, "grid_tsne_3d_z": 7.0, "patch_file_embed": "patch_0717_embed.png", "patch_file_rgb": "patch_0717_rgb.png" }, "geometry": { "type": "Point", "coordinates": [ -73.771734138367847, 54.954354058084945 ] } },
{ "type": "Feature", "properties": { "index": 718, "lon": -55.663353985500223, "lat": 3.205819533806157, "classification": 112, "subregion_name": "Latin America and the Caribbean", "umap_1d_x": -7.7879543, "umap_2d_x": 35.812469, "umap_2d_y": 34.550087, "umap_3d_x": 31.558365, "umap_3d_y": 48.843567, "umap_3d_z": 3.1250648, "tsne_1d_x": 40.545357, "tsne_2d_x": 46.398499, "tsne_2d_y": -34.608845, "tsne_3d_x": 39.263878, "tsne_3d_y": -39.088158, "tsne_3d_z": -36.755325, "grid_umap_1d_x": 718.0, "grid_umap_2d_x": 29.0, "grid_umap_2d_y": 26.0, "grid_umap_3d_x": 9.0, "grid_umap_3d_y": 10.0, "grid_umap_3d_z": 2.0, "grid_tsne_1d_x": 718.0, "grid_tsne_2d_x": 28.0, "grid_tsne_2d_y": 5.0, "grid_tsne_3d_x": 7.0, "grid_tsne_3d_y": 7.0, "grid_tsne_3d_z": 2.0, "patch_file_embed": "patch_0718_embed.png", "patch_file_rgb": "patch_0718_rgb.png" }, "geometry": { "type": "Point", "coordinates": [ -55.663353985500223, 3.205819533806157 ] } },
{ "type": "Feature", "properties": { "index": 719, "lon": -55.877398189389822, "lat": 4.4437696260950474, "classification": 112, "subregion_name": "Latin America and the Caribbean", "umap_1d_x": -7.7980404, "umap_2d_x": 35.834709, "umap_2d_y": 34.87455, "umap_3d_x": 31.315552, "umap_3d_y": 48.711304, "umap_3d_z": 3.2163734, "tsne_1d_x": 40.47131, "tsne_2d_x": 46.362579, "tsne_2d_y": -34.769951, "tsne_3d_x": 39.497879, "tsne_3d_y": -39.012405, "tsne_3d_z": -36.746273, "grid_umap_1d_x": 719.0, "grid_umap_2d_x": 30.0, "grid_umap_2d_y": 28.0, "grid_umap_3d_x": 7.0, "grid_umap_3d_y": 7.0, "grid_umap_3d_z": 2.0, "grid_tsne_1d_x": 719.0, "grid_tsne_2d_x": 26.0, "grid_tsne_2d_y": 9.0, "grid_tsne_3d_x": 8.0, "grid_tsne_3d_y": 6.0, "grid_tsne_3d_z": 1.0, "patch_file_embed": "patch_0719_embed.png", "patch_file_rgb": "patch_0719_rgb.png" }, "geometry": { "type": "Point", "coordinates": [ -55.877398189389822, 4.443769626095047 ] } },
{ "type": "Feature", "properties": { "index": 720, "lon": 27.224991117042492, "lat": 53.674465613069074, "classification": 40, "subregion_name": "Eastern Europe", "umap_1d_x": 23.043507, "umap_2d_x": -20.145866, "umap_2d_y": -11.891891, "umap_3d_x": -30.161173, "umap_3d_y": -11.033867, "umap_3d_z": -16.63213, "tsne_1d_x": -19.302612, "tsne_2d_x": -10.088902, "tsne_2d_y": 26.699051, "tsne_3d_x": -27.772369, "tsne_3d_y": -1.1857224, "tsne_3d_z": 23.490105, "grid_umap_1d_x": 720.0, "grid_umap_2d_x": 8.0, "grid_umap_2d_y": 0.0, "grid_umap_3d_x": 2.0, "grid_umap_3d_y": 0.0, "grid_umap_3d_z": 0.0, "grid_tsne_1d_x": 720.0, "grid_tsne_2d_x": 10.0, "grid_tsne_2d_y": 27.0, "grid_tsne_3d_x": 1.0, "grid_tsne_3d_y": 4.0, "grid_tsne_3d_z": 8.0, "patch_file_embed": "patch_0720_embed.png", "patch_file_rgb": "patch_0720_rgb.png" }, "geometry": { "type": "Point", "coordinates": [ 27.224991117042492, 53.674465613069074 ] } },
{ "type": "Feature", "properties": { "index": 721, "lon": 76.326452885473486, "lat": 64.282231363404449, "classification": 126, "subregion_name": "Eastern Europe", "umap_1d_x": 17.587368, "umap_2d_x": -42.575665, "umap_2d_y": -12.688683, "umap_3d_x": -45.280117, "umap_3d_y": 1.3054008, "umap_3d_z": -40.475895, "tsne_1d_x": -56.413692, "tsne_2d_x": -31.184996, "tsne_2d_y": 23.901886, "tsne_3d_x": -3.2396774, "tsne_3d_y": 26.392784, "tsne_3d_z": 32.739601, "grid_umap_1d_x": 721.0, "grid_umap_2d_x": 10.0, "grid_umap_2d_y": 6.0, "grid_umap_3d_x": 5.0, "grid_umap_3d_y": 3.0, "grid_umap_3d_z": 2.0, "grid_tsne_1d_x": 721.0, "grid_tsne_2d_x": 9.0, "grid_tsne_2d_y": 25.0, "grid_tsne_3d_x": 3.0, "grid_tsne_3d_y": 9.0, "grid_tsne_3d_z": 8.0, "patch_file_embed": "patch_0721_embed.png", "patch_file_rgb": "patch_0721_rgb.png" }, "geometry": { "type": "Point", "coordinates": [ 76.326452885473486, 64.282231363404449 ] } },
{ "type": "Feature", "properties": { "index": 722, "lon": -79.289669981379348, "lat": 40.917772037364557, "classification": 114, "subregion_name": "Unknown", "umap_1d_x": 13.236808, "umap_2d_x": -30.238892, "umap_2d_y": 2.0326271, "umap_3d_x": -41.242157, "umap_3d_y": -1.9197655, "umap_3d_z": -12.357719, "tsne_1d_x": -29.092054, "tsne_2d_x": -16.102646, "tsne_2d_y": -6.6821136, "tsne_3d_x": -18.20108, "tsne_3d_y": 23.646759, "tsne_3d_z": -15.37645, "grid_umap_1d_x": 722.0, "grid_umap_2d_x": 2.0, "grid_umap_2d_y": 11.0, "grid_umap_3d_x": 0.0, "grid_umap_3d_y": 3.0, "grid_umap_3d_z": 3.0, "grid_tsne_1d_x": 722.0, "grid_tsne_2d_x": 13.0, "grid_tsne_2d_y": 12.0, "grid_tsne_3d_x": 2.0, "grid_tsne_3d_y": 8.0, "grid_tsne_3d_z": 0.0, "patch_file_embed": "patch_0722_embed.png", "patch_file_rgb": "patch_0722_rgb.png" }, "geometry": { "type": "Point", "coordinates": [ -79.289669981379348, 40.917772037364557 ] } },
{ "type": "Feature", "properties": { "index": 723, "lon": -61.593589047119067, "lat": -1.563672284050426, "classification": 112, "subregion_name": "Latin America and the Caribbean", "umap_1d_x": -8.3297472, "umap_2d_x": 35.918961, "umap_2d_y": 26.673119, "umap_3d_x": 33.763786, "umap_3d_y": 45.168839, "umap_3d_z": -2.1719894, "tsne_1d_x": 42.597504, "tsne_2d_x": 47.816154, "tsne_2d_y": -28.861982, "tsne_3d_x": 35.386459, "tsne_3d_y": -48.649765, "tsne_3d_z": -34.756523, "grid_umap_1d_x": 723.0, "grid_umap_2d_x": 27.0, "grid_umap_2d_y": 21.0, "grid_umap_3d_x": 8.0, "grid_umap_3d_y": 8.0, "grid_umap_3d_z": 0.0, "grid_tsne_1d_x": 723.0, "grid_tsne_2d_x": 26.0, "grid_tsne_2d_y": 11.0, "grid_tsne_3d_x": 8.0, "grid_tsne_3d_y": 2.0, "grid_tsne_3d_z": 1.0, "patch_file_embed": "patch_0723_embed.png", "patch_file_rgb": "patch_0723_rgb.png" }, "geometry": { "type": "Point", "coordinates": [ -61.593589047119067, -1.563672284050426 ] } },
{ "type": "Feature", "properties": { "index": 724, "lon": 22.207529247184993, "lat": -4.1403130705879221, "classification": 112, "subregion_name": "Sub-Saharan Africa", "umap_1d_x": -6.5809879, "umap_2d_x": 31.676956, "umap_2d_y": 41.82576, "umap_3d_x": 28.108276, "umap_3d_y": 34.012283, "umap_3d_z": 8.885067, "tsne_1d_x": 37.745842, "tsne_2d_x": 39.60611, "tsne_2d_y": -33.138298, "tsne_3d_x": 49.301514, "tsne_3d_y": -37.911823, "tsne_3d_z": -20.7869, "grid_umap_1d_x": 724.0, "grid_umap_2d_x": 25.0, "grid_umap_2d_y": 23.0, "grid_umap_3d_x": 10.0, "grid_umap_3d_y": 8.0, "grid_umap_3d_z": 5.0, "grid_tsne_1d_x": 724.0, "grid_tsne_2d_x": 26.0, "grid_tsne_2d_y": 5.0, "grid_tsne_3d_x": 9.0, "grid_tsne_3d_y": 4.0, "grid_tsne_3d_z": 2.0, "patch_file_embed": "patch_0724_embed.png", "patch_file_rgb": "patch_0724_rgb.png" }, "geometry": { "type": "Point", "coordinates": [ 22.207529247184993, -4.140313070587922 ] } },
{ "type": "Feature", "properties": { "index": 725, "lon": 16.089011693393104, "lat": 40.284505874857146, "classification": 114, "subregion_name": "Southern Europe", "umap_1d_x": 6.5357533, "umap_2d_x": -17.006451, "umap_2d_y": -0.81457138, "umap_3d_x": -25.879538, "umap_3d_y": -5.7189178, "umap_3d_z": 5.4176254, "tsne_1d_x": -3.4328425, "tsne_2d_x": -2.7315788, "tsne_2d_y": 13.593208, "tsne_3d_x": -25.648193, "tsne_3d_y": -6.1918449, "tsne_3d_z": 5.5809975, "grid_umap_1d_x": 725.0, "grid_umap_2d_x": 1.0, "grid_umap_2d_y": 5.0, "grid_umap_3d_x": 2.0, "grid_umap_3d_y": 0.0, "grid_umap_3d_z": 7.0, "grid_tsne_1d_x": 725.0, "grid_tsne_2d_x": 9.0, "grid_tsne_2d_y": 17.0, "grid_tsne_3d_x": 2.0, "grid_tsne_3d_y": 4.0, "grid_tsne_3d_z": 4.0, "patch_file_embed": "patch_0725_embed.png", "patch_file_rgb": "patch_0725_rgb.png" }, "geometry": { "type": "Point", "coordinates": [ 16.089011693393104, 40.284505874857146 ] } },
{ "type": "Feature", "properties": { "index": 726, "lon": 74.420559205524455, "lat": 17.044083749610238, "classification": 40, "subregion_name": "Southern Asia", "umap_1d_x": 0.086459033, "umap_2d_x": 5.6307182, "umap_2d_y": 41.901466, "umap_3d_x": 2.2158089, "umap_3d_y": 40.459541, "umap_3d_z": 28.954163, "tsne_1d_x": 14.930923, "tsne_2d_x": 10.955738, "tsne_2d_y": -39.066097, "tsne_3d_x": 19.406662, "tsne_3d_y": -30.138271, "tsne_3d_z": 28.237686, "grid_umap_1d_x": 726.0, "grid_umap_2d_x": 18.0, "grid_umap_2d_y": 27.0, "grid_umap_3d_x": 2.0, "grid_umap_3d_y": 9.0, "grid_umap_3d_z": 8.0, "grid_tsne_1d_x": 726.0, "grid_tsne_2d_x": 17.0, "grid_tsne_2d_y": 8.0, "grid_tsne_3d_x": 5.0, "grid_tsne_3d_y": 4.0, "grid_tsne_3d_z": 7.0, "patch_file_embed": "patch_0726_embed.png", "patch_file_rgb": "patch_0726_rgb.png" }, "geometry": { "type": "Point", "coordinates": [ 74.420559205524455, 17.044083749610238 ] } },
{ "type": "Feature", "properties": { "index": 727, "lon": 25.079329223954204, "lat": -11.411040222227804, "classification": 124, "subregion_name": "Sub-Saharan Africa", "umap_1d_x": -13.017652, "umap_2d_x": 47.67057, "umap_2d_y": -17.994919, "umap_3d_x": 36.485184, "umap_3d_y": -10.599007, "umap_3d_z": 27.362503, "tsne_1d_x": 52.379871, "tsne_2d_x": 37.567345, "tsne_2d_y": 5.7292404, "tsne_3d_x": -3.8226624, "tsne_3d_y": -37.383602, "tsne_3d_z": -18.153549, "grid_umap_1d_x": 727.0, "grid_umap_2d_x": 31.0, "grid_umap_2d_y": 10.0, "grid_umap_3d_x": 8.0, "grid_umap_3d_y": 3.0, "grid_umap_3d_z": 6.0, "grid_tsne_1d_x": 727.0, "grid_tsne_2d_x": 30.0, "grid_tsne_2d_y": 12.0, "grid_tsne_3d_x": 4.0, "grid_tsne_3d_y": 3.0, "grid_tsne_3d_z": 3.0, "patch_file_embed": "patch_0727_embed.png", "patch_file_rgb": "patch_0727_rgb.png" }, "geometry": { "type": "Point", "coordinates": [ 25.079329223954204, -11.411040222227804 ] } },
{ "type": "Feature", "properties": { "index": 728, "lon": 17.7775891791633, "lat": 63.810807395679333, "classification": 111, "subregion_name": "Northern Europe", "umap_1d_x": 20.446589, "umap_2d_x": -33.296753, "umap_2d_y": -14.631374, "umap_3d_x": -40.956463, "umap_3d_y": -9.9015579, "umap_3d_z": -23.459211, "tsne_1d_x": -47.91785, "tsne_2d_x": -21.551546, "tsne_2d_y": 12.399918, "tsne_3d_x": -29.025282, "tsne_3d_y": 23.084671, "tsne_3d_z": 21.47995, "grid_umap_1d_x": 728.0, "grid_umap_2d_x": 10.0, "grid_umap_2d_y": 2.0, "grid_umap_3d_x": 6.0, "grid_umap_3d_y": 2.0, "grid_umap_3d_z": 3.0, "grid_tsne_1d_x": 728.0, "grid_tsne_2d_x": 0.0, "grid_tsne_2d_y": 17.0, "grid_tsne_3d_x": 0.0, "grid_tsne_3d_y": 8.0, "grid_tsne_3d_z": 6.0, "patch_file_embed": "patch_0728_embed.png", "patch_file_rgb": "patch_0728_rgb.png" }, "geometry": { "type": "Point", "coordinates": [ 17.7775891791633, 63.810807395679333 ] } },
{ "type": "Feature", "properties": { "index": 729, "lon": -91.639495330490377, "lat": 14.429094090283996, "classification": 40, "subregion_name": "Latin America and the Caribbean", "umap_1d_x": 0.39740306, "umap_2d_x": 9.8848228, "umap_2d_y": 41.345253, "umap_3d_x": 6.6992416, "umap_3d_y": 45.101746, "umap_3d_z": 21.565117, "tsne_1d_x": 17.713003, "tsne_2d_x": 19.772354, "tsne_2d_y": -32.944778, "tsne_3d_x": 34.83313, "tsne_3d_y": -37.62772, "tsne_3d_z": 12.642277, "grid_umap_1d_x": 729.0, "grid_umap_2d_x": 21.0, "grid_umap_2d_y": 26.0, "grid_umap_3d_x": 6.0, "grid_umap_3d_y": 7.0, "grid_umap_3d_z": 3.0, "grid_tsne_1d_x": 729.0, "grid_tsne_2d_x": 22.0, "grid_tsne_2d_y": 7.0, "grid_tsne_3d_x": 9.0, "grid_tsne_3d_y": 2.0, "grid_tsne_3d_z": 5.0, "patch_file_embed": "patch_0729_embed.png", "patch_file_rgb": "patch_0729_rgb.png" }, "geometry": { "type": "Point", "coordinates": [ -91.639495330490377, 14.429094090283996 ] } },
{ "type": "Feature", "properties": { "index": 730, "lon": 32.644375248030627, "lat": -4.5730869488766359, "classification": 40, "subregion_name": "Sub-Saharan Africa", "umap_1d_x": -13.57615, "umap_2d_x": 47.216583, "umap_2d_y": -22.74502, "umap_3d_x": 37.144592, "umap_3d_y": -15.063744, "umap_3d_z": 29.855324, "tsne_1d_x": 53.689484, "tsne_2d_x": 34.811272, "tsne_2d_y": 8.3565407, "tsne_3d_x": -12.913662, "tsne_3d_y": -37.940086, "tsne_3d_z": -14.121807, "grid_umap_1d_x": 730.0, "grid_umap_2d_x": 26.0, "grid_umap_2d_y": 14.0, "grid_umap_3d_x": 8.0, "grid_umap_3d_y": 1.0, "grid_umap_3d_z": 7.0, "grid_tsne_1d_x": 730.0, "grid_tsne_2d_x": 29.0, "grid_tsne_2d_y": 13.0, "grid_tsne_3d_x": 3.0, "grid_tsne_3d_y": 2.0, "grid_tsne_3d_z": 3.0, "patch_file_embed": "patch_0730_embed.png", "patch_file_rgb": "patch_0730_rgb.png" }, "geometry": { "type": "Point", "coordinates": [ 32.644375248030627, -4.573086948876636 ] } },
{ "type": "Feature", "properties": { "index": 731, "lon": 113.61280213264973, "lat": 64.450837269993684, "classification": 90, "subregion_name": "Eastern Europe", "umap_1d_x": 18.43124, "umap_2d_x": -48.621769, "umap_2d_y": -3.6012268, "umap_3d_x": -47.743919, "umap_3d_y": 16.860199, "umap_3d_z": -45.286758, "tsne_1d_x": -70.119438, "tsne_2d_x": -41.971684, "tsne_2d_y": 24.552132, "tsne_3d_x": 13.810116, "tsne_3d_y": 32.181435, "tsne_3d_z": 35.972282, "grid_umap_1d_x": 731.0, "grid_umap_2d_x": 21.0, "grid_umap_2d_y": 16.0, "grid_umap_3d_x": 6.0, "grid_umap_3d_y": 6.0, "grid_umap_3d_z": 1.0, "grid_tsne_1d_x": 731.0, "grid_tsne_2d_x": 8.0, "grid_tsne_2d_y": 26.0, "grid_tsne_3d_x": 7.0, "grid_tsne_3d_y": 7.0, "grid_tsne_3d_z": 5.0, "patch_file_embed": "patch_0731_embed.png", "patch_file_rgb": "patch_0731_rgb.png" }, "geometry": { "type": "Point", "coordinates": [ 113.612802132649733, 64.450837269993684 ] } },
{ "type": "Feature", "properties": { "index": 732, "lon": -62.311003864959574, "lat": -17.520531453298084, "classification": 40, "subregion_name": "Latin America and the Caribbean", "umap_1d_x": -14.813645, "umap_2d_x": 41.65403, "umap_2d_y": -19.516438, "umap_3d_x": 44.120468, "umap_3d_y": -10.703007, "umap_3d_z": 24.849342, "tsne_1d_x": 60.059078, "tsne_2d_x": 45.968597, "tsne_2d_y": 17.999062, "tsne_3d_x": -11.895779, "tsne_3d_y": -27.517197, "tsne_3d_z": -35.774677, "grid_umap_1d_x": 732.0, "grid_umap_2d_x": 28.0, "grid_umap_2d_y": 6.0, "grid_umap_3d_x": 10.0, "grid_umap_3d_y": 3.0, "grid_umap_3d_z": 4.0, "grid_tsne_1d_x": 732.0, "grid_tsne_2d_x": 26.0, "grid_tsne_2d_y": 21.0, "grid_tsne_3d_x": 4.0, "grid_tsne_3d_y": 5.0, "grid_tsne_3d_z": 2.0, "patch_file_embed": "patch_0732_embed.png", "patch_file_rgb": "patch_0732_rgb.png" }, "geometry": { "type": "Point", "coordinates": [ -62.311003864959574, -17.520531453298084 ] } },
{ "type": "Feature", "properties": { "index": 733, "lon": 100.76084031777037, "lat": 15.332413209956073, "classification": 40, "subregion_name": "South-eastern Asia", "umap_1d_x": 0.57666904, "umap_2d_x": 8.5394936, "umap_2d_y": 43.32457, "umap_3d_x": 4.0454521, "umap_3d_y": 46.449486, "umap_3d_z": 26.849838, "tsne_1d_x": 16.447983, "tsne_2d_x": 16.146675, "tsne_2d_y": -39.214558, "tsne_3d_x": 32.42469, "tsne_3d_y": -33.7966, "tsne_3d_z": 23.824379, "grid_umap_1d_x": 733.0, "grid_umap_2d_x": 22.0, "grid_umap_2d_y": 25.0, "grid_umap_3d_x": 5.0, "grid_umap_3d_y": 9.0, "grid_umap_3d_z": 6.0, "grid_tsne_1d_x": 733.0, "grid_tsne_2d_x": 20.0, "grid_tsne_2d_y": 2.0, "grid_tsne_3d_x": 8.0, "grid_tsne_3d_y": 4.0, "grid_tsne_3d_z": 6.0, "patch_file_embed": "patch_0733_embed.png", "patch_file_rgb": "patch_0733_rgb.png" }, "geometry": { "type": "Point", "coordinates": [ 100.760840317770374, 15.332413209956073 ] } },
{ "type": "Feature", "properties": { "index": 734, "lon": -35.313081245866073, "lat": -7.3348946420756747, "classification": 30, "subregion_name": "Latin America and the Caribbean", "umap_1d_x": -14.203494, "umap_2d_x": 42.827217, "umap_2d_y": -15.74184, "umap_3d_x": 42.471573, "umap_3d_y": -7.3294334, "umap_3d_z": 32.788185, "tsne_1d_x": 61.372807, "tsne_2d_x": 33.741859, "tsne_2d_y": 17.394928, "tsne_3d_x": -9.9535599, "tsne_3d_y": -14.866463, "tsne_3d_z": -16.308273, "grid_umap_1d_x": 734.0, "grid_umap_2d_x": 28.0, "grid_umap_2d_y": 10.0, "grid_umap_3d_x": 10.0, "grid_umap_3d_y": 5.0, "grid_umap_3d_z": 7.0, "grid_tsne_1d_x": 734.0, "grid_tsne_2d_x": 25.0, "grid_tsne_2d_y": 20.0, "grid_tsne_3d_x": 2.0, "grid_tsne_3d_y": 3.0, "grid_tsne_3d_z": 1.0, "patch_file_embed": "patch_0734_embed.png", "patch_file_rgb": "patch_0734_rgb.png" }, "geometry": { "type": "Point", "coordinates": [ -35.313081245866073, -7.334894642075675 ] } },
{ "type": "Feature", "properties": { "index": 735, "lon": 131.50783841397384, "lat": -27.609856218559713, "classification": 30, "subregion_name": "Unknown", "umap_1d_x": -20.47447, "umap_2d_x": 41.269783, "umap_2d_y": -48.91927, "umap_3d_x": 48.684685, "umap_3d_y": -48.154087, "umap_3d_z": 23.302948, "tsne_1d_x": 80.258766, "tsne_2d_x": 43.847755, "tsne_2d_y": 44.886856, "tsne_3d_x": -41.013519, "tsne_3d_y": -13.633549, "tsne_3d_z": -18.903812, "grid_umap_1d_x": 735.0, "grid_umap_2d_x": 19.0, "grid_umap_2d_y": 6.0, "grid_umap_3d_x": 7.0, "grid_umap_3d_y": 0.0, "grid_umap_3d_z": 4.0, "grid_tsne_1d_x": 735.0, "grid_tsne_2d_x": 29.0, "grid_tsne_2d_y": 31.0, "grid_tsne_3d_x": 0.0, "grid_tsne_3d_y": 5.0, "grid_tsne_3d_z": 2.0, "patch_file_embed": "patch_0735_embed.png", "patch_file_rgb": "patch_0735_rgb.png" }, "geometry": { "type": "Point", "coordinates": [ 131.507838413973843, -27.609856218559713 ] } },
{ "type": "Feature", "properties": { "index": 736, "lon": -45.952444872700795, "lat": -9.3911553372759471, "classification": 126, "subregion_name": "Latin America and the Caribbean", "umap_1d_x": -14.442686, "umap_2d_x": 43.255875, "umap_2d_y": -17.670624, "umap_3d_x": 42.162239, "umap_3d_y": -9.9699478, "umap_3d_z": 28.185257, "tsne_1d_x": 58.44759, "tsne_2d_x": 42.048637, "tsne_2d_y": 14.341606, "tsne_3d_x": -8.8008537, "tsne_3d_y": -36.632183, "tsne_3d_z": -29.502298, "grid_umap_1d_x": 736.0, "grid_umap_2d_x": 28.0, "grid_umap_2d_y": 9.0, "grid_umap_3d_x": 9.0, "grid_umap_3d_y": 4.0, "grid_umap_3d_z": 5.0, "grid_tsne_1d_x": 736.0, "grid_tsne_2d_x": 31.0, "grid_tsne_2d_y": 18.0, "grid_tsne_3d_x": 4.0, "grid_tsne_3d_y": 4.0, "grid_tsne_3d_z": 3.0, "patch_file_embed": "patch_0736_embed.png", "patch_file_rgb": "patch_0736_rgb.png" }, "geometry": { "type": "Point", "coordinates": [ -45.952444872700795, -9.391155337275947 ] } },
{ "type": "Feature", "properties": { "index": 737, "lon": -110.24962649864828, "lat": 38.154773452469115, "classification": 20, "subregion_name": "Unknown", "umap_1d_x": 6.919498, "umap_2d_x": -14.554802, "umap_2d_y": 6.7132607, "umap_3d_x": -21.532948, "umap_3d_y": 3.1624031, "umap_3d_z": 10.605247, "tsne_1d_x": -4.6731029, "tsne_2d_x": 4.536541, "tsne_2d_y": 22.451378, "tsne_3d_x": -9.3700333, "tsne_3d_y": -17.642357, "tsne_3d_z": 15.004692, "grid_umap_1d_x": 737.0, "grid_umap_2d_x": 19.0, "grid_umap_2d_y": 16.0, "grid_umap_3d_x": 2.0, "grid_umap_3d_y": 5.0, "grid_umap_3d_z": 8.0, "grid_tsne_1d_x": 737.0, "grid_tsne_2d_x": 11.0, "grid_tsne_2d_y": 23.0, "grid_tsne_3d_x": 1.0, "grid_tsne_3d_y": 0.0, "grid_tsne_3d_z": 7.0, "patch_file_embed": "patch_0737_embed.png", "patch_file_rgb": "patch_0737_rgb.png" }, "geometry": { "type": "Point", "coordinates": [ -110.249626498648283, 38.154773452469115 ] } },
{ "type": "Feature", "properties": { "index": 738, "lon": -43.810998801586123, "lat": -4.5854474311190927, "classification": 112, "subregion_name": "Latin America and the Caribbean", "umap_1d_x": -13.341193, "umap_2d_x": 42.227432, "umap_2d_y": -9.2529259, "umap_3d_x": 41.237816, "umap_3d_y": -0.31424332, "umap_3d_z": 20.894463, "tsne_1d_x": 46.455544, "tsne_2d_x": 45.422462, "tsne_2d_y": 2.5551186, "tsne_3d_x": 9.7096329, "tsne_3d_y": -32.584999, "tsne_3d_z": -30.725498, "grid_umap_1d_x": 738.0, "grid_umap_2d_x": 26.0, "grid_umap_2d_y": 18.0, "grid_umap_3d_x": 10.0, "grid_umap_3d_y": 6.0, "grid_umap_3d_z": 4.0, "grid_tsne_1d_x": 738.0, "grid_tsne_2d_x": 27.0, "grid_tsne_2d_y": 16.0, "grid_tsne_3d_x": 6.0, "grid_tsne_3d_y": 3.0, "grid_tsne_3d_z": 1.0, "patch_file_embed": "patch_0738_embed.png", "patch_file_rgb": "patch_0738_rgb.png" }, "geometry": { "type": "Point", "coordinates": [ -43.810998801586123, -4.585447431119093 ] } },
{ "type": "Feature", "properties": { "index": 739, "lon": 89.019970862484172, "lat": 22.839913393183409, "classification": 40, "subregion_name": "Southern Asia", "umap_1d_x": 1.4089059, "umap_2d_x": 3.7608032, "umap_2d_y": 49.866104, "umap_3d_x": -2.0395279, "umap_3d_y": 46.408752, "umap_3d_z": 26.623955, "tsne_1d_x": 13.069361, "tsne_2d_x": 15.714569, "tsne_2d_y": -47.171223, "tsne_3d_x": 38.893211, "tsne_3d_y": -24.865448, "tsne_3d_z": 26.80307, "grid_umap_1d_x": 739.0, "grid_umap_2d_x": 18.0, "grid_umap_2d_y": 31.0, "grid_umap_3d_x": 2.0, "grid_umap_3d_y": 9.0, "grid_umap_3d_z": 6.0, "grid_tsne_1d_x": 739.0, "grid_tsne_2d_x": 20.0, "grid_tsne_2d_y": 1.0, "grid_tsne_3d_x": 10.0, "grid_tsne_3d_y": 4.0, "grid_tsne_3d_z": 7.0, "patch_file_embed": "patch_0739_embed.png", "patch_file_rgb": "patch_0739_rgb.png" }, "geometry": { "type": "Point", "coordinates": [ 89.019970862484172, 22.839913393183409 ] } },
{ "type": "Feature", "properties": { "index": 740, "lon": 31.583708855876523, "lat": 46.720334066966828, "classification": 40, "subregion_name": "Eastern Europe", "umap_1d_x": 23.224144, "umap_2d_x": -19.501957, "umap_2d_y": -13.138519, "umap_3d_x": -28.850809, "umap_3d_y": -12.934444, "umap_3d_z": -15.123047, "tsne_1d_x": -18.734699, "tsne_2d_x": -8.0592384, "tsne_2d_y": 25.387833, "tsne_3d_x": -32.282104, "tsne_3d_y": -4.0893135, "tsne_3d_z": 21.968163, "grid_umap_1d_x": 740.0, "grid_umap_2d_x": 18.0, "grid_umap_2d_y": 4.0, "grid_umap_3d_x": 6.0, "grid_umap_3d_y": 0.0, "grid_umap_3d_z": 1.0, "grid_tsne_1d_x": 740.0, "grid_tsne_2d_x": 10.0, "grid_tsne_2d_y": 26.0, "grid_tsne_3d_x": 2.0, "grid_tsne_3d_y": 4.0, "grid_tsne_3d_z": 7.0, "patch_file_embed": "patch_0740_embed.png", "patch_file_rgb": "patch_0740_rgb.png" }, "geometry": { "type": "Point", "coordinates": [ 31.583708855876523, 46.720334066966828 ] } },
{ "type": "Feature", "properties": { "index": 741, "lon": -93.706415744956516, "lat": 48.007125157020297, "classification": 116, "subregion_name": "Unknown", "umap_1d_x": 16.331745, "umap_2d_x": -36.545914, "umap_2d_y": -8.5291824, "umap_3d_x": -45.853416, "umap_3d_y": -4.5455589, "umap_3d_z": -21.846748, "tsne_1d_x": -51.043114, "tsne_2d_x": -26.771839, "tsne_2d_y": 5.874588, "tsne_3d_x": -16.723118, "tsne_3d_y": 19.068321, "tsne_3d_z": 15.15419, "grid_umap_1d_x": 741.0, "grid_umap_2d_x": 1.0, "grid_umap_2d_y": 4.0, "grid_umap_3d_x": 2.0, "grid_umap_3d_y": 2.0, "grid_umap_3d_z": 2.0, "grid_tsne_1d_x": 741.0, "grid_tsne_2d_x": 0.0, "grid_tsne_2d_y": 14.0, "grid_tsne_3d_x": 1.0, "grid_tsne_3d_y": 8.0, "grid_tsne_3d_z": 6.0, "patch_file_embed": "patch_0741_embed.png", "patch_file_rgb": "patch_0741_rgb.png" }, "geometry": { "type": "Point", "coordinates": [ -93.706415744956516, 48.007125157020297 ] } },
{ "type": "Feature", "properties": { "index": 742, "lon": 136.16057213251514, "lat": 70.440682166194165, "classification": 116, "subregion_name": "Eastern Europe", "umap_1d_x": 19.050617, "umap_2d_x": -49.470421, "umap_2d_y": -1.4966965, "umap_3d_x": -49.708389, "umap_3d_y": 20.598328, "umap_3d_z": -45.215645, "tsne_1d_x": -70.1362, "tsne_2d_x": -41.299187, "tsne_2d_y": 23.148422, "tsne_3d_x": 8.093853, "tsne_3d_y": 32.232162, "tsne_3d_z": 38.491814, "grid_umap_1d_x": 742.0, "grid_umap_2d_x": 14.0, "grid_umap_2d_y": 16.0, "grid_umap_3d_x": 3.0, "grid_umap_3d_y": 8.0, "grid_umap_3d_z": 0.0, "grid_tsne_1d_x": 742.0, "grid_tsne_2d_x": 13.0, "grid_tsne_2d_y": 25.0, "grid_tsne_3d_x": 5.0, "grid_tsne_3d_y": 8.0, "grid_tsne_3d_z": 7.0, "patch_file_embed": "patch_0742_embed.png", "patch_file_rgb": "patch_0742_rgb.png" }, "geometry": { "type": "Point", "coordinates": [ 136.160572132515142, 70.440682166194165 ] } },
{ "type": "Feature", "properties": { "index": 743, "lon": -89.551803332290191, "lat": 50.81312892819669, "classification": 111, "subregion_name": "Northern America", "umap_1d_x": 14.375094, "umap_2d_x": -35.510933, "umap_2d_y": -0.59487915, "umap_3d_x": -45.872536, "umap_3d_y": 0.29463959, "umap_3d_z": -9.1962318, "tsne_1d_x": -34.645081, "tsne_2d_x": -28.140942, "tsne_2d_y": -20.506344, "tsne_3d_x": -10.019169, "tsne_3d_y": 21.85955, "tsne_3d_z": 4.1905098, "grid_umap_1d_x": 743.0, "grid_umap_2d_x": 15.0, "grid_umap_2d_y": 14.0, "grid_umap_3d_x": 5.0, "grid_umap_3d_y": 4.0, "grid_umap_3d_z": 5.0, "grid_tsne_1d_x": 743.0, "grid_tsne_2d_x": 6.0, "grid_tsne_2d_y": 4.0, "grid_tsne_3d_x": 2.0, "grid_tsne_3d_y": 9.0, "grid_tsne_3d_z": 3.0, "patch_file_embed": "patch_0743_embed.png", "patch_file_rgb": "patch_0743_rgb.png" }, "geometry": { "type": "Point", "coordinates": [ -89.551803332290191, 50.81312892819669 ] } },
{ "type": "Feature", "properties": { "index": 744, "lon": 97.50512645968945, "lat": 31.548301550560552, "classification": 20, "subregion_name": "Unknown", "umap_1d_x": 8.0266447, "umap_2d_x": -13.201813, "umap_2d_y": 25.353516, "umap_3d_x": -13.176563, "umap_3d_y": 22.290634, "umap_3d_z": 0.33218384, "tsne_1d_x": 1.3511363, "tsne_2d_x": -1.2831001, "tsne_2d_y": -22.734312, "tsne_3d_x": 32.779686, "tsne_3d_y": -6.9157143, "tsne_3d_z": -5.2592049, "grid_umap_1d_x": 744.0, "grid_umap_2d_x": 0.0, "grid_umap_2d_y": 25.0, "grid_umap_3d_x": 1.0, "grid_umap_3d_y": 10.0, "grid_umap_3d_z": 4.0, "grid_tsne_1d_x": 744.0, "grid_tsne_2d_x": 10.0, "grid_tsne_2d_y": 2.0, "grid_tsne_3d_x": 10.0, "grid_tsne_3d_y": 6.0, "grid_tsne_3d_z": 2.0, "patch_file_embed": "patch_0744_embed.png", "patch_file_rgb": "patch_0744_rgb.png" }, "geometry": { "type": "Point", "coordinates": [ 97.50512645968945, 31.548301550560552 ] } },
{ "type": "Feature", "properties": { "index": 745, "lon": 24.458904017169715, "lat": 60.46226337407181, "classification": 111, "subregion_name": "Unknown", "umap_1d_x": 20.920628, "umap_2d_x": -28.637911, "umap_2d_y": -7.6497154, "umap_3d_x": -40.555473, "umap_3d_y": -13.943336, "umap_3d_z": -3.4159203, "tsne_1d_x": -27.370522, "tsne_2d_x": -21.200428, "tsne_2d_y": -11.73391, "tsne_3d_x": -32.260876, "tsne_3d_y": 26.070419, "tsne_3d_z": 0.30278397, "grid_umap_1d_x": 745.0, "grid_umap_2d_x": 7.0, "grid_umap_2d_y": 5.0, "grid_umap_3d_x": 2.0, "grid_umap_3d_y": 0.0, "grid_umap_3d_z": 6.0, "grid_tsne_1d_x": 745.0, "grid_tsne_2d_x": 1.0, "grid_tsne_2d_y": 3.0, "grid_tsne_3d_x": 1.0, "grid_tsne_3d_y": 8.0, "grid_tsne_3d_z": 2.0, "patch_file_embed": "patch_0745_embed.png", "patch_file_rgb": "patch_0745_rgb.png" }, "geometry": { "type": "Point", "coordinates": [ 24.458904017169715, 60.46226337407181 ] } },
{ "type": "Feature", "properties": { "index": 746, "lon": 81.333485456613346, "lat": 61.575278443782992, "classification": 111, "subregion_name": "Eastern Europe", "umap_1d_x": 16.425518, "umap_2d_x": -43.001736, "umap_2d_y": 5.9664841, "umap_3d_x": -48.639664, "umap_3d_y": 14.902206, "umap_3d_z": -23.457962, "tsne_1d_x": -46.214943, "tsne_2d_x": -36.461018, "tsne_2d_y": 7.6574631, "tsne_3d_x": -1.3705139, "tsne_3d_y": 34.697365, "tsne_3d_z": 19.012794, "grid_umap_1d_x": 746.0, "grid_umap_2d_x": 14.0, "grid_umap_2d_y": 19.0, "grid_umap_3d_x": 1.0, "grid_umap_3d_y": 7.0, "grid_umap_3d_z": 2.0, "grid_tsne_1d_x": 746.0, "grid_tsne_2d_x": 12.0, "grid_tsne_2d_y": 19.0, "grid_tsne_3d_x": 4.0, "grid_tsne_3d_y": 10.0, "grid_tsne_3d_z": 5.0, "patch_file_embed": "patch_0746_embed.png", "patch_file_rgb": "patch_0746_rgb.png" }, "geometry": { "type": "Point", "coordinates": [ 81.333485456613346, 61.575278443782992 ] } },
{ "type": "Feature", "properties": { "index": 747, "lon": 126.50602424860671, "lat": 62.396205426873664, "classification": 113, "subregion_name": "Eastern Europe", "umap_1d_x": 16.273649, "umap_2d_x": -44.402718, "umap_2d_y": 9.2750778, "umap_3d_x": -48.152168, "umap_3d_y": 21.333832, "umap_3d_z": -26.70331, "tsne_1d_x": -44.609379, "tsne_2d_x": -42.675438, "tsne_2d_y": 8.5072327, "tsne_3d_x": 8.1220741, "tsne_3d_y": 35.440781, "tsne_3d_z": 21.610626, "grid_umap_1d_x": 747.0, "grid_umap_2d_x": 2.0, "grid_umap_2d_y": 18.0, "grid_umap_3d_x": 0.0, "grid_umap_3d_y": 9.0, "grid_umap_3d_z": 1.0, "grid_tsne_1d_x": 747.0, "grid_tsne_2d_x": 4.0, "grid_tsne_2d_y": 18.0, "grid_tsne_3d_x": 6.0, "grid_tsne_3d_y": 10.0, "grid_tsne_3d_z": 5.0, "patch_file_embed": "patch_0747_embed.png", "patch_file_rgb": "patch_0747_rgb.png" }, "geometry": { "type": "Point", "coordinates": [ 126.506024248606707, 62.396205426873664 ] } },
{ "type": "Feature", "properties": { "index": 748, "lon": -97.304306431185594, "lat": 25.47670666421547, "classification": 126, "subregion_name": "Unknown", "umap_1d_x": 3.6553798, "umap_2d_x": 3.4904671, "umap_2d_y": 47.731773, "umap_3d_x": -2.1325264, "umap_3d_y": 42.665657, "umap_3d_z": 23.734215, "tsne_1d_x": 6.4529848, "tsne_2d_x": 13.827312, "tsne_2d_y": -50.0, "tsne_3d_x": 39.48745, "tsne_3d_y": -20.622591, "tsne_3d_z": 23.062065, "grid_umap_1d_x": 748.0, "grid_umap_2d_x": 18.0, "grid_umap_2d_y": 28.0, "grid_umap_3d_x": 2.0, "grid_umap_3d_y": 10.0, "grid_umap_3d_z": 6.0, "grid_tsne_1d_x": 748.0, "grid_tsne_2d_x": 21.0, "grid_tsne_2d_y": 18.0, "grid_tsne_3d_x": 10.0, "grid_tsne_3d_y": 5.0, "grid_tsne_3d_z": 7.0, "patch_file_embed": "patch_0748_embed.png", "patch_file_rgb": "patch_0748_rgb.png" }, "geometry": { "type": "Point", "coordinates": [ -97.304306431185594, 25.47670666421547 ] } },
{ "type": "Feature", "properties": { "index": 749, "lon": 165.33045644476726, "lat": 62.520833918987677, "classification": 30, "subregion_name": "Eastern Europe", "umap_1d_x": 17.983656, "umap_2d_x": -44.806652, "umap_2d_y": -11.48922, "umap_3d_x": -44.69141, "umap_3d_y": 6.4705505, "umap_3d_z": -43.072784, "tsne_1d_x": -60.260708, "tsne_2d_x": -33.674934, "tsne_2d_y": 29.451523, "tsne_3d_x": 18.862976, "tsne_3d_y": 20.68573, "tsne_3d_z": 36.657631, "grid_umap_1d_x": 749.0, "grid_umap_2d_x": 10.0, "grid_umap_2d_y": 7.0, "grid_umap_3d_x": 4.0, "grid_umap_3d_y": 5.0, "grid_umap_3d_z": 0.0, "grid_tsne_1d_x": 749.0, "grid_tsne_2d_x": 6.0, "grid_tsne_2d_y": 28.0, "grid_tsne_3d_x": 8.0, "grid_tsne_3d_y": 6.0, "grid_tsne_3d_z": 7.0, "patch_file_embed": "patch_0749_embed.png", "patch_file_rgb": "patch_0749_rgb.png" }, "geometry": { "type": "Point", "coordinates": [ 165.330456444767265, 62.520833918987677 ] } },
{ "type": "Feature", "properties": { "index": 750, "lon": 108.91198163912321, "lat": 11.686260174309496, "classification": 40, "subregion_name": "South-eastern Asia", "umap_1d_x": 0.57158655, "umap_2d_x": 8.4162216, "umap_2d_y": 44.199547, "umap_3d_x": 3.8196259, "umap_3d_y": 47.237274, "umap_3d_z": 26.760918, "tsne_1d_x": 16.739082, "tsne_2d_x": 17.719788, "tsne_2d_y": -39.933392, "tsne_3d_x": 37.134552, "tsne_3d_y": -34.563171, "tsne_3d_z": 21.669617, "grid_umap_1d_x": 750.0, "grid_umap_2d_x": 21.0, "grid_umap_2d_y": 27.0, "grid_umap_3d_x": 5.0, "grid_umap_3d_y": 8.0, "grid_umap_3d_z": 5.0, "grid_tsne_1d_x": 750.0, "grid_tsne_2d_x": 21.0, "grid_tsne_2d_y": 2.0, "grid_tsne_3d_x": 8.0, "grid_tsne_3d_y": 5.0, "grid_tsne_3d_z": 5.0, "patch_file_embed": "patch_0750_embed.png", "patch_file_rgb": "patch_0750_rgb.png" }, "geometry": { "type": "Point", "coordinates": [ 108.911981639123212, 11.686260174309496 ] } },
{ "type": "Feature", "properties": { "index": 751, "lon": 54.041851552498997, "lat": 26.876849005659395, "classification": 60, "subregion_name": "Southern Asia", "umap_1d_x": 5.7490463, "umap_2d_x": -10.216782, "umap_2d_y": 5.6906052, "umap_3d_x": -18.75069, "umap_3d_y": 0.33842468, "umap_3d_z": 14.311676, "tsne_1d_x": -0.13527063, "tsne_2d_x": 9.972023, "tsne_2d_y": 11.898048, "tsne_3d_x": -12.553436, "tsne_3d_y": -26.338921, "tsne_3d_z": 17.395721, "grid_umap_1d_x": 751.0, "grid_umap_2d_x": 12.0, "grid_umap_2d_y": 12.0, "grid_umap_3d_x": 3.0, "grid_umap_3d_y": 3.0, "grid_umap_3d_z": 8.0, "grid_tsne_1d_x": 751.0, "grid_tsne_2d_x": 12.0, "grid_tsne_2d_y": 13.0, "grid_tsne_3d_x": 3.0, "grid_tsne_3d_y": 2.0, "grid_tsne_3d_z": 6.0, "patch_file_embed": "patch_0751_embed.png", "patch_file_rgb": "patch_0751_rgb.png" }, "geometry": { "type": "Point", "coordinates": [ 54.041851552498997, 26.876849005659395 ] } },
{ "type": "Feature", "properties": { "index": 752, "lon": -106.8575056849388, "lat": 39.720315131144517, "classification": 30, "subregion_name": "Unknown", "umap_1d_x": 7.3885255, "umap_2d_x": -16.994953, "umap_2d_y": 7.6926956, "umap_3d_x": -23.338753, "umap_3d_y": 5.7870255, "umap_3d_z": 5.0120888, "tsne_1d_x": -6.3833232, "tsne_2d_x": 0.17881393, "tsne_2d_y": 29.075066, "tsne_3d_x": -2.9097633, "tsne_3d_y": -6.719429, "tsne_3d_z": 16.977371, "grid_umap_1d_x": 752.0, "grid_umap_2d_x": 24.0, "grid_umap_2d_y": 19.0, "grid_umap_3d_x": 1.0, "grid_umap_3d_y": 7.0, "grid_umap_3d_z": 7.0, "grid_tsne_1d_x": 752.0, "grid_tsne_2d_x": 2.0, "grid_tsne_2d_y": 29.0, "grid_tsne_3d_x": 3.0, "grid_tsne_3d_y": 3.0, "grid_tsne_3d_z": 8.0, "patch_file_embed": "patch_0752_embed.png", "patch_file_rgb": "patch_0752_rgb.png" }, "geometry": { "type": "Point", "coordinates": [ -106.857505684938801, 39.720315131144517 ] } },
{ "type": "Feature", "properties": { "index": 753, "lon": -73.070664808168189, "lat": 6.9877098468152639, "classification": 122, "subregion_name": "Latin America and the Caribbean", "umap_1d_x": -0.93223757, "umap_2d_x": 6.4697609, "umap_2d_y": 35.52626, "umap_3d_x": 5.673439, "umap_3d_y": 35.561325, "umap_3d_z": 21.435135, "tsne_1d_x": 12.05378, "tsne_2d_x": 13.136597, "tsne_2d_y": -30.822681, "tsne_3d_x": 18.14473, "tsne_3d_y": -31.459118, "tsne_3d_z": 10.33643, "grid_umap_1d_x": 753.0, "grid_umap_2d_x": 13.0, "grid_umap_2d_y": 30.0, "grid_umap_3d_x": 6.0, "grid_umap_3d_y": 9.0, "grid_umap_3d_z": 6.0, "grid_tsne_1d_x": 753.0, "grid_tsne_2d_x": 17.0, "grid_tsne_2d_y": 0.0, "grid_tsne_3d_x": 6.0, "grid_tsne_3d_y": 4.0, "grid_tsne_3d_z": 4.0, "patch_file_embed": "patch_0753_embed.png", "patch_file_rgb": "patch_0753_rgb.png" }, "geometry": { "type": "Point", "coordinates": [ -73.070664808168189, 6.987709846815264 ] } },
{ "type": "Feature", "properties": { "index": 754, "lon": 70.894533797316967, "lat": 57.418782384096147, "classification": 115, "subregion_name": "Eastern Europe", "umap_1d_x": 14.660069, "umap_2d_x": -31.385134, "umap_2d_y": -4.1884422, "umap_3d_x": -44.241615, "umap_3d_y": -7.7978477, "umap_3d_z": -3.614193, "tsne_1d_x": -31.806387, "tsne_2d_x": -23.636818, "tsne_2d_y": -15.251995, "tsne_3d_x": -21.321938, "tsne_3d_y": 25.733742, "tsne_3d_z": -1.6131477, "grid_umap_1d_x": 754.0, "grid_umap_2d_x": 10.0, "grid_umap_2d_y": 9.0, "grid_umap_3d_x": 0.0, "grid_umap_3d_y": 2.0, "grid_umap_3d_z": 5.0, "grid_tsne_1d_x": 754.0, "grid_tsne_2d_x": 12.0, "grid_tsne_2d_y": 9.0, "grid_tsne_3d_x": 1.0, "grid_tsne_3d_y": 9.0, "grid_tsne_3d_z": 1.0, "patch_file_embed": "patch_0754_embed.png", "patch_file_rgb": "patch_0754_rgb.png" }, "geometry": { "type": "Point", "coordinates": [ 70.894533797316967, 57.418782384096147 ] } },
{ "type": "Feature", "properties": { "index": 755, "lon": -90.191522064591254, "lat": 42.726261800374189, "classification": 40, "subregion_name": "Unknown", "umap_1d_x": 10.390119, "umap_2d_x": -23.054436, "umap_2d_y": 18.27256, "umap_3d_x": -25.570976, "umap_3d_y": 3.2520218, "umap_3d_z": -21.216455, "tsne_1d_x": -14.936804, "tsne_2d_x": -2.37957, "tsne_2d_y": 1.9850426, "tsne_3d_x": 8.4295921, "tsne_3d_y": 2.6395073, "tsne_3d_z": 4.0867996, "grid_umap_1d_x": 755.0, "grid_umap_2d_x": 5.0, "grid_umap_2d_y": 22.0, "grid_umap_3d_x": 4.0, "grid_umap_3d_y": 4.0, "grid_umap_3d_z": 2.0, "grid_tsne_1d_x": 755.0, "grid_tsne_2d_x": 7.0, "grid_tsne_2d_y": 8.0, "grid_tsne_3d_x": 8.0, "grid_tsne_3d_y": 3.0, "grid_tsne_3d_z": 4.0, "patch_file_embed": "patch_0755_embed.png", "patch_file_rgb": "patch_0755_rgb.png" }, "geometry": { "type": "Point", "coordinates": [ -90.191522064591254, 42.726261800374189 ] } },
{ "type": "Feature", "properties": { "index": 756, "lon": -142.95010916886676, "lat": 63.741196333263716, "classification": 111, "subregion_name": "Unknown", "umap_1d_x": 16.79941, "umap_2d_x": -39.806, "umap_2d_y": -3.4466515, "umap_3d_x": -47.640331, "umap_3d_y": 2.8283234, "umap_3d_z": -25.316433, "tsne_1d_x": -50.055031, "tsne_2d_x": -30.965675, "tsne_2d_y": 6.0385895, "tsne_3d_x": -12.878132, "tsne_3d_y": 42.53405, "tsne_3d_z": 24.374321, "grid_umap_1d_x": 756.0, "grid_umap_2d_x": 0.0, "grid_umap_2d_y": 8.0, "grid_umap_3d_x": 0.0, "grid_umap_3d_y": 4.0, "grid_umap_3d_z": 1.0, "grid_tsne_1d_x": 756.0, "grid_tsne_2d_x": 16.0, "grid_tsne_2d_y": 19.0, "grid_tsne_3d_x": 3.0, "grid_tsne_3d_y": 9.0, "grid_tsne_3d_z": 5.0, "patch_file_embed": "patch_0756_embed.png", "patch_file_rgb": "patch_0756_rgb.png" }, "geometry": { "type": "Point", "coordinates": [ -142.95010916886676, 63.741196333263716 ] } },
{ "type": "Feature", "properties": { "index": 757, "lon": 125.08853500267134, "lat": -16.01556723119343, "classification": 124, "subregion_name": "Unknown", "umap_1d_x": -18.404242, "umap_2d_x": 40.388214, "umap_2d_y": -33.384357, "umap_3d_x": 48.210098, "umap_3d_y": -28.508667, "umap_3d_z": 25.841888, "tsne_1d_x": 73.921906, "tsne_2d_x": 45.510262, "tsne_2d_y": 29.403999, "tsne_3d_x": -26.47797, "tsne_3d_y": -27.1056, "tsne_3d_z": -30.442289, "grid_umap_1d_x": 757.0, "grid_umap_2d_x": 23.0, "grid_umap_2d_y": 9.0, "grid_umap_3d_x": 7.0, "grid_umap_3d_y": 2.0, "grid_umap_3d_z": 4.0, "grid_tsne_1d_x": 757.0, "grid_tsne_2d_x": 28.0, "grid_tsne_2d_y": 24.0, "grid_tsne_3d_x": 0.0, "grid_tsne_3d_y": 1.0, "grid_tsne_3d_z": 0.0, "patch_file_embed": "patch_0757_embed.png", "patch_file_rgb": "patch_0757_rgb.png" }, "geometry": { "type": "Point", "coordinates": [ 125.088535002671335, -16.01556723119343 ] } },
{ "type": "Feature", "properties": { "index": 758, "lon": -11.72707527266158, "lat": 14.393161359518231, "classification": 20, "subregion_name": "Sub-Saharan Africa", "umap_1d_x": -2.598527, "umap_2d_x": 10.303722, "umap_2d_y": 18.65377, "umap_3d_x": 8.6008682, "umap_3d_y": 29.858452, "umap_3d_z": 43.009293, "tsne_1d_x": 24.545135, "tsne_2d_x": 17.680946, "tsne_2d_y": -6.7606163, "tsne_3d_x": 2.1440201, "tsne_3d_y": -41.714512, "tsne_3d_z": 22.739273, "grid_umap_1d_x": 758.0, "grid_umap_2d_x": 12.0, "grid_umap_2d_y": 19.0, "grid_umap_3d_x": 7.0, "grid_umap_3d_y": 6.0, "grid_umap_3d_z": 7.0, "grid_tsne_1d_x": 758.0, "grid_tsne_2d_x": 19.0, "grid_tsne_2d_y": 4.0, "grid_tsne_3d_x": 4.0, "grid_tsne_3d_y": 0.0, "grid_tsne_3d_z": 7.0, "patch_file_embed": "patch_0758_embed.png", "patch_file_rgb": "patch_0758_rgb.png" }, "geometry": { "type": "Point", "coordinates": [ -11.72707527266158, 14.393161359518231 ] } },
{ "type": "Feature", "properties": { "index": 759, "lon": 94.837213395755668, "lat": 26.477023318133405, "classification": 112, "subregion_name": "Southern Asia", "umap_1d_x": -0.68246746, "umap_2d_x": 0.92486191, "umap_2d_y": 35.959801, "umap_3d_x": 2.8873901, "umap_3d_y": 35.312065, "umap_3d_z": 11.108643, "tsne_1d_x": 8.7373304, "tsne_2d_x": 4.6877213, "tsne_2d_y": -32.898979, "tsne_3d_x": 28.268082, "tsne_3d_y": -20.396444, "tsne_3d_z": 7.8945618, "grid_umap_1d_x": 759.0, "grid_umap_2d_x": 8.0, "grid_umap_2d_y": 31.0, "grid_umap_3d_x": 6.0, "grid_umap_3d_y": 10.0, "grid_umap_3d_z": 2.0, "grid_tsne_1d_x": 759.0, "grid_tsne_2d_x": 16.0, "grid_tsne_2d_y": 13.0, "grid_tsne_3d_x": 10.0, "grid_tsne_3d_y": 3.0, "grid_tsne_3d_z": 5.0, "patch_file_embed": "patch_0759_embed.png", "patch_file_rgb": "patch_0759_rgb.png" }, "geometry": { "type": "Point", "coordinates": [ 94.837213395755668, 26.477023318133405 ] } },
{ "type": "Feature", "properties": { "index": 760, "lon": 75.197958411390545, "lat": 20.057122398638555, "classification": 40, "subregion_name": "Southern Asia", "umap_1d_x": 0.10259476, "umap_2d_x": 5.7913589, "umap_2d_y": 42.050682, "umap_3d_x": 2.3170547, "umap_3d_y": 40.773582, "umap_3d_z": 28.821579, "tsne_1d_x": 15.106505, "tsne_2d_x": 12.246426, "tsne_2d_y": -38.554203, "tsne_3d_x": 23.084969, "tsne_3d_y": -30.542402, "tsne_3d_z": 26.454353, "grid_umap_1d_x": 760.0, "grid_umap_2d_x": 15.0, "grid_umap_2d_y": 31.0, "grid_umap_3d_x": 2.0, "grid_umap_3d_y": 8.0, "grid_umap_3d_z": 7.0, "grid_tsne_1d_x": 760.0, "grid_tsne_2d_x": 19.0, "grid_tsne_2d_y": 12.0, "grid_tsne_3d_x": 7.0, "grid_tsne_3d_y": 4.0, "grid_tsne_3d_z": 6.0, "patch_file_embed": "patch_0760_embed.png", "patch_file_rgb": "patch_0760_rgb.png" }, "geometry": { "type": "Point", "coordinates": [ 75.197958411390545, 20.057122398638555 ] } },
{ "type": "Feature", "properties": { "index": 761, "lon": -87.13316600232497, "lat": 48.992420576590206, "classification": 115, "subregion_name": "Northern America", "umap_1d_x": 12.772343, "umap_2d_x": -30.721367, "umap_2d_y": 7.2947273, "umap_3d_x": -40.180626, "umap_3d_y": 2.1663895, "umap_3d_z": -16.187065, "tsne_1d_x": -28.597639, "tsne_2d_x": -13.00568, "tsne_2d_y": -5.0752296, "tsne_3d_x": 17.486855, "tsne_3d_y": 17.632004, "tsne_3d_z": -4.3456001, "grid_umap_1d_x": 761.0, "grid_umap_2d_x": 13.0, "grid_umap_2d_y": 18.0, "grid_umap_3d_x": 2.0, "grid_umap_3d_y": 4.0, "grid_umap_3d_z": 3.0, "grid_tsne_1d_x": 761.0, "grid_tsne_2d_x": 12.0, "grid_tsne_2d_y": 11.0, "grid_tsne_3d_x": 9.0, "grid_tsne_3d_y": 10.0, "grid_tsne_3d_z": 0.0, "patch_file_embed": "patch_0761_embed.png", "patch_file_rgb": "patch_0761_rgb.png" }, "geometry": { "type": "Point", "coordinates": [ -87.13316600232497, 48.992420576590206 ] } },
{ "type": "Feature", "properties": { "index": 762, "lon": -62.129416019698439, "lat": -15.678179623731275, "classification": 112, "subregion_name": "Latin America and the Caribbean", "umap_1d_x": -13.954362, "umap_2d_x": 41.408661, "umap_2d_y": -12.520779, "umap_3d_x": 42.308449, "umap_3d_y": -5.2694016, "umap_3d_z": 20.672691, "tsne_1d_x": 55.918427, "tsne_2d_x": 43.005798, "tsne_2d_y": 8.0823021, "tsne_3d_x": 1.0862465, "tsne_3d_y": -26.639639, "tsne_3d_z": -31.717257, "grid_umap_1d_x": 762.0, "grid_umap_2d_x": 29.0, "grid_umap_2d_y": 9.0, "grid_umap_3d_x": 10.0, "grid_umap_3d_y": 5.0, "grid_umap_3d_z": 3.0, "grid_tsne_1d_x": 762.0, "grid_tsne_2d_x": 27.0, "grid_tsne_2d_y": 17.0, "grid_tsne_3d_x": 5.0, "grid_tsne_3d_y": 3.0, "grid_tsne_3d_z": 0.0, "patch_file_embed": "patch_0762_embed.png", "patch_file_rgb": "patch_0762_rgb.png" }, "geometry": { "type": "Point", "coordinates": [ -62.129416019698439, -15.678179623731275 ] } },
{ "type": "Feature", "properties": { "index": 763, "lon": -77.145380517048224, "lat": 53.977097837705543, "classification": 111, "subregion_name": "Northern America", "umap_1d_x": 16.754808, "umap_2d_x": -39.475189, "umap_2d_y": -12.172646, "umap_3d_x": -46.628914, "umap_3d_y": -3.9137383, "umap_3d_z": -32.31123, "tsne_1d_x": -54.709023, "tsne_2d_x": -28.697304, "tsne_2d_y": 18.956612, "tsne_3d_x": -13.527161, "tsne_3d_y": 27.443275, "tsne_3d_z": 26.986374, "grid_umap_1d_x": 763.0, "grid_umap_2d_x": 0.0, "grid_umap_2d_y": 2.0, "grid_umap_3d_x": 1.0, "grid_umap_3d_y": 2.0, "grid_umap_3d_z": 0.0, "grid_tsne_1d_x": 763.0, "grid_tsne_2d_x": 5.0, "grid_tsne_2d_y": 22.0, "grid_tsne_3d_x": 1.0, "grid_tsne_3d_y": 9.0, "grid_tsne_3d_z": 7.0, "patch_file_embed": "patch_0763_embed.png", "patch_file_rgb": "patch_0763_rgb.png" }, "geometry": { "type": "Point", "coordinates": [ -77.145380517048224, 53.977097837705543 ] } },
{ "type": "Feature", "properties": { "index": 764, "lon": 97.455589299648011, "lat": 24.79973063237523, "classification": 111, "subregion_name": "South-eastern Asia", "umap_1d_x": -0.72955471, "umap_2d_x": 1.2088318, "umap_2d_y": 36.325584, "umap_3d_x": 2.8478966, "umap_3d_y": 35.162308, "umap_3d_z": 11.235165, "tsne_1d_x": 8.9053936, "tsne_2d_x": 5.2534866, "tsne_2d_y": -33.30101, "tsne_3d_x": 27.648872, "tsne_3d_y": -21.353186, "tsne_3d_z": 9.0307007, "grid_umap_1d_x": 764.0, "grid_umap_2d_x": 17.0, "grid_umap_2d_y": 26.0, "grid_umap_3d_x": 5.0, "grid_umap_3d_y": 10.0, "grid_umap_3d_z": 3.0, "grid_tsne_1d_x": 764.0, "grid_tsne_2d_x": 14.0, "grid_tsne_2d_y": 4.0, "grid_tsne_3d_x": 10.0, "grid_tsne_3d_y": 2.0, "grid_tsne_3d_z": 5.0, "patch_file_embed": "patch_0764_embed.png", "patch_file_rgb": "patch_0764_rgb.png" }, "geometry": { "type": "Point", "coordinates": [ 97.455589299648011, 24.79973063237523 ] } },
{ "type": "Feature", "properties": { "index": 765, "lon": -79.73071474321452, "lat": -2.6462598544348879, "classification": 112, "subregion_name": "Latin America and the Caribbean", "umap_1d_x": -6.9521451, "umap_2d_x": 30.60965, "umap_2d_y": 34.613914, "umap_3d_x": 27.208748, "umap_3d_y": 40.432526, "umap_3d_z": 3.2528114, "tsne_1d_x": 35.111565, "tsne_2d_x": 36.507172, "tsne_2d_y": -25.36574, "tsne_3d_x": 33.208038, "tsne_3d_y": -41.321922, "tsne_3d_z": -13.679005, "grid_umap_1d_x": 765.0, "grid_umap_2d_x": 29.0, "grid_umap_2d_y": 31.0, "grid_umap_3d_x": 9.0, "grid_umap_3d_y": 9.0, "grid_umap_3d_z": 3.0, "grid_tsne_1d_x": 765.0, "grid_tsne_2d_x": 27.0, "grid_tsne_2d_y": 2.0, "grid_tsne_3d_x": 8.0, "grid_tsne_3d_y": 0.0, "grid_tsne_3d_z": 2.0, "patch_file_embed": "patch_0765_embed.png", "patch_file_rgb": "patch_0765_rgb.png" }, "geometry": { "type": "Point", "coordinates": [ -79.73071474321452, -2.646259854434888 ] } },
{ "type": "Feature", "properties": { "index": 766, "lon": -9.9678221925700825, "lat": 6.2196510086401133, "classification": 112, "subregion_name": "Sub-Saharan Africa", "umap_1d_x": -2.3725352, "umap_2d_x": 11.404675, "umap_2d_y": 27.857727, "umap_3d_x": 8.7040253, "umap_3d_y": 37.425484, "umap_3d_z": 33.487213, "tsne_1d_x": 20.326576, "tsne_2d_x": 20.320946, "tsne_2d_y": -16.956757, "tsne_3d_x": 25.468979, "tsne_3d_y": -44.709152, "tsne_3d_z": 11.684864, "grid_umap_1d_x": 766.0, "grid_umap_2d_x": 18.0, "grid_umap_2d_y": 24.0, "grid_umap_3d_x": 7.0, "grid_umap_3d_y": 8.0, "grid_umap_3d_z": 6.0, "grid_tsne_1d_x": 766.0, "grid_tsne_2d_x": 22.0, "grid_tsne_2d_y": 10.0, "grid_tsne_3d_x": 8.0, "grid_tsne_3d_y": 0.0, "grid_tsne_3d_z": 5.0, "patch_file_embed": "patch_0766_embed.png", "patch_file_rgb": "patch_0766_rgb.png" }, "geometry": { "type": "Point", "coordinates": [ -9.967822192570083, 6.219651008640113 ] } },
{ "type": "Feature", "properties": { "index": 767, "lon": 111.29989522668961, "lat": 66.314675928980748, "classification": 113, "subregion_name": "Eastern Europe", "umap_1d_x": 18.683134, "umap_2d_x": -47.366154, "umap_2d_y": 4.1573448, "umap_3d_x": -48.72683, "umap_3d_y": 22.653542, "umap_3d_z": -36.110733, "tsne_1d_x": -68.175842, "tsne_2d_x": -43.933239, "tsne_2d_y": 15.981483, "tsne_3d_x": 9.3184357, "tsne_3d_y": 42.058578, "tsne_3d_z": 27.391006, "grid_umap_1d_x": 767.0, "grid_umap_2d_x": 15.0, "grid_umap_2d_y": 19.0, "grid_umap_3d_x": 1.0, "grid_umap_3d_y": 9.0, "grid_umap_3d_z": 0.0, "grid_tsne_1d_x": 767.0, "grid_tsne_2d_x": 12.0, "grid_tsne_2d_y": 22.0, "grid_tsne_3d_x": 6.0, "grid_tsne_3d_y": 8.0, "grid_tsne_3d_z": 4.0, "patch_file_embed": "patch_0767_embed.png", "patch_file_rgb": "patch_0767_rgb.png" }, "geometry": { "type": "Point", "coordinates": [ 111.299895226689614, 66.314675928980748 ] } },
{ "type": "Feature", "properties": { "index": 768, "lon": -75.347064852064449, "lat": 53.616053300032476, "classification": 20, "subregion_name": "Northern America", "umap_1d_x": 17.420517, "umap_2d_x": -40.777649, "umap_2d_y": -16.533482, "umap_3d_x": -46.496513, "umap_3d_y": -3.5441475, "umap_3d_z": -41.121353, "tsne_1d_x": -55.895645, "tsne_2d_x": -27.339708, "tsne_2d_y": 24.202148, "tsne_3d_x": -10.681526, "tsne_3d_y": 20.268097, "tsne_3d_z": 37.910454, "grid_umap_1d_x": 768.0, "grid_umap_2d_x": 13.0, "grid_umap_2d_y": 4.0, "grid_umap_3d_x": 7.0, "grid_umap_3d_y": 0.0, "grid_umap_3d_z": 0.0, "grid_tsne_1d_x": 768.0, "grid_tsne_2d_x": 3.0, "grid_tsne_2d_y": 25.0, "grid_tsne_3d_x": 3.0, "grid_tsne_3d_y": 6.0, "grid_tsne_3d_z": 6.0, "patch_file_embed": "patch_0768_embed.png", "patch_file_rgb": "patch_0768_rgb.png" }, "geometry": { "type": "Point", "coordinates": [ -75.347064852064449, 53.616053300032476 ] } },
{ "type": "Feature", "properties": { "index": 769, "lon": 80.918981024391655, "lat": 60.00593956189654, "classification": 111, "subregion_name": "Eastern Europe", "umap_1d_x": 17.493338, "umap_2d_x": -43.692184, "umap_2d_y": -16.080738, "umap_3d_x": -44.058662, "umap_3d_y": -0.26990891, "umap_3d_z": -43.377239, "tsne_1d_x": -57.373756, "tsne_2d_x": -29.806379, "tsne_2d_y": 29.709808, "tsne_3d_x": 0.75850677, "tsne_3d_y": 15.924744, "tsne_3d_z": 30.347229, "grid_umap_1d_x": 769.0, "grid_umap_2d_x": 17.0, "grid_umap_2d_y": 7.0, "grid_umap_3d_x": 7.0, "grid_umap_3d_y": 1.0, "grid_umap_3d_z": 0.0, "grid_tsne_1d_x": 769.0, "grid_tsne_2d_x": 13.0, "grid_tsne_2d_y": 28.0, "grid_tsne_3d_x": 4.0, "grid_tsne_3d_y": 6.0, "grid_tsne_3d_z": 7.0, "patch_file_embed": "patch_0769_embed.png", "patch_file_rgb": "patch_0769_rgb.png" }, "geometry": { "type": "Point", "coordinates": [ 80.918981024391655, 60.00593956189654 ] } },
{ "type": "Feature", "properties": { "index": 770, "lon": 33.681868744601644, "lat": 51.659891995943141, "classification": 40, "subregion_name": "Eastern Europe", "umap_1d_x": 23.023075, "umap_2d_x": -20.430681, "umap_2d_y": -11.255787, "umap_3d_x": -30.447241, "umap_3d_y": -10.341949, "umap_3d_z": -17.33342, "tsne_1d_x": -19.387751, "tsne_2d_x": -10.184372, "tsne_2d_y": 28.071121, "tsne_3d_x": -26.849483, "tsne_3d_y": 0.58413315, "tsne_3d_z": 23.280655, "grid_umap_1d_x": 770.0, "grid_umap_2d_x": 9.0, "grid_umap_2d_y": 1.0, "grid_umap_3d_x": 3.0, "grid_umap_3d_y": 0.0, "grid_umap_3d_z": 0.0, "grid_tsne_1d_x": 770.0, "grid_tsne_2d_x": 1.0, "grid_tsne_2d_y": 28.0, "grid_tsne_3d_x": 1.0, "grid_tsne_3d_y": 5.0, "grid_tsne_3d_z": 8.0, "patch_file_embed": "patch_0770_embed.png", "patch_file_rgb": "patch_0770_rgb.png" }, "geometry": { "type": "Point", "coordinates": [ 33.681868744601644, 51.659891995943141 ] } },
{ "type": "Feature", "properties": { "index": 771, "lon": 125.56401556837272, "lat": 6.3504874759081673, "classification": 122, "subregion_name": "Unknown", "umap_1d_x": -4.9947472, "umap_2d_x": 24.606033, "umap_2d_y": 36.835999, "umap_3d_x": 18.82444, "umap_3d_y": 39.778809, "umap_3d_z": 10.995918, "tsne_1d_x": 31.595091, "tsne_2d_x": 27.500854, "tsne_2d_y": -29.610254, "tsne_3d_x": 31.155296, "tsne_3d_y": -35.700584, "tsne_3d_z": -3.166523, "grid_umap_1d_x": 771.0, "grid_umap_2d_x": 23.0, "grid_umap_2d_y": 31.0, "grid_umap_3d_x": 7.0, "grid_umap_3d_y": 9.0, "grid_umap_3d_z": 4.0, "grid_tsne_1d_x": 771.0, "grid_tsne_2d_x": 23.0, "grid_tsne_2d_y": 4.0, "grid_tsne_3d_x": 9.0, "grid_tsne_3d_y": 0.0, "grid_tsne_3d_z": 3.0, "patch_file_embed": "patch_0771_embed.png", "patch_file_rgb": "patch_0771_rgb.png" }, "geometry": { "type": "Point", "coordinates": [ 125.564015568372724, 6.350487475908167 ] } },
{ "type": "Feature", "properties": { "index": 772, "lon": -13.335005616799009, "lat": 15.406212063147578, "classification": 30, "subregion_name": "Sub-Saharan Africa", "umap_1d_x": 2.2916532, "umap_2d_x": 8.7034874, "umap_2d_y": 12.086647, "umap_3d_x": 8.9506149, "umap_3d_y": 20.521027, "umap_3d_z": 49.473915, "tsne_1d_x": 26.272131, "tsne_2d_x": 16.283157, "tsne_2d_y": 0.34139633, "tsne_3d_x": -9.30093, "tsne_3d_y": -38.605461, "tsne_3d_z": 22.038071, "grid_umap_1d_x": 772.0, "grid_umap_2d_x": 19.0, "grid_umap_2d_y": 15.0, "grid_umap_3d_x": 6.0, "grid_umap_3d_y": 5.0, "grid_umap_3d_z": 7.0, "grid_tsne_1d_x": 772.0, "grid_tsne_2d_x": 17.0, "grid_tsne_2d_y": 6.0, "grid_tsne_3d_x": 3.0, "grid_tsne_3d_y": 1.0, "grid_tsne_3d_z": 6.0, "patch_file_embed": "patch_0772_embed.png", "patch_file_rgb": "patch_0772_rgb.png" }, "geometry": { "type": "Point", "coordinates": [ -13.335005616799009, 15.406212063147578 ] } },
{ "type": "Feature", "properties": { "index": 773, "lon": 119.92024824359595, "lat": -24.475957743904182, "classification": 20, "subregion_name": "Unknown", "umap_1d_x": -20.689177, "umap_2d_x": 41.890923, "umap_2d_y": -49.523476, "umap_3d_x": 49.465332, "umap_3d_y": -49.621803, "umap_3d_z": 24.495102, "tsne_1d_x": 81.11129, "tsne_2d_x": 44.619583, "tsne_2d_y": 41.330109, "tsne_3d_x": -49.071507, "tsne_3d_y": -15.646275, "tsne_3d_z": -20.970407, "grid_umap_1d_x": 773.0, "grid_umap_2d_x": 20.0, "grid_umap_2d_y": 6.0, "grid_umap_3d_x": 6.0, "grid_umap_3d_y": 0.0, "grid_umap_3d_z": 4.0, "grid_tsne_1d_x": 773.0, "grid_tsne_2d_x": 30.0, "grid_tsne_2d_y": 29.0, "grid_tsne_3d_x": 0.0, "grid_tsne_3d_y": 6.0, "grid_tsne_3d_z": 2.0, "patch_file_embed": "patch_0773_embed.png", "patch_file_rgb": "patch_0773_rgb.png" }, "geometry": { "type": "Point", "coordinates": [ 119.92024824359595, -24.475957743904182 ] } },
{ "type": "Feature", "properties": { "index": 774, "lon": 159.60313381642607, "lat": 57.155176401450547, "classification": 116, "subregion_name": "Eastern Europe", "umap_1d_x": 17.813177, "umap_2d_x": -41.047512, "umap_2d_y": -16.978432, "umap_3d_x": -46.731274, "umap_3d_y": -1.538559, "umap_3d_z": -42.56715, "tsne_1d_x": -55.988117, "tsne_2d_x": -27.859266, "tsne_2d_y": 24.316063, "tsne_3d_x": -8.0731125, "tsne_3d_y": 22.699242, "tsne_3d_z": 40.096069, "grid_umap_1d_x": 774.0, "grid_umap_2d_x": 11.0, "grid_umap_2d_y": 3.0, "grid_umap_3d_x": 6.0, "grid_umap_3d_y": 2.0, "grid_umap_3d_z": 1.0, "grid_tsne_1d_x": 774.0, "grid_tsne_2d_x": 0.0, "grid_tsne_2d_y": 25.0, "grid_tsne_3d_x": 3.0, "grid_tsne_3d_y": 7.0, "grid_tsne_3d_z": 7.0, "patch_file_embed": "patch_0774_embed.png", "patch_file_rgb": "patch_0774_rgb.png" }, "geometry": { "type": "Point", "coordinates": [ 159.603133816426066, 57.155176401450547 ] } },
{ "type": "Feature", "properties": { "index": 775, "lon": 131.71758053903795, "lat": 52.472227595624645, "classification": 113, "subregion_name": "Eastern Europe", "umap_1d_x": 16.791519, "umap_2d_x": -43.917919, "umap_2d_y": 6.8371429, "umap_3d_x": -43.324787, "umap_3d_y": 18.362885, "umap_3d_z": -32.498444, "tsne_1d_x": -63.61179, "tsne_2d_x": -39.114162, "tsne_2d_y": 14.602844, "tsne_3d_x": 21.168938, "tsne_3d_y": 26.782684, "tsne_3d_z": 22.926826, "grid_umap_1d_x": 775.0, "grid_umap_2d_x": 4.0, "grid_umap_2d_y": 17.0, "grid_umap_3d_x": 0.0, "grid_umap_3d_y": 8.0, "grid_umap_3d_z": 0.0, "grid_tsne_1d_x": 775.0, "grid_tsne_2d_x": 2.0, "grid_tsne_2d_y": 20.0, "grid_tsne_3d_x": 10.0, "grid_tsne_3d_y": 10.0, "grid_tsne_3d_z": 6.0, "patch_file_embed": "patch_0775_embed.png", "patch_file_rgb": "patch_0775_rgb.png" }, "geometry": { "type": "Point", "coordinates": [ 131.717580539037954, 52.472227595624645 ] } },
{ "type": "Feature", "properties": { "index": 776, "lon": 74.659909332425428, "lat": 56.742521919367761, "classification": 114, "subregion_name": "Eastern Europe", "umap_1d_x": 12.42471, "umap_2d_x": -32.533028, "umap_2d_y": 13.974442, "umap_3d_x": -38.480095, "umap_3d_y": 9.248455, "umap_3d_z": -13.476425, "tsne_1d_x": -39.931103, "tsne_2d_x": -31.040442, "tsne_2d_y": -2.9875717, "tsne_3d_x": 11.311783, "tsne_3d_y": 19.22126, "tsne_3d_z": 5.3027802, "grid_umap_1d_x": 776.0, "grid_umap_2d_x": 11.0, "grid_umap_2d_y": 21.0, "grid_umap_3d_x": 3.0, "grid_umap_3d_y": 5.0, "grid_umap_3d_z": 4.0, "grid_tsne_1d_x": 776.0, "grid_tsne_2d_x": 5.0, "grid_tsne_2d_y": 12.0, "grid_tsne_3d_x": 9.0, "grid_tsne_3d_y": 10.0, "grid_tsne_3d_z": 3.0, "patch_file_embed": "patch_0776_embed.png", "patch_file_rgb": "patch_0776_rgb.png" }, "geometry": { "type": "Point", "coordinates": [ 74.659909332425428, 56.742521919367761 ] } },
{ "type": "Feature", "properties": { "index": 777, "lon": 25.086319215754827, "lat": -31.157266724826496, "classification": 30, "subregion_name": "Sub-Saharan Africa", "umap_1d_x": -15.616852, "umap_2d_x": 39.998703, "umap_2d_y": -22.250187, "umap_3d_x": 40.928032, "umap_3d_y": -14.121429, "umap_3d_z": 17.448822, "tsne_1d_x": 62.377132, "tsne_2d_x": 28.584961, "tsne_2d_y": 15.600883, "tsne_3d_x": 6.6962318, "tsne_3d_y": -13.513763, "tsne_3d_z": -28.368738, "grid_umap_1d_x": 777.0, "grid_umap_2d_x": 29.0, "grid_umap_2d_y": 1.0, "grid_umap_3d_x": 10.0, "grid_umap_3d_y": 2.0, "grid_umap_3d_z": 4.0, "grid_tsne_1d_x": 777.0, "grid_tsne_2d_x": 28.0, "grid_tsne_2d_y": 16.0, "grid_tsne_3d_x": 7.0, "grid_tsne_3d_y": 6.0, "grid_tsne_3d_z": 0.0, "patch_file_embed": "patch_0777_embed.png", "patch_file_rgb": "patch_0777_rgb.png" }, "geometry": { "type": "Point", "coordinates": [ 25.086319215754827, -31.157266724826496 ] } },
{ "type": "Feature", "properties": { "index": 778, "lon": 117.31545096332553, "lat": 70.116524382491889, "classification": 116, "subregion_name": "Eastern Europe", "umap_1d_x": 18.580803, "umap_2d_x": -47.932365, "umap_2d_y": 6.6903229, "umap_3d_x": -49.292, "umap_3d_y": 24.007454, "umap_3d_z": -35.732563, "tsne_1d_x": -67.956116, "tsne_2d_x": -44.108116, "tsne_2d_y": 13.126736, "tsne_3d_x": 14.899612, "tsne_3d_y": 41.77121, "tsne_3d_z": 25.293365, "grid_umap_1d_x": 778.0, "grid_umap_2d_x": 16.0, "grid_umap_2d_y": 20.0, "grid_umap_3d_x": 2.0, "grid_umap_3d_y": 9.0, "grid_umap_3d_z": 1.0, "grid_tsne_1d_x": 778.0, "grid_tsne_2d_x": 4.0, "grid_tsne_2d_y": 20.0, "grid_tsne_3d_x": 8.0, "grid_tsne_3d_y": 10.0, "grid_tsne_3d_z": 5.0, "patch_file_embed": "patch_0778_embed.png", "patch_file_rgb": "patch_0778_rgb.png" }, "geometry": { "type": "Point", "coordinates": [ 117.315450963325532, 70.116524382491889 ] } },
{ "type": "Feature", "properties": { "index": 779, "lon": -58.511980587198508, "lat": 5.7202994791334447, "classification": 112, "subregion_name": "Latin America and the Caribbean", "umap_1d_x": -7.6815934, "umap_2d_x": 35.390396, "umap_2d_y": 34.398293, "umap_3d_x": 30.837334, "umap_3d_y": 48.231926, "umap_3d_z": 2.2708778, "tsne_1d_x": 40.387882, "tsne_2d_x": 45.042999, "tsne_2d_y": -34.161743, "tsne_3d_x": 42.004318, "tsne_3d_y": -40.305939, "tsne_3d_z": -33.854549, "grid_umap_1d_x": 779.0, "grid_umap_2d_x": 29.0, "grid_umap_2d_y": 27.0, "grid_umap_3d_x": 7.0, "grid_umap_3d_y": 9.0, "grid_umap_3d_z": 1.0, "grid_tsne_1d_x": 779.0, "grid_tsne_2d_x": 22.0, "grid_tsne_2d_y": 17.0, "grid_tsne_3d_x": 9.0, "grid_tsne_3d_y": 3.0, "grid_tsne_3d_z": 0.0, "patch_file_embed": "patch_0779_embed.png", "patch_file_rgb": "patch_0779_rgb.png" }, "geometry": { "type": "Point", "coordinates": [ -58.511980587198508, 5.720299479133445 ] } },
{ "type": "Feature", "properties": { "index": 780, "lon": 111.29442596775448, "lat": 60.196770640945459, "classification": 113, "subregion_name": "Eastern Europe", "umap_1d_x": 16.216965, "umap_2d_x": -43.980247, "umap_2d_y": 9.5038528, "umap_3d_x": -47.70932, "umap_3d_y": 20.541725, "umap_3d_z": -25.555943, "tsne_1d_x": -44.515793, "tsne_2d_x": -41.661278, "tsne_2d_y": 7.7578621, "tsne_3d_x": 9.6767616, "tsne_3d_y": 35.751953, "tsne_3d_z": 19.356049, "grid_umap_1d_x": 780.0, "grid_umap_2d_x": 7.0, "grid_umap_2d_y": 19.0, "grid_umap_3d_x": 2.0, "grid_umap_3d_y": 8.0, "grid_umap_3d_z": 2.0, "grid_tsne_1d_x": 780.0, "grid_tsne_2d_x": 1.0, "grid_tsne_2d_y": 17.0, "grid_tsne_3d_x": 6.0, "grid_tsne_3d_y": 7.0, "grid_tsne_3d_z": 3.0, "patch_file_embed": "patch_0780_embed.png", "patch_file_rgb": "patch_0780_rgb.png" }, "geometry": { "type": "Point", "coordinates": [ 111.294425967754478, 60.196770640945459 ] } },
{ "type": "Feature", "properties": { "index": 781, "lon": -99.05336475259061, "lat": 22.732647803027248, "classification": 20, "subregion_name": "Latin America and the Caribbean", "umap_1d_x": 0.56011367, "umap_2d_x": 8.7236099, "umap_2d_y": 42.103981, "umap_3d_x": 3.9273796, "umap_3d_y": 44.363823, "umap_3d_z": 24.345734, "tsne_1d_x": 16.779243, "tsne_2d_x": 17.439659, "tsne_2d_y": -35.009113, "tsne_3d_x": 36.706459, "tsne_3d_y": -32.10685, "tsne_3d_z": 18.046066, "grid_umap_1d_x": 781.0, "grid_umap_2d_x": 21.0, "grid_umap_2d_y": 25.0, "grid_umap_3d_x": 5.0, "grid_umap_3d_y": 7.0, "grid_umap_3d_z": 4.0, "grid_tsne_1d_x": 781.0, "grid_tsne_2d_x": 21.0, "grid_tsne_2d_y": 5.0, "grid_tsne_3d_x": 10.0, "grid_tsne_3d_y": 3.0, "grid_tsne_3d_z": 6.0, "patch_file_embed": "patch_0781_embed.png", "patch_file_rgb": "patch_0781_rgb.png" }, "geometry": { "type": "Point", "coordinates": [ -99.05336475259061, 22.732647803027248 ] } },
{ "type": "Feature", "properties": { "index": 782, "lon": 139.86643189980504, "lat": -5.2962129500820367, "classification": 112, "subregion_name": "South-eastern Asia", "umap_1d_x": -7.0166564, "umap_2d_x": 31.790649, "umap_2d_y": 35.155342, "umap_3d_x": 28.326073, "umap_3d_y": 39.860573, "umap_3d_z": 3.3956108, "tsne_1d_x": 36.314629, "tsne_2d_x": 39.648232, "tsne_2d_y": -26.939306, "tsne_3d_x": 37.693947, "tsne_3d_y": -43.034775, "tsne_3d_z": -18.047405, "grid_umap_1d_x": 782.0, "grid_umap_2d_x": 30.0, "grid_umap_2d_y": 31.0, "grid_umap_3d_x": 10.0, "grid_umap_3d_y": 9.0, "grid_umap_3d_z": 3.0, "grid_tsne_1d_x": 782.0, "grid_tsne_2d_x": 23.0, "grid_tsne_2d_y": 14.0, "grid_tsne_3d_x": 8.0, "grid_tsne_3d_y": 1.0, "grid_tsne_3d_z": 2.0, "patch_file_embed": "patch_0782_embed.png", "patch_file_rgb": "patch_0782_rgb.png" }, "geometry": { "type": "Point", "coordinates": [ 139.866431899805036, -5.296212950082037 ] } },
{ "type": "Feature", "properties": { "index": 783, "lon": 127.06972808635106, "lat": 50.303829399084393, "classification": 126, "subregion_name": "Unknown", "umap_1d_x": 12.627028, "umap_2d_x": -35.025425, "umap_2d_y": 16.22081, "umap_3d_x": -40.497028, "umap_3d_y": 15.377121, "umap_3d_z": -12.108929, "tsne_1d_x": -40.846958, "tsne_2d_x": -35.055626, "tsne_2d_y": -3.2272758, "tsne_3d_x": 21.482033, "tsne_3d_y": 22.015366, "tsne_3d_z": 4.3115158, "grid_umap_1d_x": 783.0, "grid_umap_2d_x": 14.0, "grid_umap_2d_y": 23.0, "grid_umap_3d_x": 3.0, "grid_umap_3d_y": 7.0, "grid_umap_3d_z": 4.0, "grid_tsne_1d_x": 783.0, "grid_tsne_2d_x": 1.0, "grid_tsne_2d_y": 11.0, "grid_tsne_3d_x": 10.0, "grid_tsne_3d_y": 9.0, "grid_tsne_3d_z": 2.0, "patch_file_embed": "patch_0783_embed.png", "patch_file_rgb": "patch_0783_rgb.png" }, "geometry": { "type": "Point", "coordinates": [ 127.069728086351063, 50.303829399084393 ] } },
{ "type": "Feature", "properties": { "index": 784, "lon": 123.75419242536702, "lat": 64.599507095967127, "classification": 30, "subregion_name": "Eastern Europe", "umap_1d_x": 18.469494, "umap_2d_x": -48.758377, "umap_2d_y": 1.7118149, "umap_3d_x": -49.200294, "umap_3d_y": 18.848885, "umap_3d_z": -40.192047, "tsne_1d_x": -69.309608, "tsne_2d_x": -43.226013, "tsne_2d_y": 20.301491, "tsne_3d_x": 12.842739, "tsne_3d_y": 33.492889, "tsne_3d_z": 32.344551, "grid_umap_1d_x": 784.0, "grid_umap_2d_x": 19.0, "grid_umap_2d_y": 19.0, "grid_umap_3d_x": 3.0, "grid_umap_3d_y": 7.0, "grid_umap_3d_z": 1.0, "grid_tsne_1d_x": 784.0, "grid_tsne_2d_x": 2.0, "grid_tsne_2d_y": 23.0, "grid_tsne_3d_x": 7.0, "grid_tsne_3d_y": 10.0, "grid_tsne_3d_z": 7.0, "patch_file_embed": "patch_0784_embed.png", "patch_file_rgb": "patch_0784_rgb.png" }, "geometry": { "type": "Point", "coordinates": [ 123.754192425367023, 64.599507095967127 ] } },
{ "type": "Feature", "properties": { "index": 785, "lon": 40.298984633462027, "lat": -15.540363465449801, "classification": 116, "subregion_name": "Sub-Saharan Africa", "umap_1d_x": -14.68614, "umap_2d_x": 41.618256, "umap_2d_y": -17.535721, "umap_3d_x": 43.524345, "umap_3d_y": -8.3374443, "umap_3d_z": 25.510208, "tsne_1d_x": 59.483646, "tsne_2d_x": 44.968628, "tsne_2d_y": 14.87394, "tsne_3d_x": -6.8082886, "tsne_3d_y": -29.283909, "tsne_3d_z": -33.846539, "grid_umap_1d_x": 785.0, "grid_umap_2d_x": 31.0, "grid_umap_2d_y": 2.0, "grid_umap_3d_x": 9.0, "grid_umap_3d_y": 5.0, "grid_umap_3d_z": 4.0, "grid_tsne_1d_x": 785.0, "grid_tsne_2d_x": 29.0, "grid_tsne_2d_y": 19.0, "grid_tsne_3d_x": 5.0, "grid_tsne_3d_y": 4.0, "grid_tsne_3d_z": 1.0, "patch_file_embed": "patch_0785_embed.png", "patch_file_rgb": "patch_0785_rgb.png" }, "geometry": { "type": "Point", "coordinates": [ 40.298984633462027, -15.540363465449801 ] } },
{ "type": "Feature", "properties": { "index": 786, "lon": -119.74066671985216, "lat": 49.989056088247096, "classification": 111, "subregion_name": "Northern America", "umap_1d_x": 16.599863, "umap_2d_x": -37.539131, "umap_2d_y": -5.2727776, "umap_3d_x": -45.19207, "umap_3d_y": 0.34609604, "umap_3d_z": -22.488066, "tsne_1d_x": -23.641548, "tsne_2d_x": -19.189432, "tsne_2d_y": 6.0881271, "tsne_3d_x": -11.356106, "tsne_3d_y": 11.013378, "tsne_3d_z": 13.965752, "grid_umap_1d_x": 786.0, "grid_umap_2d_x": 1.0, "grid_umap_2d_y": 7.0, "grid_umap_3d_x": 3.0, "grid_umap_3d_y": 4.0, "grid_umap_3d_z": 3.0, "grid_tsne_1d_x": 786.0, "grid_tsne_2d_x": 8.0, "grid_tsne_2d_y": 15.0, "grid_tsne_3d_x": 0.0, "grid_tsne_3d_y": 7.0, "grid_tsne_3d_z": 7.0, "patch_file_embed": "patch_0786_embed.png", "patch_file_rgb": "patch_0786_rgb.png" }, "geometry": { "type": "Point", "coordinates": [ -119.740666719852157, 49.989056088247096 ] } },
{ "type": "Feature", "properties": { "index": 787, "lon": 131.77580031819184, "lat": -26.95653176463054, "classification": 30, "subregion_name": "Unknown", "umap_1d_x": -20.639458, "umap_2d_x": 42.048347, "umap_2d_y": -49.690403, "umap_3d_x": 48.179802, "umap_3d_y": -48.755108, "umap_3d_z": 25.632355, "tsne_1d_x": 80.471039, "tsne_2d_x": 44.441566, "tsne_2d_y": 44.160522, "tsne_3d_x": -44.02224, "tsne_3d_y": -14.728241, "tsne_3d_z": -18.23934, "grid_umap_1d_x": 787.0, "grid_umap_2d_x": 23.0, "grid_umap_2d_y": 0.0, "grid_umap_3d_x": 6.0, "grid_umap_3d_y": 0.0, "grid_umap_3d_z": 5.0, "grid_tsne_1d_x": 787.0, "grid_tsne_2d_x": 29.0, "grid_tsne_2d_y": 30.0, "grid_tsne_3d_x": 2.0, "grid_tsne_3d_y": 5.0, "grid_tsne_3d_z": 3.0, "patch_file_embed": "patch_0787_embed.png", "patch_file_rgb": "patch_0787_rgb.png" }, "geometry": { "type": "Point", "coordinates": [ 131.775800318191841, -26.95653176463054 ] } },
{ "type": "Feature", "properties": { "index": 788, "lon": 145.24710482046032, "lat": -30.953030907926827, "classification": 124, "subregion_name": "Unknown", "umap_1d_x": 25.334749, "umap_2d_x": 39.474548, "umap_2d_y": -45.714218, "umap_3d_x": 49.47081, "umap_3d_y": -44.091705, "umap_3d_z": 19.441071, "tsne_1d_x": 77.600426, "tsne_2d_x": 39.425728, "tsne_2d_y": 42.917526, "tsne_3d_x": -39.692719, "tsne_3d_y": -13.014236, "tsne_3d_z": -29.493265, "grid_umap_1d_x": 788.0, "grid_umap_2d_x": 20.0, "grid_umap_2d_y": 1.0, "grid_umap_3d_x": 8.0, "grid_umap_3d_y": 0.0, "grid_umap_3d_z": 1.0, "grid_tsne_1d_x": 788.0, "grid_tsne_2d_x": 27.0, "grid_tsne_2d_y": 31.0, "grid_tsne_3d_x": 0.0, "grid_tsne_3d_y": 6.0, "grid_tsne_3d_z": 0.0, "patch_file_embed": "patch_0788_embed.png", "patch_file_rgb": "patch_0788_rgb.png" }, "geometry": { "type": "Point", "coordinates": [ 145.247104820460322, -30.953030907926827 ] } },
{ "type": "Feature", "properties": { "index": 789, "lon": -97.601472553458237, "lat": 58.953099181352144, "classification": 20, "subregion_name": "Northern America", "umap_1d_x": 18.099831, "umap_2d_x": -45.313202, "umap_2d_y": -10.061852, "umap_3d_x": -45.300045, "umap_3d_y": 8.7255592, "umap_3d_z": -42.681225, "tsne_1d_x": -60.171623, "tsne_2d_x": -36.513226, "tsne_2d_y": 28.7061, "tsne_3d_x": 15.691086, "tsne_3d_y": 23.112633, "tsne_3d_z": 36.74781, "grid_umap_1d_x": 789.0, "grid_umap_2d_x": 17.0, "grid_umap_2d_y": 10.0, "grid_umap_3d_x": 6.0, "grid_umap_3d_y": 5.0, "grid_umap_3d_z": 2.0, "grid_tsne_1d_x": 789.0, "grid_tsne_2d_x": 3.0, "grid_tsne_2d_y": 28.0, "grid_tsne_3d_x": 7.0, "grid_tsne_3d_y": 7.0, "grid_tsne_3d_z": 7.0, "patch_file_embed": "patch_0789_embed.png", "patch_file_rgb": "patch_0789_rgb.png" }, "geometry": { "type": "Point", "coordinates": [ -97.601472553458237, 58.953099181352144 ] } },
{ "type": "Feature", "properties": { "index": 790, "lon": 78.689719140187492, "lat": 62.789999490534768, "classification": 90, "subregion_name": "Eastern Europe", "umap_1d_x": 17.707987, "umap_2d_x": -44.354622, "umap_2d_y": -16.328793, "umap_3d_x": -43.372147, "umap_3d_y": 1.5636139, "umap_3d_z": -45.526039, "tsne_1d_x": -57.77779, "tsne_2d_x": -31.147846, "tsne_2d_y": 30.33728, "tsne_3d_x": 1.5345345, "tsne_3d_y": 16.344528, "tsne_3d_z": 34.825363, "grid_umap_1d_x": 790.0, "grid_umap_2d_x": 1.0, "grid_umap_2d_y": 1.0, "grid_umap_3d_x": 6.0, "grid_umap_3d_y": 2.0, "grid_umap_3d_z": 0.0, "grid_tsne_1d_x": 790.0, "grid_tsne_2d_x": 1.0, "grid_tsne_2d_y": 29.0, "grid_tsne_3d_x": 4.0, "grid_tsne_3d_y": 6.0, "grid_tsne_3d_z": 8.0, "patch_file_embed": "patch_0790_embed.png", "patch_file_rgb": "patch_0790_rgb.png" }, "geometry": { "type": "Point", "coordinates": [ 78.689719140187492, 62.789999490534768 ] } },
{ "type": "Feature", "properties": { "index": 791, "lon": 86.516174359959734, "lat": 41.827089646034267, "classification": 40, "subregion_name": "Unknown", "umap_1d_x": 8.4744949, "umap_2d_x": -15.867882, "umap_2d_y": 29.741928, "umap_3d_x": -15.359829, "umap_3d_y": 22.671013, "umap_3d_z": -5.5279655, "tsne_1d_x": -7.7288775, "tsne_2d_x": -7.0870323, "tsne_2d_y": -18.054888, "tsne_3d_x": 38.994949, "tsne_3d_y": 9.5440521, "tsne_3d_z": 18.70816, "grid_umap_1d_x": 791.0, "grid_umap_2d_x": 5.0, "grid_umap_2d_y": 26.0, "grid_umap_3d_x": 0.0, "grid_umap_3d_y": 10.0, "grid_umap_3d_z": 3.0, "grid_tsne_1d_x": 791.0, "grid_tsne_2d_x": 6.0, "grid_tsne_2d_y": 1.0, "grid_tsne_3d_x": 9.0, "grid_tsne_3d_y": 6.0, "grid_tsne_3d_z": 6.0, "patch_file_embed": "patch_0791_embed.png", "patch_file_rgb": "patch_0791_rgb.png" }, "geometry": { "type": "Point", "coordinates": [ 86.516174359959734, 41.827089646034267 ] } },
{ "type": "Feature", "properties": { "index": 792, "lon": 53.701414013788849, "lat": 64.631241578248193, "classification": 111, "subregion_name": "Eastern Europe", "umap_1d_x": 15.08906, "umap_2d_x": -34.319008, "umap_2d_y": -4.9749298, "umap_3d_x": -46.433685, "umap_3d_y": -5.4070129, "umap_3d_z": -9.1829758, "tsne_1d_x": -32.83622, "tsne_2d_x": -27.672567, "tsne_2d_y": -10.147549, "tsne_3d_x": -14.465599, "tsne_3d_y": 33.657722, "tsne_3d_z": 8.0911446, "grid_umap_1d_x": 792.0, "grid_umap_2d_x": 0.0, "grid_umap_2d_y": 6.0, "grid_umap_3d_x": 4.0, "grid_umap_3d_y": 3.0, "grid_umap_3d_z": 5.0, "grid_tsne_1d_x": 792.0, "grid_tsne_2d_x": 4.0, "grid_tsne_2d_y": 8.0, "grid_tsne_3d_x": 2.0, "grid_tsne_3d_y": 10.0, "grid_tsne_3d_z": 4.0, "patch_file_embed": "patch_0792_embed.png", "patch_file_rgb": "patch_0792_rgb.png" }, "geometry": { "type": "Point", "coordinates": [ 53.701414013788849, 64.631241578248193 ] } },
{ "type": "Feature", "properties": { "index": 793, "lon": 20.865823248979382, "lat": 9.9710696782184129, "classification": 30, "subregion_name": "Sub-Saharan Africa", "umap_1d_x": -2.4231973, "umap_2d_x": 10.282429, "umap_2d_y": 24.858566, "umap_3d_x": 9.2145042, "umap_3d_y": 31.823685, "umap_3d_z": 36.074074, "tsne_1d_x": 22.698549, "tsne_2d_x": 16.057121, "tsne_2d_y": -13.969639, "tsne_3d_x": 8.6109467, "tsne_3d_y": -44.195343, "tsne_3d_z": 18.33593, "grid_umap_1d_x": 793.0, "grid_umap_2d_x": 11.0, "grid_umap_2d_y": 25.0, "grid_umap_3d_x": 7.0, "grid_umap_3d_y": 6.0, "grid_umap_3d_z": 6.0, "grid_tsne_1d_x": 793.0, "grid_tsne_2d_x": 18.0, "grid_tsne_2d_y": 1.0, "grid_tsne_3d_x": 4.0, "grid_tsne_3d_y": 0.0, "grid_tsne_3d_z": 6.0, "patch_file_embed": "patch_0793_embed.png", "patch_file_rgb": "patch_0793_rgb.png" }, "geometry": { "type": "Point", "coordinates": [ 20.865823248979382, 9.971069678218413 ] } },
{ "type": "Feature", "properties": { "index": 794, "lon": -117.12163506054009, "lat": 50.474450700143876, "classification": 111, "subregion_name": "Northern America", "umap_1d_x": 13.692085, "umap_2d_x": -31.532774, "umap_2d_y": 4.5339241, "umap_3d_x": -40.812748, "umap_3d_y": 2.3934364, "umap_3d_z": -1.9871521, "tsne_1d_x": -35.465061, "tsne_2d_x": -16.479176, "tsne_2d_y": 2.7791862, "tsne_3d_x": -12.28334, "tsne_3d_y": 13.604618, "tsne_3d_z": -8.3244324, "grid_umap_1d_x": 794.0, "grid_umap_2d_x": 19.0, "grid_umap_2d_y": 18.0, "grid_umap_3d_x": 3.0, "grid_umap_3d_y": 4.0, "grid_umap_3d_z": 6.0, "grid_tsne_1d_x": 794.0, "grid_tsne_2d_x": 15.0, "grid_tsne_2d_y": 16.0, "grid_tsne_3d_x": 1.0, "grid_tsne_3d_y": 8.0, "grid_tsne_3d_z": 0.0, "patch_file_embed": "patch_0794_embed.png", "patch_file_rgb": "patch_0794_rgb.png" }, "geometry": { "type": "Point", "coordinates": [ -117.121635060540086, 50.474450700143876 ] } },
{ "type": "Feature", "properties": { "index": 795, "lon": 36.670812847272089, "lat": 35.343099717415953, "classification": 40, "subregion_name": "Western Asia", "umap_1d_x": 6.2192616, "umap_2d_x": -13.33913, "umap_2d_y": 2.5042419, "umap_3d_x": -21.507708, "umap_3d_y": -2.2653809, "umap_3d_z": 10.164005, "tsne_1d_x": -2.1953025, "tsne_2d_x": 4.244606, "tsne_2d_y": 14.421143, "tsne_3d_x": -22.728167, "tsne_3d_y": -16.40266, "tsne_3d_z": 13.644039, "grid_umap_1d_x": 795.0, "grid_umap_2d_x": 7.0, "grid_umap_2d_y": 9.0, "grid_umap_3d_x": 0.0, "grid_umap_3d_y": 1.0, "grid_umap_3d_z": 8.0, "grid_tsne_1d_x": 795.0, "grid_tsne_2d_x": 19.0, "grid_tsne_2d_y": 19.0, "grid_tsne_3d_x": 3.0, "grid_tsne_3d_y": 4.0, "grid_tsne_3d_z": 5.0, "patch_file_embed": "patch_0795_embed.png", "patch_file_rgb": "patch_0795_rgb.png" }, "geometry": { "type": "Point", "coordinates": [ 36.670812847272089, 35.343099717415953 ] } },
{ "type": "Feature", "properties": { "index": 796, "lon": 111.81877979239914, "lat": 28.364567930497941, "classification": 40, "subregion_name": "Unknown", "umap_1d_x": 4.4563479, "umap_2d_x": -6.6183968, "umap_2d_y": 34.049614, "umap_3d_x": -7.2581367, "umap_3d_y": 30.952087, "umap_3d_z": 2.0121498, "tsne_1d_x": 4.6723309, "tsne_2d_x": -1.2898026, "tsne_2d_y": -37.998119, "tsne_3d_x": 41.482277, "tsne_3d_y": -9.4255104, "tsne_3d_z": 11.226891, "grid_umap_1d_x": 796.0, "grid_umap_2d_x": 5.0, "grid_umap_2d_y": 29.0, "grid_umap_3d_x": 3.0, "grid_umap_3d_y": 9.0, "grid_umap_3d_z": 4.0, "grid_tsne_1d_x": 796.0, "grid_tsne_2d_x": 12.0, "grid_tsne_2d_y": 3.0, "grid_tsne_3d_x": 10.0, "grid_tsne_3d_y": 5.0, "grid_tsne_3d_z": 5.0, "patch_file_embed": "patch_0796_embed.png", "patch_file_rgb": "patch_0796_rgb.png" }, "geometry": { "type": "Point", "coordinates": [ 111.818779792399141, 28.364567930497941 ] } },
{ "type": "Feature", "properties": { "index": 797, "lon": -107.51533823921304, "lat": 26.769908504461483, "classification": 126, "subregion_name": "Latin America and the Caribbean", "umap_1d_x": -0.57671493, "umap_2d_x": 2.7954636, "umap_2d_y": 31.952103, "umap_3d_x": 2.05933, "umap_3d_y": 31.554787, "umap_3d_z": 18.669685, "tsne_1d_x": 7.680583, "tsne_2d_x": 6.4204216, "tsne_2d_y": -24.662552, "tsne_3d_x": 10.11821, "tsne_3d_y": -20.862505, "tsne_3d_z": 7.3237915, "grid_umap_1d_x": 797.0, "grid_umap_2d_x": 4.0, "grid_umap_2d_y": 31.0, "grid_umap_3d_x": 3.0, "grid_umap_3d_y": 9.0, "grid_umap_3d_z": 6.0, "grid_tsne_1d_x": 797.0, "grid_tsne_2d_x": 15.0, "grid_tsne_2d_y": 10.0, "grid_tsne_3d_x": 6.0, "grid_tsne_3d_y": 1.0, "grid_tsne_3d_z": 5.0, "patch_file_embed": "patch_0797_embed.png", "patch_file_rgb": "patch_0797_rgb.png" }, "geometry": { "type": "Point", "coordinates": [ -107.515338239213037, 26.769908504461483 ] } },
{ "type": "Feature", "properties": { "index": 798, "lon": 133.62964854893494, "lat": 55.330468132977231, "classification": 113, "subregion_name": "Eastern Europe", "umap_1d_x": 17.602911, "umap_2d_x": -44.821236, "umap_2d_y": 5.1776161, "umap_3d_x": -45.635334, "umap_3d_y": 21.079292, "umap_3d_z": -32.838493, "tsne_1d_x": -65.127808, "tsne_2d_x": -38.748962, "tsne_2d_y": 13.014412, "tsne_3d_x": 22.879852, "tsne_3d_y": 33.05484, "tsne_3d_z": 22.180138, "grid_umap_1d_x": 798.0, "grid_umap_2d_x": 19.0, "grid_umap_2d_y": 20.0, "grid_umap_3d_x": 3.0, "grid_umap_3d_y": 8.0, "grid_umap_3d_z": 2.0, "grid_tsne_1d_x": 798.0, "grid_tsne_2d_x": 12.0, "grid_tsne_2d_y": 21.0, "grid_tsne_3d_x": 9.0, "grid_tsne_3d_y": 8.0, "grid_tsne_3d_z": 4.0, "patch_file_embed": "patch_0798_embed.png", "patch_file_rgb": "patch_0798_rgb.png" }, "geometry": { "type": "Point", "coordinates": [ 133.629648548934938, 55.330468132977231 ] } },
{ "type": "Feature", "properties": { "index": 799, "lon": 113.45210190891663, "lat": 51.318572805973318, "classification": 113, "subregion_name": "Eastern Europe", "umap_1d_x": 11.282644, "umap_2d_x": -31.789295, "umap_2d_y": 21.55616, "umap_3d_x": -39.018539, "umap_3d_y": 14.642784, "umap_3d_z": -29.838142, "tsne_1d_x": -7.7671723, "tsne_2d_x": -20.325274, "tsne_2d_y": 24.864487, "tsne_3d_x": 29.368996, "tsne_3d_y": 13.244396, "tsne_3d_z": 19.468826, "grid_umap_1d_x": 799.0, "grid_umap_2d_x": 7.0, "grid_umap_2d_y": 24.0, "grid_umap_3d_x": 4.0, "grid_umap_3d_y": 6.0, "grid_umap_3d_z": 3.0, "grid_tsne_1d_x": 799.0, "grid_tsne_2d_x": 13.0, "grid_tsne_2d_y": 26.0, "grid_tsne_3d_x": 10.0, "grid_tsne_3d_y": 7.0, "grid_tsne_3d_z": 6.0, "patch_file_embed": "patch_0799_embed.png", "patch_file_rgb": "patch_0799_rgb.png" }, "geometry": { "type": "Point", "coordinates": [ 113.452101908916632, 51.318572805973318 ] } },
{ "type": "Feature", "properties": { "index": 800, "lon": 16.609179313314968, "lat": -23.420186988930247, "classification": 30, "subregion_name": "Sub-Saharan Africa", "umap_1d_x": -20.176943, "umap_2d_x": 44.01429, "umap_2d_y": -40.259468, "umap_3d_x": 42.733253, "umap_3d_y": -34.246395, "umap_3d_z": 27.71315, "tsne_1d_x": 78.780167, "tsne_2d_x": 40.501762, "tsne_2d_y": 33.934975, "tsne_3d_x": -33.936352, "tsne_3d_y": -23.521364, "tsne_3d_z": -15.714279, "grid_umap_1d_x": 800.0, "grid_umap_2d_x": 25.0, "grid_umap_2d_y": 7.0, "grid_umap_3d_x": 7.0, "grid_umap_3d_y": 0.0, "grid_umap_3d_z": 6.0, "grid_tsne_1d_x": 800.0, "grid_tsne_2d_x": 26.0, "grid_tsne_2d_y": 26.0, "grid_tsne_3d_x": 0.0, "grid_tsne_3d_y": 2.0, "grid_tsne_3d_z": 3.0, "patch_file_embed": "patch_0800_embed.png", "patch_file_rgb": "patch_0800_rgb.png" }, "geometry": { "type": "Point", "coordinates": [ 16.609179313314968, -23.420186988930247 ] } },
{ "type": "Feature", "properties": { "index": 801, "lon": -47.805101207599705, "lat": -13.350696030154865, "classification": 20, "subregion_name": "Latin America and the Caribbean", "umap_1d_x": -13.960024, "umap_2d_x": 44.46524, "umap_2d_y": -16.914715, "umap_3d_x": 40.780205, "umap_3d_y": -8.8411942, "umap_3d_z": 30.955734, "tsne_1d_x": 56.640232, "tsne_2d_x": 37.889175, "tsne_2d_y": 13.11829, "tsne_3d_x": -5.4654999, "tsne_3d_y": -25.828999, "tsne_3d_z": -18.864548, "grid_umap_1d_x": 801.0, "grid_umap_2d_x": 28.0, "grid_umap_2d_y": 12.0, "grid_umap_3d_x": 10.0, "grid_umap_3d_y": 4.0, "grid_umap_3d_z": 7.0, "grid_tsne_1d_x": 801.0, "grid_tsne_2d_x": 29.0, "grid_tsne_2d_y": 17.0, "grid_tsne_3d_x": 3.0, "grid_tsne_3d_y": 1.0, "grid_tsne_3d_z": 1.0, "patch_file_embed": "patch_0801_embed.png", "patch_file_rgb": "patch_0801_rgb.png" }, "geometry": { "type": "Point", "coordinates": [ -47.805101207599705, -13.350696030154865 ] } },
{ "type": "Feature", "properties": { "index": 802, "lon": 13.069396049868317, "lat": 62.772198022233596, "classification": 111, "subregion_name": "Northern Europe", "umap_1d_x": 20.239716, "umap_2d_x": -34.119465, "umap_2d_y": -13.832066, "umap_3d_x": -41.940926, "umap_3d_y": -8.4683342, "umap_3d_z": -23.049868, "tsne_1d_x": -48.30629, "tsne_2d_x": -23.185095, "tsne_2d_y": 13.052784, "tsne_3d_x": -29.660219, "tsne_3d_y": 27.513489, "tsne_3d_z": 24.25116, "grid_umap_1d_x": 802.0, "grid_umap_2d_x": 10.0, "grid_umap_2d_y": 3.0, "grid_umap_3d_x": 0.0, "grid_umap_3d_y": 1.0, "grid_umap_3d_z": 0.0, "grid_tsne_1d_x": 802.0, "grid_tsne_2d_x": 7.0, "grid_tsne_2d_y": 19.0, "grid_tsne_3d_x": 3.0, "grid_tsne_3d_y": 7.0, "grid_tsne_3d_z": 5.0, "patch_file_embed": "patch_0802_embed.png", "patch_file_rgb": "patch_0802_rgb.png" }, "geometry": { "type": "Point", "coordinates": [ 13.069396049868317, 62.772198022233596 ] } },
{ "type": "Feature", "properties": { "index": 803, "lon": 56.116248068119774, "lat": 61.263637221398056, "classification": 111, "subregion_name": "Eastern Europe", "umap_1d_x": 14.853873, "umap_2d_x": -31.614185, "umap_2d_y": -4.4725113, "umap_3d_x": -44.668144, "umap_3d_y": -8.155426, "umap_3d_z": -3.8383293, "tsne_1d_x": -32.197361, "tsne_2d_x": -25.24383, "tsne_2d_y": -12.616844, "tsne_3d_x": -20.045805, "tsne_3d_y": 30.395996, "tsne_3d_z": 1.6590767, "grid_umap_1d_x": 803.0, "grid_umap_2d_x": 1.0, "grid_umap_2d_y": 6.0, "grid_umap_3d_x": 3.0, "grid_umap_3d_y": 2.0, "grid_umap_3d_z": 6.0, "grid_tsne_1d_x": 803.0, "grid_tsne_2d_x": 10.0, "grid_tsne_2d_y": 10.0, "grid_tsne_3d_x": 1.0, "grid_tsne_3d_y": 10.0, "grid_tsne_3d_z": 2.0, "patch_file_embed": "patch_0803_embed.png", "patch_file_rgb": "patch_0803_rgb.png" }, "geometry": { "type": "Point", "coordinates": [ 56.116248068119774, 61.263637221398056 ] } },
{ "type": "Feature", "properties": { "index": 804, "lon": -72.75614801284172, "lat": -48.897273372256592, "classification": 114, "subregion_name": "Latin America and the Caribbean", "umap_1d_x": 9.3906345, "umap_2d_x": 33.416557, "umap_2d_y": -23.041031, "umap_3d_x": 43.009415, "umap_3d_y": -17.551876, "umap_3d_z": 4.7171249, "tsne_1d_x": 69.924828, "tsne_2d_x": 24.698265, "tsne_2d_y": 43.532921, "tsne_3d_x": -2.7057838, "tsne_3d_y": 2.2596703, "tsne_3d_z": -37.133003, "grid_umap_1d_x": 804.0, "grid_umap_2d_x": 24.0, "grid_umap_2d_y": 1.0, "grid_umap_3d_x": 8.0, "grid_umap_3d_y": 1.0, "grid_umap_3d_z": 0.0, "grid_tsne_1d_x": 804.0, "grid_tsne_2d_x": 20.0, "grid_tsne_2d_y": 31.0, "grid_tsne_3d_x": 5.0, "grid_tsne_3d_y": 8.0, "grid_tsne_3d_z": 0.0, "patch_file_embed": "patch_0804_embed.png", "patch_file_rgb": "patch_0804_rgb.png" }, "geometry": { "type": "Point", "coordinates": [ -72.75614801284172, -48.897273372256592 ] } },
{ "type": "Feature", "properties": { "index": 805, "lon": 91.426798726412244, "lat": 67.678976781290956, "classification": 30, "subregion_name": "Eastern Europe", "umap_1d_x": 18.917372, "umap_2d_x": -47.70887, "umap_2d_y": -8.5832863, "umap_3d_x": -47.061977, "umap_3d_y": 11.726112, "umap_3d_z": -47.744217, "tsne_1d_x": -71.71833, "tsne_2d_x": -40.756851, "tsne_2d_y": 31.923172, "tsne_3d_x": 0.63869476, "tsne_3d_y": 28.874474, "tsne_3d_z": 44.47464, "grid_umap_1d_x": 805.0, "grid_umap_2d_x": 20.0, "grid_umap_2d_y": 13.0, "grid_umap_3d_x": 8.0, "grid_umap_3d_y": 5.0, "grid_umap_3d_z": 0.0, "grid_tsne_1d_x": 805.0, "grid_tsne_2d_x": 11.0, "grid_tsne_2d_y": 29.0, "grid_tsne_3d_x": 5.0, "grid_tsne_3d_y": 6.0, "grid_tsne_3d_z": 5.0, "patch_file_embed": "patch_0805_embed.png", "patch_file_rgb": "patch_0805_rgb.png" }, "geometry": { "type": "Point", "coordinates": [ 91.426798726412244, 67.678976781290956 ] } },
{ "type": "Feature", "properties": { "index": 806, "lon": 31.142919328033599, "lat": -16.690025279761599, "classification": 124, "subregion_name": "Sub-Saharan Africa", "umap_1d_x": -14.364167, "umap_2d_x": 45.122551, "umap_2d_y": -22.987457, "umap_3d_x": 40.351189, "umap_3d_y": -15.15012, "umap_3d_z": 28.175156, "tsne_1d_x": 54.510704, "tsne_2d_x": 38.653, "tsne_2d_y": 19.942696, "tsne_3d_x": -12.937363, "tsne_3d_y": -34.361485, "tsne_3d_z": -19.887627, "grid_umap_1d_x": 806.0, "grid_umap_2d_x": 31.0, "grid_umap_2d_y": 3.0, "grid_umap_3d_x": 8.0, "grid_umap_3d_y": 2.0, "grid_umap_3d_z": 5.0, "grid_tsne_1d_x": 806.0, "grid_tsne_2d_x": 24.0, "grid_tsne_2d_y": 22.0, "grid_tsne_3d_x": 3.0, "grid_tsne_3d_y": 3.0, "grid_tsne_3d_z": 3.0, "patch_file_embed": "patch_0806_embed.png", "patch_file_rgb": "patch_0806_rgb.png" }, "geometry": { "type": "Point", "coordinates": [ 31.142919328033599, -16.690025279761599 ] } },
{ "type": "Feature", "properties": { "index": 807, "lon": 72.796706237039899, "lat": 56.142348007286316, "classification": 90, "subregion_name": "Eastern Europe", "umap_1d_x": 11.934256, "umap_2d_x": -30.293114, "umap_2d_y": 17.761734, "umap_3d_x": -36.584877, "umap_3d_y": 9.0643272, "umap_3d_z": -22.672859, "tsne_1d_x": -54.079796, "tsne_2d_x": -22.969336, "tsne_2d_y": 30.505188, "tsne_3d_x": 11.007889, "tsne_3d_y": 14.903748, "tsne_3d_z": 15.764526, "grid_umap_1d_x": 807.0, "grid_umap_2d_x": 9.0, "grid_umap_2d_y": 23.0, "grid_umap_3d_x": 5.0, "grid_umap_3d_y": 5.0, "grid_umap_3d_z": 4.0, "grid_tsne_1d_x": 807.0, "grid_tsne_2d_x": 8.0, "grid_tsne_2d_y": 29.0, "grid_tsne_3d_x": 8.0, "grid_tsne_3d_y": 7.0, "grid_tsne_3d_z": 5.0, "patch_file_embed": "patch_0807_embed.png", "patch_file_rgb": "patch_0807_rgb.png" }, "geometry": { "type": "Point", "coordinates": [ 72.796706237039899, 56.142348007286316 ] } },
{ "type": "Feature", "properties": { "index": 808, "lon": 108.45325226919886, "lat": 67.92467646351102, "classification": 116, "subregion_name": "Eastern Europe", "umap_1d_x": 19.157303, "umap_2d_x": -49.945469, "umap_2d_y": -2.8863678, "umap_3d_x": -48.11282, "umap_3d_y": 20.023445, "umap_3d_z": -47.936356, "tsne_1d_x": -70.875542, "tsne_2d_x": -43.4118, "tsne_2d_y": 25.39135, "tsne_3d_x": 16.479271, "tsne_3d_y": 37.992249, "tsne_3d_z": 39.379578, "grid_umap_1d_x": 808.0, "grid_umap_2d_x": 8.0, "grid_umap_2d_y": 13.0, "grid_umap_3d_x": 6.0, "grid_umap_3d_y": 8.0, "grid_umap_3d_z": 0.0, "grid_tsne_1d_x": 808.0, "grid_tsne_2d_x": 2.0, "grid_tsne_2d_y": 26.0, "grid_tsne_3d_x": 8.0, "grid_tsne_3d_y": 8.0, "grid_tsne_3d_z": 6.0, "patch_file_embed": "patch_0808_embed.png", "patch_file_rgb": "patch_0808_rgb.png" }, "geometry": { "type": "Point", "coordinates": [ 108.453252269198856, 67.92467646351102 ] } },
{ "type": "Feature", "properties": { "index": 809, "lon": 87.404994905800038, "lat": 50.202595009347718, "classification": 116, "subregion_name": "Eastern Europe", "umap_1d_x": 19.453028, "umap_2d_x": -26.650862, "umap_2d_y": 6.3886032, "umap_3d_x": -44.518734, "umap_3d_y": 20.697395, "umap_3d_z": -39.3386, "tsne_1d_x": -73.511353, "tsne_2d_x": -0.92877579, "tsne_2d_y": 31.834351, "tsne_3d_x": 29.027184, "tsne_3d_y": 31.03846, "tsne_3d_z": 19.908966, "grid_umap_1d_x": 809.0, "grid_umap_2d_x": 6.0, "grid_umap_2d_y": 15.0, "grid_umap_3d_x": 6.0, "grid_umap_3d_y": 8.0, "grid_umap_3d_z": 2.0, "grid_tsne_1d_x": 809.0, "grid_tsne_2d_x": 11.0, "grid_tsne_2d_y": 30.0, "grid_tsne_3d_x": 10.0, "grid_tsne_3d_y": 9.0, "grid_tsne_3d_z": 4.0, "patch_file_embed": "patch_0809_embed.png", "patch_file_rgb": "patch_0809_rgb.png" }, "geometry": { "type": "Point", "coordinates": [ 87.404994905800038, 50.202595009347718 ] } },
{ "type": "Feature", "properties": { "index": 810, "lon": 22.820853579741396, "lat": 39.130778082938861, "classification": 116, "subregion_name": "Southern Europe", "umap_1d_x": 6.5474734, "umap_2d_x": -15.478889, "umap_2d_y": 0.45864105, "umap_3d_x": -24.516407, "umap_3d_y": -4.2170181, "umap_3d_z": 8.6054306, "tsne_1d_x": -3.2699816, "tsne_2d_x": 0.23697661999999298, "tsne_2d_y": 13.463085, "tsne_3d_x": -21.948126, "tsne_3d_y": -12.236908, "tsne_3d_z": 4.7397385, "grid_umap_1d_x": 810.0, "grid_umap_2d_x": 11.0, "grid_umap_2d_y": 9.0, "grid_umap_3d_x": 3.0, "grid_umap_3d_y": 1.0, "grid_umap_3d_z": 7.0, "grid_tsne_1d_x": 810.0, "grid_tsne_2d_x": 2.0, "grid_tsne_2d_y": 14.0, "grid_tsne_3d_x": 0.0, "grid_tsne_3d_y": 2.0, "grid_tsne_3d_z": 4.0, "patch_file_embed": "patch_0810_embed.png", "patch_file_rgb": "patch_0810_rgb.png" }, "geometry": { "type": "Point", "coordinates": [ 22.820853579741396, 39.130778082938861 ] } },
{ "type": "Feature", "properties": { "index": 811, "lon": 43.758807805836881, "lat": 62.424776475578653, "classification": 115, "subregion_name": "Eastern Europe", "umap_1d_x": 14.924915, "umap_2d_x": -31.07745, "umap_2d_y": -6.7466278, "umap_3d_x": -43.015507, "umap_3d_y": -9.7595291, "umap_3d_z": -5.6967239, "tsne_1d_x": -31.254959, "tsne_2d_x": -23.962952, "tsne_2d_y": -9.0102386, "tsne_3d_x": -24.492619, "tsne_3d_y": 25.963303, "tsne_3d_z": 4.6871643, "grid_umap_1d_x": 811.0, "grid_umap_2d_x": 4.0, "grid_umap_2d_y": 5.0, "grid_umap_3d_x": 0.0, "grid_umap_3d_y": 1.0, "grid_umap_3d_z": 4.0, "grid_tsne_1d_x": 811.0, "grid_tsne_2d_x": 10.0, "grid_tsne_2d_y": 11.0, "grid_tsne_3d_x": 0.0, "grid_tsne_3d_y": 9.0, "grid_tsne_3d_z": 3.0, "patch_file_embed": "patch_0811_embed.png", "patch_file_rgb": "patch_0811_rgb.png" }, "geometry": { "type": "Point", "coordinates": [ 43.758807805836881, 62.424776475578653 ] } },
{ "type": "Feature", "properties": { "index": 812, "lon": -100.2857030476694, "lat": 21.608575277231481, "classification": 20, "subregion_name": "Latin America and the Caribbean", "umap_1d_x": -0.92442113, "umap_2d_x": 3.8115997, "umap_2d_y": 31.743011, "umap_3d_x": 4.065506, "umap_3d_y": 32.846107, "umap_3d_z": 17.565796, "tsne_1d_x": 9.5684834, "tsne_2d_x": 9.2464676, "tsne_2d_y": -25.450977, "tsne_3d_x": 17.707649, "tsne_3d_y": -24.955431, "tsne_3d_z": 3.4822388, "grid_umap_1d_x": 812.0, "grid_umap_2d_x": 5.0, "grid_umap_2d_y": 31.0, "grid_umap_3d_x": 5.0, "grid_umap_3d_y": 9.0, "grid_umap_3d_z": 5.0, "grid_tsne_1d_x": 812.0, "grid_tsne_2d_x": 16.0, "grid_tsne_2d_y": 9.0, "grid_tsne_3d_x": 7.0, "grid_tsne_3d_y": 0.0, "grid_tsne_3d_z": 3.0, "patch_file_embed": "patch_0812_embed.png", "patch_file_rgb": "patch_0812_rgb.png" }, "geometry": { "type": "Point", "coordinates": [ -100.285703047669401, 21.608575277231481 ] } },
{ "type": "Feature", "properties": { "index": 813, "lon": -77.650018679741464, "lat": 44.060313152841957, "classification": 126, "subregion_name": "Northern America", "umap_1d_x": 10.701369, "umap_2d_x": -24.840673, "umap_2d_y": 21.091415, "umap_3d_x": -26.606991, "umap_3d_y": 2.0512657, "umap_3d_z": -23.04664, "tsne_1d_x": -15.628939, "tsne_2d_x": -5.662075, "tsne_2d_y": 2.8348465, "tsne_3d_x": 18.349808, "tsne_3d_y": -1.5259247, "tsne_3d_z": 2.8503761, "grid_umap_1d_x": 813.0, "grid_umap_2d_x": 10.0, "grid_umap_2d_y": 24.0, "grid_umap_3d_x": 2.0, "grid_umap_3d_y": 3.0, "grid_umap_3d_z": 0.0, "grid_tsne_1d_x": 813.0, "grid_tsne_2d_x": 0.0, "grid_tsne_2d_y": 6.0, "grid_tsne_3d_x": 8.0, "grid_tsne_3d_y": 5.0, "grid_tsne_3d_z": 4.0, "patch_file_embed": "patch_0813_embed.png", "patch_file_rgb": "patch_0813_rgb.png" }, "geometry": { "type": "Point", "coordinates": [ -77.650018679741464, 44.060313152841957 ] } },
{ "type": "Feature", "properties": { "index": 814, "lon": -53.570027207430172, "lat": -16.826770880678907, "classification": 40, "subregion_name": "Latin America and the Caribbean", "umap_1d_x": -14.591499, "umap_2d_x": 43.652771, "umap_2d_y": -21.172853, "umap_3d_x": 42.306786, "umap_3d_y": -12.507973, "umap_3d_z": 27.495964, "tsne_1d_x": 58.276714, "tsne_2d_x": 40.738327, "tsne_2d_y": 19.034279, "tsne_3d_x": -16.532162, "tsne_3d_y": -41.145721, "tsne_3d_z": -29.136011, "grid_umap_1d_x": 814.0, "grid_umap_2d_x": 24.0, "grid_umap_2d_y": 15.0, "grid_umap_3d_x": 9.0, "grid_umap_3d_y": 2.0, "grid_umap_3d_z": 5.0, "grid_tsne_1d_x": 814.0, "grid_tsne_2d_x": 29.0, "grid_tsne_2d_y": 21.0, "grid_tsne_3d_x": 2.0, "grid_tsne_3d_y": 1.0, "grid_tsne_3d_z": 1.0, "patch_file_embed": "patch_0814_embed.png", "patch_file_rgb": "patch_0814_rgb.png" }, "geometry": { "type": "Point", "coordinates": [ -53.570027207430172, -16.826770880678907 ] } },
{ "type": "Feature", "properties": { "index": 815, "lon": -72.313565965760688, "lat": 45.892271637467616, "classification": 111, "subregion_name": "Northern America", "umap_1d_x": 13.942401, "umap_2d_x": -31.626787, "umap_2d_y": -0.92276382, "umap_3d_x": -42.555458, "umap_3d_y": -3.3249664, "umap_3d_z": -11.92197, "tsne_1d_x": -29.619146, "tsne_2d_x": -18.2533, "tsne_2d_y": -5.0989113, "tsne_3d_x": -18.815145, "tsne_3d_y": 26.814812, "tsne_3d_z": -10.53545, "grid_umap_1d_x": 815.0, "grid_umap_2d_x": 3.0, "grid_umap_2d_y": 9.0, "grid_umap_3d_x": 2.0, "grid_umap_3d_y": 3.0, "grid_umap_3d_z": 4.0, "grid_tsne_1d_x": 815.0, "grid_tsne_2d_x": 8.0, "grid_tsne_2d_y": 10.0, "grid_tsne_3d_x": 0.0, "grid_tsne_3d_y": 10.0, "grid_tsne_3d_z": 0.0, "patch_file_embed": "patch_0815_embed.png", "patch_file_rgb": "patch_0815_rgb.png" }, "geometry": { "type": "Point", "coordinates": [ -72.313565965760688, 45.892271637467616 ] } },
{ "type": "Feature", "properties": { "index": 816, "lon": -64.546115400451981, "lat": 53.187876491704657, "classification": 121, "subregion_name": "Northern America", "umap_1d_x": 16.477015, "umap_2d_x": -37.282894, "umap_2d_y": -9.740139, "umap_3d_x": -46.121067, "umap_3d_y": -6.2040329, "umap_3d_z": -23.446985, "tsne_1d_x": -50.56813, "tsne_2d_x": -23.086771, "tsne_2d_y": 4.3746643, "tsne_3d_x": -16.126961, "tsne_3d_y": 29.788506, "tsne_3d_z": 22.167877, "grid_umap_1d_x": 816.0, "grid_umap_2d_x": 14.0, "grid_umap_2d_y": 8.0, "grid_umap_3d_x": 3.0, "grid_umap_3d_y": 2.0, "grid_umap_3d_z": 2.0, "grid_tsne_1d_x": 816.0, "grid_tsne_2d_x": 14.0, "grid_tsne_2d_y": 17.0, "grid_tsne_3d_x": 1.0, "grid_tsne_3d_y": 10.0, "grid_tsne_3d_z": 7.0, "patch_file_embed": "patch_0816_embed.png", "patch_file_rgb": "patch_0816_rgb.png" }, "geometry": { "type": "Point", "coordinates": [ -64.546115400451981, 53.187876491704657 ] } },
{ "type": "Feature", "properties": { "index": 817, "lon": 114.55391629465362, "lat": -23.671540013741925, "classification": 30, "subregion_name": "Unknown", "umap_1d_x": -20.375656, "umap_2d_x": 40.869919, "umap_2d_y": -47.946167, "umap_3d_x": 48.267044, "umap_3d_y": -46.473686, "umap_3d_z": 23.216766, "tsne_1d_x": 79.531494, "tsne_2d_x": 41.832939, "tsne_2d_y": 46.529022, "tsne_3d_x": -40.767006, "tsne_3d_y": -21.14673, "tsne_3d_z": -21.996763, "grid_umap_1d_x": 817.0, "grid_umap_2d_x": 21.0, "grid_umap_2d_y": 1.0, "grid_umap_3d_x": 7.0, "grid_umap_3d_y": 1.0, "grid_umap_3d_z": 4.0, "grid_tsne_1d_x": 817.0, "grid_tsne_2d_x": 26.0, "grid_tsne_2d_y": 31.0, "grid_tsne_3d_x": 1.0, "grid_tsne_3d_y": 3.0, "grid_tsne_3d_z": 2.0, "patch_file_embed": "patch_0817_embed.png", "patch_file_rgb": "patch_0817_rgb.png" }, "geometry": { "type": "Point", "coordinates": [ 114.553916294653618, -23.671540013741925 ] } },
{ "type": "Feature", "properties": { "index": 818, "lon": -68.829765784697202, "lat": -6.5594654112319546, "classification": 112, "subregion_name": "Latin America and the Caribbean", "umap_1d_x": -8.3490038, "umap_2d_x": 36.445381, "umap_2d_y": 29.408218, "umap_3d_x": 33.211884, "umap_3d_y": 41.87809, "umap_3d_z": -0.35027313, "tsne_1d_x": 42.688435, "tsne_2d_x": 45.082138, "tsne_2d_y": -26.183411, "tsne_3d_x": 31.248856, "tsne_3d_y": -43.231342, "tsne_3d_z": -29.370617, "grid_umap_1d_x": 818.0, "grid_umap_2d_x": 31.0, "grid_umap_2d_y": 25.0, "grid_umap_3d_x": 8.0, "grid_umap_3d_y": 6.0, "grid_umap_3d_z": 1.0, "grid_tsne_1d_x": 818.0, "grid_tsne_2d_x": 31.0, "grid_tsne_2d_y": 1.0, "grid_tsne_3d_x": 8.0, "grid_tsne_3d_y": 1.0, "grid_tsne_3d_z": 1.0, "patch_file_embed": "patch_0818_embed.png", "patch_file_rgb": "patch_0818_rgb.png" }, "geometry": { "type": "Point", "coordinates": [ -68.829765784697202, -6.559465411231955 ] } },
{ "type": "Feature", "properties": { "index": 819, "lon": 13.291203627655676, "lat": 42.134133163498518, "classification": 30, "subregion_name": "Southern Europe", "umap_1d_x": 6.5269184, "umap_2d_x": -15.074657, "umap_2d_y": 1.4283371, "umap_3d_x": -23.54348, "umap_3d_y": -3.6847878, "umap_3d_z": 8.5660706, "tsne_1d_x": -3.1359272, "tsne_2d_x": 0.93792725, "tsne_2d_y": 16.035934, "tsne_3d_x": -21.739334, "tsne_3d_y": -10.210037, "tsne_3d_z": 9.5719528, "grid_umap_1d_x": 819.0, "grid_umap_2d_x": 2.0, "grid_umap_2d_y": 7.0, "grid_umap_3d_x": 1.0, "grid_umap_3d_y": 1.0, "grid_umap_3d_z": 7.0, "grid_tsne_1d_x": 819.0, "grid_tsne_2d_x": 5.0, "grid_tsne_2d_y": 17.0, "grid_tsne_3d_x": 0.0, "grid_tsne_3d_y": 3.0, "grid_tsne_3d_z": 5.0, "patch_file_embed": "patch_0819_embed.png", "patch_file_rgb": "patch_0819_rgb.png" }, "geometry": { "type": "Point", "coordinates": [ 13.291203627655676, 42.134133163498518 ] } },
{ "type": "Feature", "properties": { "index": 820, "lon": 120.10456231070071, "lat": -1.8981871262402881, "classification": 112, "subregion_name": "South-eastern Asia", "umap_1d_x": -5.6888061, "umap_2d_x": 27.883812, "umap_2d_y": 35.88282, "umap_3d_x": 22.725555, "umap_3d_y": 38.054779, "umap_3d_z": 7.8758125, "tsne_1d_x": 34.069527, "tsne_2d_x": 32.465317, "tsne_2d_y": -28.736441, "tsne_3d_x": 30.617775, "tsne_3d_y": -30.054625, "tsne_3d_z": -14.467541, "grid_umap_1d_x": 820.0, "grid_umap_2d_x": 24.0, "grid_umap_2d_y": 27.0, "grid_umap_3d_x": 9.0, "grid_umap_3d_y": 10.0, "grid_umap_3d_z": 4.0, "grid_tsne_1d_x": 820.0, "grid_tsne_2d_x": 25.0, "grid_tsne_2d_y": 1.0, "grid_tsne_3d_x": 7.0, "grid_tsne_3d_y": 4.0, "grid_tsne_3d_z": 3.0, "patch_file_embed": "patch_0820_embed.png", "patch_file_rgb": "patch_0820_rgb.png" }, "geometry": { "type": "Point", "coordinates": [ 120.104562310700715, -1.898187126240288 ] } },
{ "type": "Feature", "properties": { "index": 821, "lon": -89.516371131318976, "lat": 35.148599588471839, "classification": 124, "subregion_name": "Unknown", "umap_1d_x": 10.025612, "umap_2d_x": -23.311863, "umap_2d_y": 14.438065, "umap_3d_x": -23.045305, "umap_3d_y": 4.3830757, "umap_3d_z": -23.844046, "tsne_1d_x": -13.167706, "tsne_2d_x": -4.8361855, "tsne_2d_y": -4.9765663, "tsne_3d_x": 7.8806229, "tsne_3d_y": 1.3431358, "tsne_3d_z": -6.5810966, "grid_umap_1d_x": 821.0, "grid_umap_2d_x": 4.0, "grid_umap_2d_y": 19.0, "grid_umap_3d_x": 4.0, "grid_umap_3d_y": 4.0, "grid_umap_3d_z": 0.0, "grid_tsne_1d_x": 821.0, "grid_tsne_2d_x": 2.0, "grid_tsne_2d_y": 0.0, "grid_tsne_3d_x": 7.0, "grid_tsne_3d_y": 7.0, "grid_tsne_3d_z": 1.0, "patch_file_embed": "patch_0821_embed.png", "patch_file_rgb": "patch_0821_rgb.png" }, "geometry": { "type": "Point", "coordinates": [ -89.516371131318976, 35.148599588471839 ] } },
{ "type": "Feature", "properties": { "index": 822, "lon": 26.260662727657291, "lat": 0.71316814194170797, "classification": 112, "subregion_name": "Sub-Saharan Africa", "umap_1d_x": -6.6415176, "umap_2d_x": 31.021919, "umap_2d_y": 42.000244, "umap_3d_x": 27.746147, "umap_3d_y": 35.586502, "umap_3d_z": 10.610741, "tsne_1d_x": 38.10807, "tsne_2d_x": 38.422813, "tsne_2d_y": -35.610435, "tsne_3d_x": 47.561386, "tsne_3d_y": -32.540951, "tsne_3d_z": -21.798784, "grid_umap_1d_x": 822.0, "grid_umap_2d_x": 25.0, "grid_umap_2d_y": 27.0, "grid_umap_3d_x": 10.0, "grid_umap_3d_y": 8.0, "grid_umap_3d_z": 7.0, "grid_tsne_1d_x": 822.0, "grid_tsne_2d_x": 22.0, "grid_tsne_2d_y": 15.0, "grid_tsne_3d_x": 10.0, "grid_tsne_3d_y": 5.0, "grid_tsne_3d_z": 1.0, "patch_file_embed": "patch_0822_embed.png", "patch_file_rgb": "patch_0822_rgb.png" }, "geometry": { "type": "Point", "coordinates": [ 26.260662727657291, 0.713168141941708 ] } },
{ "type": "Feature", "properties": { "index": 823, "lon": -70.305106116608044, "lat": 2.656409354110103, "classification": 112, "subregion_name": "Latin America and the Caribbean", "umap_1d_x": -7.7410417, "umap_2d_x": 35.151131, "umap_2d_y": 33.911125, "umap_3d_x": 30.743156, "umap_3d_y": 46.723351, "umap_3d_z": 0.95707703, "tsne_1d_x": 40.541168, "tsne_2d_x": 44.38781, "tsne_2d_y": -32.839771, "tsne_3d_x": 40.790375, "tsne_3d_y": -39.831718, "tsne_3d_z": -31.237253, "grid_umap_1d_x": 823.0, "grid_umap_2d_x": 31.0, "grid_umap_2d_y": 29.0, "grid_umap_3d_x": 8.0, "grid_umap_3d_y": 10.0, "grid_umap_3d_z": 0.0, "grid_tsne_1d_x": 823.0, "grid_tsne_2d_x": 26.0, "grid_tsne_2d_y": 8.0, "grid_tsne_3d_x": 9.0, "grid_tsne_3d_y": 4.0, "grid_tsne_3d_z": 1.0, "patch_file_embed": "patch_0823_embed.png", "patch_file_rgb": "patch_0823_rgb.png" }, "geometry": { "type": "Point", "coordinates": [ -70.305106116608044, 2.656409354110103 ] } },
{ "type": "Feature", "properties": { "index": 824, "lon": -74.13682533927971, "lat": 41.978535217277567, "classification": 126, "subregion_name": "Unknown", "umap_1d_x": 9.9073505, "umap_2d_x": -24.884462, "umap_2d_y": 14.550743, "umap_3d_x": -24.19096, "umap_3d_y": 5.2792969, "umap_3d_z": -26.620012, "tsne_1d_x": -13.769828, "tsne_2d_x": -8.1018181, "tsne_2d_y": -4.2204247, "tsne_3d_x": 14.21357, "tsne_3d_y": 7.5305595, "tsne_3d_z": -5.6557083, "grid_umap_1d_x": 824.0, "grid_umap_2d_x": 9.0, "grid_umap_2d_y": 20.0, "grid_umap_3d_x": 7.0, "grid_umap_3d_y": 4.0, "grid_umap_3d_z": 1.0, "grid_tsne_1d_x": 824.0, "grid_tsne_2d_x": 13.0, "grid_tsne_2d_y": 10.0, "grid_tsne_3d_x": 10.0, "grid_tsne_3d_y": 8.0, "grid_tsne_3d_z": 0.0, "patch_file_embed": "patch_0824_embed.png", "patch_file_rgb": "patch_0824_rgb.png" }, "geometry": { "type": "Point", "coordinates": [ -74.13682533927971, 41.978535217277567 ] } },
{ "type": "Feature", "properties": { "index": 825, "lon": -98.37501116698985, "lat": 38.962099116137892, "classification": 30, "subregion_name": "Unknown", "umap_1d_x": 9.82971, "umap_2d_x": -20.718914, "umap_2d_y": 16.433487, "umap_3d_x": -24.294556, "umap_3d_y": 4.0754738, "umap_3d_z": -16.283878, "tsne_1d_x": -11.609349, "tsne_2d_x": 1.7314491, "tsne_2d_y": 2.6918068, "tsne_3d_x": 10.102146, "tsne_3d_y": -3.7538338, "tsne_3d_z": 9.9549904, "grid_umap_1d_x": 825.0, "grid_umap_2d_x": 8.0, "grid_umap_2d_y": 21.0, "grid_umap_3d_x": 0.0, "grid_umap_3d_y": 4.0, "grid_umap_3d_z": 0.0, "grid_tsne_1d_x": 825.0, "grid_tsne_2d_x": 11.0, "grid_tsne_2d_y": 9.0, "grid_tsne_3d_x": 7.0, "grid_tsne_3d_y": 2.0, "grid_tsne_3d_z": 7.0, "patch_file_embed": "patch_0825_embed.png", "patch_file_rgb": "patch_0825_rgb.png" }, "geometry": { "type": "Point", "coordinates": [ -98.37501116698985, 38.962099116137892 ] } },
{ "type": "Feature", "properties": { "index": 826, "lon": 22.438957665351268, "lat": -7.0013896069470292, "classification": 126, "subregion_name": "Sub-Saharan Africa", "umap_1d_x": -12.515001, "umap_2d_x": 49.984955, "umap_2d_y": -14.238537, "umap_3d_x": 34.268913, "umap_3d_y": -5.1764526, "umap_3d_z": 28.903206, "tsne_1d_x": 50.807934, "tsne_2d_x": 38.633316, "tsne_2d_y": -0.38079834, "tsne_3d_x": -1.3937378, "tsne_3d_y": -47.140533, "tsne_3d_z": -19.450855, "grid_umap_1d_x": 826.0, "grid_umap_2d_x": 31.0, "grid_umap_2d_y": 17.0, "grid_umap_3d_x": 8.0, "grid_umap_3d_y": 5.0, "grid_umap_3d_z": 7.0, "grid_tsne_1d_x": 826.0, "grid_tsne_2d_x": 28.0, "grid_tsne_2d_y": 12.0, "grid_tsne_3d_x": 5.0, "grid_tsne_3d_y": 2.0, "grid_tsne_3d_z": 3.0, "patch_file_embed": "patch_0826_embed.png", "patch_file_rgb": "patch_0826_rgb.png" }, "geometry": { "type": "Point", "coordinates": [ 22.438957665351268, -7.001389606947029 ] } },
{ "type": "Feature", "properties": { "index": 827, "lon": -64.007654950318283, "lat": -5.2197792747521126, "classification": 112, "subregion_name": "Latin America and the Caribbean", "umap_1d_x": -8.4109001, "umap_2d_x": 36.096794, "umap_2d_y": 27.058296, "umap_3d_x": 33.932114, "umap_3d_y": 44.892082, "umap_3d_z": -2.139431, "tsne_1d_x": 42.762215, "tsne_2d_x": 46.867279, "tsne_2d_y": -27.648695, "tsne_3d_x": 33.158264, "tsne_3d_y": -46.531307, "tsne_3d_z": -33.785187, "grid_umap_1d_x": 827.0, "grid_umap_2d_x": 25.0, "grid_umap_2d_y": 20.0, "grid_umap_3d_x": 10.0, "grid_umap_3d_y": 10.0, "grid_umap_3d_z": 0.0, "grid_tsne_1d_x": 827.0, "grid_tsne_2d_x": 28.0, "grid_tsne_2d_y": 7.0, "grid_tsne_3d_x": 7.0, "grid_tsne_3d_y": 4.0, "grid_tsne_3d_z": 2.0, "patch_file_embed": "patch_0827_embed.png", "patch_file_rgb": "patch_0827_rgb.png" }, "geometry": { "type": "Point", "coordinates": [ -64.007654950318283, -5.219779274752113 ] } },
{ "type": "Feature", "properties": { "index": 828, "lon": 176.60131646012439, "lat": -38.924710648103506, "classification": 112, "subregion_name": "Unknown", "umap_1d_x": -16.475481, "umap_2d_x": 35.001236, "umap_2d_y": -21.443281, "umap_3d_x": 43.472878, "umap_3d_y": -15.83028, "umap_3d_z": 8.2299042, "tsne_1d_x": 69.0895, "tsne_2d_x": 26.110146, "tsne_2d_y": 39.513306, "tsne_3d_x": -1.5090981, "tsne_3d_y": -6.5325546, "tsne_3d_z": -39.501019, "grid_umap_1d_x": 828.0, "grid_umap_2d_x": 23.0, "grid_umap_2d_y": 8.0, "grid_umap_3d_x": 9.0, "grid_umap_3d_y": 3.0, "grid_umap_3d_z": 1.0, "grid_tsne_1d_x": 828.0, "grid_tsne_2d_x": 20.0, "grid_tsne_2d_y": 29.0, "grid_tsne_3d_x": 7.0, "grid_tsne_3d_y": 8.0, "grid_tsne_3d_z": 1.0, "patch_file_embed": "patch_0828_embed.png", "patch_file_rgb": "patch_0828_rgb.png" }, "geometry": { "type": "Point", "coordinates": [ 176.601316460124394, -38.924710648103506 ] } },
{ "type": "Feature", "properties": { "index": 829, "lon": 126.55528210036999, "lat": 40.838279398930808, "classification": 114, "subregion_name": "Eastern Asia", "umap_1d_x": 8.6234875, "umap_2d_x": -14.441319, "umap_2d_y": 31.802155, "umap_3d_x": -13.662846, "umap_3d_y": 24.957779, "umap_3d_z": -6.9982224, "tsne_1d_x": -9.1168642, "tsne_2d_x": -8.0284615, "tsne_2d_y": -24.637926, "tsne_3d_x": 34.261848, "tsne_3d_y": 5.9080963, "tsne_3d_z": 10.097462, "grid_umap_1d_x": 829.0, "grid_umap_2d_x": 2.0, "grid_umap_2d_y": 28.0, "grid_umap_3d_x": 4.0, "grid_umap_3d_y": 9.0, "grid_umap_3d_z": 2.0, "grid_tsne_1d_x": 829.0, "grid_tsne_2d_x": 8.0, "grid_tsne_2d_y": 2.0, "grid_tsne_3d_x": 10.0, "grid_tsne_3d_y": 7.0, "grid_tsne_3d_z": 4.0, "patch_file_embed": "patch_0829_embed.png", "patch_file_rgb": "patch_0829_rgb.png" }, "geometry": { "type": "Point", "coordinates": [ 126.555282100369993, 40.838279398930808 ] } },
{ "type": "Feature", "properties": { "index": 830, "lon": -73.305221567071783, "lat": 42.220479348989542, "classification": 114, "subregion_name": "Unknown", "umap_1d_x": 9.7980118, "umap_2d_x": -25.920874, "umap_2d_y": 13.222218, "umap_3d_x": -24.569263, "umap_3d_y": 5.4956017, "umap_3d_z": -26.800186, "tsne_1d_x": -13.834349, "tsne_2d_x": -8.7161942, "tsne_2d_y": -4.353199, "tsne_3d_x": 14.358734, "tsne_3d_y": 9.298027, "tsne_3d_z": -5.7660179, "grid_umap_1d_x": 830.0, "grid_umap_2d_x": 1.0, "grid_umap_2d_y": 18.0, "grid_umap_3d_x": 7.0, "grid_umap_3d_y": 5.0, "grid_umap_3d_z": 1.0, "grid_tsne_1d_x": 830.0, "grid_tsne_2d_x": 8.0, "grid_tsne_2d_y": 7.0, "grid_tsne_3d_x": 9.0, "grid_tsne_3d_y": 8.0, "grid_tsne_3d_z": 0.0, "patch_file_embed": "patch_0830_embed.png", "patch_file_rgb": "patch_0830_rgb.png" }, "geometry": { "type": "Point", "coordinates": [ -73.305221567071783, 42.220479348989542 ] } },
{ "type": "Feature", "properties": { "index": 831, "lon": -1.5671205848041441, "lat": 6.122504864003119, "classification": 112, "subregion_name": "Sub-Saharan Africa", "umap_1d_x": -2.1690786, "umap_2d_x": 11.437885, "umap_2d_y": 28.955589, "umap_3d_x": 9.5217819, "umap_3d_y": 35.729927, "umap_3d_z": 30.432098, "tsne_1d_x": 20.830549, "tsne_2d_x": 19.835678, "tsne_2d_y": -17.945816, "tsne_3d_x": 22.105446, "tsne_3d_y": -45.194042, "tsne_3d_z": 10.155994, "grid_umap_1d_x": 831.0, "grid_umap_2d_x": 19.0, "grid_umap_2d_y": 24.0, "grid_umap_3d_x": 9.0, "grid_umap_3d_y": 10.0, "grid_umap_3d_z": 7.0, "grid_tsne_1d_x": 831.0, "grid_tsne_2d_x": 21.0, "grid_tsne_2d_y": 1.0, "grid_tsne_3d_x": 7.0, "grid_tsne_3d_y": 1.0, "grid_tsne_3d_z": 4.0, "patch_file_embed": "patch_0831_embed.png", "patch_file_rgb": "patch_0831_rgb.png" }, "geometry": { "type": "Point", "coordinates": [ -1.567120584804144, 6.122504864003119 ] } },
{ "type": "Feature", "properties": { "index": 832, "lon": 14.423924755930756, "lat": 53.303404319663926, "classification": 40, "subregion_name": "Eastern Europe", "umap_1d_x": 23.274158, "umap_2d_x": -20.0266, "umap_2d_y": -14.750961, "umap_3d_x": -28.551325, "umap_3d_y": -14.160042, "umap_3d_z": -13.154758, "tsne_1d_x": -18.77133, "tsne_2d_x": -7.3928375, "tsne_2d_y": 23.757385, "tsne_3d_x": -36.476692, "tsne_3d_y": -5.3579445, "tsne_3d_z": 20.254395, "grid_umap_1d_x": 832.0, "grid_umap_2d_x": 14.0, "grid_umap_2d_y": 1.0, "grid_umap_3d_x": 5.0, "grid_umap_3d_y": 0.0, "grid_umap_3d_z": 2.0, "grid_tsne_1d_x": 832.0, "grid_tsne_2d_x": 0.0, "grid_tsne_2d_y": 24.0, "grid_tsne_3d_x": 1.0, "grid_tsne_3d_y": 4.0, "grid_tsne_3d_z": 6.0, "patch_file_embed": "patch_0832_embed.png", "patch_file_rgb": "patch_0832_rgb.png" }, "geometry": { "type": "Point", "coordinates": [ 14.423924755930756, 53.303404319663926 ] } },
{ "type": "Feature", "properties": { "index": 833, "lon": -44.908418961424388, "lat": -3.6634577937403989, "classification": 112, "subregion_name": "Latin America and the Caribbean", "umap_1d_x": -13.535392, "umap_2d_x": 42.798706, "umap_2d_y": -11.091377, "umap_3d_x": 41.287399, "umap_3d_y": -3.2302322, "umap_3d_z": 21.749855, "tsne_1d_x": 55.737026, "tsne_2d_x": 46.240463, "tsne_2d_y": 8.3048935, "tsne_3d_x": 2.515625, "tsne_3d_y": -33.987785, "tsne_3d_z": -37.56271, "grid_umap_1d_x": 833.0, "grid_umap_2d_x": 25.0, "grid_umap_2d_y": 19.0, "grid_umap_3d_x": 10.0, "grid_umap_3d_y": 5.0, "grid_umap_3d_z": 4.0, "grid_tsne_1d_x": 833.0, "grid_tsne_2d_x": 31.0, "grid_tsne_2d_y": 15.0, "grid_tsne_3d_x": 6.0, "grid_tsne_3d_y": 3.0, "grid_tsne_3d_z": 0.0, "patch_file_embed": "patch_0833_embed.png", "patch_file_rgb": "patch_0833_rgb.png" }, "geometry": { "type": "Point", "coordinates": [ -44.908418961424388, -3.663457793740399 ] } },
{ "type": "Feature", "properties": { "index": 834, "lon": 30.203966790461322, "lat": 57.100247153463528, "classification": 114, "subregion_name": "Eastern Europe", "umap_1d_x": 21.704865, "umap_2d_x": -25.691479, "umap_2d_y": -10.310486, "umap_3d_x": -36.022491, "umap_3d_y": -12.447308, "umap_3d_z": -9.1097488, "tsne_1d_x": -23.060448, "tsne_2d_x": -13.419815, "tsne_2d_y": 11.653496, "tsne_3d_x": -31.28237, "tsne_3d_y": 13.440926, "tsne_3d_z": 7.3768425, "grid_umap_1d_x": 834.0, "grid_umap_2d_x": 17.0, "grid_umap_2d_y": 6.0, "grid_umap_3d_x": 0.0, "grid_umap_3d_y": 0.0, "grid_umap_3d_z": 3.0, "grid_tsne_1d_x": 834.0, "grid_tsne_2d_x": 11.0, "grid_tsne_2d_y": 18.0, "grid_tsne_3d_x": 1.0, "grid_tsne_3d_y": 7.0, "grid_tsne_3d_z": 3.0, "patch_file_embed": "patch_0834_embed.png", "patch_file_rgb": "patch_0834_rgb.png" }, "geometry": { "type": "Point", "coordinates": [ 30.203966790461322, 57.100247153463528 ] } },
{ "type": "Feature", "properties": { "index": 835, "lon": 124.86874246840159, "lat": 68.887551844457164, "classification": 90, "subregion_name": "Eastern Europe", "umap_1d_x": 18.916325, "umap_2d_x": -49.356819, "umap_2d_y": 0.065410614000008138, "umap_3d_x": -48.494724, "umap_3d_y": 21.420448, "umap_3d_z": -44.118557, "tsne_1d_x": -69.910172, "tsne_2d_x": -43.335968, "tsne_2d_y": 22.759163, "tsne_3d_x": 14.981506, "tsne_3d_y": 38.776566, "tsne_3d_z": 35.760063, "grid_umap_1d_x": 835.0, "grid_umap_2d_x": 11.0, "grid_umap_2d_y": 16.0, "grid_umap_3d_x": 4.0, "grid_umap_3d_y": 9.0, "grid_umap_3d_z": 0.0, "grid_tsne_1d_x": 835.0, "grid_tsne_2d_x": 14.0, "grid_tsne_2d_y": 25.0, "grid_tsne_3d_x": 7.0, "grid_tsne_3d_y": 8.0, "grid_tsne_3d_z": 5.0, "patch_file_embed": "patch_0835_embed.png", "patch_file_rgb": "patch_0835_rgb.png" }, "geometry": { "type": "Point", "coordinates": [ 124.868742468401592, 68.887551844457164 ] } },
{ "type": "Feature", "properties": { "index": 836, "lon": 36.46669582690194, "lat": 9.3153004034041231, "classification": 40, "subregion_name": "Sub-Saharan Africa", "umap_1d_x": -1.240079, "umap_2d_x": 6.0560112, "umap_2d_y": 30.299065, "umap_3d_x": 5.4081154, "umap_3d_y": 30.455132, "umap_3d_z": 26.363098, "tsne_1d_x": 19.154678, "tsne_2d_x": 9.4958, "tsne_2d_y": -17.138203, "tsne_3d_x": 5.2656097, "tsne_3d_y": -36.503441, "tsne_3d_z": 5.5792694, "grid_umap_1d_x": 836.0, "grid_umap_2d_x": 8.0, "grid_umap_2d_y": 29.0, "grid_umap_3d_x": 3.0, "grid_umap_3d_y": 8.0, "grid_umap_3d_z": 8.0, "grid_tsne_1d_x": 836.0, "grid_tsne_2d_x": 15.0, "grid_tsne_2d_y": 7.0, "grid_tsne_3d_x": 5.0, "grid_tsne_3d_y": 0.0, "grid_tsne_3d_z": 4.0, "patch_file_embed": "patch_0836_embed.png", "patch_file_rgb": "patch_0836_rgb.png" }, "geometry": { "type": "Point", "coordinates": [ 36.46669582690194, 9.315300403404123 ] } },
{ "type": "Feature", "properties": { "index": 837, "lon": 5.7173431902878633, "lat": 11.630830822510717, "classification": 20, "subregion_name": "Sub-Saharan Africa", "umap_1d_x": -2.6908441, "umap_2d_x": 10.698776, "umap_2d_y": 20.522743, "umap_3d_x": 8.2226334, "umap_3d_y": 32.218048, "umap_3d_z": 40.80452, "tsne_1d_x": 24.043543, "tsne_2d_x": 16.821968, "tsne_2d_y": -9.3679008, "tsne_3d_x": 6.1361122, "tsne_3d_y": -40.696564, "tsne_3d_z": 25.352654, "grid_umap_1d_x": 837.0, "grid_umap_2d_x": 20.0, "grid_umap_2d_y": 22.0, "grid_umap_3d_x": 4.0, "grid_umap_3d_y": 6.0, "grid_umap_3d_z": 7.0, "grid_tsne_1d_x": 837.0, "grid_tsne_2d_x": 18.0, "grid_tsne_2d_y": 0.0, "grid_tsne_3d_x": 4.0, "grid_tsne_3d_y": 0.0, "grid_tsne_3d_z": 8.0, "patch_file_embed": "patch_0837_embed.png", "patch_file_rgb": "patch_0837_rgb.png" }, "geometry": { "type": "Point", "coordinates": [ 5.717343190287863, 11.630830822510717 ] } },
{ "type": "Feature", "properties": { "index": 838, "lon": 106.5251121774312, "lat": 70.197767068354352, "classification": 30, "subregion_name": "Eastern Europe", "umap_1d_x": 19.123501, "umap_2d_x": -49.233742, "umap_2d_y": -4.8697166, "umap_3d_x": -47.782032, "umap_3d_y": 18.417267, "umap_3d_z": -49.368526, "tsne_1d_x": -71.183434, "tsne_2d_x": -42.744289, "tsne_2d_y": 28.062401, "tsne_3d_x": 12.74506, "tsne_3d_y": 34.551109, "tsne_3d_z": 42.749115, "grid_umap_1d_x": 838.0, "grid_umap_2d_x": 16.0, "grid_umap_2d_y": 14.0, "grid_umap_3d_x": 7.0, "grid_umap_3d_y": 6.0, "grid_umap_3d_z": 0.0, "grid_tsne_1d_x": 838.0, "grid_tsne_2d_x": 11.0, "grid_tsne_2d_y": 27.0, "grid_tsne_3d_x": 7.0, "grid_tsne_3d_y": 8.0, "grid_tsne_3d_z": 7.0, "patch_file_embed": "patch_0838_embed.png", "patch_file_rgb": "patch_0838_rgb.png" }, "geometry": { "type": "Point", "coordinates": [ 106.525112177431197, 70.197767068354352 ] } },
{ "type": "Feature", "properties": { "index": 839, "lon": 24.439757186665645, "lat": 58.630385637204355, "classification": 111, "subregion_name": "Northern Europe", "umap_1d_x": 21.76178, "umap_2d_x": -27.191828, "umap_2d_y": -14.671093, "umap_3d_x": -35.32552, "umap_3d_y": -12.546577, "umap_3d_z": -16.139095, "tsne_1d_x": -21.643908, "tsne_2d_x": -15.591846, "tsne_2d_y": 17.460182, "tsne_3d_x": -31.975273, "tsne_3d_y": 11.020912, "tsne_3d_z": 18.930222, "grid_umap_1d_x": 839.0, "grid_umap_2d_x": 10.0, "grid_umap_2d_y": 1.0, "grid_umap_3d_x": 0.0, "grid_umap_3d_y": 0.0, "grid_umap_3d_z": 1.0, "grid_tsne_1d_x": 839.0, "grid_tsne_2d_x": 10.0, "grid_tsne_2d_y": 21.0, "grid_tsne_3d_x": 2.0, "grid_tsne_3d_y": 6.0, "grid_tsne_3d_z": 6.0, "patch_file_embed": "patch_0839_embed.png", "patch_file_rgb": "patch_0839_rgb.png" }, "geometry": { "type": "Point", "coordinates": [ 24.439757186665645, 58.630385637204355 ] } },
{ "type": "Feature", "properties": { "index": 840, "lon": 34.788338605169457, "lat": -2.681395644224601, "classification": 30, "subregion_name": "Sub-Saharan Africa", "umap_1d_x": -13.222308, "umap_2d_x": 48.061287, "umap_2d_y": -21.450529, "umap_3d_x": 35.794014, "umap_3d_y": -13.957394, "umap_3d_z": 30.212921, "tsne_1d_x": 53.166122, "tsne_2d_x": 32.537773, "tsne_2d_y": 6.1441002, "tsne_3d_x": -9.6643639, "tsne_3d_y": -40.812733, "tsne_3d_z": -8.0949593, "grid_umap_1d_x": 840.0, "grid_umap_2d_x": 28.0, "grid_umap_2d_y": 13.0, "grid_umap_3d_x": 6.0, "grid_umap_3d_y": 2.0, "grid_umap_3d_z": 7.0, "grid_tsne_1d_x": 840.0, "grid_tsne_2d_x": 31.0, "grid_tsne_2d_y": 8.0, "grid_tsne_3d_x": 3.0, "grid_tsne_3d_y": 2.0, "grid_tsne_3d_z": 4.0, "patch_file_embed": "patch_0840_embed.png", "patch_file_rgb": "patch_0840_rgb.png" }, "geometry": { "type": "Point", "coordinates": [ 34.788338605169457, -2.681395644224601 ] } },
{ "type": "Feature", "properties": { "index": 841, "lon": 96.594501112362423, "lat": 66.976495014876505, "classification": 30, "subregion_name": "Eastern Europe", "umap_1d_x": 19.169397, "umap_2d_x": -48.533699, "umap_2d_y": -2.0688171, "umap_3d_x": -48.732857, "umap_3d_y": 18.260368, "umap_3d_z": -45.246353, "tsne_1d_x": -70.831322, "tsne_2d_x": -46.144028, "tsne_2d_y": 22.560883, "tsne_3d_x": 4.9310379, "tsne_3d_y": 36.615341, "tsne_3d_z": 39.734642, "grid_umap_1d_x": 841.0, "grid_umap_2d_x": 10.0, "grid_umap_2d_y": 14.0, "grid_umap_3d_x": 6.0, "grid_umap_3d_y": 6.0, "grid_umap_3d_z": 2.0, "grid_tsne_1d_x": 841.0, "grid_tsne_2d_x": 15.0, "grid_tsne_2d_y": 25.0, "grid_tsne_3d_x": 5.0, "grid_tsne_3d_y": 9.0, "grid_tsne_3d_z": 7.0, "patch_file_embed": "patch_0841_embed.png", "patch_file_rgb": "patch_0841_rgb.png" }, "geometry": { "type": "Point", "coordinates": [ 96.594501112362423, 66.976495014876505 ] } },
{ "type": "Feature", "properties": { "index": 842, "lon": 147.68149849946099, "lat": -35.678786421809335, "classification": 126, "subregion_name": "Unknown", "umap_1d_x": -16.706461, "umap_2d_x": 34.459198, "umap_2d_y": -22.794416, "umap_3d_x": 44.963379, "umap_3d_y": -18.244535, "umap_3d_z": 7.7848854, "tsne_1d_x": 68.030479, "tsne_2d_x": 27.96534, "tsne_2d_y": 37.42926, "tsne_3d_x": -11.014099, "tsne_3d_y": -5.2502975, "tsne_3d_z": -40.939751, "grid_umap_1d_x": 842.0, "grid_umap_2d_x": 21.0, "grid_umap_2d_y": 10.0, "grid_umap_3d_x": 8.0, "grid_umap_3d_y": 2.0, "grid_umap_3d_z": 0.0, "grid_tsne_1d_x": 842.0, "grid_tsne_2d_x": 21.0, "grid_tsne_2d_y": 29.0, "grid_tsne_3d_x": 4.0, "grid_tsne_3d_y": 8.0, "grid_tsne_3d_z": 0.0, "patch_file_embed": "patch_0842_embed.png", "patch_file_rgb": "patch_0842_rgb.png" }, "geometry": { "type": "Point", "coordinates": [ 147.681498499460986, -35.678786421809335 ] } },
{ "type": "Feature", "properties": { "index": 843, "lon": 66.519711297732812, "lat": 35.823222905765263, "classification": 30, "subregion_name": "Southern Asia", "umap_1d_x": 7.166441, "umap_2d_x": -15.486481, "umap_2d_y": 8.4489937, "umap_3d_x": -22.469345, "umap_3d_y": 2.7094612, "umap_3d_z": 5.9779243, "tsne_1d_x": -4.8816094, "tsne_2d_x": 1.7214851, "tsne_2d_y": 21.086845, "tsne_3d_x": -12.393402, "tsne_3d_y": -8.06847, "tsne_3d_z": 14.276543, "grid_umap_1d_x": 843.0, "grid_umap_2d_x": 20.0, "grid_umap_2d_y": 18.0, "grid_umap_3d_x": 1.0, "grid_umap_3d_y": 4.0, "grid_umap_3d_z": 6.0, "grid_tsne_1d_x": 843.0, "grid_tsne_2d_x": 20.0, "grid_tsne_2d_y": 23.0, "grid_tsne_3d_x": 3.0, "grid_tsne_3d_y": 4.0, "grid_tsne_3d_z": 6.0, "patch_file_embed": "patch_0843_embed.png", "patch_file_rgb": "patch_0843_rgb.png" }, "geometry": { "type": "Point", "coordinates": [ 66.519711297732812, 35.823222905765263 ] } },
{ "type": "Feature", "properties": { "index": 844, "lon": 133.18833070311388, "lat": -24.861854040214943, "classification": 20, "subregion_name": "Unknown", "umap_1d_x": -20.438854, "umap_2d_x": 41.759972, "umap_2d_y": -47.876804, "umap_3d_x": 47.790802, "umap_3d_y": -47.037163, "umap_3d_z": 24.703941, "tsne_1d_x": 80.10379, "tsne_2d_x": 44.282715, "tsne_2d_y": 45.779991, "tsne_3d_x": -41.262356, "tsne_3d_y": -17.598602, "tsne_3d_z": -18.078342, "grid_umap_1d_x": 844.0, "grid_umap_2d_x": 23.0, "grid_umap_2d_y": 1.0, "grid_umap_3d_x": 6.0, "grid_umap_3d_y": 1.0, "grid_umap_3d_z": 4.0, "grid_tsne_1d_x": 844.0, "grid_tsne_2d_x": 25.0, "grid_tsne_2d_y": 28.0, "grid_tsne_3d_x": 0.0, "grid_tsne_3d_y": 3.0, "grid_tsne_3d_z": 2.0, "patch_file_embed": "patch_0844_embed.png", "patch_file_rgb": "patch_0844_rgb.png" }, "geometry": { "type": "Point", "coordinates": [ 133.188330703113877, -24.861854040214943 ] } },
{ "type": "Feature", "properties": { "index": 845, "lon": -2.161912348021104, "lat": 53.57925029325915, "classification": 30, "subregion_name": "Unknown", "umap_1d_x": 22.876472, "umap_2d_x": -21.313759, "umap_2d_y": -16.350277, "umap_3d_x": -29.51185, "umap_3d_y": -16.266834, "umap_3d_z": -9.5340919, "tsne_1d_x": -19.652411, "tsne_2d_x": -9.0862694, "tsne_2d_y": 21.261765, "tsne_3d_x": -38.505527, "tsne_3d_y": -2.766777, "tsne_3d_z": 14.76136, "grid_umap_1d_x": 845.0, "grid_umap_2d_x": 17.0, "grid_umap_2d_y": 1.0, "grid_umap_3d_x": 4.0, "grid_umap_3d_y": 0.0, "grid_umap_3d_z": 3.0, "grid_tsne_1d_x": 845.0, "grid_tsne_2d_x": 0.0, "grid_tsne_2d_y": 22.0, "grid_tsne_3d_x": 2.0, "grid_tsne_3d_y": 5.0, "grid_tsne_3d_z": 5.0, "patch_file_embed": "patch_0845_embed.png", "patch_file_rgb": "patch_0845_rgb.png" }, "geometry": { "type": "Point", "coordinates": [ -2.161912348021104, 53.57925029325915 ] } },
{ "type": "Feature", "properties": { "index": 846, "lon": -157.86392933635051, "lat": 56.746615938309219, "classification": 30, "subregion_name": "Unknown", "umap_1d_x": 22.011608, "umap_2d_x": -24.611506, "umap_2d_y": -16.039452, "umap_3d_x": -33.096375, "umap_3d_y": -16.108913, "umap_3d_z": -9.8630295, "tsne_1d_x": -21.197596, "tsne_2d_x": -13.06892, "tsne_2d_y": 19.688499, "tsne_3d_x": -42.99815, "tsne_3d_y": 7.327507, "tsne_3d_z": 13.274403, "grid_umap_1d_x": 846.0, "grid_umap_2d_x": 12.0, "grid_umap_2d_y": 1.0, "grid_umap_3d_x": 4.0, "grid_umap_3d_y": 1.0, "grid_umap_3d_z": 4.0, "grid_tsne_1d_x": 846.0, "grid_tsne_2d_x": 19.0, "grid_tsne_2d_y": 23.0, "grid_tsne_3d_x": 1.0, "grid_tsne_3d_y": 6.0, "grid_tsne_3d_z": 4.0, "patch_file_embed": "patch_0846_embed.png", "patch_file_rgb": "patch_0846_rgb.png" }, "geometry": { "type": "Point", "coordinates": [ -157.863929336350509, 56.746615938309219 ] } },
{ "type": "Feature", "properties": { "index": 847, "lon": -78.112343644431164, "lat": 0.61396412373560605, "classification": 30, "subregion_name": "Latin America and the Caribbean", "umap_1d_x": -13.161092, "umap_2d_x": 46.868591, "umap_2d_y": -16.448692, "umap_3d_x": 35.258659, "umap_3d_y": -9.1369171, "umap_3d_z": 22.484314, "tsne_1d_x": 49.338173, "tsne_2d_x": 32.677994, "tsne_2d_y": -0.92867661, "tsne_3d_x": 6.9531097, "tsne_3d_y": -34.813339, "tsne_3d_z": -9.2870827, "grid_umap_1d_x": 847.0, "grid_umap_2d_x": 30.0, "grid_umap_2d_y": 12.0, "grid_umap_3d_x": 10.0, "grid_umap_3d_y": 2.0, "grid_umap_3d_z": 6.0, "grid_tsne_1d_x": 847.0, "grid_tsne_2d_x": 25.0, "grid_tsne_2d_y": 13.0, "grid_tsne_3d_x": 6.0, "grid_tsne_3d_y": 1.0, "grid_tsne_3d_z": 3.0, "patch_file_embed": "patch_0847_embed.png", "patch_file_rgb": "patch_0847_rgb.png" }, "geometry": { "type": "Point", "coordinates": [ -78.112343644431164, 0.613964123735606 ] } },
{ "type": "Feature", "properties": { "index": 848, "lon": 83.463585741757925, "lat": 63.05846107333565, "classification": 111, "subregion_name": "Eastern Europe", "umap_1d_x": 15.110008, "umap_2d_x": -36.492214, "umap_2d_y": -0.053642273000001239, "umap_3d_x": -47.407585, "umap_3d_y": -0.57504654, "umap_3d_z": -8.1935806, "tsne_1d_x": -32.982414, "tsne_2d_x": -28.951498, "tsne_2d_y": -8.5435677, "tsne_3d_x": -8.5370407, "tsne_3d_y": 35.544624, "tsne_3d_z": 7.6269875, "grid_umap_1d_x": 848.0, "grid_umap_2d_x": 6.0, "grid_umap_2d_y": 12.0, "grid_umap_3d_x": 0.0, "grid_umap_3d_y": 3.0, "grid_umap_3d_z": 4.0, "grid_tsne_1d_x": 848.0, "grid_tsne_2d_x": 4.0, "grid_tsne_2d_y": 9.0, "grid_tsne_3d_x": 3.0, "grid_tsne_3d_y": 10.0, "grid_tsne_3d_z": 3.0, "patch_file_embed": "patch_0848_embed.png", "patch_file_rgb": "patch_0848_rgb.png" }, "geometry": { "type": "Point", "coordinates": [ 83.463585741757925, 63.05846107333565 ] } },
{ "type": "Feature", "properties": { "index": 849, "lon": 12.534334571408436, "lat": 55.617581588163418, "classification": 90, "subregion_name": "Unknown", "umap_1d_x": 22.449034, "umap_2d_x": -23.019371, "umap_2d_y": -15.244465, "umap_3d_x": -31.558449, "umap_3d_y": -15.320332, "umap_3d_z": -8.4914551, "tsne_1d_x": -20.559422, "tsne_2d_x": -11.00605, "tsne_2d_y": 18.951904, "tsne_3d_x": -38.021088, "tsne_3d_y": 3.9369278, "tsne_3d_z": 13.835709, "grid_umap_1d_x": 849.0, "grid_umap_2d_x": 14.0, "grid_umap_2d_y": 2.0, "grid_umap_3d_x": 2.0, "grid_umap_3d_y": 0.0, "grid_umap_3d_z": 4.0, "grid_tsne_1d_x": 849.0, "grid_tsne_2d_x": 6.0, "grid_tsne_2d_y": 21.0, "grid_tsne_3d_x": 1.0, "grid_tsne_3d_y": 6.0, "grid_tsne_3d_z": 5.0, "patch_file_embed": "patch_0849_embed.png", "patch_file_rgb": "patch_0849_rgb.png" }, "geometry": { "type": "Point", "coordinates": [ 12.534334571408436, 55.617581588163418 ] } },
{ "type": "Feature", "properties": { "index": 850, "lon": 49.512217539831198, "lat": 40.507920331571697, "classification": 30, "subregion_name": "Western Asia", "umap_1d_x": 6.0449429, "umap_2d_x": -11.740005, "umap_2d_y": 6.5429459, "umap_3d_x": -19.052114, "umap_3d_y": 1.6921043, "umap_3d_z": 10.883266, "tsne_1d_x": -1.0736307, "tsne_2d_x": 7.6880455, "tsne_2d_y": 12.86763, "tsne_3d_x": -18.411917, "tsne_3d_y": -20.951843, "tsne_3d_z": 21.884323, "grid_umap_1d_x": 850.0, "grid_umap_2d_x": 4.0, "grid_umap_2d_y": 11.0, "grid_umap_3d_x": 1.0, "grid_umap_3d_y": 4.0, "grid_umap_3d_z": 8.0, "grid_tsne_1d_x": 850.0, "grid_tsne_2d_x": 8.0, "grid_tsne_2d_y": 13.0, "grid_tsne_3d_x": 0.0, "grid_tsne_3d_y": 0.0, "grid_tsne_3d_z": 8.0, "patch_file_embed": "patch_0850_embed.png", "patch_file_rgb": "patch_0850_rgb.png" }, "geometry": { "type": "Point", "coordinates": [ 49.512217539831198, 40.507920331571697 ] } },
{ "type": "Feature", "properties": { "index": 851, "lon": -157.25081310651191, "lat": 61.318577075426504, "classification": 111, "subregion_name": "Unknown", "umap_1d_x": 15.142678, "umap_2d_x": -31.764706, "umap_2d_y": -8.3379593, "umap_3d_x": -42.298, "umap_3d_y": -8.0213509, "umap_3d_z": -10.322933, "tsne_1d_x": -30.473835, "tsne_2d_x": -25.014145, "tsne_2d_y": -2.9053421, "tsne_3d_x": -29.964666, "tsne_3d_y": 28.508331, "tsne_3d_z": 10.543423, "grid_umap_1d_x": 851.0, "grid_umap_2d_x": 3.0, "grid_umap_2d_y": 4.0, "grid_umap_3d_x": 0.0, "grid_umap_3d_y": 1.0, "grid_umap_3d_z": 3.0, "grid_tsne_1d_x": 851.0, "grid_tsne_2d_x": 10.0, "grid_tsne_2d_y": 13.0, "grid_tsne_3d_x": 1.0, "grid_tsne_3d_y": 8.0, "grid_tsne_3d_z": 4.0, "patch_file_embed": "patch_0851_embed.png", "patch_file_rgb": "patch_0851_rgb.png" }, "geometry": { "type": "Point", "coordinates": [ -157.250813106511913, 61.318577075426504 ] } },
{ "type": "Feature", "properties": { "index": 852, "lon": 99.228268155945784, "lat": 66.725766872642581, "classification": 116, "subregion_name": "Eastern Europe", "umap_1d_x": 18.718761, "umap_2d_x": -48.41592, "umap_2d_y": 2.945118, "umap_3d_x": -48.025795, "umap_3d_y": 24.167068, "umap_3d_z": -39.021313, "tsne_1d_x": -68.822075, "tsne_2d_x": -42.525528, "tsne_2d_y": 17.284767, "tsne_3d_x": 14.48568, "tsne_3d_y": 43.225571, "tsne_3d_z": 31.675987, "grid_umap_1d_x": 852.0, "grid_umap_2d_x": 9.0, "grid_umap_2d_y": 17.0, "grid_umap_3d_x": 4.0, "grid_umap_3d_y": 9.0, "grid_umap_3d_z": 1.0, "grid_tsne_1d_x": 852.0, "grid_tsne_2d_x": 16.0, "grid_tsne_2d_y": 23.0, "grid_tsne_3d_x": 7.0, "grid_tsne_3d_y": 10.0, "grid_tsne_3d_z": 6.0, "patch_file_embed": "patch_0852_embed.png", "patch_file_rgb": "patch_0852_rgb.png" }, "geometry": { "type": "Point", "coordinates": [ 99.228268155945784, 66.725766872642581 ] } },
{ "type": "Feature", "properties": { "index": 853, "lon": 7.4372548162180578, "lat": 13.106049146548543, "classification": 40, "subregion_name": "Sub-Saharan Africa", "umap_1d_x": 1.9609145, "umap_2d_x": 10.084187, "umap_2d_y": 16.261597, "umap_3d_x": 8.6910362, "umap_3d_y": 26.633156, "umap_3d_z": 46.107613, "tsne_1d_x": 25.227194, "tsne_2d_x": 15.711037, "tsne_2d_y": -4.2694893, "tsne_3d_x": -1.6038475, "tsne_3d_y": -38.056297, "tsne_3d_z": 26.276085, "grid_umap_1d_x": 853.0, "grid_umap_2d_x": 13.0, "grid_umap_2d_y": 17.0, "grid_umap_3d_x": 3.0, "grid_umap_3d_y": 6.0, "grid_umap_3d_z": 8.0, "grid_tsne_1d_x": 853.0, "grid_tsne_2d_x": 17.0, "grid_tsne_2d_y": 5.0, "grid_tsne_3d_x": 4.0, "grid_tsne_3d_y": 3.0, "grid_tsne_3d_z": 7.0, "patch_file_embed": "patch_0853_embed.png", "patch_file_rgb": "patch_0853_rgb.png" }, "geometry": { "type": "Point", "coordinates": [ 7.437254816218058, 13.106049146548543 ] } },
{ "type": "Feature", "properties": { "index": 854, "lon": 21.572592257858844, "lat": -22.424326053343549, "classification": 20, "subregion_name": "Sub-Saharan Africa", "umap_1d_x": -15.249481, "umap_2d_x": 45.31517, "umap_2d_y": -34.215942, "umap_3d_x": 41.082397, "umap_3d_y": -29.236313, "umap_3d_z": 28.7453, "tsne_1d_x": 72.14151, "tsne_2d_x": 39.509277, "tsne_2d_y": 30.776581, "tsne_3d_x": -29.367119, "tsne_3d_y": -27.871283, "tsne_3d_z": -15.656384, "grid_umap_1d_x": 854.0, "grid_umap_2d_x": 26.0, "grid_umap_2d_y": 7.0, "grid_umap_3d_x": 5.0, "grid_umap_3d_y": 0.0, "grid_umap_3d_z": 7.0, "grid_tsne_1d_x": 854.0, "grid_tsne_2d_x": 31.0, "grid_tsne_2d_y": 27.0, "grid_tsne_3d_x": 1.0, "grid_tsne_3d_y": 2.0, "grid_tsne_3d_z": 3.0, "patch_file_embed": "patch_0854_embed.png", "patch_file_rgb": "patch_0854_rgb.png" }, "geometry": { "type": "Point", "coordinates": [ 21.572592257858844, -22.424326053343549 ] } },
{ "type": "Feature", "properties": { "index": 855, "lon": 40.404892348485703, "lat": -11.542510542848127, "classification": 126, "subregion_name": "Sub-Saharan Africa", "umap_1d_x": -14.632514, "umap_2d_x": 42.147758, "umap_2d_y": -19.052107, "umap_3d_x": 43.231026, "umap_3d_y": -10.922699, "umap_3d_z": 27.519196, "tsne_1d_x": 59.154388, "tsne_2d_x": 43.766747, "tsne_2d_y": 13.927685, "tsne_3d_x": -8.3255653, "tsne_3d_y": -35.049309, "tsne_3d_z": -34.949295, "grid_umap_1d_x": 855.0, "grid_umap_2d_x": 26.0, "grid_umap_2d_y": 11.0, "grid_umap_3d_x": 10.0, "grid_umap_3d_y": 3.0, "grid_umap_3d_z": 6.0, "grid_tsne_1d_x": 855.0, "grid_tsne_2d_x": 28.0, "grid_tsne_2d_y": 19.0, "grid_tsne_3d_x": 4.0, "grid_tsne_3d_y": 2.0, "grid_tsne_3d_z": 0.0, "patch_file_embed": "patch_0855_embed.png", "patch_file_rgb": "patch_0855_rgb.png" }, "geometry": { "type": "Point", "coordinates": [ 40.404892348485703, -11.542510542848127 ] } },
{ "type": "Feature", "properties": { "index": 856, "lon": 10.236631437171582, "lat": 46.209920371981937, "classification": 111, "subregion_name": "Southern Europe", "umap_1d_x": 22.279837, "umap_2d_x": -30.530352, "umap_2d_y": 4.497921, "umap_3d_x": -39.381954, "umap_3d_y": 1.8479271, "umap_3d_z": -1.740448, "tsne_1d_x": -22.289824, "tsne_2d_x": -8.3928909, "tsne_2d_y": 11.687046, "tsne_3d_x": -16.554089, "tsne_3d_y": 1.0370331, "tsne_3d_z": 9.3458252, "grid_umap_1d_x": 856.0, "grid_umap_2d_x": 23.0, "grid_umap_2d_y": 19.0, "grid_umap_3d_x": 4.0, "grid_umap_3d_y": 4.0, "grid_umap_3d_z": 6.0, "grid_tsne_1d_x": 856.0, "grid_tsne_2d_x": 3.0, "grid_tsne_2d_y": 15.0, "grid_tsne_3d_x": 1.0, "grid_tsne_3d_y": 4.0, "grid_tsne_3d_z": 5.0, "patch_file_embed": "patch_0856_embed.png", "patch_file_rgb": "patch_0856_rgb.png" }, "geometry": { "type": "Point", "coordinates": [ 10.236631437171582, 46.209920371981937 ] } },
{ "type": "Feature", "properties": { "index": 857, "lon": 133.0559263219327, "lat": 44.818846058774085, "classification": 126, "subregion_name": "Eastern Europe", "umap_1d_x": 8.8551493, "umap_2d_x": -16.809277, "umap_2d_y": 30.005997, "umap_3d_x": -15.730286, "umap_3d_y": 23.627922, "umap_3d_z": -7.6568298, "tsne_1d_x": -8.1207151, "tsne_2d_x": -9.1881638, "tsne_2d_y": -21.064367, "tsne_3d_x": 33.074982, "tsne_3d_y": 13.132893, "tsne_3d_z": 13.257225, "grid_umap_1d_x": 857.0, "grid_umap_2d_x": 0.0, "grid_umap_2d_y": 27.0, "grid_umap_3d_x": 1.0, "grid_umap_3d_y": 10.0, "grid_umap_3d_z": 2.0, "grid_tsne_1d_x": 857.0, "grid_tsne_2d_x": 5.0, "grid_tsne_2d_y": 0.0, "grid_tsne_3d_x": 10.0, "grid_tsne_3d_y": 8.0, "grid_tsne_3d_z": 4.0, "patch_file_embed": "patch_0857_embed.png", "patch_file_rgb": "patch_0857_rgb.png" }, "geometry": { "type": "Point", "coordinates": [ 133.055926321932702, 44.818846058774085 ] } },
{ "type": "Feature", "properties": { "index": 858, "lon": 124.00247186583562, "lat": -32.085682785298943, "classification": 30, "subregion_name": "Unknown", "umap_1d_x": -19.731888, "umap_2d_x": 38.685204, "umap_2d_y": -45.516811, "umap_3d_x": 48.858147, "umap_3d_y": -42.137695, "umap_3d_z": 18.07724, "tsne_1d_x": 77.554337, "tsne_2d_x": 38.827721, "tsne_2d_y": 45.692093, "tsne_3d_x": -35.437344, "tsne_3d_y": -10.621906, "tsne_3d_z": -26.179665, "grid_umap_1d_x": 858.0, "grid_umap_2d_x": 19.0, "grid_umap_2d_y": 2.0, "grid_umap_3d_x": 8.0, "grid_umap_3d_y": 1.0, "grid_umap_3d_z": 1.0, "grid_tsne_1d_x": 858.0, "grid_tsne_2d_x": 21.0, "grid_tsne_2d_y": 26.0, "grid_tsne_3d_x": 0.0, "grid_tsne_3d_y": 7.0, "grid_tsne_3d_z": 0.0, "patch_file_embed": "patch_0858_embed.png", "patch_file_rgb": "patch_0858_rgb.png" }, "geometry": { "type": "Point", "coordinates": [ 124.002471865835616, -32.085682785298943 ] } },
{ "type": "Feature", "properties": { "index": 859, "lon": -83.223831298973991, "lat": 39.153932849857938, "classification": 114, "subregion_name": "Unknown", "umap_1d_x": 9.9102211, "umap_2d_x": -24.781401, "umap_2d_y": 14.639122, "umap_3d_x": -23.77438, "umap_3d_y": 5.3037987, "umap_3d_z": -26.631479, "tsne_1d_x": -13.681217, "tsne_2d_x": -7.1786385, "tsne_2d_y": -4.5555458, "tsne_3d_x": 13.458138, "tsne_3d_y": 5.2707672, "tsne_3d_z": -6.2678032, "grid_umap_1d_x": 859.0, "grid_umap_2d_x": 8.0, "grid_umap_2d_y": 20.0, "grid_umap_3d_x": 8.0, "grid_umap_3d_y": 4.0, "grid_umap_3d_z": 1.0, "grid_tsne_1d_x": 859.0, "grid_tsne_2d_x": 8.0, "grid_tsne_2d_y": 6.0, "grid_tsne_3d_x": 8.0, "grid_tsne_3d_y": 8.0, "grid_tsne_3d_z": 1.0, "patch_file_embed": "patch_0859_embed.png", "patch_file_rgb": "patch_0859_rgb.png" }, "geometry": { "type": "Point", "coordinates": [ -83.223831298973991, 39.153932849857938 ] } },
{ "type": "Feature", "properties": { "index": 860, "lon": -39.931217433809564, "lat": -14.51397820191189, "classification": 30, "subregion_name": "Latin America and the Caribbean", "umap_1d_x": -14.218861, "umap_2d_x": 42.923149, "umap_2d_y": -15.874931, "umap_3d_x": 42.37133, "umap_3d_y": -7.8635254, "umap_3d_z": 32.21328, "tsne_1d_x": 61.208775, "tsne_2d_x": 34.18161, "tsne_2d_y": 16.883263, "tsne_3d_x": -9.4321136, "tsne_3d_y": -16.162048, "tsne_3d_z": -16.65657, "grid_umap_1d_x": 860.0, "grid_umap_2d_x": 24.0, "grid_umap_2d_y": 17.0, "grid_umap_3d_x": 9.0, "grid_umap_3d_y": 5.0, "grid_umap_3d_z": 6.0, "grid_tsne_1d_x": 860.0, "grid_tsne_2d_x": 24.0, "grid_tsne_2d_y": 20.0, "grid_tsne_3d_x": 1.0, "grid_tsne_3d_y": 1.0, "grid_tsne_3d_z": 0.0, "patch_file_embed": "patch_0860_embed.png", "patch_file_rgb": "patch_0860_rgb.png" }, "geometry": { "type": "Point", "coordinates": [ -39.931217433809564, -14.51397820191189 ] } },
{ "type": "Feature", "properties": { "index": 861, "lon": 49.474991886076964, "lat": 31.696688832330267, "classification": 30, "subregion_name": "Southern Asia", "umap_1d_x": 6.0707397, "umap_2d_x": -11.809662, "umap_2d_y": 5.637043, "umap_3d_x": -19.679129, "umap_3d_y": 1.1919479, "umap_3d_z": 10.778896, "tsne_1d_x": -1.1002102, "tsne_2d_x": 7.2289772, "tsne_2d_y": 14.050987, "tsne_3d_x": -19.550938, "tsne_3d_y": -20.987432, "tsne_3d_z": 16.596581, "grid_umap_1d_x": 861.0, "grid_umap_2d_x": 10.0, "grid_umap_2d_y": 12.0, "grid_umap_3d_x": 3.0, "grid_umap_3d_y": 3.0, "grid_umap_3d_z": 7.0, "grid_tsne_1d_x": 861.0, "grid_tsne_2d_x": 15.0, "grid_tsne_2d_y": 17.0, "grid_tsne_3d_x": 1.0, "grid_tsne_3d_y": 2.0, "grid_tsne_3d_z": 6.0, "patch_file_embed": "patch_0861_embed.png", "patch_file_rgb": "patch_0861_rgb.png" }, "geometry": { "type": "Point", "coordinates": [ 49.474991886076964, 31.696688832330267 ] } },
{ "type": "Feature", "properties": { "index": 862, "lon": -101.83578511150249, "lat": 55.433838214275923, "classification": 126, "subregion_name": "Northern America", "umap_1d_x": 17.857882, "umap_2d_x": -45.129265, "umap_2d_y": -17.637539, "umap_3d_x": -42.118694, "umap_3d_y": 3.6781311, "umap_3d_z": -43.787727, "tsne_1d_x": -58.797726, "tsne_2d_x": -33.473923, "tsne_2d_y": 34.608894, "tsne_3d_x": 6.8958588, "tsne_3d_y": 16.05864, "tsne_3d_z": 41.725479, "grid_umap_1d_x": 862.0, "grid_umap_2d_x": 1.0, "grid_umap_2d_y": 0.0, "grid_umap_3d_x": 6.0, "grid_umap_3d_y": 3.0, "grid_umap_3d_z": 0.0, "grid_tsne_1d_x": 862.0, "grid_tsne_2d_x": 8.0, "grid_tsne_2d_y": 30.0, "grid_tsne_3d_x": 5.0, "grid_tsne_3d_y": 5.0, "grid_tsne_3d_z": 6.0, "patch_file_embed": "patch_0862_embed.png", "patch_file_rgb": "patch_0862_rgb.png" }, "geometry": { "type": "Point", "coordinates": [ -101.835785111502489, 55.433838214275923 ] } },
{ "type": "Feature", "properties": { "index": 863, "lon": 134.99775969319853, "lat": 46.687914114054593, "classification": 115, "subregion_name": "Eastern Europe", "umap_1d_x": 13.167706, "umap_2d_x": -36.120441, "umap_2d_y": 12.788921, "umap_3d_x": -43.066597, "umap_3d_y": 14.89769, "umap_3d_z": -8.7543678, "tsne_1d_x": -39.279118, "tsne_2d_x": -34.874523, "tsne_2d_y": -8.96661, "tsne_3d_x": 8.1748734, "tsne_3d_y": 31.899979, "tsne_3d_z": -0.39554596, "grid_umap_1d_x": 863.0, "grid_umap_2d_x": 21.0, "grid_umap_2d_y": 22.0, "grid_umap_3d_x": 1.0, "grid_umap_3d_y": 7.0, "grid_umap_3d_z": 5.0, "grid_tsne_1d_x": 863.0, "grid_tsne_2d_x": 15.0, "grid_tsne_2d_y": 15.0, "grid_tsne_3d_x": 7.0, "grid_tsne_3d_y": 10.0, "grid_tsne_3d_z": 1.0, "patch_file_embed": "patch_0863_embed.png", "patch_file_rgb": "patch_0863_rgb.png" }, "geometry": { "type": "Point", "coordinates": [ 134.997759693198532, 46.687914114054593 ] } },
{ "type": "Feature", "properties": { "index": 864, "lon": 105.00855375538987, "lat": 18.44833738645714, "classification": 122, "subregion_name": "South-eastern Asia", "umap_1d_x": -0.84089267, "umap_2d_x": 3.9155884, "umap_2d_y": 34.830605, "umap_3d_x": 4.3510323, "umap_3d_y": 36.223274, "umap_3d_z": 16.271622, "tsne_1d_x": 9.5774679, "tsne_2d_x": 6.8772621, "tsne_2d_y": -34.464928, "tsne_3d_x": 24.834618, "tsne_3d_y": -25.816963, "tsne_3d_z": 6.8614349, "grid_umap_1d_x": 864.0, "grid_umap_2d_x": 19.0, "grid_umap_2d_y": 25.0, "grid_umap_3d_x": 5.0, "grid_umap_3d_y": 8.0, "grid_umap_3d_z": 4.0, "grid_tsne_1d_x": 864.0, "grid_tsne_2d_x": 14.0, "grid_tsne_2d_y": 0.0, "grid_tsne_3d_x": 7.0, "grid_tsne_3d_y": 3.0, "grid_tsne_3d_z": 4.0, "patch_file_embed": "patch_0864_embed.png", "patch_file_rgb": "patch_0864_rgb.png" }, "geometry": { "type": "Point", "coordinates": [ 105.008553755389869, 18.44833738645714 ] } },
{ "type": "Feature", "properties": { "index": 865, "lon": -120.40266649190195, "lat": 40.236977405227464, "classification": 60, "subregion_name": "Unknown", "umap_1d_x": 5.4475956, "umap_2d_x": -11.69392, "umap_2d_y": 23.300995, "umap_3d_x": -12.812496, "umap_3d_y": 20.678848, "umap_3d_z": 4.34478, "tsne_1d_x": 1.7301477, "tsne_2d_x": -0.45575714, "tsne_2d_y": -18.131701, "tsne_3d_x": 27.393829, "tsne_3d_y": -8.6649704, "tsne_3d_z": -11.176781, "grid_umap_1d_x": 865.0, "grid_umap_2d_x": 4.0, "grid_umap_2d_y": 24.0, "grid_umap_3d_x": 0.0, "grid_umap_3d_y": 9.0, "grid_umap_3d_z": 7.0, "grid_tsne_1d_x": 865.0, "grid_tsne_2d_x": 9.0, "grid_tsne_2d_y": 1.0, "grid_tsne_3d_x": 9.0, "grid_tsne_3d_y": 7.0, "grid_tsne_3d_z": 1.0, "patch_file_embed": "patch_0865_embed.png", "patch_file_rgb": "patch_0865_rgb.png" }, "geometry": { "type": "Point", "coordinates": [ -120.402666491901954, 40.236977405227464 ] } },
{ "type": "Feature", "properties": { "index": 866, "lon": -65.848994712269644, "lat": 51.095339046499632, "classification": 111, "subregion_name": "Northern America", "umap_1d_x": 15.129094, "umap_2d_x": -35.450989, "umap_2d_y": -5.9835091, "umap_3d_x": -45.672134, "umap_3d_y": -5.7138252, "umap_3d_z": -17.793385, "tsne_1d_x": -33.803768, "tsne_2d_x": -22.057486, "tsne_2d_y": 2.6572762, "tsne_3d_x": -18.473965, "tsne_3d_y": 33.068626, "tsne_3d_z": 20.824165, "grid_umap_1d_x": 866.0, "grid_umap_2d_x": 14.0, "grid_umap_2d_y": 10.0, "grid_umap_3d_x": 1.0, "grid_umap_3d_y": 2.0, "grid_umap_3d_z": 2.0, "grid_tsne_1d_x": 866.0, "grid_tsne_2d_x": 18.0, "grid_tsne_2d_y": 18.0, "grid_tsne_3d_x": 1.0, "grid_tsne_3d_y": 9.0, "grid_tsne_3d_z": 6.0, "patch_file_embed": "patch_0866_embed.png", "patch_file_rgb": "patch_0866_rgb.png" }, "geometry": { "type": "Point", "coordinates": [ -65.848994712269644, 51.095339046499632 ] } },
{ "type": "Feature", "properties": { "index": 867, "lon": -62.423941750689423, "lat": -9.1335196233110167, "classification": 112, "subregion_name": "Latin America and the Caribbean", "umap_1d_x": -8.9994717, "umap_2d_x": 39.182816, "umap_2d_y": 25.750191, "umap_3d_x": 35.50251, "umap_3d_y": 38.88961, "umap_3d_z": 0.21549988, "tsne_1d_x": 44.160366, "tsne_2d_x": 47.00515, "tsne_2d_y": -22.019526, "tsne_3d_x": 23.690018, "tsne_3d_y": -45.809544, "tsne_3d_z": -32.825405, "grid_umap_1d_x": 867.0, "grid_umap_2d_x": 28.0, "grid_umap_2d_y": 19.0, "grid_umap_3d_x": 10.0, "grid_umap_3d_y": 6.0, "grid_umap_3d_z": 1.0, "grid_tsne_1d_x": 867.0, "grid_tsne_2d_x": 30.0, "grid_tsne_2d_y": 6.0, "grid_tsne_3d_x": 7.0, "grid_tsne_3d_y": 0.0, "grid_tsne_3d_z": 0.0, "patch_file_embed": "patch_0867_embed.png", "patch_file_rgb": "patch_0867_rgb.png" }, "geometry": { "type": "Point", "coordinates": [ -62.423941750689423, -9.133519623311017 ] } },
{ "type": "Feature", "properties": { "index": 868, "lon": 103.71112276275875, "lat": 70.539135095319352, "classification": 116, "subregion_name": "Eastern Europe", "umap_1d_x": 16.065758, "umap_2d_x": -45.55751, "umap_2d_y": 7.5175934, "umap_3d_x": -49.661385, "umap_3d_y": 21.219109, "umap_3d_z": -25.961117, "tsne_1d_x": -66.709534, "tsne_2d_x": -45.403126, "tsne_2d_y": 6.1922073, "tsne_3d_x": 5.0166893, "tsne_3d_y": 45.288742, "tsne_3d_z": 20.435623, "grid_umap_1d_x": 868.0, "grid_umap_2d_x": 1.0, "grid_umap_2d_y": 17.0, "grid_umap_3d_x": 1.0, "grid_umap_3d_y": 8.0, "grid_umap_3d_z": 2.0, "grid_tsne_1d_x": 868.0, "grid_tsne_2d_x": 20.0, "grid_tsne_2d_y": 21.0, "grid_tsne_3d_x": 5.0, "grid_tsne_3d_y": 9.0, "grid_tsne_3d_z": 4.0, "patch_file_embed": "patch_0868_embed.png", "patch_file_rgb": "patch_0868_rgb.png" }, "geometry": { "type": "Point", "coordinates": [ 103.711122762758748, 70.539135095319352 ] } },
{ "type": "Feature", "properties": { "index": 869, "lon": -61.715432899075097, "lat": -12.813664381218231, "classification": 112, "subregion_name": "Latin America and the Caribbean", "umap_1d_x": -9.1938763, "umap_2d_x": 39.251122, "umap_2d_y": 24.896713, "umap_3d_x": 36.164124, "umap_3d_y": 36.899277, "umap_3d_z": 1.6114311, "tsne_1d_x": 45.023701, "tsne_2d_x": 46.286819, "tsne_2d_y": -19.311344, "tsne_3d_x": 19.607826, "tsne_3d_y": -41.861622, "tsne_3d_z": -33.033356, "grid_umap_1d_x": 869.0, "grid_umap_2d_x": 30.0, "grid_umap_2d_y": 19.0, "grid_umap_3d_x": 10.0, "grid_umap_3d_y": 7.0, "grid_umap_3d_z": 3.0, "grid_tsne_1d_x": 869.0, "grid_tsne_2d_x": 24.0, "grid_tsne_2d_y": 16.0, "grid_tsne_3d_x": 6.0, "grid_tsne_3d_y": 2.0, "grid_tsne_3d_z": 1.0, "patch_file_embed": "patch_0869_embed.png", "patch_file_rgb": "patch_0869_rgb.png" }, "geometry": { "type": "Point", "coordinates": [ -61.715432899075097, -12.813664381218231 ] } },
{ "type": "Feature", "properties": { "index": 870, "lon": -66.925026721278542, "lat": -8.9729481849858885, "classification": 112, "subregion_name": "Latin America and the Caribbean", "umap_1d_x": -8.7277231, "umap_2d_x": 37.811165, "umap_2d_y": 27.248039, "umap_3d_x": 34.592796, "umap_3d_y": 40.337929, "umap_3d_z": -0.62620544, "tsne_1d_x": 43.428101, "tsne_2d_x": 46.130272, "tsne_2d_y": -24.879181, "tsne_3d_x": 28.465958, "tsne_3d_y": -44.502079, "tsne_3d_z": -31.329668, "grid_umap_1d_x": 870.0, "grid_umap_2d_x": 28.0, "grid_umap_2d_y": 21.0, "grid_umap_3d_x": 10.0, "grid_umap_3d_y": 8.0, "grid_umap_3d_z": 0.0, "grid_tsne_1d_x": 870.0, "grid_tsne_2d_x": 24.0, "grid_tsne_2d_y": 15.0, "grid_tsne_3d_x": 8.0, "grid_tsne_3d_y": 0.0, "grid_tsne_3d_z": 0.0, "patch_file_embed": "patch_0870_embed.png", "patch_file_rgb": "patch_0870_rgb.png" }, "geometry": { "type": "Point", "coordinates": [ -66.925026721278542, -8.972948184985889 ] } },
{ "type": "Feature", "properties": { "index": 871, "lon": -115.05915636991671, "lat": 58.101503363899781, "classification": 111, "subregion_name": "Northern America", "umap_1d_x": 12.602777, "umap_2d_x": -33.336128, "umap_2d_y": 13.507187, "umap_3d_x": -39.218952, "umap_3d_y": 10.089405, "umap_3d_z": -12.823982, "tsne_1d_x": -39.984554, "tsne_2d_x": -31.741669, "tsne_2d_y": -3.8864937, "tsne_3d_x": 10.967278, "tsne_3d_y": 21.867828, "tsne_3d_z": 5.8537254, "grid_umap_1d_x": 871.0, "grid_umap_2d_x": 7.0, "grid_umap_2d_y": 20.0, "grid_umap_3d_x": 0.0, "grid_umap_3d_y": 6.0, "grid_umap_3d_z": 3.0, "grid_tsne_1d_x": 871.0, "grid_tsne_2d_x": 6.0, "grid_tsne_2d_y": 12.0, "grid_tsne_3d_x": 8.0, "grid_tsne_3d_y": 8.0, "grid_tsne_3d_z": 2.0, "patch_file_embed": "patch_0871_embed.png", "patch_file_rgb": "patch_0871_rgb.png" }, "geometry": { "type": "Point", "coordinates": [ -115.059156369916707, 58.101503363899781 ] } },
{ "type": "Feature", "properties": { "index": 872, "lon": 30.955992381521355, "lat": -12.604231982479966, "classification": 126, "subregion_name": "Sub-Saharan Africa", "umap_1d_x": -13.846314, "umap_2d_x": 45.897766, "umap_2d_y": -20.993202, "umap_3d_x": 39.251556, "umap_3d_y": -14.001072, "umap_3d_z": 28.285912, "tsne_1d_x": 53.894737, "tsne_2d_x": 37.894615, "tsne_2d_y": 9.3429489, "tsne_3d_x": -8.3667946, "tsne_3d_y": -32.944633, "tsne_3d_z": -19.540844, "grid_umap_1d_x": 872.0, "grid_umap_2d_x": 27.0, "grid_umap_2d_y": 12.0, "grid_umap_3d_x": 6.0, "grid_umap_3d_y": 3.0, "grid_umap_3d_z": 4.0, "grid_tsne_1d_x": 872.0, "grid_tsne_2d_x": 29.0, "grid_tsne_2d_y": 15.0, "grid_tsne_3d_x": 3.0, "grid_tsne_3d_y": 2.0, "grid_tsne_3d_z": 2.0, "patch_file_embed": "patch_0872_embed.png", "patch_file_rgb": "patch_0872_rgb.png" }, "geometry": { "type": "Point", "coordinates": [ 30.955992381521355, -12.604231982479966 ] } },
{ "type": "Feature", "properties": { "index": 873, "lon": 68.402670749462118, "lat": 65.369761287034109, "classification": 126, "subregion_name": "Eastern Europe", "umap_1d_x": 17.91037, "umap_2d_x": -43.241573, "umap_2d_y": -12.419041, "umap_3d_x": -45.576443, "umap_3d_y": 2.456768, "umap_3d_z": -41.257622, "tsne_1d_x": -57.009369, "tsne_2d_x": -32.340427, "tsne_2d_y": 25.572243, "tsne_3d_x": 1.0259933, "tsne_3d_y": 24.014252, "tsne_3d_z": 33.061722, "grid_umap_1d_x": 873.0, "grid_umap_2d_x": 20.0, "grid_umap_2d_y": 10.0, "grid_umap_3d_x": 3.0, "grid_umap_3d_y": 3.0, "grid_umap_3d_z": 0.0, "grid_tsne_1d_x": 873.0, "grid_tsne_2d_x": 1.0, "grid_tsne_2d_y": 26.0, "grid_tsne_3d_x": 4.0, "grid_tsne_3d_y": 8.0, "grid_tsne_3d_z": 7.0, "patch_file_embed": "patch_0873_embed.png", "patch_file_rgb": "patch_0873_rgb.png" }, "geometry": { "type": "Point", "coordinates": [ 68.402670749462118, 65.369761287034109 ] } },
{ "type": "Feature", "properties": { "index": 874, "lon": 105.89962214526952, "lat": 30.58809246619937, "classification": 40, "subregion_name": "Unknown", "umap_1d_x": 4.447, "umap_2d_x": -6.4240379, "umap_2d_y": 34.684822, "umap_3d_x": -7.3355637, "umap_3d_y": 31.568657, "umap_3d_z": 2.9082489, "tsne_1d_x": 4.3896546, "tsne_2d_x": -1.0057831, "tsne_2d_y": -39.338093, "tsne_3d_x": 40.176186, "tsne_3d_y": -9.281105, "tsne_3d_z": 13.214176, "grid_umap_1d_x": 874.0, "grid_umap_2d_x": 2.0, "grid_umap_2d_y": 31.0, "grid_umap_3d_x": 1.0, "grid_umap_3d_y": 10.0, "grid_umap_3d_z": 6.0, "grid_tsne_1d_x": 874.0, "grid_tsne_2d_x": 12.0, "grid_tsne_2d_y": 2.0, "grid_tsne_3d_x": 10.0, "grid_tsne_3d_y": 4.0, "grid_tsne_3d_z": 6.0, "patch_file_embed": "patch_0874_embed.png", "patch_file_rgb": "patch_0874_rgb.png" }, "geometry": { "type": "Point", "coordinates": [ 105.899622145269518, 30.58809246619937 ] } },
{ "type": "Feature", "properties": { "index": 875, "lon": 134.59100732794343, "lat": -27.050225586590336, "classification": 20, "subregion_name": "Unknown", "umap_1d_x": -20.604885, "umap_2d_x": 41.039886, "umap_2d_y": -49.096344, "umap_3d_x": 48.862091, "umap_3d_y": -48.198887, "umap_3d_z": 22.578094, "tsne_1d_x": 80.406624, "tsne_2d_x": 43.381592, "tsne_2d_y": 43.784622, "tsne_3d_x": -43.637127, "tsne_3d_y": -15.923409, "tsne_3d_z": -21.427959, "grid_umap_1d_x": 875.0, "grid_umap_2d_x": 21.0, "grid_umap_2d_y": 0.0, "grid_umap_3d_x": 7.0, "grid_umap_3d_y": 0.0, "grid_umap_3d_z": 3.0, "grid_tsne_1d_x": 875.0, "grid_tsne_2d_x": 27.0, "grid_tsne_2d_y": 29.0, "grid_tsne_3d_x": 0.0, "grid_tsne_3d_y": 4.0, "grid_tsne_3d_z": 2.0, "patch_file_embed": "patch_0875_embed.png", "patch_file_rgb": "patch_0875_rgb.png" }, "geometry": { "type": "Point", "coordinates": [ 134.59100732794343, -27.050225586590336 ] } },
{ "type": "Feature", "properties": { "index": 876, "lon": 16.88162561208074, "lat": 64.211045948083381, "classification": 111, "subregion_name": "Northern Europe", "umap_1d_x": 20.416868, "umap_2d_x": -33.496056, "umap_2d_y": -14.560242, "umap_3d_x": -41.213345, "umap_3d_y": -9.9439697, "umap_3d_z": -23.199308, "tsne_1d_x": -47.903763, "tsne_2d_x": -21.875647, "tsne_2d_y": 12.218563, "tsne_3d_x": -29.142002, "tsne_3d_y": 23.985504, "tsne_3d_z": 21.471817, "grid_umap_1d_x": 876.0, "grid_umap_2d_x": 7.0, "grid_umap_2d_y": 1.0, "grid_umap_3d_x": 0.0, "grid_umap_3d_y": 0.0, "grid_umap_3d_z": 0.0, "grid_tsne_1d_x": 876.0, "grid_tsne_2d_x": 14.0, "grid_tsne_2d_y": 20.0, "grid_tsne_3d_x": 2.0, "grid_tsne_3d_y": 7.0, "grid_tsne_3d_z": 5.0, "patch_file_embed": "patch_0876_embed.png", "patch_file_rgb": "patch_0876_rgb.png" }, "geometry": { "type": "Point", "coordinates": [ 16.88162561208074, 64.211045948083381 ] } },
{ "type": "Feature", "properties": { "index": 877, "lon": 111.25133621719948, "lat": 37.194712852087633, "classification": 114, "subregion_name": "Unknown", "umap_1d_x": 8.8124647, "umap_2d_x": -12.980831, "umap_2d_y": 29.771973, "umap_3d_x": -12.205288, "umap_3d_y": 22.32016, "umap_3d_z": -7.8583641, "tsne_1d_x": -10.353952, "tsne_2d_x": -8.8438416, "tsne_2d_y": -29.123177, "tsne_3d_x": 31.152336, "tsne_3d_y": 4.306942, "tsne_3d_z": 2.4905548, "grid_umap_1d_x": 877.0, "grid_umap_2d_x": 2.0, "grid_umap_2d_y": 27.0, "grid_umap_3d_x": 2.0, "grid_umap_3d_y": 10.0, "grid_umap_3d_z": 1.0, "grid_tsne_1d_x": 877.0, "grid_tsne_2d_x": 8.0, "grid_tsne_2d_y": 1.0, "grid_tsne_3d_x": 9.0, "grid_tsne_3d_y": 8.0, "grid_tsne_3d_z": 2.0, "patch_file_embed": "patch_0877_embed.png", "patch_file_rgb": "patch_0877_rgb.png" }, "geometry": { "type": "Point", "coordinates": [ 111.25133621719948, 37.194712852087633 ] } },
{ "type": "Feature", "properties": { "index": 878, "lon": -87.696140001918906, "lat": 38.141484615912063, "classification": 40, "subregion_name": "Unknown", "umap_1d_x": 23.586557, "umap_2d_x": -22.126549, "umap_2d_y": 20.979355, "umap_3d_x": -25.267849, "umap_3d_y": -0.18265152, "umap_3d_z": -19.015556, "tsne_1d_x": -16.119074, "tsne_2d_x": -4.9866219, "tsne_2d_y": 5.703537, "tsne_3d_x": 19.843185, "tsne_3d_y": 3.7956161, "tsne_3d_z": 5.6310768, "grid_umap_1d_x": 878.0, "grid_umap_2d_x": 0.0, "grid_umap_2d_y": 23.0, "grid_umap_3d_x": 3.0, "grid_umap_3d_y": 2.0, "grid_umap_3d_z": 1.0, "grid_tsne_1d_x": 878.0, "grid_tsne_2d_x": 2.0, "grid_tsne_2d_y": 9.0, "grid_tsne_3d_x": 10.0, "grid_tsne_3d_y": 6.0, "grid_tsne_3d_z": 4.0, "patch_file_embed": "patch_0878_embed.png", "patch_file_rgb": "patch_0878_rgb.png" }, "geometry": { "type": "Point", "coordinates": [ -87.696140001918906, 38.141484615912063 ] } },
{ "type": "Feature", "properties": { "index": 879, "lon": 41.360022414633875, "lat": 53.420446460081166, "classification": 30, "subregion_name": "Eastern Europe", "umap_1d_x": 22.689465, "umap_2d_x": -21.263277, "umap_2d_y": -9.7809296, "umap_3d_x": -31.196463, "umap_3d_y": -8.977623, "umap_3d_z": -17.357067, "tsne_1d_x": -20.185812, "tsne_2d_x": -11.757244, "tsne_2d_y": 28.915871, "tsne_3d_x": -24.876312, "tsne_3d_y": 4.2154922, "tsne_3d_z": 21.210854, "grid_umap_1d_x": 879.0, "grid_umap_2d_x": 12.0, "grid_umap_2d_y": 3.0, "grid_umap_3d_x": 1.0, "grid_umap_3d_y": 0.0, "grid_umap_3d_z": 0.0, "grid_tsne_1d_x": 879.0, "grid_tsne_2d_x": 10.0, "grid_tsne_2d_y": 28.0, "grid_tsne_3d_x": 0.0, "grid_tsne_3d_y": 5.0, "grid_tsne_3d_z": 8.0, "patch_file_embed": "patch_0879_embed.png", "patch_file_rgb": "patch_0879_rgb.png" }, "geometry": { "type": "Point", "coordinates": [ 41.360022414633875, 53.420446460081166 ] } },
{ "type": "Feature", "properties": { "index": 880, "lon": -118.28976983624902, "lat": 63.931657073267942, "classification": 126, "subregion_name": "Northern America", "umap_1d_x": 18.107864, "umap_2d_x": -44.50341, "umap_2d_y": -8.105938, "umap_3d_x": -46.383007, "umap_3d_y": 8.5202866, "umap_3d_z": -38.690758, "tsne_1d_x": -59.335545, "tsne_2d_x": -34.797882, "tsne_2d_y": 26.397285, "tsne_3d_x": 8.2397652, "tsne_3d_y": 22.727791, "tsne_3d_z": 35.515182, "grid_umap_1d_x": 880.0, "grid_umap_2d_x": 12.0, "grid_umap_2d_y": 10.0, "grid_umap_3d_x": 3.0, "grid_umap_3d_y": 5.0, "grid_umap_3d_z": 1.0, "grid_tsne_1d_x": 880.0, "grid_tsne_2d_x": 7.0, "grid_tsne_2d_y": 27.0, "grid_tsne_3d_x": 6.0, "grid_tsne_3d_y": 6.0, "grid_tsne_3d_z": 6.0, "patch_file_embed": "patch_0880_embed.png", "patch_file_rgb": "patch_0880_rgb.png" }, "geometry": { "type": "Point", "coordinates": [ -118.289769836249022, 63.931657073267942 ] } },
{ "type": "Feature", "properties": { "index": 881, "lon": -111.15374092916635, "lat": 61.561350371894108, "classification": 126, "subregion_name": "Northern America", "umap_1d_x": 17.984621, "umap_2d_x": -45.583214, "umap_2d_y": -12.108677, "umap_3d_x": -44.646133, "umap_3d_y": 7.226902, "umap_3d_z": -42.387447, "tsne_1d_x": -59.366745, "tsne_2d_x": -34.368599, "tsne_2d_y": 32.513336, "tsne_3d_x": 9.6699181, "tsne_3d_y": 19.662918, "tsne_3d_z": 38.255203, "grid_umap_1d_x": 881.0, "grid_umap_2d_x": 19.0, "grid_umap_2d_y": 10.0, "grid_umap_3d_x": 5.0, "grid_umap_3d_y": 5.0, "grid_umap_3d_z": 1.0, "grid_tsne_1d_x": 881.0, "grid_tsne_2d_x": 3.0, "grid_tsne_2d_y": 30.0, "grid_tsne_3d_x": 6.0, "grid_tsne_3d_y": 6.0, "grid_tsne_3d_z": 7.0, "patch_file_embed": "patch_0881_embed.png", "patch_file_rgb": "patch_0881_rgb.png" }, "geometry": { "type": "Point", "coordinates": [ -111.153740929166347, 61.561350371894108 ] } },
{ "type": "Feature", "properties": { "index": 882, "lon": 72.216374871349672, "lat": 40.424212626817649, "classification": 30, "subregion_name": "Central Asia", "umap_1d_x": 6.2634521, "umap_2d_x": -12.763268, "umap_2d_y": 7.3626747, "umap_3d_x": -19.638571, "umap_3d_y": 3.0634117, "umap_3d_z": 8.5315895, "tsne_1d_x": -1.5969362, "tsne_2d_x": 6.6850433, "tsne_2d_y": 17.840065, "tsne_3d_x": -17.682182, "tsne_3d_y": -15.788193, "tsne_3d_z": 21.695694, "grid_umap_1d_x": 882.0, "grid_umap_2d_x": 4.0, "grid_umap_2d_y": 12.0, "grid_umap_3d_x": 1.0, "grid_umap_3d_y": 4.0, "grid_umap_3d_z": 7.0, "grid_tsne_1d_x": 882.0, "grid_tsne_2d_x": 16.0, "grid_tsne_2d_y": 20.0, "grid_tsne_3d_x": 0.0, "grid_tsne_3d_y": 1.0, "grid_tsne_3d_z": 8.0, "patch_file_embed": "patch_0882_embed.png", "patch_file_rgb": "patch_0882_rgb.png" }, "geometry": { "type": "Point", "coordinates": [ 72.216374871349672, 40.424212626817649 ] } },
{ "type": "Feature", "properties": { "index": 883, "lon": 49.067374717384553, "lat": -15.294248838491342, "classification": 30, "subregion_name": "Sub-Saharan Africa", "umap_1d_x": -14.32154, "umap_2d_x": 44.264656, "umap_2d_y": -22.490421, "umap_3d_x": 41.10807, "umap_3d_y": -14.61676, "umap_3d_z": 28.264519, "tsne_1d_x": 57.933521, "tsne_2d_x": 39.479736, "tsne_2d_y": 17.590332, "tsne_3d_x": -17.716015, "tsne_3d_y": -36.616066, "tsne_3d_z": -24.538809, "grid_umap_1d_x": 883.0, "grid_umap_2d_x": 25.0, "grid_umap_2d_y": 13.0, "grid_umap_3d_x": 10.0, "grid_umap_3d_y": 1.0, "grid_umap_3d_z": 6.0, "grid_tsne_1d_x": 883.0, "grid_tsne_2d_x": 28.0, "grid_tsne_2d_y": 20.0, "grid_tsne_3d_x": 2.0, "grid_tsne_3d_y": 2.0, "grid_tsne_3d_z": 2.0, "patch_file_embed": "patch_0883_embed.png", "patch_file_rgb": "patch_0883_rgb.png" }, "geometry": { "type": "Point", "coordinates": [ 49.067374717384553, -15.294248838491342 ] } },
{ "type": "Feature", "properties": { "index": 884, "lon": 81.477517124276687, "lat": 55.829151367279309, "classification": 114, "subregion_name": "Eastern Europe", "umap_1d_x": 12.198995, "umap_2d_x": -31.610012, "umap_2d_y": 15.782043, "umap_3d_x": -37.574047, "umap_3d_y": 9.2099304, "umap_3d_z": -16.648449, "tsne_1d_x": -39.93869, "tsne_2d_x": -30.882822, "tsne_2d_y": -0.48160172, "tsne_3d_x": 11.292233, "tsne_3d_y": 16.91259, "tsne_3d_z": 9.9276314, "grid_umap_1d_x": 884.0, "grid_umap_2d_x": 3.0, "grid_umap_2d_y": 21.0, "grid_umap_3d_x": 1.0, "grid_umap_3d_y": 6.0, "grid_umap_3d_z": 2.0, "grid_tsne_1d_x": 884.0, "grid_tsne_2d_x": 2.0, "grid_tsne_2d_y": 12.0, "grid_tsne_3d_x": 8.0, "grid_tsne_3d_y": 8.0, "grid_tsne_3d_z": 4.0, "patch_file_embed": "patch_0884_embed.png", "patch_file_rgb": "patch_0884_rgb.png" }, "geometry": { "type": "Point", "coordinates": [ 81.477517124276687, 55.829151367279309 ] } },
{ "type": "Feature", "properties": { "index": 885, "lon": 116.97232666303768, "lat": -34.108736863075663, "classification": 40, "subregion_name": "Unknown", "umap_1d_x": -19.421848, "umap_2d_x": 37.427498, "umap_2d_y": -43.510563, "umap_3d_x": 48.926346, "umap_3d_y": -39.101353, "umap_3d_z": 15.445564, "tsne_1d_x": 76.801865, "tsne_2d_x": 35.680519, "tsne_2d_y": 46.285271, "tsne_3d_x": -30.097162, "tsne_3d_y": -5.9849854, "tsne_3d_z": -30.509956, "grid_umap_1d_x": 885.0, "grid_umap_2d_x": 18.0, "grid_umap_2d_y": 1.0, "grid_umap_3d_x": 9.0, "grid_umap_3d_y": 0.0, "grid_umap_3d_z": 0.0, "grid_tsne_1d_x": 885.0, "grid_tsne_2d_x": 23.0, "grid_tsne_2d_y": 31.0, "grid_tsne_3d_x": 1.0, "grid_tsne_3d_y": 7.0, "grid_tsne_3d_z": 0.0, "patch_file_embed": "patch_0885_embed.png", "patch_file_rgb": "patch_0885_rgb.png" }, "geometry": { "type": "Point", "coordinates": [ 116.972326663037677, -34.108736863075663 ] } },
{ "type": "Feature", "properties": { "index": 886, "lon": 38.431346167595194, "lat": -4.3351643725487889, "classification": 20, "subregion_name": "Sub-Saharan Africa", "umap_1d_x": 3.0346143, "umap_2d_x": 6.8511314, "umap_2d_y": 2.7493401, "umap_3d_x": 13.831623, "umap_3d_y": 3.7383156, "umap_3d_z": 48.318779, "tsne_1d_x": 29.360458, "tsne_2d_x": 15.743439, "tsne_2d_y": 38.314644, "tsne_3d_x": -16.549362, "tsne_3d_y": -40.971283, "tsne_3d_z": 2.941967, "grid_umap_1d_x": 886.0, "grid_umap_2d_x": 18.0, "grid_umap_2d_y": 7.0, "grid_umap_3d_x": 4.0, "grid_umap_3d_y": 0.0, "grid_umap_3d_z": 8.0, "grid_tsne_1d_x": 886.0, "grid_tsne_2d_x": 19.0, "grid_tsne_2d_y": 31.0, "grid_tsne_3d_x": 1.0, "grid_tsne_3d_y": 0.0, "grid_tsne_3d_z": 4.0, "patch_file_embed": "patch_0886_embed.png", "patch_file_rgb": "patch_0886_rgb.png" }, "geometry": { "type": "Point", "coordinates": [ 38.431346167595194, -4.335164372548789 ] } },
{ "type": "Feature", "properties": { "index": 887, "lon": 113.2096961826191, "lat": 40.378601246870886, "classification": 40, "subregion_name": "Unknown", "umap_1d_x": 8.5349417, "umap_2d_x": -15.604584, "umap_2d_y": 30.206932, "umap_3d_x": -15.168415, "umap_3d_y": 23.510269, "umap_3d_z": -6.1051178, "tsne_1d_x": -8.3934507, "tsne_2d_x": -7.0214996, "tsne_2d_y": -22.101423, "tsne_3d_x": 35.72908, "tsne_3d_y": 7.0401001, "tsne_3d_z": 15.464005, "grid_umap_1d_x": 887.0, "grid_umap_2d_x": 1.0, "grid_umap_2d_y": 27.0, "grid_umap_3d_x": 2.0, "grid_umap_3d_y": 9.0, "grid_umap_3d_z": 3.0, "grid_tsne_1d_x": 887.0, "grid_tsne_2d_x": 10.0, "grid_tsne_2d_y": 6.0, "grid_tsne_3d_x": 10.0, "grid_tsne_3d_y": 6.0, "grid_tsne_3d_z": 6.0, "patch_file_embed": "patch_0887_embed.png", "patch_file_rgb": "patch_0887_rgb.png" }, "geometry": { "type": "Point", "coordinates": [ 113.209696182619098, 40.378601246870886 ] } },
{ "type": "Feature", "properties": { "index": 888, "lon": 19.500412612931996, "lat": -7.2121527334419824, "classification": 112, "subregion_name": "Sub-Saharan Africa", "umap_1d_x": -12.84644, "umap_2d_x": 32.954849, "umap_2d_y": 41.86013, "umap_3d_x": 36.192986, "umap_3d_y": -7.3079643, "umap_3d_z": 25.027817, "tsne_1d_x": 47.298187, "tsne_2d_x": 40.12925, "tsne_2d_y": -18.935192, "tsne_3d_x": 13.643837, "tsne_3d_y": -39.149158, "tsne_3d_z": -21.322355, "grid_umap_1d_x": 888.0, "grid_umap_2d_x": 28.0, "grid_umap_2d_y": 29.0, "grid_umap_3d_x": 9.0, "grid_umap_3d_y": 4.0, "grid_umap_3d_z": 6.0, "grid_tsne_1d_x": 888.0, "grid_tsne_2d_x": 27.0, "grid_tsne_2d_y": 8.0, "grid_tsne_3d_x": 6.0, "grid_tsne_3d_y": 2.0, "grid_tsne_3d_z": 2.0, "patch_file_embed": "patch_0888_embed.png", "patch_file_rgb": "patch_0888_rgb.png" }, "geometry": { "type": "Point", "coordinates": [ 19.500412612931996, -7.212152733441982 ] } },
{ "type": "Feature", "properties": { "index": 889, "lon": 39.044382358928829, "lat": 35.19099085428121, "classification": 30, "subregion_name": "Western Asia", "umap_1d_x": 5.8760571, "umap_2d_x": -10.847458, "umap_2d_y": 5.7449036, "umap_3d_x": -19.075882, "umap_3d_y": 0.91506195000001, "umap_3d_z": 12.119301, "tsne_1d_x": -0.93125886, "tsne_2d_x": 7.0303612, "tsne_2d_y": 12.885536, "tsne_3d_x": -18.074549, "tsne_3d_y": -22.227188, "tsne_3d_z": 18.051857, "grid_umap_1d_x": 889.0, "grid_umap_2d_x": 4.0, "grid_umap_2d_y": 10.0, "grid_umap_3d_x": 1.0, "grid_umap_3d_y": 3.0, "grid_umap_3d_z": 8.0, "grid_tsne_1d_x": 889.0, "grid_tsne_2d_x": 17.0, "grid_tsne_2d_y": 17.0, "grid_tsne_3d_x": 0.0, "grid_tsne_3d_y": 0.0, "grid_tsne_3d_z": 7.0, "patch_file_embed": "patch_0889_embed.png", "patch_file_rgb": "patch_0889_rgb.png" }, "geometry": { "type": "Point", "coordinates": [ 39.044382358928829, 35.19099085428121 ] } },
{ "type": "Feature", "properties": { "index": 890, "lon": 3.457521961122922, "lat": 12.275642333155375, "classification": 40, "subregion_name": "Sub-Saharan Africa", "umap_1d_x": -2.7354794, "umap_2d_x": 10.583824, "umap_2d_y": 18.844017, "umap_3d_x": 8.3503265, "umap_3d_y": 30.745491, "umap_3d_z": 42.981133, "tsne_1d_x": 24.574831, "tsne_2d_x": 16.009995, "tsne_2d_y": -7.248188, "tsne_3d_x": 3.1679268, "tsne_3d_y": -39.398987, "tsne_3d_z": 27.463585, "grid_umap_1d_x": 890.0, "grid_umap_2d_x": 21.0, "grid_umap_2d_y": 21.0, "grid_umap_3d_x": 5.0, "grid_umap_3d_y": 6.0, "grid_umap_3d_z": 7.0, "grid_tsne_1d_x": 890.0, "grid_tsne_2d_x": 19.0, "grid_tsne_2d_y": 16.0, "grid_tsne_3d_x": 4.0, "grid_tsne_3d_y": 2.0, "grid_tsne_3d_z": 8.0, "patch_file_embed": "patch_0890_embed.png", "patch_file_rgb": "patch_0890_rgb.png" }, "geometry": { "type": "Point", "coordinates": [ 3.457521961122922, 12.275642333155375 ] } },
{ "type": "Feature", "properties": { "index": 891, "lon": 45.314514911894349, "lat": -17.40415222041333, "classification": 30, "subregion_name": "Sub-Saharan Africa", "umap_1d_x": -14.502487, "umap_2d_x": 43.50618, "umap_2d_y": -21.958473, "umap_3d_x": 41.934166, "umap_3d_y": -12.789352, "umap_3d_z": 27.977959, "tsne_1d_x": 58.242264, "tsne_2d_x": 40.025047, "tsne_2d_y": 17.482613, "tsne_3d_x": -17.531155, "tsne_3d_y": -35.71365, "tsne_3d_z": -25.538712, "grid_umap_1d_x": 891.0, "grid_umap_2d_x": 31.0, "grid_umap_2d_y": 1.0, "grid_umap_3d_x": 7.0, "grid_umap_3d_y": 3.0, "grid_umap_3d_z": 4.0, "grid_tsne_1d_x": 891.0, "grid_tsne_2d_x": 24.0, "grid_tsne_2d_y": 21.0, "grid_tsne_3d_x": 1.0, "grid_tsne_3d_y": 0.0, "grid_tsne_3d_z": 0.0, "patch_file_embed": "patch_0891_embed.png", "patch_file_rgb": "patch_0891_rgb.png" }, "geometry": { "type": "Point", "coordinates": [ 45.314514911894349, -17.40415222041333 ] } },
{ "type": "Feature", "properties": { "index": 892, "lon": 129.76035098923978, "lat": 56.962071947355625, "classification": 113, "subregion_name": "Eastern Europe", "umap_1d_x": 16.056936, "umap_2d_x": -42.485592, "umap_2d_y": 9.3207283, "umap_3d_x": -46.139378, "umap_3d_y": 20.585526, "umap_3d_z": -22.931728, "tsne_1d_x": -44.770386, "tsne_2d_x": -39.062237, "tsne_2d_y": 8.4578705, "tsne_3d_x": 20.321236, "tsne_3d_y": 33.612488, "tsne_3d_z": 14.803467, "grid_umap_1d_x": 892.0, "grid_umap_2d_x": 13.0, "grid_umap_2d_y": 20.0, "grid_umap_3d_x": 3.0, "grid_umap_3d_y": 8.0, "grid_umap_3d_z": 3.0, "grid_tsne_1d_x": 892.0, "grid_tsne_2d_x": 5.0, "grid_tsne_2d_y": 18.0, "grid_tsne_3d_x": 9.0, "grid_tsne_3d_y": 10.0, "grid_tsne_3d_z": 4.0, "patch_file_embed": "patch_0892_embed.png", "patch_file_rgb": "patch_0892_rgb.png" }, "geometry": { "type": "Point", "coordinates": [ 129.760350989239782, 56.962071947355625 ] } },
{ "type": "Feature", "properties": { "index": 893, "lon": 23.924219351079444, "lat": 54.939314256892942, "classification": 111, "subregion_name": "Northern Europe", "umap_1d_x": 21.155039, "umap_2d_x": -26.993925, "umap_2d_y": -6.1220474, "umap_3d_x": -38.941986, "umap_3d_y": -12.92466, "umap_3d_z": -2.1249008, "tsne_1d_x": -26.973213, "tsne_2d_x": -18.989975, "tsne_2d_y": -12.891571, "tsne_3d_x": -32.752094, "tsne_3d_y": 20.569855, "tsne_3d_z": -3.5798645, "grid_umap_1d_x": 893.0, "grid_umap_2d_x": 11.0, "grid_umap_2d_y": 7.0, "grid_umap_3d_x": 1.0, "grid_umap_3d_y": 0.0, "grid_umap_3d_z": 6.0, "grid_tsne_1d_x": 893.0, "grid_tsne_2d_x": 4.0, "grid_tsne_2d_y": 3.0, "grid_tsne_3d_x": 0.0, "grid_tsne_3d_y": 8.0, "grid_tsne_3d_z": 1.0, "patch_file_embed": "patch_0893_embed.png", "patch_file_rgb": "patch_0893_rgb.png" }, "geometry": { "type": "Point", "coordinates": [ 23.924219351079444, 54.939314256892942 ] } },
{ "type": "Feature", "properties": { "index": 894, "lon": 28.03827934444945, "lat": 39.436431889389269, "classification": 40, "subregion_name": "Western Asia", "umap_1d_x": 6.2712541, "umap_2d_x": -14.104919, "umap_2d_y": 1.41399, "umap_3d_x": -22.827572, "umap_3d_y": -4.7233887, "umap_3d_z": 8.2037849, "tsne_1d_x": -2.4959242, "tsne_2d_x": 3.1226654, "tsne_2d_y": 13.812836, "tsne_3d_x": -24.067337, "tsne_3d_y": -13.661942, "tsne_3d_z": 12.470291, "grid_umap_1d_x": 894.0, "grid_umap_2d_x": 16.0, "grid_umap_2d_y": 11.0, "grid_umap_3d_x": 3.0, "grid_umap_3d_y": 0.0, "grid_umap_3d_z": 8.0, "grid_tsne_1d_x": 894.0, "grid_tsne_2d_x": 10.0, "grid_tsne_2d_y": 16.0, "grid_tsne_3d_x": 0.0, "grid_tsne_3d_y": 2.0, "grid_tsne_3d_z": 6.0, "patch_file_embed": "patch_0894_embed.png", "patch_file_rgb": "patch_0894_rgb.png" }, "geometry": { "type": "Point", "coordinates": [ 28.03827934444945, 39.436431889389269 ] } },
{ "type": "Feature", "properties": { "index": 895, "lon": 136.32082886478833, "lat": 44.899473632864712, "classification": 114, "subregion_name": "Eastern Europe", "umap_1d_x": 12.390435, "umap_2d_x": -34.464737, "umap_2d_y": 16.742508, "umap_3d_x": -39.929413, "umap_3d_y": 15.332901, "umap_3d_z": -11.358974, "tsne_1d_x": -10.327318, "tsne_2d_x": -10.460766, "tsne_2d_y": -25.945906, "tsne_3d_x": 22.249969, "tsne_3d_y": 19.967339, "tsne_3d_z": 1.8385658, "grid_umap_1d_x": 895.0, "grid_umap_2d_x": 4.0, "grid_umap_2d_y": 22.0, "grid_umap_3d_x": 3.0, "grid_umap_3d_y": 7.0, "grid_umap_3d_z": 5.0, "grid_tsne_1d_x": 895.0, "grid_tsne_2d_x": 9.0, "grid_tsne_2d_y": 5.0, "grid_tsne_3d_x": 10.0, "grid_tsne_3d_y": 9.0, "grid_tsne_3d_z": 1.0, "patch_file_embed": "patch_0895_embed.png", "patch_file_rgb": "patch_0895_rgb.png" }, "geometry": { "type": "Point", "coordinates": [ 136.320828864788325, 44.899473632864712 ] } },
{ "type": "Feature", "properties": { "index": 896, "lon": 5.1460466590191061, "lat": 28.983805955978525, "classification": 60, "subregion_name": "Northern Africa", "umap_1d_x": 2.3277576, "umap_2d_x": 8.0399857, "umap_2d_y": 10.928814, "umap_3d_x": 8.7130356, "umap_3d_y": 19.940697, "umap_3d_z": 49.485039, "tsne_1d_x": 26.6668, "tsne_2d_x": 11.161942, "tsne_2d_y": 7.6288528, "tsne_3d_x": -13.038452, "tsne_3d_y": -31.533991, "tsne_3d_z": 22.2836, "grid_umap_1d_x": 896.0, "grid_umap_2d_x": 19.0, "grid_umap_2d_y": 14.0, "grid_umap_3d_x": 3.0, "grid_umap_3d_y": 5.0, "grid_umap_3d_z": 8.0, "grid_tsne_1d_x": 896.0, "grid_tsne_2d_x": 12.0, "grid_tsne_2d_y": 8.0, "grid_tsne_3d_x": 2.0, "grid_tsne_3d_y": 0.0, "grid_tsne_3d_z": 8.0, "patch_file_embed": "patch_0896_embed.png", "patch_file_rgb": "patch_0896_rgb.png" }, "geometry": { "type": "Point", "coordinates": [ 5.146046659019106, 28.983805955978525 ] } },
{ "type": "Feature", "properties": { "index": 897, "lon": 161.17337194086144, "lat": 68.12718188493804, "classification": 30, "subregion_name": "Eastern Europe", "umap_1d_x": 18.448763, "umap_2d_x": -48.169754, "umap_2d_y": 7.4766273, "umap_3d_x": -49.668678, "umap_3d_y": 25.183609, "umap_3d_z": -33.766621, "tsne_1d_x": -67.43351, "tsne_2d_x": -45.168751, "tsne_2d_y": 10.501526, "tsne_3d_x": 14.913467, "tsne_3d_y": 45.683357, "tsne_3d_z": 21.710693, "grid_umap_1d_x": 897.0, "grid_umap_2d_x": 4.0, "grid_umap_2d_y": 18.0, "grid_umap_3d_x": 0.0, "grid_umap_3d_y": 10.0, "grid_umap_3d_z": 0.0, "grid_tsne_1d_x": 897.0, "grid_tsne_2d_x": 4.0, "grid_tsne_2d_y": 19.0, "grid_tsne_3d_x": 8.0, "grid_tsne_3d_y": 10.0, "grid_tsne_3d_z": 4.0, "patch_file_embed": "patch_0897_embed.png", "patch_file_rgb": "patch_0897_rgb.png" }, "geometry": { "type": "Point", "coordinates": [ 161.173371940861443, 68.12718188493804 ] } },
{ "type": "Feature", "properties": { "index": 898, "lon": 27.555976627086238, "lat": -33.209682898412062, "classification": 30, "subregion_name": "Unknown", "umap_1d_x": -16.734392, "umap_2d_x": 35.137222, "umap_2d_y": -24.121904, "umap_3d_x": 45.640762, "umap_3d_y": -18.426918, "umap_3d_z": 9.0421143, "tsne_1d_x": 67.629227, "tsne_2d_x": 30.39035, "tsne_2d_y": 36.318001, "tsne_3d_x": -16.387341, "tsne_3d_y": -7.8003845, "tsne_3d_z": -38.193863, "grid_umap_1d_x": 898.0, "grid_umap_2d_x": 22.0, "grid_umap_2d_y": 8.0, "grid_umap_3d_x": 8.0, "grid_umap_3d_y": 2.0, "grid_umap_3d_z": 1.0, "grid_tsne_1d_x": 898.0, "grid_tsne_2d_x": 22.0, "grid_tsne_2d_y": 27.0, "grid_tsne_3d_x": 2.0, "grid_tsne_3d_y": 7.0, "grid_tsne_3d_z": 0.0, "patch_file_embed": "patch_0898_embed.png", "patch_file_rgb": "patch_0898_rgb.png" }, "geometry": { "type": "Point", "coordinates": [ 27.555976627086238, -33.209682898412062 ] } },
{ "type": "Feature", "properties": { "index": 899, "lon": -79.094903453299622, "lat": 40.892049721249251, "classification": 126, "subregion_name": "Unknown", "umap_1d_x": 10.386373, "umap_2d_x": -22.924297, "umap_2d_y": 17.489311, "umap_3d_x": -25.686285, "umap_3d_y": 3.9588585, "umap_3d_z": -21.533453, "tsne_1d_x": -14.976693, "tsne_2d_x": -1.7424583, "tsne_2d_y": 1.0045547, "tsne_3d_x": 5.7585297, "tsne_3d_y": 2.1629448, "tsne_3d_z": 3.0640526, "grid_umap_1d_x": 899.0, "grid_umap_2d_x": 1.0, "grid_umap_2d_y": 21.0, "grid_umap_3d_x": 3.0, "grid_umap_3d_y": 4.0, "grid_umap_3d_z": 1.0, "grid_tsne_1d_x": 899.0, "grid_tsne_2d_x": 9.0, "grid_tsne_2d_y": 8.0, "grid_tsne_3d_x": 6.0, "grid_tsne_3d_y": 3.0, "grid_tsne_3d_z": 3.0, "patch_file_embed": "patch_0899_embed.png", "patch_file_rgb": "patch_0899_rgb.png" }, "geometry": { "type": "Point", "coordinates": [ -79.094903453299622, 40.892049721249251 ] } },
{ "type": "Feature", "properties": { "index": 900, "lon": 53.240543310393008, "lat": 65.598856270996961, "classification": 111, "subregion_name": "Eastern Europe", "umap_1d_x": 15.052718, "umap_2d_x": -33.471115, "umap_2d_y": -3.132267, "umap_3d_x": -45.979187, "umap_3d_y": -6.6480827, "umap_3d_z": -6.0886726, "tsne_1d_x": -32.971722, "tsne_2d_x": -27.031267, "tsne_2d_y": -13.438164, "tsne_3d_x": -16.850956, "tsne_3d_y": 35.441887, "tsne_3d_z": 3.4176903, "grid_umap_1d_x": 900.0, "grid_umap_2d_x": 21.0, "grid_umap_2d_y": 14.0, "grid_umap_3d_x": 2.0, "grid_umap_3d_y": 2.0, "grid_umap_3d_z": 5.0, "grid_tsne_1d_x": 900.0, "grid_tsne_2d_x": 2.0, "grid_tsne_2d_y": 5.0, "grid_tsne_3d_x": 2.0, "grid_tsne_3d_y": 10.0, "grid_tsne_3d_z": 3.0, "patch_file_embed": "patch_0900_embed.png", "patch_file_rgb": "patch_0900_rgb.png" }, "geometry": { "type": "Point", "coordinates": [ 53.240543310393008, 65.598856270996961 ] } },
{ "type": "Feature", "properties": { "index": 901, "lon": -106.93600179237596, "lat": 40.300717148545758, "classification": 114, "subregion_name": "Unknown", "umap_1d_x": 12.565102, "umap_2d_x": -27.295967, "umap_2d_y": 8.0005875, "umap_3d_x": -39.740002, "umap_3d_y": 6.2700882, "umap_3d_z": -17.569672, "tsne_1d_x": -6.7309093, "tsne_2d_x": -0.04178237899999715, "tsne_2d_y": 29.534409, "tsne_3d_x": -1.8223267, "tsne_3d_y": -5.975399, "tsne_3d_z": 17.491188, "grid_umap_1d_x": 901.0, "grid_umap_2d_x": 1.0, "grid_umap_2d_y": 15.0, "grid_umap_3d_x": 0.0, "grid_umap_3d_y": 5.0, "grid_umap_3d_z": 2.0, "grid_tsne_1d_x": 901.0, "grid_tsne_2d_x": 10.0, "grid_tsne_2d_y": 29.0, "grid_tsne_3d_x": 4.0, "grid_tsne_3d_y": 4.0, "grid_tsne_3d_z": 7.0, "patch_file_embed": "patch_0901_embed.png", "patch_file_rgb": "patch_0901_rgb.png" }, "geometry": { "type": "Point", "coordinates": [ -106.936001792375961, 40.300717148545758 ] } },
{ "type": "Feature", "properties": { "index": 902, "lon": 142.80039820399918, "lat": -38.270578237876592, "classification": 40, "subregion_name": "Unknown", "umap_1d_x": -16.952202, "umap_2d_x": 33.769646, "umap_2d_y": -21.196163, "umap_3d_x": 46.136406, "umap_3d_y": -17.189545, "umap_3d_z": 4.8239479, "tsne_1d_x": 67.376747, "tsne_2d_x": 27.424995, "tsne_2d_y": 35.235069, "tsne_3d_x": -13.5, "tsne_3d_y": -6.9487381, "tsne_3d_z": -44.455765, "grid_umap_1d_x": 902.0, "grid_umap_2d_x": 25.0, "grid_umap_2d_y": 0.0, "grid_umap_3d_x": 10.0, "grid_umap_3d_y": 2.0, "grid_umap_3d_z": 0.0, "grid_tsne_1d_x": 902.0, "grid_tsne_2d_x": 24.0, "grid_tsne_2d_y": 31.0, "grid_tsne_3d_x": 4.0, "grid_tsne_3d_y": 7.0, "grid_tsne_3d_z": 0.0, "patch_file_embed": "patch_0902_embed.png", "patch_file_rgb": "patch_0902_rgb.png" }, "geometry": { "type": "Point", "coordinates": [ 142.80039820399918, -38.270578237876592 ] } },
{ "type": "Feature", "properties": { "index": 903, "lon": 39.345037110722927, "lat": 4.21566942520937, "classification": 20, "subregion_name": "Sub-Saharan Africa", "umap_1d_x": 3.0300155, "umap_2d_x": 6.7159958, "umap_2d_y": 3.0215988, "umap_3d_x": 13.006496, "umap_3d_y": 5.0543594, "umap_3d_z": 48.920685, "tsne_1d_x": 28.934931, "tsne_2d_x": 14.746315, "tsne_2d_y": 38.203987, "tsne_3d_x": -14.84045, "tsne_3d_y": -40.442623, "tsne_3d_z": 6.5793457, "grid_umap_1d_x": 903.0, "grid_umap_2d_x": 12.0, "grid_umap_2d_y": 5.0, "grid_umap_3d_x": 4.0, "grid_umap_3d_y": 2.0, "grid_umap_3d_z": 7.0, "grid_tsne_1d_x": 903.0, "grid_tsne_2d_x": 18.0, "grid_tsne_2d_y": 31.0, "grid_tsne_3d_x": 2.0, "grid_tsne_3d_y": 1.0, "grid_tsne_3d_z": 4.0, "patch_file_embed": "patch_0903_embed.png", "patch_file_rgb": "patch_0903_rgb.png" }, "geometry": { "type": "Point", "coordinates": [ 39.345037110722927, 4.21566942520937 ] } },
{ "type": "Feature", "properties": { "index": 904, "lon": 79.732136038224382, "lat": 17.71742411662629, "classification": 40, "subregion_name": "Southern Asia", "umap_1d_x": 0.039184108, "umap_2d_x": 5.5611534, "umap_2d_y": 41.191116, "umap_3d_x": 2.7137222, "umap_3d_y": 39.559669, "umap_3d_z": 27.927711, "tsne_1d_x": 14.770047, "tsne_2d_x": 11.210579, "tsne_2d_y": -37.715279, "tsne_3d_x": 19.336792, "tsne_3d_y": -30.036234, "tsne_3d_z": 25.210793, "grid_umap_1d_x": 904.0, "grid_umap_2d_x": 16.0, "grid_umap_2d_y": 29.0, "grid_umap_3d_x": 3.0, "grid_umap_3d_y": 7.0, "grid_umap_3d_z": 6.0, "grid_tsne_1d_x": 904.0, "grid_tsne_2d_x": 17.0, "grid_tsne_2d_y": 7.0, "grid_tsne_3d_x": 6.0, "grid_tsne_3d_y": 3.0, "grid_tsne_3d_z": 7.0, "patch_file_embed": "patch_0904_embed.png", "patch_file_rgb": "patch_0904_rgb.png" }, "geometry": { "type": "Point", "coordinates": [ 79.732136038224382, 17.71742411662629 ] } },
{ "type": "Feature", "properties": { "index": 905, "lon": -4.3378660073224751, "lat": 55.277078969446478, "classification": 30, "subregion_name": "Unknown", "umap_1d_x": 22.341408, "umap_2d_x": -23.451366, "umap_2d_y": -16.024853, "umap_3d_x": -31.945549, "umap_3d_y": -16.19709, "umap_3d_z": -8.9684982, "tsne_1d_x": -20.839785, "tsne_2d_x": -11.731411, "tsne_2d_y": 19.637985, "tsne_3d_x": -40.796822, "tsne_3d_y": 4.5775909, "tsne_3d_z": 13.195496, "grid_umap_1d_x": 905.0, "grid_umap_2d_x": 13.0, "grid_umap_2d_y": 1.0, "grid_umap_3d_x": 3.0, "grid_umap_3d_y": 0.0, "grid_umap_3d_z": 5.0, "grid_tsne_1d_x": 905.0, "grid_tsne_2d_x": 1.0, "grid_tsne_2d_y": 21.0, "grid_tsne_3d_x": 0.0, "grid_tsne_3d_y": 6.0, "grid_tsne_3d_z": 5.0, "patch_file_embed": "patch_0905_embed.png", "patch_file_rgb": "patch_0905_rgb.png" }, "geometry": { "type": "Point", "coordinates": [ -4.337866007322475, 55.277078969446478 ] } },
{ "type": "Feature", "properties": { "index": 906, "lon": -73.457643145848721, "lat": 7.729273276889316, "classification": 112, "subregion_name": "Latin America and the Caribbean", "umap_1d_x": -7.2977815, "umap_2d_x": 32.695343, "umap_2d_y": 34.308784, "umap_3d_x": 28.272606, "umap_3d_y": 43.765495, "umap_3d_z": 2.3189468, "tsne_1d_x": 35.909149, "tsne_2d_x": 38.290283, "tsne_2d_y": -23.89349, "tsne_3d_x": 37.757072, "tsne_3d_y": -46.16037, "tsne_3d_z": -11.613842, "grid_umap_1d_x": 906.0, "grid_umap_2d_x": 30.0, "grid_umap_2d_y": 30.0, "grid_umap_3d_x": 8.0, "grid_umap_3d_y": 10.0, "grid_umap_3d_z": 1.0, "grid_tsne_1d_x": 906.0, "grid_tsne_2d_x": 27.0, "grid_tsne_2d_y": 4.0, "grid_tsne_3d_x": 8.0, "grid_tsne_3d_y": 1.0, "grid_tsne_3d_z": 3.0, "patch_file_embed": "patch_0906_embed.png", "patch_file_rgb": "patch_0906_rgb.png" }, "geometry": { "type": "Point", "coordinates": [ -73.457643145848721, 7.729273276889316 ] } },
{ "type": "Feature", "properties": { "index": 907, "lon": -1.383233227347773, "lat": 10.91621281030406, "classification": 20, "subregion_name": "Sub-Saharan Africa", "umap_1d_x": -2.6064448, "umap_2d_x": 10.646526, "umap_2d_y": 22.952194, "umap_3d_x": 8.6045189, "umap_3d_y": 32.498352, "umap_3d_z": 39.17205, "tsne_1d_x": 23.307941, "tsne_2d_x": 16.557907, "tsne_2d_y": -12.050743, "tsne_3d_x": 9.4927559, "tsne_3d_y": -43.227547, "tsne_3d_z": 23.027229, "grid_umap_1d_x": 907.0, "grid_umap_2d_x": 11.0, "grid_umap_2d_y": 23.0, "grid_umap_3d_x": 6.0, "grid_umap_3d_y": 5.0, "grid_umap_3d_z": 5.0, "grid_tsne_1d_x": 907.0, "grid_tsne_2d_x": 19.0, "grid_tsne_2d_y": 8.0, "grid_tsne_3d_x": 4.0, "grid_tsne_3d_y": 2.0, "grid_tsne_3d_z": 6.0, "patch_file_embed": "patch_0907_embed.png", "patch_file_rgb": "patch_0907_rgb.png" }, "geometry": { "type": "Point", "coordinates": [ -1.383233227347773, 10.91621281030406 ] } },
{ "type": "Feature", "properties": { "index": 908, "lon": 147.2261228976102, "lat": -31.26213800372885, "classification": 30, "subregion_name": "Unknown", "umap_1d_x": -19.804319, "umap_2d_x": 38.742676, "umap_2d_y": -46.805801, "umap_3d_x": 47.329773, "umap_3d_y": -42.715683, "umap_3d_z": 20.199623, "tsne_1d_x": 77.991234, "tsne_2d_x": 39.458275, "tsne_2d_y": 48.617973, "tsne_3d_x": -31.325165, "tsne_3d_y": -11.8638, "tsne_3d_z": -21.637579, "grid_umap_1d_x": 908.0, "grid_umap_2d_x": 18.0, "grid_umap_2d_y": 0.0, "grid_umap_3d_x": 8.0, "grid_umap_3d_y": 1.0, "grid_umap_3d_z": 2.0, "grid_tsne_1d_x": 908.0, "grid_tsne_2d_x": 24.0, "grid_tsne_2d_y": 30.0, "grid_tsne_3d_x": 3.0, "grid_tsne_3d_y": 6.0, "grid_tsne_3d_z": 2.0, "patch_file_embed": "patch_0908_embed.png", "patch_file_rgb": "patch_0908_rgb.png" }, "geometry": { "type": "Point", "coordinates": [ 147.226122897610196, -31.26213800372885 ] } },
{ "type": "Feature", "properties": { "index": 909, "lon": 19.279603296987801, "lat": 5.7689056293478984, "classification": 114, "subregion_name": "Sub-Saharan Africa", "umap_1d_x": -2.1061826, "umap_2d_x": 10.4627, "umap_2d_y": 28.549255, "umap_3d_x": 9.9866447, "umap_3d_y": 30.6782, "umap_3d_z": 30.485214, "tsne_1d_x": 21.466591, "tsne_2d_x": 13.425575, "tsne_2d_y": -16.976154, "tsne_3d_x": 12.623493, "tsne_3d_y": -46.341248, "tsne_3d_z": 11.595528, "grid_umap_1d_x": 909.0, "grid_umap_2d_x": 13.0, "grid_umap_2d_y": 27.0, "grid_umap_3d_x": 9.0, "grid_umap_3d_y": 8.0, "grid_umap_3d_z": 7.0, "grid_tsne_1d_x": 909.0, "grid_tsne_2d_x": 17.0, "grid_tsne_2d_y": 9.0, "grid_tsne_3d_x": 6.0, "grid_tsne_3d_y": 0.0, "grid_tsne_3d_z": 5.0, "patch_file_embed": "patch_0909_embed.png", "patch_file_rgb": "patch_0909_rgb.png" }, "geometry": { "type": "Point", "coordinates": [ 19.279603296987801, 5.768905629347898 ] } },
{ "type": "Feature", "properties": { "index": 910, "lon": -84.768230151968226, "lat": 38.562385383469831, "classification": 126, "subregion_name": "Unknown", "umap_1d_x": 10.303573, "umap_2d_x": -22.77894, "umap_2d_y": 16.718124, "umap_3d_x": -25.018633, "umap_3d_y": 4.2465668, "umap_3d_z": -22.273716, "tsne_1d_x": -14.705947, "tsne_2d_x": -1.7958832, "tsne_2d_y": 0.18238831, "tsne_3d_x": 5.3499985, "tsne_3d_y": 2.5607758, "tsne_3d_z": 1.1533279, "grid_umap_1d_x": 910.0, "grid_umap_2d_x": 5.0, "grid_umap_2d_y": 21.0, "grid_umap_3d_x": 2.0, "grid_umap_3d_y": 4.0, "grid_umap_3d_z": 0.0, "grid_tsne_1d_x": 910.0, "grid_tsne_2d_x": 7.0, "grid_tsne_2d_y": 6.0, "grid_tsne_3d_x": 5.0, "grid_tsne_3d_y": 5.0, "grid_tsne_3d_z": 3.0, "patch_file_embed": "patch_0910_embed.png", "patch_file_rgb": "patch_0910_rgb.png" }, "geometry": { "type": "Point", "coordinates": [ -84.768230151968226, 38.562385383469831 ] } },
{ "type": "Feature", "properties": { "index": 911, "lon": -104.1372414900042, "lat": 60.901545890976308, "classification": 121, "subregion_name": "Northern America", "umap_1d_x": 17.072145, "umap_2d_x": -40.925964, "umap_2d_y": -7.9573364, "umap_3d_x": -48.826981, "umap_3d_y": 0.27589798, "umap_3d_z": -32.083252, "tsne_1d_x": -52.809566, "tsne_2d_x": -32.30687, "tsne_2d_y": 16.199768, "tsne_3d_x": -1.9487457, "tsne_3d_y": 25.759193, "tsne_3d_z": 22.533966, "grid_umap_1d_x": 911.0, "grid_umap_2d_x": 9.0, "grid_umap_2d_y": 8.0, "grid_umap_3d_x": 2.0, "grid_umap_3d_y": 3.0, "grid_umap_3d_z": 1.0, "grid_tsne_1d_x": 911.0, "grid_tsne_2d_x": 16.0, "grid_tsne_2d_y": 22.0, "grid_tsne_3d_x": 3.0, "grid_tsne_3d_y": 10.0, "grid_tsne_3d_z": 8.0, "patch_file_embed": "patch_0911_embed.png", "patch_file_rgb": "patch_0911_rgb.png" }, "geometry": { "type": "Point", "coordinates": [ -104.1372414900042, 60.901545890976308 ] } },
{ "type": "Feature", "properties": { "index": 912, "lon": 94.3634127824335, "lat": 62.437822932613074, "classification": 113, "subregion_name": "Eastern Europe", "umap_1d_x": 16.127279, "umap_2d_x": -42.164707, "umap_2d_y": 8.5132713, "umap_3d_x": -47.026226, "umap_3d_y": 18.901421, "umap_3d_z": -21.914303, "tsne_1d_x": -45.16259, "tsne_2d_x": -38.615578, "tsne_2d_y": 6.070179, "tsne_3d_x": 18.362358, "tsne_3d_y": 36.478874, "tsne_3d_z": 15.517151, "grid_umap_1d_x": 912.0, "grid_umap_2d_x": 5.0, "grid_umap_2d_y": 18.0, "grid_umap_3d_x": 0.0, "grid_umap_3d_y": 8.0, "grid_umap_3d_z": 2.0, "grid_tsne_1d_x": 912.0, "grid_tsne_2d_x": 2.0, "grid_tsne_2d_y": 16.0, "grid_tsne_3d_x": 8.0, "grid_tsne_3d_y": 8.0, "grid_tsne_3d_z": 3.0, "patch_file_embed": "patch_0912_embed.png", "patch_file_rgb": "patch_0912_rgb.png" }, "geometry": { "type": "Point", "coordinates": [ 94.3634127824335, 62.437822932613074 ] } },
{ "type": "Feature", "properties": { "index": 913, "lon": 8.4537489468794433, "lat": 58.63293859538345, "classification": 111, "subregion_name": "Northern Europe", "umap_1d_x": 20.788008, "umap_2d_x": -31.007095, "umap_2d_y": -14.811848, "umap_3d_x": -39.119034, "umap_3d_y": -11.973785, "umap_3d_z": -19.785383, "tsne_1d_x": -26.688814, "tsne_2d_x": -17.979332, "tsne_2d_y": 15.479469, "tsne_3d_x": -34.007587, "tsne_3d_y": 18.746193, "tsne_3d_z": 20.34935, "grid_umap_1d_x": 913.0, "grid_umap_2d_x": 13.0, "grid_umap_2d_y": 3.0, "grid_umap_3d_x": 3.0, "grid_umap_3d_y": 1.0, "grid_umap_3d_z": 2.0, "grid_tsne_1d_x": 913.0, "grid_tsne_2d_x": 3.0, "grid_tsne_2d_y": 19.0, "grid_tsne_3d_x": 0.0, "grid_tsne_3d_y": 7.0, "grid_tsne_3d_z": 6.0, "patch_file_embed": "patch_0913_embed.png", "patch_file_rgb": "patch_0913_rgb.png" }, "geometry": { "type": "Point", "coordinates": [ 8.453748946879443, 58.63293859538345 ] } },
{ "type": "Feature", "properties": { "index": 914, "lon": -60.864825993831786, "lat": -15.575661387865367, "classification": 112, "subregion_name": "Latin America and the Caribbean", "umap_1d_x": -13.845246, "umap_2d_x": 41.790283, "umap_2d_y": -12.889763, "umap_3d_x": 42.075386, "umap_3d_y": -5.5302086, "umap_3d_z": 21.565178, "tsne_1d_x": 56.023102, "tsne_2d_x": 42.33062, "tsne_2d_y": 7.7733154, "tsne_3d_x": 0.13785553000001016, "tsne_3d_y": -28.239655, "tsne_3d_z": -30.380587, "grid_umap_1d_x": 914.0, "grid_umap_2d_x": 31.0, "grid_umap_2d_y": 6.0, "grid_umap_3d_x": 9.0, "grid_umap_3d_y": 5.0, "grid_umap_3d_z": 3.0, "grid_tsne_1d_x": 914.0, "grid_tsne_2d_x": 25.0, "grid_tsne_2d_y": 18.0, "grid_tsne_3d_x": 5.0, "grid_tsne_3d_y": 3.0, "grid_tsne_3d_z": 1.0, "patch_file_embed": "patch_0914_embed.png", "patch_file_rgb": "patch_0914_rgb.png" }, "geometry": { "type": "Point", "coordinates": [ -60.864825993831786, -15.575661387865367 ] } },
{ "type": "Feature", "properties": { "index": 915, "lon": 34.938608563339642, "lat": -6.326155825062429, "classification": 20, "subregion_name": "Sub-Saharan Africa", "umap_1d_x": -13.755633, "umap_2d_x": 46.658096, "umap_2d_y": -23.690334, "umap_3d_x": 38.086899, "umap_3d_y": -16.766506, "umap_3d_z": 30.273369, "tsne_1d_x": 54.057438, "tsne_2d_x": 34.548004, "tsne_2d_y": 9.3447571, "tsne_3d_x": -15.023106, "tsne_3d_y": -37.25639, "tsne_3d_z": -14.418354, "grid_umap_1d_x": 915.0, "grid_umap_2d_x": 24.0, "grid_umap_2d_y": 16.0, "grid_umap_3d_x": 6.0, "grid_umap_3d_y": 1.0, "grid_umap_3d_z": 7.0, "grid_tsne_1d_x": 915.0, "grid_tsne_2d_x": 26.0, "grid_tsne_2d_y": 16.0, "grid_tsne_3d_x": 1.0, "grid_tsne_3d_y": 0.0, "grid_tsne_3d_z": 3.0, "patch_file_embed": "patch_0915_embed.png", "patch_file_rgb": "patch_0915_rgb.png" }, "geometry": { "type": "Point", "coordinates": [ 34.938608563339642, -6.326155825062429 ] } },
{ "type": "Feature", "properties": { "index": 916, "lon": 134.49848855428547, "lat": -13.034027897428345, "classification": 114, "subregion_name": "Unknown", "umap_1d_x": -18.222929, "umap_2d_x": 40.559273, "umap_2d_y": -30.363951, "umap_3d_x": 47.446671, "umap_3d_y": -25.072142, "umap_3d_z": 25.731453, "tsne_1d_x": 60.71854, "tsne_2d_x": 45.56768, "tsne_2d_y": 26.746277, "tsne_3d_x": -23.642838, "tsne_3d_y": -28.134745, "tsne_3d_z": -33.889603, "grid_umap_1d_x": 916.0, "grid_umap_2d_x": 28.0, "grid_umap_2d_y": 0.0, "grid_umap_3d_x": 10.0, "grid_umap_3d_y": 1.0, "grid_umap_3d_z": 5.0, "grid_tsne_1d_x": 916.0, "grid_tsne_2d_x": 31.0, "grid_tsne_2d_y": 24.0, "grid_tsne_3d_x": 3.0, "grid_tsne_3d_y": 5.0, "grid_tsne_3d_z": 2.0, "patch_file_embed": "patch_0916_embed.png", "patch_file_rgb": "patch_0916_rgb.png" }, "geometry": { "type": "Point", "coordinates": [ 134.498488554285473, -13.034027897428345 ] } },
{ "type": "Feature", "properties": { "index": 917, "lon": -139.36104176590987, "lat": 66.805557000148966, "classification": 116, "subregion_name": "Northern America", "umap_1d_x": 18.512896, "umap_2d_x": -43.325859, "umap_2d_y": -3.2023239, "umap_3d_x": -47.561661, "umap_3d_y": 10.847687, "umap_3d_z": -32.506844, "tsne_1d_x": -65.56823, "tsne_2d_x": -35.637627, "tsne_2d_y": 16.469116, "tsne_3d_x": -4.9686737, "tsne_3d_y": 38.77491, "tsne_3d_z": 31.725464, "grid_umap_1d_x": 917.0, "grid_umap_2d_x": 23.0, "grid_umap_2d_y": 16.0, "grid_umap_3d_x": 0.0, "grid_umap_3d_y": 6.0, "grid_umap_3d_z": 0.0, "grid_tsne_1d_x": 917.0, "grid_tsne_2d_x": 4.0, "grid_tsne_2d_y": 21.0, "grid_tsne_3d_x": 3.0, "grid_tsne_3d_y": 10.0, "grid_tsne_3d_z": 7.0, "patch_file_embed": "patch_0917_embed.png", "patch_file_rgb": "patch_0917_rgb.png" }, "geometry": { "type": "Point", "coordinates": [ -139.361041765909874, 66.805557000148966 ] } },
{ "type": "Feature", "properties": { "index": 918, "lon": -109.01916660210581, "lat": 54.175218011739105, "classification": 126, "subregion_name": "Northern America", "umap_1d_x": 11.639318, "umap_2d_x": -30.959921, "umap_2d_y": 20.025925, "umap_3d_x": -38.382343, "umap_3d_y": 9.5274696, "umap_3d_z": -29.004536, "tsne_1d_x": -62.593803, "tsne_2d_x": -25.61212, "tsne_2d_y": 34.303886, "tsne_3d_x": 20.471672, "tsne_3d_y": 14.593826, "tsne_3d_z": 20.256393, "grid_umap_1d_x": 918.0, "grid_umap_2d_x": 2.0, "grid_umap_2d_y": 23.0, "grid_umap_3d_x": 5.0, "grid_umap_3d_y": 5.0, "grid_umap_3d_z": 3.0, "grid_tsne_1d_x": 918.0, "grid_tsne_2d_x": 1.0, "grid_tsne_2d_y": 31.0, "grid_tsne_3d_x": 10.0, "grid_tsne_3d_y": 8.0, "grid_tsne_3d_z": 7.0, "patch_file_embed": "patch_0918_embed.png", "patch_file_rgb": "patch_0918_rgb.png" }, "geometry": { "type": "Point", "coordinates": [ -109.019166602105813, 54.175218011739105 ] } },
{ "type": "Feature", "properties": { "index": 919, "lon": 8.4583483029187505, "lat": 34.813593752020481, "classification": 20, "subregion_name": "Northern Africa", "umap_1d_x": 5.8056359, "umap_2d_x": -10.209728, "umap_2d_y": 5.95261, "umap_3d_x": -18.638786, "umap_3d_y": 0.25752640000001037, "umap_3d_z": 13.937401, "tsne_1d_x": -0.40295476, "tsne_2d_x": 9.7786789, "tsne_2d_y": 10.045124, "tsne_3d_x": -15.537827, "tsne_3d_y": -26.514086, "tsne_3d_z": 19.260635, "grid_umap_1d_x": 919.0, "grid_umap_2d_x": 21.0, "grid_umap_2d_y": 15.0, "grid_umap_3d_x": 2.0, "grid_umap_3d_y": 2.0, "grid_umap_3d_z": 8.0, "grid_tsne_1d_x": 919.0, "grid_tsne_2d_x": 16.0, "grid_tsne_2d_y": 14.0, "grid_tsne_3d_x": 1.0, "grid_tsne_3d_y": 1.0, "grid_tsne_3d_z": 7.0, "patch_file_embed": "patch_0919_embed.png", "patch_file_rgb": "patch_0919_rgb.png" }, "geometry": { "type": "Point", "coordinates": [ 8.458348302918751, 34.813593752020481 ] } },
{ "type": "Feature", "properties": { "index": 920, "lon": 1.2988873087139441, "lat": 6.9686126134665614, "classification": 20, "subregion_name": "Sub-Saharan Africa", "umap_1d_x": -2.5172687, "umap_2d_x": 11.434277, "umap_2d_y": 25.084023, "umap_3d_x": 8.3671875, "umap_3d_y": 36.265961, "umap_3d_z": 37.167671, "tsne_1d_x": 23.205109, "tsne_2d_x": 19.069633, "tsne_2d_y": -13.612209, "tsne_3d_x": 15.00856, "tsne_3d_y": -39.90649, "tsne_3d_z": 25.910141, "grid_umap_1d_x": 920.0, "grid_umap_2d_x": 12.0, "grid_umap_2d_y": 25.0, "grid_umap_3d_x": 6.0, "grid_umap_3d_y": 7.0, "grid_umap_3d_z": 6.0, "grid_tsne_1d_x": 920.0, "grid_tsne_2d_x": 21.0, "grid_tsne_2d_y": 8.0, "grid_tsne_3d_x": 6.0, "grid_tsne_3d_y": 1.0, "grid_tsne_3d_z": 7.0, "patch_file_embed": "patch_0920_embed.png", "patch_file_rgb": "patch_0920_rgb.png" }, "geometry": { "type": "Point", "coordinates": [ 1.298887308713944, 6.968612613466561 ] } },
{ "type": "Feature", "properties": { "index": 921, "lon": -134.17910883007229, "lat": 57.519482305339864, "classification": 111, "subregion_name": "Unknown", "umap_1d_x": 13.503364, "umap_2d_x": -26.396284, "umap_2d_y": -1.2012787, "umap_3d_x": -36.957718, "umap_3d_y": -3.5065155, "umap_3d_z": -0.57260513, "tsne_1d_x": -24.920879, "tsne_2d_x": -13.129391, "tsne_2d_y": 5.710434, "tsne_3d_x": -24.813274, "tsne_3d_y": 10.564552, "tsne_3d_z": -5.8236542, "grid_umap_1d_x": 921.0, "grid_umap_2d_x": 9.0, "grid_umap_2d_y": 10.0, "grid_umap_3d_x": 3.0, "grid_umap_3d_y": 3.0, "grid_umap_3d_z": 6.0, "grid_tsne_1d_x": 921.0, "grid_tsne_2d_x": 16.0, "grid_tsne_2d_y": 17.0, "grid_tsne_3d_x": 2.0, "grid_tsne_3d_y": 7.0, "grid_tsne_3d_z": 2.0, "patch_file_embed": "patch_0921_embed.png", "patch_file_rgb": "patch_0921_rgb.png" }, "geometry": { "type": "Point", "coordinates": [ -134.179108830072295, 57.519482305339864 ] } },
{ "type": "Feature", "properties": { "index": 922, "lon": 13.298280123881966, "lat": 66.392069666913017, "classification": 20, "subregion_name": "Northern Europe", "umap_1d_x": 19.785759, "umap_2d_x": -45.903034, "umap_2d_y": -4.8938942, "umap_3d_x": -44.672691, "umap_3d_y": 15.985832, "umap_3d_z": -41.057522, "tsne_1d_x": -76.118614, "tsne_2d_x": -15.390484, "tsne_2d_y": 22.153717, "tsne_3d_x": -48.697208, "tsne_3d_y": 10.476517, "tsne_3d_z": 13.829464, "grid_umap_1d_x": 922.0, "grid_umap_2d_x": 20.0, "grid_umap_2d_y": 14.0, "grid_umap_3d_x": 5.0, "grid_umap_3d_y": 6.0, "grid_umap_3d_z": 1.0, "grid_tsne_1d_x": 922.0, "grid_tsne_2d_x": 16.0, "grid_tsne_2d_y": 24.0, "grid_tsne_3d_x": 4.0, "grid_tsne_3d_y": 6.0, "grid_tsne_3d_z": 4.0, "patch_file_embed": "patch_0922_embed.png", "patch_file_rgb": "patch_0922_rgb.png" }, "geometry": { "type": "Point", "coordinates": [ 13.298280123881966, 66.392069666913017 ] } },
{ "type": "Feature", "properties": { "index": 923, "lon": -53.542772218739003, "lat": -14.071113942290118, "classification": 30, "subregion_name": "Latin America and the Caribbean", "umap_1d_x": -14.283166, "umap_2d_x": 43.368797, "umap_2d_y": -15.778358, "umap_3d_x": 41.330826, "umap_3d_y": -7.2224693, "umap_3d_z": 26.046013, "tsne_1d_x": 58.344601, "tsne_2d_x": 42.248817, "tsne_2d_y": 12.949825, "tsne_3d_x": -8.1981239, "tsne_3d_y": -38.009865, "tsne_3d_z": -30.734241, "grid_umap_1d_x": 923.0, "grid_umap_2d_x": 27.0, "grid_umap_2d_y": 13.0, "grid_umap_3d_x": 9.0, "grid_umap_3d_y": 5.0, "grid_umap_3d_z": 5.0, "grid_tsne_1d_x": 923.0, "grid_tsne_2d_x": 25.0, "grid_tsne_2d_y": 19.0, "grid_tsne_3d_x": 4.0, "grid_tsne_3d_y": 3.0, "grid_tsne_3d_z": 2.0, "patch_file_embed": "patch_0923_embed.png", "patch_file_rgb": "patch_0923_rgb.png" }, "geometry": { "type": "Point", "coordinates": [ -53.542772218739003, -14.071113942290118 ] } },
{ "type": "Feature", "properties": { "index": 924, "lon": -71.296856681779005, "lat": -38.762358069274768, "classification": 126, "subregion_name": "Latin America and the Caribbean", "umap_1d_x": -16.667013, "umap_2d_x": 34.096352, "umap_2d_y": -21.497011, "umap_3d_x": 44.320412, "umap_3d_y": -16.625633, "umap_3d_z": 6.2590485, "tsne_1d_x": 68.881859, "tsne_2d_x": 26.692421, "tsne_2d_y": 38.057556, "tsne_3d_x": -6.2560081, "tsne_3d_y": -5.5184784, "tsne_3d_z": -41.774937, "grid_umap_1d_x": 924.0, "grid_umap_2d_x": 23.0, "grid_umap_2d_y": 6.0, "grid_umap_3d_x": 9.0, "grid_umap_3d_y": 2.0, "grid_umap_3d_z": 0.0, "grid_tsne_1d_x": 924.0, "grid_tsne_2d_x": 22.0, "grid_tsne_2d_y": 31.0, "grid_tsne_3d_x": 5.0, "grid_tsne_3d_y": 8.0, "grid_tsne_3d_z": 1.0, "patch_file_embed": "patch_0924_embed.png", "patch_file_rgb": "patch_0924_rgb.png" }, "geometry": { "type": "Point", "coordinates": [ -71.296856681779005, -38.762358069274768 ] } },
{ "type": "Feature", "properties": { "index": 925, "lon": -109.57439595875404, "lat": 28.475866256010534, "classification": 124, "subregion_name": "Latin America and the Caribbean", "umap_1d_x": -0.44296128, "umap_2d_x": 2.7730522, "umap_2d_y": 34.096306, "umap_3d_x": 2.6631126, "umap_3d_y": 33.550507, "umap_3d_z": 19.010315, "tsne_1d_x": 10.502075, "tsne_2d_x": 8.5521164, "tsne_2d_y": -28.402575, "tsne_3d_x": 14.055, "tsne_3d_y": -21.944389, "tsne_3d_z": 10.759907, "grid_umap_1d_x": 925.0, "grid_umap_2d_x": 7.0, "grid_umap_2d_y": 31.0, "grid_umap_3d_x": 4.0, "grid_umap_3d_y": 8.0, "grid_umap_3d_z": 5.0, "grid_tsne_1d_x": 925.0, "grid_tsne_2d_x": 15.0, "grid_tsne_2d_y": 4.0, "grid_tsne_3d_x": 7.0, "grid_tsne_3d_y": 1.0, "grid_tsne_3d_z": 5.0, "patch_file_embed": "patch_0925_embed.png", "patch_file_rgb": "patch_0925_rgb.png" }, "geometry": { "type": "Point", "coordinates": [ -109.574395958754039, 28.475866256010534 ] } },
{ "type": "Feature", "properties": { "index": 926, "lon": 35.637240052646263, "lat": 39.78013585526385, "classification": 30, "subregion_name": "Western Asia", "umap_1d_x": 6.7480702, "umap_2d_x": -14.183746, "umap_2d_y": 7.3376465, "umap_3d_x": -21.219986, "umap_3d_y": 4.0727005, "umap_3d_z": 7.7357788, "tsne_1d_x": -4.2723622, "tsne_2d_x": 6.1508102, "tsne_2d_y": 21.478081, "tsne_3d_x": -11.253372, "tsne_3d_y": -14.136009, "tsne_3d_z": 19.687683, "grid_umap_1d_x": 926.0, "grid_umap_2d_x": 21.0, "grid_umap_2d_y": 17.0, "grid_umap_3d_x": 0.0, "grid_umap_3d_y": 6.0, "grid_umap_3d_z": 8.0, "grid_tsne_1d_x": 926.0, "grid_tsne_2d_x": 11.0, "grid_tsne_2d_y": 22.0, "grid_tsne_3d_x": 1.0, "grid_tsne_3d_y": 1.0, "grid_tsne_3d_z": 8.0, "patch_file_embed": "patch_0926_embed.png", "patch_file_rgb": "patch_0926_rgb.png" }, "geometry": { "type": "Point", "coordinates": [ 35.637240052646263, 39.78013585526385 ] } },
{ "type": "Feature", "properties": { "index": 927, "lon": -117.6990400306771, "lat": 39.369165647113022, "classification": 126, "subregion_name": "Unknown", "umap_1d_x": 7.1659527, "umap_2d_x": -15.966938, "umap_2d_y": 7.8127937, "umap_3d_x": -22.88756, "umap_3d_y": 5.1608582, "umap_3d_z": 7.2156448, "tsne_1d_x": -5.6517649, "tsne_2d_x": 4.5032921, "tsne_2d_y": 24.892799, "tsne_3d_x": -5.9681664, "tsne_3d_y": -11.852505, "tsne_3d_z": 15.904793, "grid_umap_1d_x": 927.0, "grid_umap_2d_x": 21.0, "grid_umap_2d_y": 18.0, "grid_umap_3d_x": 0.0, "grid_umap_3d_y": 7.0, "grid_umap_3d_z": 8.0, "grid_tsne_1d_x": 927.0, "grid_tsne_2d_x": 8.0, "grid_tsne_2d_y": 25.0, "grid_tsne_3d_x": 2.0, "grid_tsne_3d_y": 1.0, "grid_tsne_3d_z": 8.0, "patch_file_embed": "patch_0927_embed.png", "patch_file_rgb": "patch_0927_rgb.png" }, "geometry": { "type": "Point", "coordinates": [ -117.699040030677097, 39.369165647113022 ] } },
{ "type": "Feature", "properties": { "index": 928, "lon": -105.9495817422666, "lat": 25.241272675732858, "classification": 121, "subregion_name": "Latin America and the Caribbean", "umap_1d_x": -0.50951469, "umap_2d_x": 2.7045174, "umap_2d_y": 32.395462, "umap_3d_x": 1.7074471, "umap_3d_y": 31.50563, "umap_3d_z": 18.061417, "tsne_1d_x": 7.5245762, "tsne_2d_x": 6.2798195, "tsne_2d_y": -25.404982, "tsne_3d_x": 10.852112, "tsne_3d_y": -19.571903, "tsne_3d_z": 7.8193321, "grid_umap_1d_x": 928.0, "grid_umap_2d_x": 6.0, "grid_umap_2d_y": 30.0, "grid_umap_3d_x": 3.0, "grid_umap_3d_y": 8.0, "grid_umap_3d_z": 5.0, "grid_tsne_1d_x": 928.0, "grid_tsne_2d_x": 15.0, "grid_tsne_2d_y": 9.0, "grid_tsne_3d_x": 7.0, "grid_tsne_3d_y": 0.0, "grid_tsne_3d_z": 5.0, "patch_file_embed": "patch_0928_embed.png", "patch_file_rgb": "patch_0928_rgb.png" }, "geometry": { "type": "Point", "coordinates": [ -105.949581742266602, 25.241272675732858 ] } },
{ "type": "Feature", "properties": { "index": 929, "lon": 119.78014988881603, "lat": 53.543354211167198, "classification": 113, "subregion_name": "Eastern Europe", "umap_1d_x": 11.333571, "umap_2d_x": -32.457047, "umap_2d_y": 22.31945, "umap_3d_x": -40.014427, "umap_3d_y": 14.330223, "umap_3d_z": -33.613815, "tsne_1d_x": -63.151428, "tsne_2d_x": -27.882479, "tsne_2d_y": 38.265015, "tsne_3d_x": 21.933876, "tsne_3d_y": 22.578598, "tsne_3d_z": 23.214104, "grid_umap_1d_x": 929.0, "grid_umap_2d_x": 5.0, "grid_umap_2d_y": 24.0, "grid_umap_3d_x": 1.0, "grid_umap_3d_y": 6.0, "grid_umap_3d_z": 0.0, "grid_tsne_1d_x": 929.0, "grid_tsne_2d_x": 13.0, "grid_tsne_2d_y": 30.0, "grid_tsne_3d_x": 10.0, "grid_tsne_3d_y": 9.0, "grid_tsne_3d_z": 6.0, "patch_file_embed": "patch_0929_embed.png", "patch_file_rgb": "patch_0929_rgb.png" }, "geometry": { "type": "Point", "coordinates": [ 119.780149888816027, 53.543354211167198 ] } },
{ "type": "Feature", "properties": { "index": 930, "lon": 135.84252693797771, "lat": -21.499302355811409, "classification": 20, "subregion_name": "Unknown", "umap_1d_x": -20.476715, "umap_2d_x": 41.34874, "umap_2d_y": -48.104431, "umap_3d_x": 49.484612, "umap_3d_y": -47.63475, "umap_3d_z": 21.969582, "tsne_1d_x": 80.30751, "tsne_2d_x": 41.995293, "tsne_2d_y": 42.466042, "tsne_3d_x": -43.430645, "tsne_3d_y": -18.922318, "tsne_3d_z": -24.953852, "grid_umap_1d_x": 930.0, "grid_umap_2d_x": 21.0, "grid_umap_2d_y": 4.0, "grid_umap_3d_x": 7.0, "grid_umap_3d_y": 0.0, "grid_umap_3d_z": 1.0, "grid_tsne_1d_x": 930.0, "grid_tsne_2d_x": 26.0, "grid_tsne_2d_y": 28.0, "grid_tsne_3d_x": 3.0, "grid_tsne_3d_y": 5.0, "grid_tsne_3d_z": 3.0, "patch_file_embed": "patch_0930_embed.png", "patch_file_rgb": "patch_0930_rgb.png" }, "geometry": { "type": "Point", "coordinates": [ 135.842526937977709, -21.499302355811409 ] } },
{ "type": "Feature", "properties": { "index": 931, "lon": 11.586559337428724, "lat": 1.35461326104604, "classification": 112, "subregion_name": "Sub-Saharan Africa", "umap_1d_x": -6.5512061, "umap_2d_x": 31.078407, "umap_2d_y": 41.832993, "umap_3d_x": 27.942757, "umap_3d_y": 35.180588, "umap_3d_z": 9.5634804, "tsne_1d_x": 38.004597, "tsne_2d_x": 38.058975, "tsne_2d_y": -35.201859, "tsne_3d_x": 48.308197, "tsne_3d_y": -32.617325, "tsne_3d_z": -20.405039, "grid_umap_1d_x": 931.0, "grid_umap_2d_x": 25.0, "grid_umap_2d_y": 26.0, "grid_umap_3d_x": 10.0, "grid_umap_3d_y": 8.0, "grid_umap_3d_z": 6.0, "grid_tsne_1d_x": 931.0, "grid_tsne_2d_x": 24.0, "grid_tsne_2d_y": 8.0, "grid_tsne_3d_x": 9.0, "grid_tsne_3d_y": 6.0, "grid_tsne_3d_z": 2.0, "patch_file_embed": "patch_0931_embed.png", "patch_file_rgb": "patch_0931_rgb.png" }, "geometry": { "type": "Point", "coordinates": [ 11.586559337428724, 1.35461326104604 ] } },
{ "type": "Feature", "properties": { "index": 932, "lon": -13.928744177595576, "lat": 10.929659535050661, "classification": 20, "subregion_name": "Sub-Saharan Africa", "umap_1d_x": -2.0467315, "umap_2d_x": 9.3243713, "umap_2d_y": 29.23423, "umap_3d_x": 7.6209183, "umap_3d_y": 36.250854, "umap_3d_z": 32.324081, "tsne_1d_x": 20.157867, "tsne_2d_x": 17.372292, "tsne_2d_y": -21.332573, "tsne_3d_x": 18.431961, "tsne_3d_y": -36.330544, "tsne_3d_z": 19.577362, "grid_umap_1d_x": 932.0, "grid_umap_2d_x": 15.0, "grid_umap_2d_y": 26.0, "grid_umap_3d_x": 6.0, "grid_umap_3d_y": 6.0, "grid_umap_3d_z": 5.0, "grid_tsne_1d_x": 932.0, "grid_tsne_2d_x": 20.0, "grid_tsne_2d_y": 5.0, "grid_tsne_3d_x": 6.0, "grid_tsne_3d_y": 2.0, "grid_tsne_3d_z": 6.0, "patch_file_embed": "patch_0932_embed.png", "patch_file_rgb": "patch_0932_rgb.png" }, "geometry": { "type": "Point", "coordinates": [ -13.928744177595576, 10.929659535050661 ] } },
{ "type": "Feature", "properties": { "index": 933, "lon": 12.525506511702019, "lat": -3.1634510097686861, "classification": 116, "subregion_name": "Sub-Saharan Africa", "umap_1d_x": -6.68503, "umap_2d_x": 31.637383, "umap_2d_y": 40.522507, "umap_3d_x": 27.893326, "umap_3d_y": 35.825066, "umap_3d_z": 7.6941414, "tsne_1d_x": 37.340939, "tsne_2d_x": 39.346817, "tsne_2d_y": -31.474655, "tsne_3d_x": 45.291733, "tsne_3d_y": -39.052937, "tsne_3d_z": -20.406717, "grid_umap_1d_x": 933.0, "grid_umap_2d_x": 26.0, "grid_umap_2d_y": 25.0, "grid_umap_3d_x": 10.0, "grid_umap_3d_y": 8.0, "grid_umap_3d_z": 4.0, "grid_tsne_1d_x": 933.0, "grid_tsne_2d_x": 28.0, "grid_tsne_2d_y": 0.0, "grid_tsne_3d_x": 10.0, "grid_tsne_3d_y": 2.0, "grid_tsne_3d_z": 1.0, "patch_file_embed": "patch_0933_embed.png", "patch_file_rgb": "patch_0933_rgb.png" }, "geometry": { "type": "Point", "coordinates": [ 12.525506511702019, -3.163451009768686 ] } },
{ "type": "Feature", "properties": { "index": 934, "lon": -54.412167766707398, "lat": -15.894856820483575, "classification": 126, "subregion_name": "Latin America and the Caribbean", "umap_1d_x": -14.387022, "umap_2d_x": 43.048744, "umap_2d_y": -19.551743, "umap_3d_x": 42.157555, "umap_3d_y": -10.535725, "umap_3d_z": 26.458076, "tsne_1d_x": 58.87569, "tsne_2d_x": 41.38533, "tsne_2d_y": 16.267525, "tsne_3d_x": -12.978451, "tsne_3d_y": -35.883755, "tsne_3d_z": -32.686966, "grid_umap_1d_x": 934.0, "grid_umap_2d_x": 26.0, "grid_umap_2d_y": 12.0, "grid_umap_3d_x": 8.0, "grid_umap_3d_y": 4.0, "grid_umap_3d_z": 4.0, "grid_tsne_1d_x": 934.0, "grid_tsne_2d_x": 31.0, "grid_tsne_2d_y": 19.0, "grid_tsne_3d_x": 3.0, "grid_tsne_3d_y": 3.0, "grid_tsne_3d_z": 2.0, "patch_file_embed": "patch_0934_embed.png", "patch_file_rgb": "patch_0934_rgb.png" }, "geometry": { "type": "Point", "coordinates": [ -54.412167766707398, -15.894856820483575 ] } },
{ "type": "Feature", "properties": { "index": 935, "lon": -56.15751877077841, "lat": -6.5867928874710984, "classification": 112, "subregion_name": "Latin America and the Caribbean", "umap_1d_x": -8.8460588, "umap_2d_x": 38.24794, "umap_2d_y": 25.709068, "umap_3d_x": 35.915146, "umap_3d_y": 41.095016, "umap_3d_z": 0.3417511, "tsne_1d_x": 44.203472, "tsne_2d_x": 47.90374, "tsne_2d_y": -23.877218, "tsne_3d_x": 27.258018, "tsne_3d_y": -41.7883, "tsne_3d_z": -35.439552, "grid_umap_1d_x": 935.0, "grid_umap_2d_x": 27.0, "grid_umap_2d_y": 19.0, "grid_umap_3d_x": 9.0, "grid_umap_3d_y": 6.0, "grid_umap_3d_z": 2.0, "grid_tsne_1d_x": 935.0, "grid_tsne_2d_x": 31.0, "grid_tsne_2d_y": 4.0, "grid_tsne_3d_x": 6.0, "grid_tsne_3d_y": 6.0, "grid_tsne_3d_z": 3.0, "patch_file_embed": "patch_0935_embed.png", "patch_file_rgb": "patch_0935_rgb.png" }, "geometry": { "type": "Point", "coordinates": [ -56.15751877077841, -6.586792887471098 ] } },
{ "type": "Feature", "properties": { "index": 936, "lon": 121.12356280148765, "lat": 45.954709378678402, "classification": 30, "subregion_name": "Unknown", "umap_1d_x": 8.6164398, "umap_2d_x": -15.840263, "umap_2d_y": 30.305504, "umap_3d_x": -14.924942, "umap_3d_y": 24.004707, "umap_3d_z": -6.7171898, "tsne_1d_x": -8.4378557, "tsne_2d_x": -7.5587807, "tsne_2d_y": -21.674442, "tsne_3d_x": 33.319641, "tsne_3d_y": 8.7921562, "tsne_3d_z": 14.755188, "grid_umap_1d_x": 936.0, "grid_umap_2d_x": 7.0, "grid_umap_2d_y": 26.0, "grid_umap_3d_x": 3.0, "grid_umap_3d_y": 9.0, "grid_umap_3d_z": 3.0, "grid_tsne_1d_x": 936.0, "grid_tsne_2d_x": 8.0, "grid_tsne_2d_y": 3.0, "grid_tsne_3d_x": 9.0, "grid_tsne_3d_y": 7.0, "grid_tsne_3d_z": 5.0, "patch_file_embed": "patch_0936_embed.png", "patch_file_rgb": "patch_0936_rgb.png" }, "geometry": { "type": "Point", "coordinates": [ 121.123562801487651, 45.954709378678402 ] } },
{ "type": "Feature", "properties": { "index": 937, "lon": 128.41066757854338, "lat": -16.610722341505486, "classification": 30, "subregion_name": "Unknown", "umap_1d_x": -18.666187, "umap_2d_x": 40.240685, "umap_2d_y": -35.856976, "umap_3d_x": 48.587509, "umap_3d_y": -31.554457, "umap_3d_z": 25.943512, "tsne_1d_x": 74.383575, "tsne_2d_x": 45.805153, "tsne_2d_y": 32.44397, "tsne_3d_x": -31.321846, "tsne_3d_y": -26.438787, "tsne_3d_z": -28.382095, "grid_umap_1d_x": 937.0, "grid_umap_2d_x": 25.0, "grid_umap_2d_y": 2.0, "grid_umap_3d_x": 8.0, "grid_umap_3d_y": 1.0, "grid_umap_3d_z": 5.0, "grid_tsne_1d_x": 937.0, "grid_tsne_2d_x": 30.0, "grid_tsne_2d_y": 26.0, "grid_tsne_3d_x": 0.0, "grid_tsne_3d_y": 2.0, "grid_tsne_3d_z": 1.0, "patch_file_embed": "patch_0937_embed.png", "patch_file_rgb": "patch_0937_rgb.png" }, "geometry": { "type": "Point", "coordinates": [ 128.410667578543382, -16.610722341505486 ] } },
{ "type": "Feature", "properties": { "index": 938, "lon": 10.365752010073379, "lat": 14.42930578793046, "classification": 30, "subregion_name": "Sub-Saharan Africa", "umap_1d_x": 2.2644203, "umap_2d_x": 8.6860313, "umap_2d_y": 12.054588, "umap_3d_x": 8.9331703, "umap_3d_y": 20.384125, "umap_3d_z": 49.534195, "tsne_1d_x": 26.215401, "tsne_2d_x": 15.719963, "tsne_2d_y": 0.18527602999999004, "tsne_3d_x": -9.9778519, "tsne_3d_y": -38.057755, "tsne_3d_z": 23.602356, "grid_umap_1d_x": 938.0, "grid_umap_2d_x": 12.0, "grid_umap_2d_y": 13.0, "grid_umap_3d_x": 4.0, "grid_umap_3d_y": 5.0, "grid_umap_3d_z": 8.0, "grid_tsne_1d_x": 938.0, "grid_tsne_2d_x": 16.0, "grid_tsne_2d_y": 2.0, "grid_tsne_3d_x": 3.0, "grid_tsne_3d_y": 1.0, "grid_tsne_3d_z": 7.0, "patch_file_embed": "patch_0938_embed.png", "patch_file_rgb": "patch_0938_rgb.png" }, "geometry": { "type": "Point", "coordinates": [ 10.365752010073379, 14.42930578793046 ] } },
{ "type": "Feature", "properties": { "index": 939, "lon": 86.240059707597482, "lat": 28.036943978569212, "classification": 20, "subregion_name": "Southern Asia", "umap_1d_x": 7.8096819, "umap_2d_x": -12.644897, "umap_2d_y": 24.249107, "umap_3d_x": -12.783581, "umap_3d_y": 22.254128, "umap_3d_z": 1.6908302, "tsne_1d_x": 1.5584389, "tsne_2d_x": 0.37019348, "tsne_2d_y": -23.883326, "tsne_3d_x": 28.592781, "tsne_3d_y": -11.835144, "tsne_3d_z": -3.0433617, "grid_umap_1d_x": 939.0, "grid_umap_2d_x": 5.0, "grid_umap_2d_y": 25.0, "grid_umap_3d_x": 1.0, "grid_umap_3d_y": 9.0, "grid_umap_3d_z": 6.0, "grid_tsne_1d_x": 939.0, "grid_tsne_2d_x": 12.0, "grid_tsne_2d_y": 6.0, "grid_tsne_3d_x": 10.0, "grid_tsne_3d_y": 4.0, "grid_tsne_3d_z": 3.0, "patch_file_embed": "patch_0939_embed.png", "patch_file_rgb": "patch_0939_rgb.png" }, "geometry": { "type": "Point", "coordinates": [ 86.240059707597482, 28.036943978569212 ] } },
{ "type": "Feature", "properties": { "index": 940, "lon": 51.340375571540761, "lat": 65.656090430850767, "classification": 90, "subregion_name": "Eastern Europe", "umap_1d_x": 17.719559, "umap_2d_x": -44.356705, "umap_2d_y": -16.579033, "umap_3d_x": -42.956161, "umap_3d_y": 1.7772255, "umap_3d_z": -45.90757, "tsne_1d_x": -57.907803, "tsne_2d_x": -30.715748, "tsne_2d_y": 31.53627, "tsne_3d_x": 1.8752174, "tsne_3d_y": 13.91647, "tsne_3d_z": 34.635284, "grid_umap_1d_x": 940.0, "grid_umap_2d_x": 8.0, "grid_umap_2d_y": 3.0, "grid_umap_3d_x": 7.0, "grid_umap_3d_y": 2.0, "grid_umap_3d_z": 0.0, "grid_tsne_1d_x": 940.0, "grid_tsne_2d_x": 15.0, "grid_tsne_2d_y": 29.0, "grid_tsne_3d_x": 4.0, "grid_tsne_3d_y": 5.0, "grid_tsne_3d_z": 6.0, "patch_file_embed": "patch_0940_embed.png", "patch_file_rgb": "patch_0940_rgb.png" }, "geometry": { "type": "Point", "coordinates": [ 51.340375571540761, 65.656090430850767 ] } },
{ "type": "Feature", "properties": { "index": 941, "lon": 24.277653004244996, "lat": -7.006986667990013, "classification": 30, "subregion_name": "Sub-Saharan Africa", "umap_1d_x": -12.454719, "umap_2d_x": 49.782234, "umap_2d_y": -14.202847, "umap_3d_x": 34.321663, "umap_3d_y": -5.1171799, "umap_3d_z": 28.87915, "tsne_1d_x": 50.714272, "tsne_2d_x": 38.470779, "tsne_2d_y": -1.1388435, "tsne_3d_x": -0.30621338, "tsne_3d_y": -47.664543, "tsne_3d_z": -20.210415, "grid_umap_1d_x": 941.0, "grid_umap_2d_x": 30.0, "grid_umap_2d_y": 18.0, "grid_umap_3d_x": 9.0, "grid_umap_3d_y": 5.0, "grid_umap_3d_z": 7.0, "grid_tsne_1d_x": 941.0, "grid_tsne_2d_x": 30.0, "grid_tsne_2d_y": 9.0, "grid_tsne_3d_x": 5.0, "grid_tsne_3d_y": 0.0, "grid_tsne_3d_z": 2.0, "patch_file_embed": "patch_0941_embed.png", "patch_file_rgb": "patch_0941_rgb.png" }, "geometry": { "type": "Point", "coordinates": [ 24.277653004244996, -7.006986667990013 ] } },
{ "type": "Feature", "properties": { "index": 942, "lon": 18.40668752791521, "lat": -7.9139199451598969, "classification": 124, "subregion_name": "Sub-Saharan Africa", "umap_1d_x": -12.52564, "umap_2d_x": 50.0, "umap_2d_y": -14.640381, "umap_3d_x": 34.166222, "umap_3d_y": -5.92733, "umap_3d_z": 29.444778, "tsne_1d_x": 50.844193, "tsne_2d_x": 39.219749, "tsne_2d_y": 0.23729706000001016, "tsne_3d_x": 0.97681427000001, "tsne_3d_y": -46.403522, "tsne_3d_z": -17.151962, "grid_umap_1d_x": 942.0, "grid_umap_2d_x": 31.0, "grid_umap_2d_y": 16.0, "grid_umap_3d_x": 8.0, "grid_umap_3d_y": 4.0, "grid_umap_3d_z": 7.0, "grid_tsne_1d_x": 942.0, "grid_tsne_2d_x": 25.0, "grid_tsne_2d_y": 16.0, "grid_tsne_3d_x": 5.0, "grid_tsne_3d_y": 1.0, "grid_tsne_3d_z": 3.0, "patch_file_embed": "patch_0942_embed.png", "patch_file_rgb": "patch_0942_rgb.png" }, "geometry": { "type": "Point", "coordinates": [ 18.40668752791521, -7.913919945159897 ] } },
{ "type": "Feature", "properties": { "index": 943, "lon": -55.607510126518974, "lat": 0.13714610337972699, "classification": 112, "subregion_name": "Latin America and the Caribbean", "umap_1d_x": -8.2396469, "umap_2d_x": 36.693085, "umap_2d_y": 31.008774, "umap_3d_x": 33.021111, "umap_3d_y": 47.573509, "umap_3d_z": 2.0342636, "tsne_1d_x": 41.60844, "tsne_2d_x": 48.247185, "tsne_2d_y": -32.755116, "tsne_3d_x": 35.0168, "tsne_3d_y": -40.54575, "tsne_3d_z": -40.272774, "grid_umap_1d_x": 943.0, "grid_umap_2d_x": 31.0, "grid_umap_2d_y": 26.0, "grid_umap_3d_x": 10.0, "grid_umap_3d_y": 10.0, "grid_umap_3d_z": 2.0, "grid_tsne_1d_x": 943.0, "grid_tsne_2d_x": 26.0, "grid_tsne_2d_y": 10.0, "grid_tsne_3d_x": 7.0, "grid_tsne_3d_y": 6.0, "grid_tsne_3d_z": 1.0, "patch_file_embed": "patch_0943_embed.png", "patch_file_rgb": "patch_0943_rgb.png" }, "geometry": { "type": "Point", "coordinates": [ -55.607510126518974, 0.137146103379727 ] } },
{ "type": "Feature", "properties": { "index": 944, "lon": -95.595294361530833, "lat": 52.041544244311467, "classification": 111, "subregion_name": "Northern America", "umap_1d_x": 14.542507, "umap_2d_x": -35.637028, "umap_2d_y": -0.9017334, "umap_3d_x": -46.443584, "umap_3d_y": 0.25828934, "umap_3d_z": -11.611248, "tsne_1d_x": -34.579582, "tsne_2d_x": -27.548166, "tsne_2d_y": -19.840279, "tsne_3d_x": -9.5006981, "tsne_3d_y": 23.018089, "tsne_3d_z": 6.9050903, "grid_umap_1d_x": 944.0, "grid_umap_2d_x": 9.0, "grid_umap_2d_y": 12.0, "grid_umap_3d_x": 3.0, "grid_umap_3d_y": 4.0, "grid_umap_3d_z": 4.0, "grid_tsne_1d_x": 944.0, "grid_tsne_2d_x": 3.0, "grid_tsne_2d_y": 2.0, "grid_tsne_3d_x": 4.0, "grid_tsne_3d_y": 7.0, "grid_tsne_3d_z": 3.0, "patch_file_embed": "patch_0944_embed.png", "patch_file_rgb": "patch_0944_rgb.png" }, "geometry": { "type": "Point", "coordinates": [ -95.595294361530833, 52.041544244311467 ] } },
{ "type": "Feature", "properties": { "index": 945, "lon": 98.068744333787322, "lat": 66.472421570021254, "classification": 30, "subregion_name": "Eastern Europe", "umap_1d_x": 19.224604, "umap_2d_x": -49.010365, "umap_2d_y": -4.4988251, "umap_3d_x": -47.322094, "umap_3d_y": 19.841583, "umap_3d_z": -47.397812, "tsne_1d_x": -71.634865, "tsne_2d_x": -44.001022, "tsne_2d_y": 28.113228, "tsne_3d_x": 12.526398, "tsne_3d_y": 38.66404, "tsne_3d_z": 43.502739, "grid_umap_1d_x": 945.0, "grid_umap_2d_x": 5.0, "grid_umap_2d_y": 11.0, "grid_umap_3d_x": 7.0, "grid_umap_3d_y": 7.0, "grid_umap_3d_z": 1.0, "grid_tsne_1d_x": 945.0, "grid_tsne_2d_x": 13.0, "grid_tsne_2d_y": 27.0, "grid_tsne_3d_x": 6.0, "grid_tsne_3d_y": 6.0, "grid_tsne_3d_z": 4.0, "patch_file_embed": "patch_0945_embed.png", "patch_file_rgb": "patch_0945_rgb.png" }, "geometry": { "type": "Point", "coordinates": [ 98.068744333787322, 66.472421570021254 ] } },
{ "type": "Feature", "properties": { "index": 946, "lon": 127.42449895918304, "lat": 58.956128474708891, "classification": 113, "subregion_name": "Eastern Europe", "umap_1d_x": 15.524631, "umap_2d_x": -40.461559, "umap_2d_y": 11.001701, "umap_3d_x": -47.041138, "umap_3d_y": 18.585625, "umap_3d_z": -14.637409, "tsne_1d_x": -43.028721, "tsne_2d_x": -41.514915, "tsne_2d_y": -2.8637733, "tsne_3d_x": 12.477337, "tsne_3d_y": 35.716385, "tsne_3d_z": 9.2238426, "grid_umap_1d_x": 946.0, "grid_umap_2d_x": 0.0, "grid_umap_2d_y": 18.0, "grid_umap_3d_x": 2.0, "grid_umap_3d_y": 8.0, "grid_umap_3d_z": 4.0, "grid_tsne_1d_x": 946.0, "grid_tsne_2d_x": 9.0, "grid_tsne_2d_y": 15.0, "grid_tsne_3d_x": 8.0, "grid_tsne_3d_y": 9.0, "grid_tsne_3d_z": 2.0, "patch_file_embed": "patch_0946_embed.png", "patch_file_rgb": "patch_0946_rgb.png" }, "geometry": { "type": "Point", "coordinates": [ 127.42449895918304, 58.956128474708891 ] } },
{ "type": "Feature", "properties": { "index": 947, "lon": 81.096410192593794, "lat": 45.444649999410018, "classification": 30, "subregion_name": "Unknown", "umap_1d_x": 19.905079, "umap_2d_x": -36.047535, "umap_2d_y": -12.663044, "umap_3d_x": -42.299248, "umap_3d_y": -1.014061, "umap_3d_z": -26.854681, "tsne_1d_x": -49.044163, "tsne_2d_x": -24.858231, "tsne_2d_y": 14.627182, "tsne_3d_x": -9.6586189, "tsne_3d_y": -1.0417061, "tsne_3d_z": 20.000023, "grid_umap_1d_x": 947.0, "grid_umap_2d_x": 5.0, "grid_umap_2d_y": 3.0, "grid_umap_3d_x": 3.0, "grid_umap_3d_y": 3.0, "grid_umap_3d_z": 2.0, "grid_tsne_1d_x": 947.0, "grid_tsne_2d_x": 8.0, "grid_tsne_2d_y": 20.0, "grid_tsne_3d_x": 2.0, "grid_tsne_3d_y": 4.0, "grid_tsne_3d_z": 8.0, "patch_file_embed": "patch_0947_embed.png", "patch_file_rgb": "patch_0947_rgb.png" }, "geometry": { "type": "Point", "coordinates": [ 81.096410192593794, 45.444649999410018 ] } },
{ "type": "Feature", "properties": { "index": 948, "lon": 22.972028295853704, "lat": -7.8933929259284952, "classification": 114, "subregion_name": "Sub-Saharan Africa", "umap_1d_x": -12.532235, "umap_2d_x": 49.88797, "umap_2d_y": -14.888657, "umap_3d_x": 34.103523, "umap_3d_y": -6.0794487, "umap_3d_z": 29.620331, "tsne_1d_x": 50.988018, "tsne_2d_x": 38.429657, "tsne_2d_y": 0.36208725, "tsne_3d_x": -1.7034302, "tsne_3d_y": -45.760666, "tsne_3d_z": -19.133112, "grid_umap_1d_x": 948.0, "grid_umap_2d_x": 30.0, "grid_umap_2d_y": 17.0, "grid_umap_3d_x": 7.0, "grid_umap_3d_y": 4.0, "grid_umap_3d_z": 7.0, "grid_tsne_1d_x": 948.0, "grid_tsne_2d_x": 30.0, "grid_tsne_2d_y": 10.0, "grid_tsne_3d_x": 5.0, "grid_tsne_3d_y": 3.0, "grid_tsne_3d_z": 3.0, "patch_file_embed": "patch_0948_embed.png", "patch_file_rgb": "patch_0948_rgb.png" }, "geometry": { "type": "Point", "coordinates": [ 22.972028295853704, -7.893392925928495 ] } },
{ "type": "Feature", "properties": { "index": 949, "lon": -106.2026191592812, "lat": 24.524160061747352, "classification": 115, "subregion_name": "Latin America and the Caribbean", "umap_1d_x": -0.57853037, "umap_2d_x": -0.37225342, "umap_2d_y": 34.61779, "umap_3d_x": 1.3885078, "umap_3d_y": 33.075211, "umap_3d_z": 10.432697, "tsne_1d_x": 7.3431053, "tsne_2d_x": 2.7914467, "tsne_2d_y": -28.936853, "tsne_3d_x": 27.645584, "tsne_3d_y": -15.857853, "tsne_3d_z": 1.2567101, "grid_umap_1d_x": 949.0, "grid_umap_2d_x": 7.0, "grid_umap_2d_y": 29.0, "grid_umap_3d_x": 4.0, "grid_umap_3d_y": 10.0, "grid_umap_3d_z": 4.0, "grid_tsne_1d_x": 949.0, "grid_tsne_2d_x": 13.0, "grid_tsne_2d_y": 5.0, "grid_tsne_3d_x": 10.0, "grid_tsne_3d_y": 3.0, "grid_tsne_3d_z": 4.0, "patch_file_embed": "patch_0949_embed.png", "patch_file_rgb": "patch_0949_rgb.png" }, "geometry": { "type": "Point", "coordinates": [ -106.202619159281198, 24.524160061747352 ] } },
{ "type": "Feature", "properties": { "index": 950, "lon": 139.79538061258592, "lat": -28.728325836967663, "classification": 60, "subregion_name": "Unknown", "umap_1d_x": -19.883137, "umap_2d_x": 39.185165, "umap_2d_y": -47.549576, "umap_3d_x": 46.72084, "umap_3d_y": -43.362511, "umap_3d_z": 21.491554, "tsne_1d_x": 78.249016, "tsne_2d_x": 40.060204, "tsne_2d_y": 50.0, "tsne_3d_x": -30.573214, "tsne_3d_y": -12.480045, "tsne_3d_z": -18.878496, "grid_umap_1d_x": 950.0, "grid_umap_2d_x": 19.0, "grid_umap_2d_y": 0.0, "grid_umap_3d_x": 9.0, "grid_umap_3d_y": 0.0, "grid_umap_3d_z": 4.0, "grid_tsne_1d_x": 950.0, "grid_tsne_2d_x": 20.0, "grid_tsne_2d_y": 26.0, "grid_tsne_3d_x": 1.0, "grid_tsne_3d_y": 4.0, "grid_tsne_3d_z": 1.0, "patch_file_embed": "patch_0950_embed.png", "patch_file_rgb": "patch_0950_rgb.png" }, "geometry": { "type": "Point", "coordinates": [ 139.795380612585916, -28.728325836967663 ] } },
{ "type": "Feature", "properties": { "index": 951, "lon": 31.134320031042023, "lat": -22.649988437337257, "classification": 20, "subregion_name": "Sub-Saharan Africa", "umap_1d_x": -14.773299, "umap_2d_x": 41.814705, "umap_2d_y": -20.95454, "umap_3d_x": 44.770142, "umap_3d_y": -12.335621, "umap_3d_z": 26.969292, "tsne_1d_x": 60.416351, "tsne_2d_x": 44.87822, "tsne_2d_y": 21.536812, "tsne_3d_x": -16.65411, "tsne_3d_y": -25.504456, "tsne_3d_z": -28.676411, "grid_umap_1d_x": 951.0, "grid_umap_2d_x": 26.0, "grid_umap_2d_y": 9.0, "grid_umap_3d_x": 7.0, "grid_umap_3d_y": 4.0, "grid_umap_3d_z": 3.0, "grid_tsne_1d_x": 951.0, "grid_tsne_2d_x": 31.0, "grid_tsne_2d_y": 22.0, "grid_tsne_3d_x": 3.0, "grid_tsne_3d_y": 4.0, "grid_tsne_3d_z": 2.0, "patch_file_embed": "patch_0951_embed.png", "patch_file_rgb": "patch_0951_rgb.png" }, "geometry": { "type": "Point", "coordinates": [ 31.134320031042023, -22.649988437337257 ] } },
{ "type": "Feature", "properties": { "index": 952, "lon": 26.868371870283198, "lat": 69.180473848310385, "classification": 111, "subregion_name": "Unknown", "umap_1d_x": 20.034857, "umap_2d_x": -36.339226, "umap_2d_y": -14.386711, "umap_3d_x": -42.658485, "umap_3d_y": -4.3258438, "umap_3d_z": -28.87505, "tsne_1d_x": -48.654903, "tsne_2d_x": -23.725636, "tsne_2d_y": 16.72039, "tsne_3d_x": -25.219522, "tsne_3d_y": 25.955154, "tsne_3d_z": 28.26075, "grid_umap_1d_x": 952.0, "grid_umap_2d_x": 4.0, "grid_umap_2d_y": 1.0, "grid_umap_3d_x": 4.0, "grid_umap_3d_y": 2.0, "grid_umap_3d_z": 2.0, "grid_tsne_1d_x": 952.0, "grid_tsne_2d_x": 9.0, "grid_tsne_2d_y": 21.0, "grid_tsne_3d_x": 0.0, "grid_tsne_3d_y": 8.0, "grid_tsne_3d_z": 8.0, "patch_file_embed": "patch_0952_embed.png", "patch_file_rgb": "patch_0952_rgb.png" }, "geometry": { "type": "Point", "coordinates": [ 26.868371870283198, 69.180473848310385 ] } },
{ "type": "Feature", "properties": { "index": 953, "lon": -7.215378392062064, "lat": 41.318189377373315, "classification": 126, "subregion_name": "Southern Europe", "umap_1d_x": 6.4608674, "umap_2d_x": -14.332096, "umap_2d_y": 1.9395714, "umap_3d_x": -23.353247, "umap_3d_y": -3.620224, "umap_3d_z": 8.8721161, "tsne_1d_x": -3.0243242, "tsne_2d_x": 1.5912895, "tsne_2d_y": 15.485901, "tsne_3d_x": -21.674099, "tsne_3d_y": -12.286625, "tsne_3d_z": 9.4856567, "grid_umap_1d_x": 953.0, "grid_umap_2d_x": 17.0, "grid_umap_2d_y": 12.0, "grid_umap_3d_x": 3.0, "grid_umap_3d_y": 2.0, "grid_umap_3d_z": 7.0, "grid_tsne_1d_x": 953.0, "grid_tsne_2d_x": 15.0, "grid_tsne_2d_y": 19.0, "grid_tsne_3d_x": 0.0, "grid_tsne_3d_y": 2.0, "grid_tsne_3d_z": 5.0, "patch_file_embed": "patch_0953_embed.png", "patch_file_rgb": "patch_0953_rgb.png" }, "geometry": { "type": "Point", "coordinates": [ -7.215378392062064, 41.318189377373315 ] } },
{ "type": "Feature", "properties": { "index": 954, "lon": 25.285377558937057, "lat": -8.3750429094427048, "classification": 90, "subregion_name": "Sub-Saharan Africa", "umap_1d_x": -12.593094, "umap_2d_x": 49.423691, "umap_2d_y": -16.077892, "umap_3d_x": 33.851006, "umap_3d_y": -7.8808861, "umap_3d_z": 30.730278, "tsne_1d_x": 51.039246, "tsne_2d_x": 36.96814, "tsne_2d_y": -1.0771332, "tsne_3d_x": -5.4220428, "tsne_3d_y": -47.967556, "tsne_3d_z": -16.502125, "grid_umap_1d_x": 954.0, "grid_umap_2d_x": 28.0, "grid_umap_2d_y": 18.0, "grid_umap_3d_x": 6.0, "grid_umap_3d_y": 3.0, "grid_umap_3d_z": 7.0, "grid_tsne_1d_x": 954.0, "grid_tsne_2d_x": 30.0, "grid_tsne_2d_y": 8.0, "grid_tsne_3d_x": 4.0, "grid_tsne_3d_y": 3.0, "grid_tsne_3d_z": 4.0, "patch_file_embed": "patch_0954_embed.png", "patch_file_rgb": "patch_0954_rgb.png" }, "geometry": { "type": "Point", "coordinates": [ 25.285377558937057, -8.375042909442705 ] } },
{ "type": "Feature", "properties": { "index": 955, "lon": 143.72099963134156, "lat": -15.476865424871079, "classification": 114, "subregion_name": "Unknown", "umap_1d_x": -18.079409, "umap_2d_x": 40.390945, "umap_2d_y": -29.385931, "umap_3d_x": 47.297546, "umap_3d_y": -24.439234, "umap_3d_z": 25.297028, "tsne_1d_x": 60.839298, "tsne_2d_x": 45.812515, "tsne_2d_y": 25.634781, "tsne_3d_x": -22.47003, "tsne_3d_y": -28.356045, "tsne_3d_z": -35.680992, "grid_umap_1d_x": 955.0, "grid_umap_2d_x": 26.0, "grid_umap_2d_y": 5.0, "grid_umap_3d_x": 7.0, "grid_umap_3d_y": 3.0, "grid_umap_3d_z": 3.0, "grid_tsne_1d_x": 955.0, "grid_tsne_2d_x": 27.0, "grid_tsne_2d_y": 23.0, "grid_tsne_3d_x": 2.0, "grid_tsne_3d_y": 3.0, "grid_tsne_3d_z": 0.0, "patch_file_embed": "patch_0955_embed.png", "patch_file_rgb": "patch_0955_rgb.png" }, "geometry": { "type": "Point", "coordinates": [ 143.720999631341556, -15.476865424871079 ] } },
{ "type": "Feature", "properties": { "index": 956, "lon": -50.693335204186724, "lat": -24.826880856028005, "classification": 112, "subregion_name": "Latin America and the Caribbean", "umap_1d_x": -15.820006, "umap_2d_x": 37.916763, "umap_2d_y": -17.889423, "umap_3d_x": 42.687584, "umap_3d_y": -11.226837, "umap_3d_z": 13.826675, "tsne_1d_x": 63.1064, "tsne_2d_x": 29.700615, "tsne_2d_y": 20.886124, "tsne_3d_x": 1.491333, "tsne_3d_y": -17.730343, "tsne_3d_z": -35.929352, "grid_umap_1d_x": 956.0, "grid_umap_2d_x": 28.0, "grid_umap_2d_y": 3.0, "grid_umap_3d_x": 10.0, "grid_umap_3d_y": 3.0, "grid_umap_3d_z": 3.0, "grid_tsne_1d_x": 956.0, "grid_tsne_2d_x": 23.0, "grid_tsne_2d_y": 22.0, "grid_tsne_3d_x": 5.0, "grid_tsne_3d_y": 5.0, "grid_tsne_3d_z": 0.0, "patch_file_embed": "patch_0956_embed.png", "patch_file_rgb": "patch_0956_rgb.png" }, "geometry": { "type": "Point", "coordinates": [ -50.693335204186724, -24.826880856028005 ] } },
{ "type": "Feature", "properties": { "index": 957, "lon": 13.506388388329981, "lat": 65.874086550393201, "classification": 30, "subregion_name": "Northern Europe", "umap_1d_x": 19.874815, "umap_2d_x": -45.362881, "umap_2d_y": -4.4467125, "umap_3d_x": -44.790966, "umap_3d_y": 15.665703, "umap_3d_z": -40.170822, "tsne_1d_x": -76.149239, "tsne_2d_x": -15.268837, "tsne_2d_y": 22.05658, "tsne_3d_x": -48.279171, "tsne_3d_y": 10.135685, "tsne_3d_z": 13.779537, "grid_umap_1d_x": 957.0, "grid_umap_2d_x": 16.0, "grid_umap_2d_y": 13.0, "grid_umap_3d_x": 5.0, "grid_umap_3d_y": 6.0, "grid_umap_3d_z": 2.0, "grid_tsne_1d_x": 957.0, "grid_tsne_2d_x": 0.0, "grid_tsne_2d_y": 23.0, "grid_tsne_3d_x": 3.0, "grid_tsne_3d_y": 6.0, "grid_tsne_3d_z": 4.0, "patch_file_embed": "patch_0957_embed.png", "patch_file_rgb": "patch_0957_rgb.png" }, "geometry": { "type": "Point", "coordinates": [ 13.506388388329981, 65.874086550393201 ] } },
{ "type": "Feature", "properties": { "index": 958, "lon": -52.334082608365946, "lat": 3.6925109670149752, "classification": 112, "subregion_name": "Unknown", "umap_1d_x": -7.8686042, "umap_2d_x": 36.024757, "umap_2d_y": 34.2761, "umap_3d_x": 31.750298, "umap_3d_y": 48.444214, "umap_3d_z": 2.9142303, "tsne_1d_x": 40.71973, "tsne_2d_x": 47.036392, "tsne_2d_y": -35.319729, "tsne_3d_x": 38.795082, "tsne_3d_y": -40.959053, "tsne_3d_z": -38.458412, "grid_umap_1d_x": 958.0, "grid_umap_2d_x": 31.0, "grid_umap_2d_y": 28.0, "grid_umap_3d_x": 8.0, "grid_umap_3d_y": 8.0, "grid_umap_3d_z": 2.0, "grid_tsne_1d_x": 958.0, "grid_tsne_2d_x": 30.0, "grid_tsne_2d_y": 1.0, "grid_tsne_3d_x": 8.0, "grid_tsne_3d_y": 6.0, "grid_tsne_3d_z": 0.0, "patch_file_embed": "patch_0958_embed.png", "patch_file_rgb": "patch_0958_rgb.png" }, "geometry": { "type": "Point", "coordinates": [ -52.334082608365946, 3.692510967014975 ] } },
{ "type": "Feature", "properties": { "index": 959, "lon": -68.795627900508805, "lat": -9.4822103619923439, "classification": 112, "subregion_name": "Latin America and the Caribbean", "umap_1d_x": -8.9328794, "umap_2d_x": 38.388046, "umap_2d_y": 27.266327, "umap_3d_x": 34.897934, "umap_3d_y": 38.926407, "umap_3d_z": -1.0335083, "tsne_1d_x": 43.86945, "tsne_2d_x": 45.416, "tsne_2d_y": -23.553619, "tsne_3d_x": 25.507637, "tsne_3d_y": -42.840183, "tsne_3d_z": -29.477205, "grid_umap_1d_x": 959.0, "grid_umap_2d_x": 27.0, "grid_umap_2d_y": 20.0, "grid_umap_3d_x": 10.0, "grid_umap_3d_y": 7.0, "grid_umap_3d_z": 0.0, "grid_tsne_1d_x": 959.0, "grid_tsne_2d_x": 29.0, "grid_tsne_2d_y": 6.0, "grid_tsne_3d_x": 7.0, "grid_tsne_3d_y": 1.0, "grid_tsne_3d_z": 1.0, "patch_file_embed": "patch_0959_embed.png", "patch_file_rgb": "patch_0959_rgb.png" }, "geometry": { "type": "Point", "coordinates": [ -68.795627900508805, -9.482210361992344 ] } },
{ "type": "Feature", "properties": { "index": 960, "lon": 48.501742551157207, "lat": 30.962848767511161, "classification": 40, "subregion_name": "Southern Asia", "umap_1d_x": 6.1195269, "umap_2d_x": -12.09127, "umap_2d_y": 6.7386169, "umap_3d_x": -19.25461, "umap_3d_y": 2.3160095, "umap_3d_z": 9.4580879, "tsne_1d_x": -1.1527838, "tsne_2d_x": 7.368679, "tsne_2d_y": 15.020775, "tsne_3d_x": -21.602503, "tsne_3d_y": -19.519249, "tsne_3d_z": 19.087723, "grid_umap_1d_x": 960.0, "grid_umap_2d_x": 3.0, "grid_umap_2d_y": 11.0, "grid_umap_3d_x": 0.0, "grid_umap_3d_y": 4.0, "grid_umap_3d_z": 8.0, "grid_tsne_1d_x": 960.0, "grid_tsne_2d_x": 20.0, "grid_tsne_2d_y": 19.0, "grid_tsne_3d_x": 0.0, "grid_tsne_3d_y": 1.0, "grid_tsne_3d_z": 7.0, "patch_file_embed": "patch_0960_embed.png", "patch_file_rgb": "patch_0960_rgb.png" }, "geometry": { "type": "Point", "coordinates": [ 48.501742551157207, 30.962848767511161 ] } },
{ "type": "Feature", "properties": { "index": 961, "lon": 48.49116800244218, "lat": 63.26586216525908, "classification": 115, "subregion_name": "Eastern Europe", "umap_1d_x": 14.838648, "umap_2d_x": -31.891584, "umap_2d_y": -4.2402077, "umap_3d_x": -44.798779, "umap_3d_y": -9.0262909, "umap_3d_z": -3.4894485, "tsne_1d_x": -32.196064, "tsne_2d_x": -25.613583, "tsne_2d_y": -12.940235, "tsne_3d_x": -19.053373, "tsne_3d_y": 30.388535, "tsne_3d_z": 1.4297371, "grid_umap_1d_x": 961.0, "grid_umap_2d_x": 22.0, "grid_umap_2d_y": 13.0, "grid_umap_3d_x": 4.0, "grid_umap_3d_y": 2.0, "grid_umap_3d_z": 6.0, "grid_tsne_1d_x": 961.0, "grid_tsne_2d_x": 4.0, "grid_tsne_2d_y": 6.0, "grid_tsne_3d_x": 2.0, "grid_tsne_3d_y": 9.0, "grid_tsne_3d_z": 2.0, "patch_file_embed": "patch_0961_embed.png", "patch_file_rgb": "patch_0961_rgb.png" }, "geometry": { "type": "Point", "coordinates": [ 48.49116800244218, 63.26586216525908 ] } },
{ "type": "Feature", "properties": { "index": 962, "lon": -63.661829337886957, "lat": 4.6316451702746946, "classification": 112, "subregion_name": "Latin America and the Caribbean", "umap_1d_x": -7.6139746, "umap_2d_x": 34.779755, "umap_2d_y": 35.421715, "umap_3d_x": 30.006607, "umap_3d_y": 46.669434, "umap_3d_z": 2.6444244, "tsne_1d_x": 39.719467, "tsne_2d_x": 43.488785, "tsne_2d_y": -36.060852, "tsne_3d_x": 43.409851, "tsne_3d_y": -35.78989, "tsne_3d_z": -31.745577, "grid_umap_1d_x": 962.0, "grid_umap_2d_x": 31.0, "grid_umap_2d_y": 31.0, "grid_umap_3d_x": 7.0, "grid_umap_3d_y": 8.0, "grid_umap_3d_z": 1.0, "grid_tsne_1d_x": 962.0, "grid_tsne_2d_x": 28.0, "grid_tsne_2d_y": 2.0, "grid_tsne_3d_x": 10.0, "grid_tsne_3d_y": 4.0, "grid_tsne_3d_z": 0.0, "patch_file_embed": "patch_0962_embed.png", "patch_file_rgb": "patch_0962_rgb.png" }, "geometry": { "type": "Point", "coordinates": [ -63.661829337886957, 4.631645170274695 ] } },
{ "type": "Feature", "properties": { "index": 963, "lon": 57.971925649667412, "lat": 60.106297639556161, "classification": 114, "subregion_name": "Eastern Europe", "umap_1d_x": 15.017862, "umap_2d_x": -32.039093, "umap_2d_y": -7.8606148, "umap_3d_x": -42.353134, "umap_3d_y": -7.6850166, "umap_3d_z": -10.278599, "tsne_1d_x": -30.711775, "tsne_2d_x": -25.668539, "tsne_2d_y": -5.2246895, "tsne_3d_x": -26.118124, "tsne_3d_y": 27.703636, "tsne_3d_z": 9.7566681, "grid_umap_1d_x": 963.0, "grid_umap_2d_x": 8.0, "grid_umap_2d_y": 6.0, "grid_umap_3d_x": 3.0, "grid_umap_3d_y": 2.0, "grid_umap_3d_z": 4.0, "grid_tsne_1d_x": 963.0, "grid_tsne_2d_x": 3.0, "grid_tsne_2d_y": 9.0, "grid_tsne_3d_x": 2.0, "grid_tsne_3d_y": 8.0, "grid_tsne_3d_z": 4.0, "patch_file_embed": "patch_0963_embed.png", "patch_file_rgb": "patch_0963_rgb.png" }, "geometry": { "type": "Point", "coordinates": [ 57.971925649667412, 60.106297639556161 ] } },
{ "type": "Feature", "properties": { "index": 964, "lon": -53.231193208966872, "lat": -5.5815489231027371, "classification": 112, "subregion_name": "Latin America and the Caribbean", "umap_1d_x": -8.9006987, "umap_2d_x": 38.390617, "umap_2d_y": 24.265518, "umap_3d_x": 36.082642, "umap_3d_y": 40.776863, "umap_3d_z": 0.52028275, "tsne_1d_x": 45.110291, "tsne_2d_x": 49.698212, "tsne_2d_y": -22.771942, "tsne_3d_x": 25.074615, "tsne_3d_y": -42.907417, "tsne_3d_z": -40.433708, "grid_umap_1d_x": 964.0, "grid_umap_2d_x": 31.0, "grid_umap_2d_y": 19.0, "grid_umap_3d_x": 9.0, "grid_umap_3d_y": 6.0, "grid_umap_3d_z": 3.0, "grid_tsne_1d_x": 964.0, "grid_tsne_2d_x": 27.0, "grid_tsne_2d_y": 12.0, "grid_tsne_3d_x": 7.0, "grid_tsne_3d_y": 3.0, "grid_tsne_3d_z": 0.0, "patch_file_embed": "patch_0964_embed.png", "patch_file_rgb": "patch_0964_rgb.png" }, "geometry": { "type": "Point", "coordinates": [ -53.231193208966872, -5.581548923102737 ] } },
{ "type": "Feature", "properties": { "index": 965, "lon": 103.5445465968312, "lat": 35.105293267875524, "classification": 30, "subregion_name": "Unknown", "umap_1d_x": 8.0356684, "umap_2d_x": -13.027588, "umap_2d_y": 25.882874, "umap_3d_x": -13.096428, "umap_3d_y": 22.618553, "umap_3d_z": -0.44832993, "tsne_1d_x": 1.3620636, "tsne_2d_x": -1.8084946, "tsne_2d_y": -22.950682, "tsne_3d_x": 33.79055, "tsne_3d_y": -6.0841331, "tsne_3d_z": -5.0286179, "grid_umap_1d_x": 965.0, "grid_umap_2d_x": 0.0, "grid_umap_2d_y": 26.0, "grid_umap_3d_x": 2.0, "grid_umap_3d_y": 9.0, "grid_umap_3d_z": 4.0, "grid_tsne_1d_x": 965.0, "grid_tsne_2d_x": 12.0, "grid_tsne_2d_y": 7.0, "grid_tsne_3d_x": 10.0, "grid_tsne_3d_y": 7.0, "grid_tsne_3d_z": 2.0, "patch_file_embed": "patch_0965_embed.png", "patch_file_rgb": "patch_0965_rgb.png" }, "geometry": { "type": "Point", "coordinates": [ 103.544546596831196, 35.105293267875524 ] } },
{ "type": "Feature", "properties": { "index": 966, "lon": -119.66125782260818, "lat": 55.474245844405743, "classification": 115, "subregion_name": "Northern America", "umap_1d_x": 14.179429, "umap_2d_x": -35.150398, "umap_2d_y": 6.8771057, "umap_3d_x": -44.856239, "umap_3d_y": 7.5730324, "umap_3d_z": -4.6840363, "tsne_1d_x": -37.856968, "tsne_2d_x": -30.447624, "tsne_2d_y": -12.855858, "tsne_3d_x": 3.1541061, "tsne_3d_y": 28.515411, "tsne_3d_z": -4.8427353, "grid_umap_1d_x": 966.0, "grid_umap_2d_x": 3.0, "grid_umap_2d_y": 16.0, "grid_umap_3d_x": 0.0, "grid_umap_3d_y": 6.0, "grid_umap_3d_z": 5.0, "grid_tsne_1d_x": 966.0, "grid_tsne_2d_x": 5.0, "grid_tsne_2d_y": 8.0, "grid_tsne_3d_x": 6.0, "grid_tsne_3d_y": 10.0, "grid_tsne_3d_z": 0.0, "patch_file_embed": "patch_0966_embed.png", "patch_file_rgb": "patch_0966_rgb.png" }, "geometry": { "type": "Point", "coordinates": [ -119.661257822608178, 55.474245844405743 ] } },
{ "type": "Feature", "properties": { "index": 967, "lon": 91.070606387756527, "lat": 56.315951951083591, "classification": 114, "subregion_name": "Eastern Europe", "umap_1d_x": 14.478733, "umap_2d_x": -35.794823, "umap_2d_y": 8.5888214, "umap_3d_x": -44.710621, "umap_3d_y": 8.9930229, "umap_3d_z": -8.0736618, "tsne_1d_x": -38.48568, "tsne_2d_x": -32.442524, "tsne_2d_y": -9.6475868, "tsne_3d_x": 2.2383385, "tsne_3d_y": 28.411789, "tsne_3d_z": 3.3698273, "grid_umap_1d_x": 967.0, "grid_umap_2d_x": 18.0, "grid_umap_2d_y": 20.0, "grid_umap_3d_x": 0.0, "grid_umap_3d_y": 6.0, "grid_umap_3d_z": 4.0, "grid_tsne_1d_x": 967.0, "grid_tsne_2d_x": 0.0, "grid_tsne_2d_y": 7.0, "grid_tsne_3d_x": 5.0, "grid_tsne_3d_y": 10.0, "grid_tsne_3d_z": 2.0, "patch_file_embed": "patch_0967_embed.png", "patch_file_rgb": "patch_0967_rgb.png" }, "geometry": { "type": "Point", "coordinates": [ 91.070606387756527, 56.315951951083591 ] } },
{ "type": "Feature", "properties": { "index": 968, "lon": 144.44265114682025, "lat": -28.682155638421584, "classification": 126, "subregion_name": "Unknown", "umap_1d_x": -20.340141, "umap_2d_x": 40.705009, "umap_2d_y": -47.031361, "umap_3d_x": 49.442688, "umap_3d_y": -46.689754, "umap_3d_z": 20.952812, "tsne_1d_x": 79.254395, "tsne_2d_x": 40.733299, "tsne_2d_y": 42.285713, "tsne_3d_x": -42.372105, "tsne_3d_y": -17.001282, "tsne_3d_z": -28.574696, "grid_umap_1d_x": 968.0, "grid_umap_2d_x": 22.0, "grid_umap_2d_y": 0.0, "grid_umap_3d_x": 7.0, "grid_umap_3d_y": 1.0, "grid_umap_3d_z": 1.0, "grid_tsne_1d_x": 968.0, "grid_tsne_2d_x": 22.0, "grid_tsne_2d_y": 25.0, "grid_tsne_3d_x": 0.0, "grid_tsne_3d_y": 5.0, "grid_tsne_3d_z": 0.0, "patch_file_embed": "patch_0968_embed.png", "patch_file_rgb": "patch_0968_rgb.png" }, "geometry": { "type": "Point", "coordinates": [ 144.442651146820253, -28.682155638421584 ] } },
{ "type": "Feature", "properties": { "index": 969, "lon": 79.292856000721031, "lat": 26.282991453173395, "classification": 40, "subregion_name": "Southern Asia", "umap_1d_x": 1.1024033, "umap_2d_x": 4.5523529, "umap_2d_y": 47.92392, "umap_3d_x": -0.56038666, "umap_3d_y": 44.119186, "umap_3d_z": 28.854538, "tsne_1d_x": 13.748491, "tsne_2d_x": 12.891418, "tsne_2d_y": -44.692917, "tsne_3d_x": 31.078033, "tsne_3d_y": -27.102201, "tsne_3d_z": 32.543671, "grid_umap_1d_x": 969.0, "grid_umap_2d_x": 18.0, "grid_umap_2d_y": 29.0, "grid_umap_3d_x": 2.0, "grid_umap_3d_y": 9.0, "grid_umap_3d_z": 7.0, "grid_tsne_1d_x": 969.0, "grid_tsne_2d_x": 19.0, "grid_tsne_2d_y": 5.0, "grid_tsne_3d_x": 7.0, "grid_tsne_3d_y": 5.0, "grid_tsne_3d_z": 6.0, "patch_file_embed": "patch_0969_embed.png", "patch_file_rgb": "patch_0969_rgb.png" }, "geometry": { "type": "Point", "coordinates": [ 79.292856000721031, 26.282991453173395 ] } },
{ "type": "Feature", "properties": { "index": 970, "lon": 46.249225833549843, "lat": 57.731787993945886, "classification": 30, "subregion_name": "Eastern Europe", "umap_1d_x": 22.523945, "umap_2d_x": -27.903662, "umap_2d_y": 21.166023, "umap_3d_x": -32.75499, "umap_3d_y": -5.7653809, "umap_3d_z": -21.416956, "tsne_1d_x": -20.546879, "tsne_2d_x": -13.251259, "tsne_2d_y": 28.992386, "tsne_3d_x": -23.852848, "tsne_3d_y": 5.9858513, "tsne_3d_z": 23.588196, "grid_umap_1d_x": 970.0, "grid_umap_2d_x": 9.0, "grid_umap_2d_y": 24.0, "grid_umap_3d_x": 2.0, "grid_umap_3d_y": 1.0, "grid_umap_3d_z": 0.0, "grid_tsne_1d_x": 970.0, "grid_tsne_2d_x": 11.0, "grid_tsne_2d_y": 28.0, "grid_tsne_3d_x": 0.0, "grid_tsne_3d_y": 6.0, "grid_tsne_3d_z": 8.0, "patch_file_embed": "patch_0970_embed.png", "patch_file_rgb": "patch_0970_rgb.png" }, "geometry": { "type": "Point", "coordinates": [ 46.249225833549843, 57.731787993945886 ] } },
{ "type": "Feature", "properties": { "index": 971, "lon": 101.46128796602954, "lat": 69.382723870972939, "classification": 126, "subregion_name": "Eastern Europe", "umap_1d_x": 19.045523, "umap_2d_x": -49.326267, "umap_2d_y": -1.5501213, "umap_3d_x": -48.439953, "umap_3d_y": 20.140327, "umap_3d_z": -46.301975, "tsne_1d_x": -70.323524, "tsne_2d_x": -43.067184, "tsne_2d_y": 24.287247, "tsne_3d_x": 13.010246, "tsne_3d_y": 36.470757, "tsne_3d_z": 37.256126, "grid_umap_1d_x": 971.0, "grid_umap_2d_x": 18.0, "grid_umap_2d_y": 17.0, "grid_umap_3d_x": 4.0, "grid_umap_3d_y": 8.0, "grid_umap_3d_z": 0.0, "grid_tsne_1d_x": 971.0, "grid_tsne_2d_x": 9.0, "grid_tsne_2d_y": 26.0, "grid_tsne_3d_x": 7.0, "grid_tsne_3d_y": 9.0, "grid_tsne_3d_z": 7.0, "patch_file_embed": "patch_0971_embed.png", "patch_file_rgb": "patch_0971_rgb.png" }, "geometry": { "type": "Point", "coordinates": [ 101.461287966029545, 69.382723870972939 ] } },
{ "type": "Feature", "properties": { "index": 972, "lon": 87.995064693478469, "lat": 67.233092965908696, "classification": 20, "subregion_name": "Eastern Europe", "umap_1d_x": 18.254688, "umap_2d_x": -46.582829, "umap_2d_y": -10.928146, "umap_3d_x": -46.694733, "umap_3d_y": 6.8304901, "umap_3d_z": -46.404972, "tsne_1d_x": -64.810638, "tsne_2d_x": -39.945656, "tsne_2d_y": 32.046951, "tsne_3d_x": -0.59788513, "tsne_3d_y": 27.131744, "tsne_3d_z": 42.438324, "grid_umap_1d_x": 972.0, "grid_umap_2d_x": 21.0, "grid_umap_2d_y": 11.0, "grid_umap_3d_x": 5.0, "grid_umap_3d_y": 5.0, "grid_umap_3d_z": 0.0, "grid_tsne_1d_x": 972.0, "grid_tsne_2d_x": 16.0, "grid_tsne_2d_y": 29.0, "grid_tsne_3d_x": 4.0, "grid_tsne_3d_y": 8.0, "grid_tsne_3d_z": 8.0, "patch_file_embed": "patch_0972_embed.png", "patch_file_rgb": "patch_0972_rgb.png" }, "geometry": { "type": "Point", "coordinates": [ 87.995064693478469, 67.233092965908696 ] } },
{ "type": "Feature", "properties": { "index": 973, "lon": 146.42155309539919, "lat": 62.554130024184133, "classification": 20, "subregion_name": "Eastern Europe", "umap_1d_x": 19.420069, "umap_2d_x": -47.981342, "umap_2d_y": -4.3655396, "umap_3d_x": -45.558952, "umap_3d_y": 21.171204, "umap_3d_z": -44.692188, "tsne_1d_x": -73.319702, "tsne_2d_x": -46.286724, "tsne_2d_y": 30.035133, "tsne_3d_x": 12.592537, "tsne_3d_y": 43.411217, "tsne_3d_z": 47.594627, "grid_umap_1d_x": 973.0, "grid_umap_2d_x": 2.0, "grid_umap_2d_y": 10.0, "grid_umap_3d_x": 5.0, "grid_umap_3d_y": 9.0, "grid_umap_3d_z": 0.0, "grid_tsne_1d_x": 973.0, "grid_tsne_2d_x": 7.0, "grid_tsne_2d_y": 28.0, "grid_tsne_3d_x": 6.0, "grid_tsne_3d_y": 7.0, "grid_tsne_3d_z": 5.0, "patch_file_embed": "patch_0973_embed.png", "patch_file_rgb": "patch_0973_rgb.png" }, "geometry": { "type": "Point", "coordinates": [ 146.42155309539919, 62.554130024184133 ] } },
{ "type": "Feature", "properties": { "index": 974, "lon": 38.240216577368386, "lat": -12.717108276839134, "classification": 124, "subregion_name": "Sub-Saharan Africa", "umap_1d_x": -14.447636, "umap_2d_x": 41.850784, "umap_2d_y": -17.52388, "umap_3d_x": 43.645279, "umap_3d_y": -8.8246689, "umap_3d_z": 25.051155, "tsne_1d_x": 59.238514, "tsne_2d_x": 44.35144, "tsne_2d_y": 17.11689, "tsne_3d_x": -7.6772461, "tsne_3d_y": -28.413095, "tsne_3d_z": -28.036722, "grid_umap_1d_x": 974.0, "grid_umap_2d_x": 28.0, "grid_umap_2d_y": 8.0, "grid_umap_3d_x": 8.0, "grid_umap_3d_y": 5.0, "grid_umap_3d_z": 3.0, "grid_tsne_1d_x": 974.0, "grid_tsne_2d_x": 29.0, "grid_tsne_2d_y": 20.0, "grid_tsne_3d_x": 4.0, "grid_tsne_3d_y": 4.0, "grid_tsne_3d_z": 2.0, "patch_file_embed": "patch_0974_embed.png", "patch_file_rgb": "patch_0974_rgb.png" }, "geometry": { "type": "Point", "coordinates": [ 38.240216577368386, -12.717108276839134 ] } },
{ "type": "Feature", "properties": { "index": 975, "lon": 35.178386009645209, "lat": 3.3369215520118871, "classification": 20, "subregion_name": "Sub-Saharan Africa", "umap_1d_x": 2.8609662, "umap_2d_x": 7.5602608, "umap_2d_y": 6.4477081, "umap_3d_x": 11.916943, "umap_3d_y": 8.6706352, "umap_3d_z": 49.347839, "tsne_1d_x": 27.839005, "tsne_2d_x": 13.022243, "tsne_2d_y": 34.110107, "tsne_3d_x": -17.158367, "tsne_3d_y": -39.409744, "tsne_3d_z": 14.746185, "grid_umap_1d_x": 975.0, "grid_umap_2d_x": 18.0, "grid_umap_2d_y": 10.0, "grid_umap_3d_x": 5.0, "grid_umap_3d_y": 4.0, "grid_umap_3d_z": 6.0, "grid_tsne_1d_x": 975.0, "grid_tsne_2d_x": 14.0, "grid_tsne_2d_y": 31.0, "grid_tsne_3d_x": 2.0, "grid_tsne_3d_y": 0.0, "grid_tsne_3d_z": 6.0, "patch_file_embed": "patch_0975_embed.png", "patch_file_rgb": "patch_0975_rgb.png" }, "geometry": { "type": "Point", "coordinates": [ 35.178386009645209, 3.336921552011887 ] } },
{ "type": "Feature", "properties": { "index": 976, "lon": 17.30569842879126, "lat": 59.026173952581956, "classification": 126, "subregion_name": "Northern Europe", "umap_1d_x": 22.137608, "umap_2d_x": -24.379438, "umap_2d_y": -15.146671, "umap_3d_x": -33.210182, "umap_3d_y": -15.449963, "umap_3d_z": -10.10741, "tsne_1d_x": -21.126072, "tsne_2d_x": -11.832085, "tsne_2d_y": 18.48587, "tsne_3d_x": -37.703339, "tsne_3d_y": 6.1386337, "tsne_3d_z": 14.74556, "grid_umap_1d_x": 976.0, "grid_umap_2d_x": 9.0, "grid_umap_2d_y": 0.0, "grid_umap_3d_x": 1.0, "grid_umap_3d_y": 0.0, "grid_umap_3d_z": 3.0, "grid_tsne_1d_x": 976.0, "grid_tsne_2d_x": 8.0, "grid_tsne_2d_y": 21.0, "grid_tsne_3d_x": 0.0, "grid_tsne_3d_y": 6.0, "grid_tsne_3d_z": 6.0, "patch_file_embed": "patch_0976_embed.png", "patch_file_rgb": "patch_0976_rgb.png" }, "geometry": { "type": "Point", "coordinates": [ 17.30569842879126, 59.026173952581956 ] } },
{ "type": "Feature", "properties": { "index": 977, "lon": 145.31725193837451, "lat": -27.431260210108064, "classification": 20, "subregion_name": "Unknown", "umap_1d_x": -20.390856, "umap_2d_x": 41.06485, "umap_2d_y": -48.305031, "umap_3d_x": 48.837318, "umap_3d_y": -46.752876, "umap_3d_z": 22.576035, "tsne_1d_x": 79.983383, "tsne_2d_x": 42.362335, "tsne_2d_y": 43.839615, "tsne_3d_x": -41.276096, "tsne_3d_y": -15.810997, "tsne_3d_z": -23.215157, "grid_umap_1d_x": 977.0, "grid_umap_2d_x": 20.0, "grid_umap_2d_y": 4.0, "grid_umap_3d_x": 7.0, "grid_umap_3d_y": 2.0, "grid_umap_3d_z": 3.0, "grid_tsne_1d_x": 977.0, "grid_tsne_2d_x": 23.0, "grid_tsne_2d_y": 26.0, "grid_tsne_3d_x": 3.0, "grid_tsne_3d_y": 6.0, "grid_tsne_3d_z": 3.0, "patch_file_embed": "patch_0977_embed.png", "patch_file_rgb": "patch_0977_rgb.png" }, "geometry": { "type": "Point", "coordinates": [ 145.317251938374511, -27.431260210108064 ] } },
{ "type": "Feature", "properties": { "index": 978, "lon": -0.70541762877775205, "lat": 53.400347898200849, "classification": 40, "subregion_name": "Unknown", "umap_1d_x": 23.286741, "umap_2d_x": -20.260126, "umap_2d_y": -15.560894, "umap_3d_x": -28.503086, "umap_3d_y": -14.077454, "umap_3d_z": -12.413807, "tsne_1d_x": -18.896832, "tsne_2d_x": -7.5095673, "tsne_2d_y": 22.905159, "tsne_3d_x": -38.667614, "tsne_3d_y": -3.7586174, "tsne_3d_z": 19.571793, "grid_umap_1d_x": 978.0, "grid_umap_2d_x": 15.0, "grid_umap_2d_y": 1.0, "grid_umap_3d_x": 3.0, "grid_umap_3d_y": 0.0, "grid_umap_3d_z": 2.0, "grid_tsne_1d_x": 978.0, "grid_tsne_2d_x": 11.0, "grid_tsne_2d_y": 24.0, "grid_tsne_3d_x": 0.0, "grid_tsne_3d_y": 4.0, "grid_tsne_3d_z": 6.0, "patch_file_embed": "patch_0978_embed.png", "patch_file_rgb": "patch_0978_rgb.png" }, "geometry": { "type": "Point", "coordinates": [ -0.705417628777752, 53.400347898200849 ] } },
{ "type": "Feature", "properties": { "index": 979, "lon": 21.962740486880676, "lat": -24.450511942751618, "classification": 20, "subregion_name": "Sub-Saharan Africa", "umap_1d_x": -15.273417, "umap_2d_x": 44.918877, "umap_2d_y": -36.079674, "umap_3d_x": 41.557022, "umap_3d_y": -30.75033, "umap_3d_z": 28.464806, "tsne_1d_x": 72.439575, "tsne_2d_x": 40.047302, "tsne_2d_y": 32.098747, "tsne_3d_x": -31.394335, "tsne_3d_y": -25.660336, "tsne_3d_z": -15.52224, "grid_umap_1d_x": 979.0, "grid_umap_2d_x": 25.0, "grid_umap_2d_y": 8.0, "grid_umap_3d_x": 7.0, "grid_umap_3d_y": 1.0, "grid_umap_3d_z": 5.0, "grid_tsne_1d_x": 979.0, "grid_tsne_2d_x": 29.0, "grid_tsne_2d_y": 27.0, "grid_tsne_3d_x": 3.0, "grid_tsne_3d_y": 4.0, "grid_tsne_3d_z": 4.0, "patch_file_embed": "patch_0979_embed.png", "patch_file_rgb": "patch_0979_rgb.png" }, "geometry": { "type": "Point", "coordinates": [ 21.962740486880676, -24.450511942751618 ] } },
{ "type": "Feature", "properties": { "index": 980, "lon": 87.924264564522161, "lat": 25.470155695038088, "classification": 40, "subregion_name": "Southern Asia", "umap_1d_x": 1.3895884, "umap_2d_x": 3.6874161, "umap_2d_y": 49.924072, "umap_3d_x": -1.6756248, "umap_3d_y": 45.465004, "umap_3d_z": 27.478264, "tsne_1d_x": 13.146319, "tsne_2d_x": 15.125771, "tsne_2d_y": -46.987259, "tsne_3d_x": 37.355766, "tsne_3d_y": -25.039078, "tsne_3d_z": 27.669754, "grid_umap_1d_x": 980.0, "grid_umap_2d_x": 20.0, "grid_umap_2d_y": 28.0, "grid_umap_3d_x": 1.0, "grid_umap_3d_y": 9.0, "grid_umap_3d_z": 7.0, "grid_tsne_1d_x": 980.0, "grid_tsne_2d_x": 20.0, "grid_tsne_2d_y": 4.0, "grid_tsne_3d_x": 9.0, "grid_tsne_3d_y": 4.0, "grid_tsne_3d_z": 6.0, "patch_file_embed": "patch_0980_embed.png", "patch_file_rgb": "patch_0980_rgb.png" }, "geometry": { "type": "Point", "coordinates": [ 87.924264564522161, 25.470155695038088 ] } },
{ "type": "Feature", "properties": { "index": 981, "lon": -94.022124535156152, "lat": 48.230892705248138, "classification": 111, "subregion_name": "Unknown", "umap_1d_x": 15.136888, "umap_2d_x": -36.402088, "umap_2d_y": -3.3411369, "umap_3d_x": -46.975029, "umap_3d_y": -2.3552132, "umap_3d_z": -15.90604, "tsne_1d_x": -34.298733, "tsne_2d_x": -26.489458, "tsne_2d_y": -20.45649, "tsne_3d_x": -10.311764, "tsne_3d_y": 22.887009, "tsne_3d_z": 10.264904, "grid_umap_1d_x": 981.0, "grid_umap_2d_x": 4.0, "grid_umap_2d_y": 9.0, "grid_umap_3d_x": 0.0, "grid_umap_3d_y": 3.0, "grid_umap_3d_z": 2.0, "grid_tsne_1d_x": 981.0, "grid_tsne_2d_x": 8.0, "grid_tsne_2d_y": 5.0, "grid_tsne_3d_x": 1.0, "grid_tsne_3d_y": 10.0, "grid_tsne_3d_z": 5.0, "patch_file_embed": "patch_0981_embed.png", "patch_file_rgb": "patch_0981_rgb.png" }, "geometry": { "type": "Point", "coordinates": [ -94.022124535156152, 48.230892705248138 ] } },
{ "type": "Feature", "properties": { "index": 982, "lon": 121.24786670702383, "lat": 30.821057948369756, "classification": 40, "subregion_name": "Unknown", "umap_1d_x": 4.5859623, "umap_2d_x": -7.4891014, "umap_2d_y": 33.646286, "umap_3d_x": -8.2464294, "umap_3d_y": 30.148544, "umap_3d_z": 2.1565514, "tsne_1d_x": 4.0768719, "tsne_2d_x": -1.4963799, "tsne_2d_y": -38.630531, "tsne_3d_x": 43.103516, "tsne_3d_y": -7.7628098, "tsne_3d_z": 12.794197, "grid_umap_1d_x": 982.0, "grid_umap_2d_x": 1.0, "grid_umap_2d_y": 30.0, "grid_umap_3d_x": 2.0, "grid_umap_3d_y": 9.0, "grid_umap_3d_z": 5.0, "grid_tsne_1d_x": 982.0, "grid_tsne_2d_x": 11.0, "grid_tsne_2d_y": 0.0, "grid_tsne_3d_x": 10.0, "grid_tsne_3d_y": 5.0, "grid_tsne_3d_z": 6.0, "patch_file_embed": "patch_0982_embed.png", "patch_file_rgb": "patch_0982_rgb.png" }, "geometry": { "type": "Point", "coordinates": [ 121.247866707023832, 30.821057948369756 ] } },
{ "type": "Feature", "properties": { "index": 983, "lon": 34.247402805241734, "lat": 55.537615143898648, "classification": 40, "subregion_name": "Eastern Europe", "umap_1d_x": 22.417336, "umap_2d_x": -23.419762, "umap_2d_y": -11.024345, "umap_3d_x": -33.192917, "umap_3d_y": -10.425358, "umap_3d_z": -16.323715, "tsne_1d_x": -20.846205, "tsne_2d_x": -12.261948, "tsne_2d_y": 27.95031, "tsne_3d_x": -26.153349, "tsne_3d_y": 6.3679466, "tsne_3d_z": 19.895775, "grid_umap_1d_x": 983.0, "grid_umap_2d_x": 5.0, "grid_umap_2d_y": 0.0, "grid_umap_3d_x": 2.0, "grid_umap_3d_y": 1.0, "grid_umap_3d_z": 2.0, "grid_tsne_1d_x": 983.0, "grid_tsne_2d_x": 19.0, "grid_tsne_2d_y": 27.0, "grid_tsne_3d_x": 1.0, "grid_tsne_3d_y": 6.0, "grid_tsne_3d_z": 7.0, "patch_file_embed": "patch_0983_embed.png", "patch_file_rgb": "patch_0983_rgb.png" }, "geometry": { "type": "Point", "coordinates": [ 34.247402805241734, 55.537615143898648 ] } },
{ "type": "Feature", "properties": { "index": 984, "lon": -94.293154015127243, "lat": 41.642105366434265, "classification": 40, "subregion_name": "Unknown", "umap_1d_x": 10.41429, "umap_2d_x": -23.115667, "umap_2d_y": 19.308975, "umap_3d_x": -25.436056, "umap_3d_y": 3.1044769, "umap_3d_z": -21.307819, "tsne_1d_x": -14.894731, "tsne_2d_x": -2.9316521, "tsne_2d_y": 2.255558, "tsne_3d_x": 10.492111, "tsne_3d_y": 2.2193604, "tsne_3d_z": 4.2272034, "grid_umap_1d_x": 984.0, "grid_umap_2d_x": 7.0, "grid_umap_2d_y": 23.0, "grid_umap_3d_x": 3.0, "grid_umap_3d_y": 3.0, "grid_umap_3d_z": 1.0, "grid_tsne_1d_x": 984.0, "grid_tsne_2d_x": 8.0, "grid_tsne_2d_y": 9.0, "grid_tsne_3d_x": 9.0, "grid_tsne_3d_y": 4.0, "grid_tsne_3d_z": 4.0, "patch_file_embed": "patch_0984_embed.png", "patch_file_rgb": "patch_0984_rgb.png" }, "geometry": { "type": "Point", "coordinates": [ -94.293154015127243, 41.642105366434265 ] } },
{ "type": "Feature", "properties": { "index": 985, "lon": 40.442827574329698, "lat": 1.552233118660602, "classification": 20, "subregion_name": "Sub-Saharan Africa", "umap_1d_x": 3.1219523, "umap_2d_x": 6.5968819, "umap_2d_y": 3.6004601, "umap_3d_x": 12.854965, "umap_3d_y": 5.2912636, "umap_3d_z": 49.062866, "tsne_1d_x": 28.732956, "tsne_2d_x": 12.864037, "tsne_2d_y": 37.245499, "tsne_3d_x": -20.708401, "tsne_3d_y": -39.71487, "tsne_3d_z": 9.2956238, "grid_umap_1d_x": 985.0, "grid_umap_2d_x": 18.0, "grid_umap_2d_y": 8.0, "grid_umap_3d_x": 5.0, "grid_umap_3d_y": 3.0, "grid_umap_3d_z": 7.0, "grid_tsne_1d_x": 985.0, "grid_tsne_2d_x": 15.0, "grid_tsne_2d_y": 30.0, "grid_tsne_3d_x": 0.0, "grid_tsne_3d_y": 0.0, "grid_tsne_3d_z": 4.0, "patch_file_embed": "patch_0985_embed.png", "patch_file_rgb": "patch_0985_rgb.png" }, "geometry": { "type": "Point", "coordinates": [ 40.442827574329698, 1.552233118660602 ] } },
{ "type": "Feature", "properties": { "index": 986, "lon": 35.554625647434364, "lat": -2.254004512549578, "classification": 40, "subregion_name": "Sub-Saharan Africa", "umap_1d_x": -13.349624, "umap_2d_x": 47.968323, "umap_2d_y": -22.244034, "umap_3d_x": 35.986801, "umap_3d_y": -14.488113, "umap_3d_z": 30.496178, "tsne_1d_x": 53.232098, "tsne_2d_x": 32.382759, "tsne_2d_y": 6.0764503, "tsne_3d_x": -9.3978424, "tsne_3d_y": -40.625175, "tsne_3d_z": -7.4653778, "grid_umap_1d_x": 986.0, "grid_umap_2d_x": 26.0, "grid_umap_2d_y": 16.0, "grid_umap_3d_x": 5.0, "grid_umap_3d_y": 1.0, "grid_umap_3d_z": 7.0, "grid_tsne_1d_x": 986.0, "grid_tsne_2d_x": 29.0, "grid_tsne_2d_y": 10.0, "grid_tsne_3d_x": 3.0, "grid_tsne_3d_y": 1.0, "grid_tsne_3d_z": 4.0, "patch_file_embed": "patch_0986_embed.png", "patch_file_rgb": "patch_0986_rgb.png" }, "geometry": { "type": "Point", "coordinates": [ 35.554625647434364, -2.254004512549578 ] } },
{ "type": "Feature", "properties": { "index": 987, "lon": -59.845017047177166, "lat": -30.094879262210583, "classification": 90, "subregion_name": "Latin America and the Caribbean", "umap_1d_x": -17.089437, "umap_2d_x": 34.169182, "umap_2d_y": -16.057682, "umap_3d_x": 47.136589, "umap_3d_y": -11.572845, "umap_3d_z": 5.5784988, "tsne_1d_x": 65.989975, "tsne_2d_x": 27.403969, "tsne_2d_y": 28.577271, "tsne_3d_x": -9.0659866, "tsne_3d_y": -17.645741, "tsne_3d_z": -46.760147, "grid_umap_1d_x": 987.0, "grid_umap_2d_x": 24.0, "grid_umap_2d_y": 9.0, "grid_umap_3d_x": 10.0, "grid_umap_3d_y": 5.0, "grid_umap_3d_z": 0.0, "grid_tsne_1d_x": 987.0, "grid_tsne_2d_x": 21.0, "grid_tsne_2d_y": 23.0, "grid_tsne_3d_x": 5.0, "grid_tsne_3d_y": 7.0, "grid_tsne_3d_z": 2.0, "patch_file_embed": "patch_0987_embed.png", "patch_file_rgb": "patch_0987_rgb.png" }, "geometry": { "type": "Point", "coordinates": [ -59.845017047177166, -30.094879262210583 ] } },
{ "type": "Feature", "properties": { "index": 988, "lon": 26.641552682573604, "lat": -1.8797391739615179, "classification": 112, "subregion_name": "Sub-Saharan Africa", "umap_1d_x": -6.3827424, "umap_2d_x": 30.700867, "umap_2d_y": 39.546349, "umap_3d_x": 26.127281, "umap_3d_y": 36.694969, "umap_3d_z": 7.8302917, "tsne_1d_x": 36.75502, "tsne_2d_x": 36.821213, "tsne_2d_y": -30.068426, "tsne_3d_x": 42.101738, "tsne_3d_y": -34.093575, "tsne_3d_z": -15.092747, "grid_umap_1d_x": 988.0, "grid_umap_2d_x": 26.0, "grid_umap_2d_y": 27.0, "grid_umap_3d_x": 8.0, "grid_umap_3d_y": 6.0, "grid_umap_3d_z": 4.0, "grid_tsne_1d_x": 988.0, "grid_tsne_2d_x": 25.0, "grid_tsne_2d_y": 6.0, "grid_tsne_3d_x": 9.0, "grid_tsne_3d_y": 4.0, "grid_tsne_3d_z": 3.0, "patch_file_embed": "patch_0988_embed.png", "patch_file_rgb": "patch_0988_rgb.png" }, "geometry": { "type": "Point", "coordinates": [ 26.641552682573604, -1.879739173961518 ] } },
{ "type": "Feature", "properties": { "index": 989, "lon": -133.32128292669785, "lat": 62.685414083330883, "classification": 111, "subregion_name": "Northern America", "umap_1d_x": 14.12021, "umap_2d_x": -35.507877, "umap_2d_y": 3.0943108, "umap_3d_x": -44.843914, "umap_3d_y": 3.92313, "umap_3d_z": -5.6225281, "tsne_1d_x": -35.683304, "tsne_2d_x": -29.736929, "tsne_2d_y": -22.847277, "tsne_3d_x": -6.9296227, "tsne_3d_y": 17.133453, "tsne_3d_z": 0.57460022, "grid_umap_1d_x": 989.0, "grid_umap_2d_x": 12.0, "grid_umap_2d_y": 16.0, "grid_umap_3d_x": 0.0, "grid_umap_3d_y": 5.0, "grid_umap_3d_z": 4.0, "grid_tsne_1d_x": 989.0, "grid_tsne_2d_x": 7.0, "grid_tsne_2d_y": 4.0, "grid_tsne_3d_x": 1.0, "grid_tsne_3d_y": 10.0, "grid_tsne_3d_z": 1.0, "patch_file_embed": "patch_0989_embed.png", "patch_file_rgb": "patch_0989_rgb.png" }, "geometry": { "type": "Point", "coordinates": [ -133.321282926697847, 62.685414083330883 ] } },
{ "type": "Feature", "properties": { "index": 990, "lon": 7.6676659041952178, "lat": 7.9844708995267837, "classification": 124, "subregion_name": "Sub-Saharan Africa", "umap_1d_x": -2.5411072, "umap_2d_x": 11.145054, "umap_2d_y": 24.828934, "umap_3d_x": 8.3494415, "umap_3d_y": 35.855835, "umap_3d_z": 37.744797, "tsne_1d_x": 23.203939, "tsne_2d_x": 18.775543, "tsne_2d_y": -13.572273, "tsne_3d_x": 14.446678, "tsne_3d_y": -39.6418, "tsne_3d_z": 25.327148, "grid_umap_1d_x": 990.0, "grid_umap_2d_x": 16.0, "grid_umap_2d_y": 24.0, "grid_umap_3d_x": 6.0, "grid_umap_3d_y": 7.0, "grid_umap_3d_z": 7.0, "grid_tsne_1d_x": 990.0, "grid_tsne_2d_x": 20.0, "grid_tsne_2d_y": 0.0, "grid_tsne_3d_x": 5.0, "grid_tsne_3d_y": 4.0, "grid_tsne_3d_z": 6.0, "patch_file_embed": "patch_0990_embed.png", "patch_file_rgb": "patch_0990_rgb.png" }, "geometry": { "type": "Point", "coordinates": [ 7.667665904195218, 7.984470899526784 ] } },
{ "type": "Feature", "properties": { "index": 991, "lon": 93.190220603102773, "lat": 60.819043513867072, "classification": 113, "subregion_name": "Eastern Europe", "umap_1d_x": 14.64122, "umap_2d_x": -36.917465, "umap_2d_y": 6.2057953, "umap_3d_x": -46.935329, "umap_3d_y": 7.2794266, "umap_3d_z": -6.5692253, "tsne_1d_x": -38.104858, "tsne_2d_x": -33.397461, "tsne_2d_y": -11.928661, "tsne_3d_x": -5.0944519, "tsne_3d_y": 33.756348, "tsne_3d_z": 4.1476974, "grid_umap_1d_x": 991.0, "grid_umap_2d_x": 12.0, "grid_umap_2d_y": 18.0, "grid_umap_3d_x": 1.0, "grid_umap_3d_y": 5.0, "grid_umap_3d_z": 4.0, "grid_tsne_1d_x": 991.0, "grid_tsne_2d_x": 3.0, "grid_tsne_2d_y": 8.0, "grid_tsne_3d_x": 4.0, "grid_tsne_3d_y": 10.0, "grid_tsne_3d_z": 2.0, "patch_file_embed": "patch_0991_embed.png", "patch_file_rgb": "patch_0991_rgb.png" }, "geometry": { "type": "Point", "coordinates": [ 93.190220603102773, 60.819043513867072 ] } },
{ "type": "Feature", "properties": { "index": 992, "lon": -12.37469763027147, "lat": 10.239149806284857, "classification": 124, "subregion_name": "Sub-Saharan Africa", "umap_1d_x": -1.929986, "umap_2d_x": 9.6247902, "umap_2d_y": 28.877274, "umap_3d_x": 8.3264275, "umap_3d_y": 34.109589, "umap_3d_z": 29.739899, "tsne_1d_x": 20.876354, "tsne_2d_x": 15.146042, "tsne_2d_y": -20.76506, "tsne_3d_x": 14.830193, "tsne_3d_y": -37.835251, "tsne_3d_z": 12.094315, "grid_umap_1d_x": 992.0, "grid_umap_2d_x": 11.0, "grid_umap_2d_y": 28.0, "grid_umap_3d_x": 8.0, "grid_umap_3d_y": 10.0, "grid_umap_3d_z": 7.0, "grid_tsne_1d_x": 992.0, "grid_tsne_2d_x": 19.0, "grid_tsne_2d_y": 9.0, "grid_tsne_3d_x": 6.0, "grid_tsne_3d_y": 2.0, "grid_tsne_3d_z": 5.0, "patch_file_embed": "patch_0992_embed.png", "patch_file_rgb": "patch_0992_rgb.png" }, "geometry": { "type": "Point", "coordinates": [ -12.37469763027147, 10.239149806284857 ] } },
{ "type": "Feature", "properties": { "index": 993, "lon": 144.16206449579664, "lat": 63.356004026132254, "classification": 30, "subregion_name": "Eastern Europe", "umap_1d_x": 19.490297, "umap_2d_x": -47.526569, "umap_2d_y": -2.4759445, "umap_3d_x": -47.155739, "umap_3d_y": 18.762276, "umap_3d_z": -42.24123, "tsne_1d_x": -73.779854, "tsne_2d_x": -48.699284, "tsne_2d_y": 25.710793, "tsne_3d_x": 7.7256279, "tsne_3d_y": 48.481583, "tsne_3d_z": 40.594772, "grid_umap_1d_x": 993.0, "grid_umap_2d_x": 1.0, "grid_umap_2d_y": 11.0, "grid_umap_3d_x": 4.0, "grid_umap_3d_y": 7.0, "grid_umap_3d_z": 1.0, "grid_tsne_1d_x": 993.0, "grid_tsne_2d_x": 14.0, "grid_tsne_2d_y": 27.0, "grid_tsne_3d_x": 5.0, "grid_tsne_3d_y": 8.0, "grid_tsne_3d_z": 5.0, "patch_file_embed": "patch_0993_embed.png", "patch_file_rgb": "patch_0993_rgb.png" }, "geometry": { "type": "Point", "coordinates": [ 144.162064495796642, 63.356004026132254 ] } },
{ "type": "Feature", "properties": { "index": 994, "lon": -88.411237536623986, "lat": 17.78732958840132, "classification": 112, "subregion_name": "Latin America and the Caribbean", "umap_1d_x": -1.283866, "umap_2d_x": 9.0159111, "umap_2d_y": 36.85141, "umap_3d_x": 7.9429626, "umap_3d_y": 39.993195, "umap_3d_z": 18.197861, "tsne_1d_x": 11.702236, "tsne_2d_x": 18.12468, "tsne_2d_y": -28.517611, "tsne_3d_x": 32.156494, "tsne_3d_y": -34.782162, "tsne_3d_z": 6.2187653, "grid_umap_1d_x": 994.0, "grid_umap_2d_x": 15.0, "grid_umap_2d_y": 30.0, "grid_umap_3d_x": 7.0, "grid_umap_3d_y": 10.0, "grid_umap_3d_z": 5.0, "grid_tsne_1d_x": 994.0, "grid_tsne_2d_x": 21.0, "grid_tsne_2d_y": 4.0, "grid_tsne_3d_x": 10.0, "grid_tsne_3d_y": 0.0, "grid_tsne_3d_z": 4.0, "patch_file_embed": "patch_0994_embed.png", "patch_file_rgb": "patch_0994_rgb.png" }, "geometry": { "type": "Point", "coordinates": [ -88.411237536623986, 17.78732958840132 ] } },
{ "type": "Feature", "properties": { "index": 995, "lon": 175.35535581792152, "lat": -39.948666189382635, "classification": 30, "subregion_name": "Unknown", "umap_1d_x": -16.868544, "umap_2d_x": 33.901978, "umap_2d_y": -21.938784, "umap_3d_x": 45.728943, "umap_3d_y": -17.706577, "umap_3d_z": 5.3323326, "tsne_1d_x": 67.474266, "tsne_2d_x": 27.480873, "tsne_2d_y": 35.500458, "tsne_3d_x": -13.428852, "tsne_3d_y": -6.4245644, "tsne_3d_z": -44.176666, "grid_umap_1d_x": 995.0, "grid_umap_2d_x": 22.0, "grid_umap_2d_y": 7.0, "grid_umap_3d_x": 10.0, "grid_umap_3d_y": 1.0, "grid_umap_3d_z": 0.0, "grid_tsne_1d_x": 995.0, "grid_tsne_2d_x": 22.0, "grid_tsne_2d_y": 29.0, "grid_tsne_3d_x": 4.0, "grid_tsne_3d_y": 8.0, "grid_tsne_3d_z": 1.0, "patch_file_embed": "patch_0995_embed.png", "patch_file_rgb": "patch_0995_rgb.png" }, "geometry": { "type": "Point", "coordinates": [ 175.35535581792152, -39.948666189382635 ] } },
{ "type": "Feature", "properties": { "index": 996, "lon": -3.5835438978357388, "lat": 55.909157759317765, "classification": 30, "subregion_name": "Unknown", "umap_1d_x": 22.972328, "umap_2d_x": -21.640316, "umap_2d_y": -16.630238, "umap_3d_x": -29.656847, "umap_3d_y": -16.57785, "umap_3d_z": -9.2394867, "tsne_1d_x": -19.723307, "tsne_2d_x": -9.3460236, "tsne_2d_y": 21.270561, "tsne_3d_x": -38.686878, "tsne_3d_y": -2.219101, "tsne_3d_z": 14.587158, "grid_umap_1d_x": 996.0, "grid_umap_2d_x": 16.0, "grid_umap_2d_y": 0.0, "grid_umap_3d_x": 4.0, "grid_umap_3d_y": 0.0, "grid_umap_3d_z": 4.0, "grid_tsne_1d_x": 996.0, "grid_tsne_2d_x": 10.0, "grid_tsne_2d_y": 23.0, "grid_tsne_3d_x": 1.0, "grid_tsne_3d_y": 5.0, "grid_tsne_3d_z": 5.0, "patch_file_embed": "patch_0996_embed.png", "patch_file_rgb": "patch_0996_rgb.png" }, "geometry": { "type": "Point", "coordinates": [ -3.583543897835739, 55.909157759317765 ] } },
{ "type": "Feature", "properties": { "index": 997, "lon": -71.751409963171326, "lat": 1.9952176190718449, "classification": 112, "subregion_name": "Latin America and the Caribbean", "umap_1d_x": -7.7388101, "umap_2d_x": 35.21582, "umap_2d_y": 33.9748, "umap_3d_x": 31.077431, "umap_3d_y": 46.446495, "umap_3d_z": 0.9165458699999931, "tsne_1d_x": 40.721024, "tsne_2d_x": 44.164948, "tsne_2d_y": -32.462837, "tsne_3d_x": 40.396713, "tsne_3d_y": -40.610348, "tsne_3d_z": -30.598566, "grid_umap_1d_x": 997.0, "grid_umap_2d_x": 26.0, "grid_umap_2d_y": 23.0, "grid_umap_3d_x": 9.0, "grid_umap_3d_y": 10.0, "grid_umap_3d_z": 1.0, "grid_tsne_1d_x": 997.0, "grid_tsne_2d_x": 25.0, "grid_tsne_2d_y": 10.0, "grid_tsne_3d_x": 8.0, "grid_tsne_3d_y": 4.0, "grid_tsne_3d_z": 1.0, "patch_file_embed": "patch_0997_embed.png", "patch_file_rgb": "patch_0997_rgb.png" }, "geometry": { "type": "Point", "coordinates": [ -71.751409963171326, 1.995217619071845 ] } },
{ "type": "Feature", "properties": { "index": 998, "lon": 15.456575042397276, "lat": -2.8441467651181038, "classification": 30, "subregion_name": "Sub-Saharan Africa", "umap_1d_x": -12.512784, "umap_2d_x": 49.493011, "umap_2d_y": -14.619873, "umap_3d_x": 34.516075, "umap_3d_y": -5.8030319, "umap_3d_z": 29.196739, "tsne_1d_x": 50.307224, "tsne_2d_x": 39.339645, "tsne_2d_y": -2.109848, "tsne_3d_x": -2.7229347, "tsne_3d_y": -47.914211, "tsne_3d_z": -23.239506, "grid_umap_1d_x": 998.0, "grid_umap_2d_x": 30.0, "grid_umap_2d_y": 16.0, "grid_umap_3d_x": 7.0, "grid_umap_3d_y": 5.0, "grid_umap_3d_z": 6.0, "grid_tsne_1d_x": 998.0, "grid_tsne_2d_x": 25.0, "grid_tsne_2d_y": 15.0, "grid_tsne_3d_x": 5.0, "grid_tsne_3d_y": 5.0, "grid_tsne_3d_z": 4.0, "patch_file_embed": "patch_0998_embed.png", "patch_file_rgb": "patch_0998_rgb.png" }, "geometry": { "type": "Point", "coordinates": [ 15.456575042397276, -2.844146765118104 ] } },
{ "type": "Feature", "properties": { "index": 999, "lon": 114.02276331781189, "lat": 27.840810882151629, "classification": 112, "subregion_name": "Unknown", "umap_1d_x": 4.4850302, "umap_2d_x": -6.5745773, "umap_2d_y": 33.692581, "umap_3d_x": -7.1027641, "umap_3d_y": 30.487617, "umap_3d_z": 1.1727982, "tsne_1d_x": 5.1756001, "tsne_2d_x": -1.4133987, "tsne_2d_y": -36.270786, "tsne_3d_x": 42.143265, "tsne_3d_y": -10.843021, "tsne_3d_z": 8.5903778, "grid_umap_1d_x": 999.0, "grid_umap_2d_x": 4.0, "grid_umap_2d_y": 29.0, "grid_umap_3d_x": 3.0, "grid_umap_3d_y": 10.0, "grid_umap_3d_z": 3.0, "grid_tsne_1d_x": 999.0, "grid_tsne_2d_x": 11.0, "grid_tsne_2d_y": 1.0, "grid_tsne_3d_x": 10.0, "grid_tsne_3d_y": 4.0, "grid_tsne_3d_z": 5.0, "patch_file_embed": "patch_0999_embed.png", "patch_file_rgb": "patch_0999_rgb.png" }, "geometry": { "type": "Point", "coordinates": [ 114.022763317811894, 27.840810882151629 ] } },
{ "type": "Feature", "properties": { "index": 1000, "lon": 112.54524042777206, "lat": 2.3503645458463889, "classification": 112, "subregion_name": "South-eastern Asia", "umap_1d_x": -4.9713812, "umap_2d_x": 24.614365, "umap_2d_y": 36.71344, "umap_3d_x": 19.055466, "umap_3d_y": 39.949234, "umap_3d_z": 11.226505, "tsne_1d_x": 31.273699, "tsne_2d_x": 26.70845, "tsne_2d_y": -32.958065, "tsne_3d_x": 35.801445, "tsne_3d_y": -41.228653, "tsne_3d_z": -3.832428, "grid_umap_1d_x": 1000.0, "grid_umap_2d_x": 23.0, "grid_umap_2d_y": 30.0, "grid_umap_3d_x": 8.0, "grid_umap_3d_y": 9.0, "grid_umap_3d_z": 5.0, "grid_tsne_1d_x": 1000.0, "grid_tsne_2d_x": 23.0, "grid_tsne_2d_y": 1.0, "grid_tsne_3d_x": 7.0, "grid_tsne_3d_y": 4.0, "grid_tsne_3d_z": 4.0, "patch_file_embed": "patch_1000_embed.png", "patch_file_rgb": "patch_1000_rgb.png" }, "geometry": { "type": "Point", "coordinates": [ 112.545240427772058, 2.350364545846389 ] } },
{ "type": "Feature", "properties": { "index": 1001, "lon": 110.39074579844828, "lat": 30.520801079827933, "classification": 122, "subregion_name": "Unknown", "umap_1d_x": 4.6718197, "umap_2d_x": -7.9951019, "umap_2d_y": 32.7799, "umap_3d_x": -7.4852753, "umap_3d_y": 28.150764, "umap_3d_z": -1.6515465, "tsne_1d_x": 4.9038253, "tsne_2d_x": -4.1407318, "tsne_2d_y": -34.366741, "tsne_3d_x": 41.161415, "tsne_3d_y": -5.8776512, "tsne_3d_z": 4.7606659, "grid_umap_1d_x": 1001.0, "grid_umap_2d_x": 2.0, "grid_umap_2d_y": 29.0, "grid_umap_3d_x": 5.0, "grid_umap_3d_y": 10.0, "grid_umap_3d_z": 1.0, "grid_tsne_1d_x": 1001.0, "grid_tsne_2d_x": 10.0, "grid_tsne_2d_y": 1.0, "grid_tsne_3d_x": 10.0, "grid_tsne_3d_y": 6.0, "grid_tsne_3d_z": 3.0, "patch_file_embed": "patch_1001_embed.png", "patch_file_rgb": "patch_1001_rgb.png" }, "geometry": { "type": "Point", "coordinates": [ 110.390745798448279, 30.520801079827933 ] } },
{ "type": "Feature", "properties": { "index": 1002, "lon": 131.63033262920771, "lat": -28.742236418288318, "classification": 20, "subregion_name": "Unknown", "umap_1d_x": -20.568832, "umap_2d_x": 40.928696, "umap_2d_y": -49.803589, "umap_3d_x": 49.193268, "umap_3d_y": -48.818871, "umap_3d_z": 22.56955, "tsne_1d_x": 80.340317, "tsne_2d_x": 43.18103, "tsne_2d_y": 43.534233, "tsne_3d_x": -42.900223, "tsne_3d_y": -13.614178, "tsne_3d_z": -21.935934, "grid_umap_1d_x": 1002.0, "grid_umap_2d_x": 20.0, "grid_umap_2d_y": 0.0, "grid_umap_3d_x": 7.0, "grid_umap_3d_y": 0.0, "grid_umap_3d_z": 2.0, "grid_tsne_1d_x": 1002.0, "grid_tsne_2d_x": 24.0, "grid_tsne_2d_y": 26.0, "grid_tsne_3d_x": 0.0, "grid_tsne_3d_y": 6.0, "grid_tsne_3d_z": 1.0, "patch_file_embed": "patch_1002_embed.png", "patch_file_rgb": "patch_1002_rgb.png" }, "geometry": { "type": "Point", "coordinates": [ 131.630332629207714, -28.742236418288318 ] } },
{ "type": "Feature", "properties": { "index": 1003, "lon": 70.856337270603177, "lat": 38.405204998541009, "classification": 30, "subregion_name": "Southern Asia", "umap_1d_x": 7.2081923, "umap_2d_x": -15.20166, "umap_2d_y": 9.5589828, "umap_3d_x": -22.203579, "umap_3d_y": 3.7886276, "umap_3d_z": 5.5092316, "tsne_1d_x": -5.0023766, "tsne_2d_x": 0.73492432, "tsne_2d_y": 21.684471, "tsne_3d_x": -11.365231, "tsne_3d_y": -5.7343369, "tsne_3d_z": 16.484863, "grid_umap_1d_x": 1003.0, "grid_umap_2d_x": 2.0, "grid_umap_2d_y": 14.0, "grid_umap_3d_x": 0.0, "grid_umap_3d_y": 4.0, "grid_umap_3d_z": 6.0, "grid_tsne_1d_x": 1003.0, "grid_tsne_2d_x": 15.0, "grid_tsne_2d_y": 23.0, "grid_tsne_3d_x": 1.0, "grid_tsne_3d_y": 3.0, "grid_tsne_3d_z": 8.0, "patch_file_embed": "patch_1003_embed.png", "patch_file_rgb": "patch_1003_rgb.png" }, "geometry": { "type": "Point", "coordinates": [ 70.856337270603177, 38.405204998541009 ] } },
{ "type": "Feature", "properties": { "index": 1004, "lon": 77.573641121716207, "lat": 55.082860231702426, "classification": 124, "subregion_name": "Eastern Europe", "umap_1d_x": 12.267354, "umap_2d_x": -32.136398, "umap_2d_y": 15.642639, "umap_3d_x": -37.452194, "umap_3d_y": 9.7617989, "umap_3d_z": -16.630699, "tsne_1d_x": -40.035419, "tsne_2d_x": -31.478481, "tsne_2d_y": -1.3064041, "tsne_3d_x": 12.425602, "tsne_3d_y": 17.878304, "tsne_3d_z": 9.1962585, "grid_umap_1d_x": 1004.0, "grid_umap_2d_x": 17.0, "grid_umap_2d_y": 23.0, "grid_umap_3d_x": 3.0, "grid_umap_3d_y": 6.0, "grid_umap_3d_z": 3.0, "grid_tsne_1d_x": 1004.0, "grid_tsne_2d_x": 8.0, "grid_tsne_2d_y": 14.0, "grid_tsne_3d_x": 9.0, "grid_tsne_3d_y": 9.0, "grid_tsne_3d_z": 4.0, "patch_file_embed": "patch_1004_embed.png", "patch_file_rgb": "patch_1004_rgb.png" }, "geometry": { "type": "Point", "coordinates": [ 77.573641121716207, 55.082860231702426 ] } },
{ "type": "Feature", "properties": { "index": 1005, "lon": 137.90086529447132, "lat": 69.713985501885475, "classification": 30, "subregion_name": "Eastern Europe", "umap_1d_x": 19.411354, "umap_2d_x": -48.428146, "umap_2d_y": -2.0700798, "umap_3d_x": -47.339825, "umap_3d_y": 19.409645, "umap_3d_z": -43.449852, "tsne_1d_x": -73.097504, "tsne_2d_x": -47.457615, "tsne_2d_y": 23.200127, "tsne_3d_x": 4.6758842, "tsne_3d_y": 43.314224, "tsne_3d_z": 40.053162, "grid_umap_1d_x": 1005.0, "grid_umap_2d_x": 14.0, "grid_umap_2d_y": 15.0, "grid_umap_3d_x": 6.0, "grid_umap_3d_y": 7.0, "grid_umap_3d_z": 2.0, "grid_tsne_1d_x": 1005.0, "grid_tsne_2d_x": 11.0, "grid_tsne_2d_y": 25.0, "grid_tsne_3d_x": 5.0, "grid_tsne_3d_y": 10.0, "grid_tsne_3d_z": 7.0, "patch_file_embed": "patch_1005_embed.png", "patch_file_rgb": "patch_1005_rgb.png" }, "geometry": { "type": "Point", "coordinates": [ 137.900865294471316, 69.713985501885475 ] } },
{ "type": "Feature", "properties": { "index": 1006, "lon": -77.916940537381024, "lat": 38.511263398202871, "classification": 40, "subregion_name": "Unknown", "umap_1d_x": 23.313555, "umap_2d_x": -19.792704, "umap_2d_y": -14.529827, "umap_3d_x": -28.307125, "umap_3d_y": -13.592255, "umap_3d_z": -13.574238, "tsne_1d_x": -18.111782, "tsne_2d_x": -5.9915543, "tsne_2d_y": 23.86364, "tsne_3d_x": -35.294384, "tsne_3d_y": -7.6942558, "tsne_3d_z": 22.212013, "grid_umap_1d_x": 1006.0, "grid_umap_2d_x": 16.0, "grid_umap_2d_y": 2.0, "grid_umap_3d_x": 6.0, "grid_umap_3d_y": 0.0, "grid_umap_3d_z": 2.0, "grid_tsne_1d_x": 1006.0, "grid_tsne_2d_x": 19.0, "grid_tsne_2d_y": 25.0, "grid_tsne_3d_x": 0.0, "grid_tsne_3d_y": 3.0, "grid_tsne_3d_z": 7.0, "patch_file_embed": "patch_1006_embed.png", "patch_file_rgb": "patch_1006_rgb.png" }, "geometry": { "type": "Point", "coordinates": [ -77.916940537381024, 38.511263398202871 ] } },
{ "type": "Feature", "properties": { "index": 1007, "lon": -69.447233228652635, "lat": 48.578597607000688, "classification": 30, "subregion_name": "Northern America", "umap_1d_x": 17.387083, "umap_2d_x": -39.190826, "umap_2d_y": -16.085346, "umap_3d_x": -45.367332, "umap_3d_y": -5.7902145, "umap_3d_z": -36.77261, "tsne_1d_x": -55.333488, "tsne_2d_x": -24.826523, "tsne_2d_y": 23.051216, "tsne_3d_x": -17.560947, "tsne_3d_y": 16.974533, "tsne_3d_z": 37.018227, "grid_umap_1d_x": 1007.0, "grid_umap_2d_x": 16.0, "grid_umap_2d_y": 5.0, "grid_umap_3d_x": 5.0, "grid_umap_3d_y": 0.0, "grid_umap_3d_z": 0.0, "grid_tsne_1d_x": 1007.0, "grid_tsne_2d_x": 1.0, "grid_tsne_2d_y": 24.0, "grid_tsne_3d_x": 2.0, "grid_tsne_3d_y": 6.0, "grid_tsne_3d_z": 7.0, "patch_file_embed": "patch_1007_embed.png", "patch_file_rgb": "patch_1007_rgb.png" }, "geometry": { "type": "Point", "coordinates": [ -69.447233228652635, 48.578597607000688 ] } },
{ "type": "Feature", "properties": { "index": 1008, "lon": 131.95362118988743, "lat": -28.508588906885098, "classification": 30, "subregion_name": "Unknown", "umap_1d_x": -20.401276, "umap_2d_x": 41.070641, "umap_2d_y": -48.595886, "umap_3d_x": 48.783646, "umap_3d_y": -47.491264, "umap_3d_z": 22.596809, "tsne_1d_x": 80.157532, "tsne_2d_x": 42.946716, "tsne_2d_y": 44.143402, "tsne_3d_x": -41.746357, "tsne_3d_y": -14.577328, "tsne_3d_z": -21.677122, "grid_umap_1d_x": 1008.0, "grid_umap_2d_x": 19.0, "grid_umap_2d_y": 5.0, "grid_umap_3d_x": 7.0, "grid_umap_3d_y": 1.0, "grid_umap_3d_z": 3.0, "grid_tsne_1d_x": 1008.0, "grid_tsne_2d_x": 21.0, "grid_tsne_2d_y": 24.0, "grid_tsne_3d_x": 1.0, "grid_tsne_3d_y": 5.0, "grid_tsne_3d_z": 2.0, "patch_file_embed": "patch_1008_embed.png", "patch_file_rgb": "patch_1008_rgb.png" }, "geometry": { "type": "Point", "coordinates": [ 131.953621189887428, -28.508588906885098 ] } },
{ "type": "Feature", "properties": { "index": 1009, "lon": 40.601847082991355, "lat": 59.024136834929209, "classification": 115, "subregion_name": "Eastern Europe", "umap_1d_x": 21.162371, "umap_2d_x": -28.551638, "umap_2d_y": -9.0372658, "umap_3d_x": -39.994434, "umap_3d_y": -12.011059, "umap_3d_z": -6.3147354, "tsne_1d_x": -26.69113, "tsne_2d_x": -22.133844, "tsne_2d_y": -8.3167572, "tsne_3d_x": -28.926666, "tsne_3d_y": 21.766029, "tsne_3d_z": 3.2725258, "grid_umap_1d_x": 1009.0, "grid_umap_2d_x": 1.0, "grid_umap_2d_y": 2.0, "grid_umap_3d_x": 0.0, "grid_umap_3d_y": 0.0, "grid_umap_3d_z": 4.0, "grid_tsne_1d_x": 1009.0, "grid_tsne_2d_x": 12.0, "grid_tsne_2d_y": 12.0, "grid_tsne_3d_x": 0.0, "grid_tsne_3d_y": 8.0, "grid_tsne_3d_z": 3.0, "patch_file_embed": "patch_1009_embed.png", "patch_file_rgb": "patch_1009_rgb.png" }, "geometry": { "type": "Point", "coordinates": [ 40.601847082991355, 59.024136834929209 ] } },
{ "type": "Feature", "properties": { "index": 1010, "lon": 167.15300670057422, "lat": 62.134164874496889, "classification": 30, "subregion_name": "Eastern Europe", "umap_1d_x": 18.958565, "umap_2d_x": -47.709625, "umap_2d_y": -8.0881195, "umap_3d_x": -47.46236, "umap_3d_y": 14.917381, "umap_3d_z": -47.316399, "tsne_1d_x": -71.764763, "tsne_2d_x": -42.123447, "tsne_2d_y": 31.301537, "tsne_3d_x": 6.5342789, "tsne_3d_y": 32.241783, "tsne_3d_z": 45.822594, "grid_umap_1d_x": 1010.0, "grid_umap_2d_x": 0.0, "grid_umap_2d_y": 7.0, "grid_umap_3d_x": 5.0, "grid_umap_3d_y": 6.0, "grid_umap_3d_z": 0.0, "grid_tsne_1d_x": 1010.0, "grid_tsne_2d_x": 7.0, "grid_tsne_2d_y": 29.0, "grid_tsne_3d_x": 5.0, "grid_tsne_3d_y": 7.0, "grid_tsne_3d_z": 7.0, "patch_file_embed": "patch_1010_embed.png", "patch_file_rgb": "patch_1010_rgb.png" }, "geometry": { "type": "Point", "coordinates": [ 167.153006700574224, 62.134164874496889 ] } },
{ "type": "Feature", "properties": { "index": 1011, "lon": 41.752347157257816, "lat": 36.417793949104109, "classification": 40, "subregion_name": "Western Asia", "umap_1d_x": 6.0012984, "umap_2d_x": -11.827545, "umap_2d_y": 5.578392, "umap_3d_x": -19.549026, "umap_3d_y": 0.61819076999999112, "umap_3d_z": 11.175812, "tsne_1d_x": -1.2330674, "tsne_2d_x": 6.7320099, "tsne_2d_y": 13.609856, "tsne_3d_x": -18.731997, "tsne_3d_y": -20.738987, "tsne_3d_z": 17.297417, "grid_umap_1d_x": 1011.0, "grid_umap_2d_x": 0.0, "grid_umap_2d_y": 9.0, "grid_umap_3d_x": 0.0, "grid_umap_3d_y": 3.0, "grid_umap_3d_z": 8.0, "grid_tsne_1d_x": 1011.0, "grid_tsne_2d_x": 13.0, "grid_tsne_2d_y": 16.0, "grid_tsne_3d_x": 2.0, "grid_tsne_3d_y": 3.0, "grid_tsne_3d_z": 6.0, "patch_file_embed": "patch_1011_embed.png", "patch_file_rgb": "patch_1011_rgb.png" }, "geometry": { "type": "Point", "coordinates": [ 41.752347157257816, 36.417793949104109 ] } },
{ "type": "Feature", "properties": { "index": 1012, "lon": 151.9276811701306, "lat": -4.5209395892483002, "classification": 112, "subregion_name": "Melanesia", "umap_1d_x": -5.5494967, "umap_2d_x": 27.237045, "umap_2d_y": 36.075371, "umap_3d_x": 22.275505, "umap_3d_y": 38.36985, "umap_3d_z": 8.2608299, "tsne_1d_x": 33.926834, "tsne_2d_x": 30.998383, "tsne_2d_y": -29.41713, "tsne_3d_x": 32.105377, "tsne_3d_y": -33.525196, "tsne_3d_z": -11.290188, "grid_umap_1d_x": 1012.0, "grid_umap_2d_x": 25.0, "grid_umap_2d_y": 31.0, "grid_umap_3d_x": 7.0, "grid_umap_3d_y": 8.0, "grid_umap_3d_z": 3.0, "grid_tsne_1d_x": 1012.0, "grid_tsne_2d_x": 23.0, "grid_tsne_2d_y": 7.0, "grid_tsne_3d_x": 9.0, "grid_tsne_3d_y": 0.0, "grid_tsne_3d_z": 2.0, "patch_file_embed": "patch_1012_embed.png", "patch_file_rgb": "patch_1012_rgb.png" }, "geometry": { "type": "Point", "coordinates": [ 151.927681170130597, -4.5209395892483 ] } },
{ "type": "Feature", "properties": { "index": 1013, "lon": -1.5927647395954521, "lat": 53.449517272063844, "classification": 30, "subregion_name": "Unknown", "umap_1d_x": 22.934326, "umap_2d_x": -21.435074, "umap_2d_y": -16.419987, "umap_3d_x": -29.532064, "umap_3d_y": -16.367569, "umap_3d_z": -9.4578667, "tsne_1d_x": -19.679018, "tsne_2d_x": -9.3770256, "tsne_2d_y": 21.55114, "tsne_3d_x": -38.132275, "tsne_3d_y": -2.6392441, "tsne_3d_z": 14.295784, "grid_umap_1d_x": 1013.0, "grid_umap_2d_x": 15.0, "grid_umap_2d_y": 0.0, "grid_umap_3d_x": 5.0, "grid_umap_3d_y": 1.0, "grid_umap_3d_z": 4.0, "grid_tsne_1d_x": 1013.0, "grid_tsne_2d_x": 19.0, "grid_tsne_2d_y": 24.0, "grid_tsne_3d_x": 0.0, "grid_tsne_3d_y": 4.0, "grid_tsne_3d_z": 5.0, "patch_file_embed": "patch_1013_embed.png", "patch_file_rgb": "patch_1013_rgb.png" }, "geometry": { "type": "Point", "coordinates": [ -1.592764739595452, 53.449517272063844 ] } },
{ "type": "Feature", "properties": { "index": 1014, "lon": 19.517656637632115, "lat": -17.660402458114611, "classification": 20, "subregion_name": "Sub-Saharan Africa", "umap_1d_x": -14.658932, "umap_2d_x": 45.861397, "umap_2d_y": -27.577635, "umap_3d_x": 39.652679, "umap_3d_y": -21.784697, "umap_3d_z": 29.190308, "tsne_1d_x": 54.459057, "tsne_2d_x": 37.813171, "tsne_2d_y": 24.710358, "tsne_3d_x": -18.938828, "tsne_3d_y": -31.486446, "tsne_3d_z": -15.806232, "grid_umap_1d_x": 1014.0, "grid_umap_2d_x": 30.0, "grid_umap_2d_y": 2.0, "grid_umap_3d_x": 7.0, "grid_umap_3d_y": 1.0, "grid_umap_3d_z": 6.0, "grid_tsne_1d_x": 1014.0, "grid_tsne_2d_x": 26.0, "grid_tsne_2d_y": 23.0, "grid_tsne_3d_x": 1.0, "grid_tsne_3d_y": 1.0, "grid_tsne_3d_z": 2.0, "patch_file_embed": "patch_1014_embed.png", "patch_file_rgb": "patch_1014_rgb.png" }, "geometry": { "type": "Point", "coordinates": [ 19.517656637632115, -17.660402458114611 ] } },
{ "type": "Feature", "properties": { "index": 1015, "lon": -137.7715162477912, "lat": 65.749428346006226, "classification": 126, "subregion_name": "Northern America", "umap_1d_x": 17.873661, "umap_2d_x": -43.581467, "umap_2d_y": -7.5192375, "umap_3d_x": -46.397644, "umap_3d_y": 7.6916046, "umap_3d_z": -36.833214, "tsne_1d_x": -59.589638, "tsne_2d_x": -34.38221, "tsne_2d_y": 22.220406, "tsne_3d_x": 8.0364227, "tsne_3d_y": 26.729111, "tsne_3d_z": 31.234924, "grid_umap_1d_x": 1015.0, "grid_umap_2d_x": 11.0, "grid_umap_2d_y": 10.0, "grid_umap_3d_x": 1.0, "grid_umap_3d_y": 5.0, "grid_umap_3d_z": 0.0, "grid_tsne_1d_x": 1015.0, "grid_tsne_2d_x": 5.0, "grid_tsne_2d_y": 24.0, "grid_tsne_3d_x": 6.0, "grid_tsne_3d_y": 8.0, "grid_tsne_3d_z": 7.0, "patch_file_embed": "patch_1015_embed.png", "patch_file_rgb": "patch_1015_rgb.png" }, "geometry": { "type": "Point", "coordinates": [ -137.771516247791197, 65.749428346006226 ] } },
{ "type": "Feature", "properties": { "index": 1016, "lon": 138.75488612653749, "lat": 35.656890448017265, "classification": 111, "subregion_name": "Eastern Asia", "umap_1d_x": 8.9152946, "umap_2d_x": -12.651012, "umap_2d_y": 29.946114, "umap_3d_x": -11.402271, "umap_3d_y": 21.954636, "umap_3d_z": -7.9493179, "tsne_1d_x": -10.741502, "tsne_2d_x": -9.8663521, "tsne_2d_y": -30.946501, "tsne_3d_x": 33.062431, "tsne_3d_y": 6.9612312, "tsne_3d_z": -0.8111496, "grid_umap_1d_x": 1016.0, "grid_umap_2d_x": 4.0, "grid_umap_2d_y": 27.0, "grid_umap_3d_x": 4.0, "grid_umap_3d_y": 10.0, "grid_umap_3d_z": 0.0, "grid_tsne_1d_x": 1016.0, "grid_tsne_2d_x": 9.0, "grid_tsne_2d_y": 3.0, "grid_tsne_3d_x": 10.0, "grid_tsne_3d_y": 8.0, "grid_tsne_3d_z": 1.0, "patch_file_embed": "patch_1016_embed.png", "patch_file_rgb": "patch_1016_rgb.png" }, "geometry": { "type": "Point", "coordinates": [ 138.754886126537485, 35.656890448017265 ] } },
{ "type": "Feature", "properties": { "index": 1017, "lon": 104.5031924052164, "lat": 66.226327030743647, "classification": 30, "subregion_name": "Eastern Europe", "umap_1d_x": 19.190466, "umap_2d_x": -49.338829, "umap_2d_y": -2.3455124, "umap_3d_x": -47.839317, "umap_3d_y": 20.230469, "umap_3d_z": -46.452858, "tsne_1d_x": -70.882965, "tsne_2d_x": -43.745918, "tsne_2d_y": 24.811836, "tsne_3d_x": 12.20026, "tsne_3d_y": 37.555725, "tsne_3d_z": 39.27607, "grid_umap_1d_x": 1017.0, "grid_umap_2d_x": 7.0, "grid_umap_2d_y": 13.0, "grid_umap_3d_x": 6.0, "grid_umap_3d_y": 7.0, "grid_umap_3d_z": 1.0, "grid_tsne_1d_x": 1017.0, "grid_tsne_2d_x": 4.0, "grid_tsne_2d_y": 26.0, "grid_tsne_3d_x": 6.0, "grid_tsne_3d_y": 7.0, "grid_tsne_3d_z": 4.0, "patch_file_embed": "patch_1017_embed.png", "patch_file_rgb": "patch_1017_rgb.png" }, "geometry": { "type": "Point", "coordinates": [ 104.503192405216396, 66.226327030743647 ] } },
{ "type": "Feature", "properties": { "index": 1018, "lon": -103.21715552466712, "lat": 25.924991633121337, "classification": 40, "subregion_name": "Latin America and the Caribbean", "umap_1d_x": -0.32889059, "umap_2d_x": 3.3607063, "umap_2d_y": 33.050575, "umap_3d_x": 1.3532448, "umap_3d_y": 33.864151, "umap_3d_z": 23.439697, "tsne_1d_x": 12.394049, "tsne_2d_x": 5.5721741, "tsne_2d_y": -20.287844, "tsne_3d_x": 3.2918854, "tsne_3d_y": -26.087261, "tsne_3d_z": 7.3389664, "grid_umap_1d_x": 1018.0, "grid_umap_2d_x": 6.0, "grid_umap_2d_y": 31.0, "grid_umap_3d_x": 2.0, "grid_umap_3d_y": 10.0, "grid_umap_3d_z": 8.0, "grid_tsne_1d_x": 1018.0, "grid_tsne_2d_x": 14.0, "grid_tsne_2d_y": 8.0, "grid_tsne_3d_x": 4.0, "grid_tsne_3d_y": 2.0, "grid_tsne_3d_z": 5.0, "patch_file_embed": "patch_1018_embed.png", "patch_file_rgb": "patch_1018_rgb.png" }, "geometry": { "type": "Point", "coordinates": [ -103.21715552466712, 25.924991633121337 ] } },
{ "type": "Feature", "properties": { "index": 1019, "lon": 34.475340600630375, "lat": -6.5143091495178416, "classification": 20, "subregion_name": "Sub-Saharan Africa", "umap_1d_x": -13.856541, "umap_2d_x": 46.434731, "umap_2d_y": -22.721935, "umap_3d_x": 38.464836, "umap_3d_y": -15.782154, "umap_3d_z": 30.032036, "tsne_1d_x": 53.882366, "tsne_2d_x": 35.423889, "tsne_2d_y": 9.4460297, "tsne_3d_x": -11.873951, "tsne_3d_y": -35.890709, "tsne_3d_z": -15.580601, "grid_umap_1d_x": 1019.0, "grid_umap_2d_x": 30.0, "grid_umap_2d_y": 6.0, "grid_umap_3d_x": 9.0, "grid_umap_3d_y": 1.0, "grid_umap_3d_z": 7.0, "grid_tsne_1d_x": 1019.0, "grid_tsne_2d_x": 25.0, "grid_tsne_2d_y": 17.0, "grid_tsne_3d_x": 2.0, "grid_tsne_3d_y": 0.0, "grid_tsne_3d_z": 2.0, "patch_file_embed": "patch_1019_embed.png", "patch_file_rgb": "patch_1019_rgb.png" }, "geometry": { "type": "Point", "coordinates": [ 34.475340600630375, -6.514309149517842 ] } },
{ "type": "Feature", "properties": { "index": 1020, "lon": 39.092204061002434, "lat": 3.2246552417140042, "classification": 20, "subregion_name": "Sub-Saharan Africa", "umap_1d_x": 3.0390742, "umap_2d_x": 6.693058, "umap_2d_y": 2.9122353, "umap_3d_x": 13.233269, "umap_3d_y": 4.486721, "umap_3d_z": 48.771927, "tsne_1d_x": 29.013649, "tsne_2d_x": 14.463524, "tsne_2d_y": 38.653717, "tsne_3d_x": -15.99773, "tsne_3d_y": -39.799633, "tsne_3d_z": 5.9032364, "grid_umap_1d_x": 1020.0, "grid_umap_2d_x": 15.0, "grid_umap_2d_y": 6.0, "grid_umap_3d_x": 4.0, "grid_umap_3d_y": 1.0, "grid_umap_3d_z": 7.0, "grid_tsne_1d_x": 1020.0, "grid_tsne_2d_x": 18.0, "grid_tsne_2d_y": 30.0, "grid_tsne_3d_x": 2.0, "grid_tsne_3d_y": 2.0, "grid_tsne_3d_z": 4.0, "patch_file_embed": "patch_1020_embed.png", "patch_file_rgb": "patch_1020_rgb.png" }, "geometry": { "type": "Point", "coordinates": [ 39.092204061002434, 3.224655241714004 ] } },
{ "type": "Feature", "properties": { "index": 1021, "lon": 96.703537107995601, "lat": 17.571739918945013, "classification": 40, "subregion_name": "South-eastern Asia", "umap_1d_x": 0.62186831, "umap_2d_x": 8.290554, "umap_2d_y": 44.645638, "umap_3d_x": 3.7808418, "umap_3d_y": 47.593758, "umap_3d_z": 26.997307, "tsne_1d_x": 16.541538, "tsne_2d_x": 16.688141, "tsne_2d_y": -41.004303, "tsne_3d_x": 35.944618, "tsne_3d_y": -33.954247, "tsne_3d_z": 25.284645, "grid_umap_1d_x": 1021.0, "grid_umap_2d_x": 22.0, "grid_umap_2d_y": 26.0, "grid_umap_3d_x": 4.0, "grid_umap_3d_y": 10.0, "grid_umap_3d_z": 6.0, "grid_tsne_1d_x": 1021.0, "grid_tsne_2d_x": 21.0, "grid_tsne_2d_y": 7.0, "grid_tsne_3d_x": 10.0, "grid_tsne_3d_y": 2.0, "grid_tsne_3d_z": 7.0, "patch_file_embed": "patch_1021_embed.png", "patch_file_rgb": "patch_1021_rgb.png" }, "geometry": { "type": "Point", "coordinates": [ 96.703537107995601, 17.571739918945013 ] } },
{ "type": "Feature", "properties": { "index": 1022, "lon": 27.013239543547201, "lat": 56.316501584217391, "classification": 125, "subregion_name": "Northern Europe", "umap_1d_x": 21.743134, "umap_2d_x": -25.623127, "umap_2d_y": -10.763039, "umap_3d_x": -35.517342, "umap_3d_y": -12.483154, "umap_3d_z": -9.9291039, "tsne_1d_x": -22.806728, "tsne_2d_x": -13.438213, "tsne_2d_y": 12.564953, "tsne_3d_x": -31.752916, "tsne_3d_y": 12.075466, "tsne_3d_z": 8.9626198, "grid_umap_1d_x": 1022.0, "grid_umap_2d_x": 8.0, "grid_umap_2d_y": 2.0, "grid_umap_3d_x": 2.0, "grid_umap_3d_y": 1.0, "grid_umap_3d_z": 3.0, "grid_tsne_1d_x": 1022.0, "grid_tsne_2d_x": 13.0, "grid_tsne_2d_y": 19.0, "grid_tsne_3d_x": 1.0, "grid_tsne_3d_y": 7.0, "grid_tsne_3d_z": 4.0, "patch_file_embed": "patch_1022_embed.png", "patch_file_rgb": "patch_1022_rgb.png" }, "geometry": { "type": "Point", "coordinates": [ 27.013239543547201, 56.316501584217391 ] } },
{ "type": "Feature", "properties": { "index": 1023, "lon": 102.54087771237272, "lat": 28.86551643381938, "classification": 20, "subregion_name": "Unknown", "umap_1d_x": 4.195859, "umap_2d_x": -3.5748825, "umap_2d_y": 34.531296, "umap_3d_x": -4.6418381, "umap_3d_y": 30.728104, "umap_3d_z": 2.4123001, "tsne_1d_x": 6.4840837, "tsne_2d_x": 1.8131905, "tsne_2d_y": -34.650818, "tsne_3d_x": 34.283424, "tsne_3d_y": -15.792828, "tsne_3d_z": 7.8555641, "grid_umap_1d_x": 1023.0, "grid_umap_2d_x": 4.0, "grid_umap_2d_y": 30.0, "grid_umap_3d_x": 5.0, "grid_umap_3d_y": 10.0, "grid_umap_3d_z": 2.0, "grid_tsne_1d_x": 1023.0, "grid_tsne_2d_x": 12.0, "grid_tsne_2d_y": 1.0, "grid_tsne_3d_x": 9.0, "grid_tsne_3d_y": 4.0, "grid_tsne_3d_z": 5.0, "patch_file_embed": "patch_1023_embed.png", "patch_file_rgb": "patch_1023_rgb.png" }, "geometry": { "type": "Point", "coordinates": [ 102.540877712372719, 28.86551643381938 ] } }
]
}
