{
"type": "FeatureCollection",
"name": "web_grid_data_512",
"crs": { "type": "name", "properties": { "name": "urn:ogc:def:crs:OGC:1.3:CRS84" } },
"features": [
{ "type": "Feature", "properties": { "index": 0, "lon": -131.18402489695137, "lat": 59.611055315170134, "classification": 126, "subregion_name": "Northern America", "umap_1d_x": 16.784231, "umap_2d_x": -40.799011, "umap_2d_y": -2.7987022, "umap_3d_x": -45.941341, "umap_3d_y": 4.6413116, "umap_3d_z": -26.571562, "tsne_1d_x": -49.619076, "tsne_2d_x": -26.663736, "tsne_2d_y": 13.954807, "tsne_3d_x": -16.747684, "tsne_3d_y": 38.547501, "tsne_3d_z": 29.680862, "grid_umap_1d_x": 17.0, "grid_umap_2d_x": 1.0, "grid_umap_2d_y": 7.0, "grid_umap_3d_x": 0.0, "grid_umap_3d_y": 3.0, "grid_umap_3d_z": 1.0, "grid_tsne_1d_x": 0.0, "grid_tsne_2d_x": 0.0, "grid_tsne_2d_y": 14.0, "grid_tsne_3d_x": 1.0, "grid_tsne_3d_y": 7.0, "grid_tsne_3d_z": 6.0, "tile_dir": "tiles/0000" }, "geometry": { "type": "Point", "coordinates": [ -131.184024896951371, 59.611055315170134 ] } },
{ "type": "Feature", "properties": { "index": 1, "lon": -62.623883749037333, "lat": 9.0173454830158875, "classification": 30, "subregion_name": "Latin America and the Caribbean", "umap_1d_x": 0.63910246, "umap_2d_x": 10.030628, "umap_2d_y": 43.123466, "umap_3d_x": 6.1113014, "umap_3d_y": 49.059601, "umap_3d_z": 24.983414, "tsne_1d_x": 17.551109, "tsne_2d_x": 19.866989, "tsne_2d_y": -37.949833, "tsne_3d_x": 36.957924, "tsne_3d_y": -40.670971, "tsne_3d_z": 20.553169, "grid_umap_1d_x": 1.0, "grid_umap_2d_x": 15.0, "grid_umap_2d_y": 22.0, "grid_umap_3d_x": 4.0, "grid_umap_3d_y": 4.0, "grid_umap_3d_z": 4.0, "grid_tsne_1d_x": 19.0, "grid_tsne_2d_x": 14.0, "grid_tsne_2d_y": 6.0, "grid_tsne_3d_x": 7.0, "grid_tsne_3d_y": 1.0, "grid_tsne_3d_z": 6.0, "tile_dir": "tiles/0001" }, "geometry": { "type": "Point", "coordinates": [ -62.623883749037333, 9.017345483015887 ] } },
{ "type": "Feature", "properties": { "index": 2, "lon": 11.678798453991277, "lat": -3.6112736378482571, "classification": 30, "subregion_name": "Sub-Saharan Africa", "umap_1d_x": -12.320284, "umap_2d_x": 48.158806, "umap_2d_y": -12.502239, "umap_3d_x": 36.104492, "umap_3d_y": -3.9007645, "umap_3d_z": 27.594849, "tsne_1d_x": 49.514023, "tsne_2d_x": 40.090767, "tsne_2d_y": -2.8410454, "tsne_3d_x": -2.7764244, "tsne_3d_y": -47.970524, "tsne_3d_z": -25.487997, "grid_umap_1d_x": 0.0, "grid_umap_2d_x": 21.0, "grid_umap_2d_y": 11.0, "grid_umap_3d_x": 7.0, "grid_umap_3d_y": 4.0, "grid_umap_3d_z": 7.0, "grid_tsne_1d_x": 50.0, "grid_tsne_2d_x": 20.0, "grid_tsne_2d_y": 9.0, "grid_tsne_3d_x": 3.0, "grid_tsne_3d_y": 1.0, "grid_tsne_3d_z": 2.0, "tile_dir": "tiles/0002" }, "geometry": { "type": "Point", "coordinates": [ 11.678798453991277, -3.611273637848257 ] } },
{ "type": "Feature", "properties": { "index": 3, "lon": 10.361996318211908, "lat": 45.732221473162198, "classification": 115, "subregion_name": "Southern Europe", "umap_1d_x": 13.234972, "umap_2d_x": -24.740774, "umap_2d_y": -2.0402527, "umap_3d_x": -35.001968, "umap_3d_y": -5.3823433, "umap_3d_z": -0.8898201, "tsne_1d_x": -24.178932, "tsne_2d_x": -10.349129, "tsne_2d_y": 7.7882767, "tsne_3d_x": -24.24486, "tsne_3d_y": 5.8832092, "tsne_3d_z": 0.029479980000004957, "grid_umap_1d_x": 14.0, "grid_umap_2d_x": 1.0, "grid_umap_2d_y": 5.0, "grid_umap_3d_x": 0.0, "grid_umap_3d_y": 1.0, "grid_umap_3d_z": 5.0, "grid_tsne_1d_x": 1.0, "grid_tsne_2d_x": 5.0, "grid_tsne_2d_y": 11.0, "grid_tsne_3d_x": 0.0, "grid_tsne_3d_y": 5.0, "grid_tsne_3d_z": 2.0, "tile_dir": "tiles/0003" }, "geometry": { "type": "Point", "coordinates": [ 10.361996318211908, 45.732221473162198 ] } },
{ "type": "Feature", "properties": { "index": 4, "lon": 32.748271054603435, "lat": 58.383271269244545, "classification": 126, "subregion_name": "Eastern Europe", "umap_1d_x": 21.671848, "umap_2d_x": -27.601662, "umap_2d_y": -13.733841, "umap_3d_x": -35.775017, "umap_3d_y": -11.860596, "umap_3d_z": -15.688488, "tsne_1d_x": -22.066343, "tsne_2d_x": -14.942474, "tsne_2d_y": 15.959877, "tsne_3d_x": -30.494827, "tsne_3d_y": 11.660652, "tsne_3d_z": 16.022049, "grid_umap_1d_x": 22.0, "grid_umap_2d_x": 10.0, "grid_umap_2d_y": 2.0, "grid_umap_3d_x": 0.0, "grid_umap_3d_y": 0.0, "grid_umap_3d_z": 1.0, "grid_tsne_1d_x": 2.0, "grid_tsne_2d_x": 10.0, "grid_tsne_2d_y": 15.0, "grid_tsne_3d_x": 1.0, "grid_tsne_3d_y": 4.0, "grid_tsne_3d_z": 5.0, "tile_dir": "tiles/0004" }, "geometry": { "type": "Point", "coordinates": [ 32.748271054603435, 58.383271269244545 ] } },
{ "type": "Feature", "properties": { "index": 5, "lon": -157.58390939711236, "lat": 65.17565160674306, "classification": 90, "subregion_name": "Unknown", "umap_1d_x": 17.806704, "umap_2d_x": -44.699066, "umap_2d_y": -16.810043, "umap_3d_x": -42.901676, "umap_3d_y": 2.6384888, "umap_3d_z": -44.694881, "tsne_1d_x": -58.265682, "tsne_2d_x": -31.941742, "tsne_2d_y": 32.653877, "tsne_3d_x": 2.9549484, "tsne_3d_y": 15.060303, "tsne_3d_z": 38.198868, "grid_umap_1d_x": 18.0, "grid_umap_2d_x": 3.0, "grid_umap_2d_y": 1.0, "grid_umap_3d_x": 4.0, "grid_umap_3d_y": 2.0, "grid_umap_3d_z": 0.0, "grid_tsne_1d_x": 3.0, "grid_tsne_2d_x": 2.0, "grid_tsne_2d_y": 21.0, "grid_tsne_3d_x": 4.0, "grid_tsne_3d_y": 4.0, "grid_tsne_3d_z": 7.0, "tile_dir": "tiles/0005" }, "geometry": { "type": "Point", "coordinates": [ -157.583909397112365, 65.17565160674306 ] } },
{ "type": "Feature", "properties": { "index": 6, "lon": 126.49524758116115, "lat": -7.7473533825519283, "classification": 112, "subregion_name": "Unknown", "umap_1d_x": -5.2334523, "umap_2d_x": 26.046822, "umap_2d_y": 36.362289, "umap_3d_x": 21.212669, "umap_3d_y": 38.681229, "umap_3d_z": 9.3242645, "tsne_1d_x": 33.585602, "tsne_2d_x": 29.140602, "tsne_2d_y": -28.562157, "tsne_3d_x": 28.291878, "tsne_3d_y": -35.536945, "tsne_3d_z": -8.337204, "grid_umap_1d_x": 2.0, "grid_umap_2d_x": 17.0, "grid_umap_2d_y": 20.0, "grid_umap_3d_x": 5.0, "grid_umap_3d_y": 5.0, "grid_umap_3d_z": 4.0, "grid_tsne_1d_x": 34.0, "grid_tsne_2d_x": 18.0, "grid_tsne_2d_y": 0.0, "grid_tsne_3d_x": 5.0, "grid_tsne_3d_y": 1.0, "grid_tsne_3d_z": 3.0, "tile_dir": "tiles/0006" }, "geometry": { "type": "Point", "coordinates": [ 126.495247581161152, -7.747353382551928 ] } },
{ "type": "Feature", "properties": { "index": 7, "lon": -60.559199396934574, "lat": -9.1621168160118955, "classification": 112, "subregion_name": "Latin America and the Caribbean", "umap_1d_x": -8.9365721, "umap_2d_x": 38.613609, "umap_2d_y": 26.443062, "umap_3d_x": 35.40274, "umap_3d_y": 39.283745, "umap_3d_z": -0.15858078, "tsne_1d_x": 44.053436, "tsne_2d_x": 46.917664, "tsne_2d_y": -22.627541, "tsne_3d_x": 24.748405, "tsne_3d_y": -46.284798, "tsne_3d_z": -32.683697, "grid_umap_1d_x": 3.0, "grid_umap_2d_x": 18.0, "grid_umap_2d_y": 12.0, "grid_umap_3d_x": 7.0, "grid_umap_3d_y": 4.0, "grid_umap_3d_z": 1.0, "grid_tsne_1d_x": 45.0, "grid_tsne_2d_x": 19.0, "grid_tsne_2d_y": 8.0, "grid_tsne_3d_x": 4.0, "grid_tsne_3d_y": 2.0, "grid_tsne_3d_z": 2.0, "tile_dir": "tiles/0007" }, "geometry": { "type": "Point", "coordinates": [ -60.559199396934574, -9.162116816011896 ] } },
{ "type": "Feature", "properties": { "index": 8, "lon": -110.79753785998055, "lat": 33.630555413786169, "classification": 20, "subregion_name": "Unknown", "umap_1d_x": 6.6804304, "umap_2d_x": -14.232742, "umap_2d_y": 6.2004929, "umap_3d_x": -21.73452, "umap_3d_y": 1.2427826, "umap_3d_z": 8.274662, "tsne_1d_x": -4.1228843, "tsne_2d_x": 3.7339973, "tsne_2d_y": 19.898422, "tsne_3d_x": -12.748016, "tsne_3d_y": -17.180771, "tsne_3d_z": 11.545078, "grid_umap_1d_x": 7.0, "grid_umap_2d_x": 14.0, "grid_umap_2d_y": 11.0, "grid_umap_3d_x": 1.0, "grid_umap_3d_y": 2.0, "grid_umap_3d_z": 6.0, "grid_tsne_1d_x": 4.0, "grid_tsne_2d_x": 7.0, "grid_tsne_2d_y": 19.0, "grid_tsne_3d_x": 0.0, "grid_tsne_3d_y": 0.0, "grid_tsne_3d_z": 6.0, "tile_dir": "tiles/0008" }, "geometry": { "type": "Point", "coordinates": [ -110.797537859980551, 33.630555413786169 ] } },
{ "type": "Feature", "properties": { "index": 9, "lon": -62.809316173250267, "lat": -7.7734235029434373, "classification": 112, "subregion_name": "Latin America and the Caribbean", "umap_1d_x": -8.4970951, "umap_2d_x": 36.712852, "umap_2d_y": 26.328148, "umap_3d_x": 34.597984, "umap_3d_y": 44.493401, "umap_3d_z": -2.3514252, "tsne_1d_x": 43.094471, "tsne_2d_x": 47.466316, "tsne_2d_y": -26.036634, "tsne_3d_x": 30.110657, "tsne_3d_y": -46.982319, "tsne_3d_z": -34.743721, "grid_umap_1d_x": 4.0, "grid_umap_2d_x": 19.0, "grid_umap_2d_y": 13.0, "grid_umap_3d_x": 7.0, "grid_umap_3d_y": 6.0, "grid_umap_3d_z": 0.0, "grid_tsne_1d_x": 44.0, "grid_tsne_2d_x": 21.0, "grid_tsne_2d_y": 5.0, "grid_tsne_3d_x": 5.0, "grid_tsne_3d_y": 1.0, "grid_tsne_3d_z": 1.0, "tile_dir": "tiles/0009" }, "geometry": { "type": "Point", "coordinates": [ -62.809316173250267, -7.773423502943437 ] } },
{ "type": "Feature", "properties": { "index": 10, "lon": 146.94513291445736, "lat": 61.529970596381403, "classification": 113, "subregion_name": "Eastern Europe", "umap_1d_x": 15.601893, "umap_2d_x": -40.534248, "umap_2d_y": 12.777412, "umap_3d_x": -47.168957, "umap_3d_y": 19.881874, "umap_3d_z": -13.755428, "tsne_1d_x": -42.999237, "tsne_2d_x": -42.873554, "tsne_2d_y": -2.2109566, "tsne_3d_x": 12.70327, "tsne_3d_y": 41.384277, "tsne_3d_z": 7.4300117, "grid_umap_1d_x": 16.0, "grid_umap_2d_x": 10.0, "grid_umap_2d_y": 15.0, "grid_umap_3d_x": 1.0, "grid_umap_3d_y": 6.0, "grid_umap_3d_z": 4.0, "grid_tsne_1d_x": 5.0, "grid_tsne_2d_x": 8.0, "grid_tsne_2d_y": 11.0, "grid_tsne_3d_x": 5.0, "grid_tsne_3d_y": 7.0, "grid_tsne_3d_z": 2.0, "tile_dir": "tiles/0010" }, "geometry": { "type": "Point", "coordinates": [ 146.945132914457361, 61.529970596381403 ] } },
{ "type": "Feature", "properties": { "index": 11, "lon": 0.95097479554655695, "lat": 34.24992652088514, "classification": 60, "subregion_name": "Northern Africa", "umap_1d_x": 5.6052785, "umap_2d_x": -9.5533752, "umap_2d_y": 5.9256439, "umap_3d_x": -17.999004, "umap_3d_y": 0.99185562, "umap_3d_z": 15.099884, "tsne_1d_x": -0.17826821, "tsne_2d_x": 10.541142, "tsne_2d_y": 8.6655502, "tsne_3d_x": -14.000412, "tsne_3d_y": -29.70507, "tsne_3d_z": 21.074417, "grid_umap_1d_x": 6.0, "grid_umap_2d_x": 1.0, "grid_umap_2d_y": 8.0, "grid_umap_3d_x": 2.0, "grid_umap_3d_y": 2.0, "grid_umap_3d_z": 7.0, "grid_tsne_1d_x": 6.0, "grid_tsne_2d_x": 11.0, "grid_tsne_2d_y": 10.0, "grid_tsne_3d_x": 1.0, "grid_tsne_3d_y": 0.0, "grid_tsne_3d_z": 6.0, "tile_dir": "tiles/0011" }, "geometry": { "type": "Point", "coordinates": [ 0.950974795546557, 34.24992652088514 ] } },
{ "type": "Feature", "properties": { "index": 12, "lon": 132.00268937221205, "lat": -14.470777994387468, "classification": 124, "subregion_name": "Unknown", "umap_1d_x": -18.346872, "umap_2d_x": 40.449249, "umap_2d_y": -32.292564, "umap_3d_x": 47.967949, "umap_3d_y": -27.206923, "umap_3d_z": 25.99559, "tsne_1d_x": 73.731018, "tsne_2d_x": 45.452385, "tsne_2d_y": 28.245979, "tsne_3d_x": -24.758839, "tsne_3d_y": -27.676538, "tsne_3d_z": -31.347864, "grid_umap_1d_x": 5.0, "grid_umap_2d_x": 15.0, "grid_umap_2d_y": 5.0, "grid_umap_3d_x": 6.0, "grid_umap_3d_y": 1.0, "grid_umap_3d_z": 4.0, "grid_tsne_1d_x": 74.0, "grid_tsne_2d_x": 19.0, "grid_tsne_2d_y": 17.0, "grid_tsne_3d_x": 2.0, "grid_tsne_3d_y": 3.0, "grid_tsne_3d_z": 2.0, "tile_dir": "tiles/0012" }, "geometry": { "type": "Point", "coordinates": [ 132.002689372212046, -14.470777994387468 ] } },
{ "type": "Feature", "properties": { "index": 13, "lon": -64.07543519235378, "lat": -29.89822853601709, "classification": 20, "subregion_name": "Latin America and the Caribbean", "umap_1d_x": -16.142159, "umap_2d_x": 37.806343, "umap_2d_y": -22.611418, "umap_3d_x": 46.584442, "umap_3d_y": -16.364399, "umap_3d_z": 13.835758, "tsne_1d_x": 64.845367, "tsne_2d_x": 32.506813, "tsne_2d_y": 29.146271, "tsne_3d_x": -14.186985, "tsne_3d_y": -17.198147, "tsne_3d_z": -34.836872, "grid_umap_1d_x": 8.0, "grid_umap_2d_x": 20.0, "grid_umap_2d_y": 1.0, "grid_umap_3d_x": 6.0, "grid_umap_3d_y": 2.0, "grid_umap_3d_z": 3.0, "grid_tsne_1d_x": 65.0, "grid_tsne_2d_x": 21.0, "grid_tsne_2d_y": 21.0, "grid_tsne_3d_x": 2.0, "grid_tsne_3d_y": 3.0, "grid_tsne_3d_z": 1.0, "tile_dir": "tiles/0013" }, "geometry": { "type": "Point", "coordinates": [ -64.07543519235378, -29.89822853601709 ] } },
{ "type": "Feature", "properties": { "index": 14, "lon": 122.96991375058582, "lat": -26.597251782422653, "classification": 20, "subregion_name": "Unknown", "umap_1d_x": -20.649744, "umap_2d_x": 41.690155, "umap_2d_y": -49.519207, "umap_3d_x": 49.549431, "umap_3d_y": -49.337238, "umap_3d_z": 23.66021, "tsne_1d_x": 80.985001, "tsne_2d_x": 43.617508, "tsne_2d_y": 41.451408, "tsne_3d_x": -47.503685, "tsne_3d_y": -14.503075, "tsne_3d_z": -23.088133, "grid_umap_1d_x": 9.0, "grid_umap_2d_x": 15.0, "grid_umap_2d_y": 0.0, "grid_umap_3d_x": 4.0, "grid_umap_3d_y": 0.0, "grid_umap_3d_z": 3.0, "grid_tsne_1d_x": 81.0, "grid_tsne_2d_x": 20.0, "grid_tsne_2d_y": 21.0, "grid_tsne_3d_x": 0.0, "grid_tsne_3d_y": 4.0, "grid_tsne_3d_z": 2.0, "tile_dir": "tiles/0014" }, "geometry": { "type": "Point", "coordinates": [ 122.969913750585818, -26.597251782422653 ] } },
{ "type": "Feature", "properties": { "index": 15, "lon": 97.920996945562763, "lat": 59.94224066763492, "classification": 111, "subregion_name": "Eastern Europe", "umap_1d_x": 14.303179, "umap_2d_x": -37.983921, "umap_2d_y": 11.536057, "umap_3d_x": -45.972298, "umap_3d_y": 14.099472, "umap_3d_z": -8.1910629, "tsne_1d_x": -42.193542, "tsne_2d_x": -39.76606, "tsne_2d_y": -3.5039444, "tsne_3d_x": 5.6392441, "tsne_3d_y": 36.017166, "tsne_3d_z": 3.9013367, "grid_umap_1d_x": 15.0, "grid_umap_2d_x": 5.0, "grid_umap_2d_y": 14.0, "grid_umap_3d_x": 0.0, "grid_umap_3d_y": 6.0, "grid_umap_3d_z": 6.0, "grid_tsne_1d_x": 7.0, "grid_tsne_2d_x": 3.0, "grid_tsne_2d_y": 9.0, "grid_tsne_3d_x": 4.0, "grid_tsne_3d_y": 7.0, "grid_tsne_3d_z": 2.0, "tile_dir": "tiles/0015" }, "geometry": { "type": "Point", "coordinates": [ 97.920996945562763, 59.94224066763492 ] } },
{ "type": "Feature", "properties": { "index": 16, "lon": -74.351473810246873, "lat": 9.0255167760401633, "classification": 30, "subregion_name": "Latin America and the Caribbean", "umap_1d_x": 0.6335783, "umap_2d_x": 10.169601, "umap_2d_y": 43.228287, "umap_3d_x": 6.1717033, "umap_3d_y": 48.559013, "umap_3d_z": 24.557327, "tsne_1d_x": 17.646626, "tsne_2d_x": 20.209251, "tsne_2d_y": -36.431702, "tsne_3d_x": 36.452126, "tsne_3d_y": -40.392982, "tsne_3d_z": 17.791115, "grid_umap_1d_x": 10.0, "grid_umap_2d_x": 16.0, "grid_umap_2d_y": 21.0, "grid_umap_3d_x": 4.0, "grid_umap_3d_y": 7.0, "grid_umap_3d_z": 5.0, "grid_tsne_1d_x": 18.0, "grid_tsne_2d_x": 15.0, "grid_tsne_2d_y": 5.0, "grid_tsne_3d_x": 5.0, "grid_tsne_3d_y": 3.0, "grid_tsne_3d_z": 5.0, "tile_dir": "tiles/0016" }, "geometry": { "type": "Point", "coordinates": [ -74.351473810246873, 9.025516776040163 ] } },
{ "type": "Feature", "properties": { "index": 17, "lon": -67.702080491546951, "lat": 55.185151366741493, "classification": 111, "subregion_name": "Northern America", "umap_1d_x": 17.140059, "umap_2d_x": -40.393124, "umap_2d_y": -12.283157, "umap_3d_x": -47.051521, "umap_3d_y": -2.5857735, "umap_3d_z": -36.288727, "tsne_1d_x": -54.655392, "tsne_2d_x": -29.677114, "tsne_2d_y": 19.317757, "tsne_3d_x": -11.916763, "tsne_3d_y": 25.978798, "tsne_3d_z": 28.399277, "grid_umap_1d_x": 19.0, "grid_umap_2d_x": 2.0, "grid_umap_2d_y": 2.0, "grid_umap_3d_x": 4.0, "grid_umap_3d_y": 2.0, "grid_umap_3d_z": 2.0, "grid_tsne_1d_x": 8.0, "grid_tsne_2d_x": 10.0, "grid_tsne_2d_y": 16.0, "grid_tsne_3d_x": 2.0, "grid_tsne_3d_y": 5.0, "grid_tsne_3d_z": 5.0, "tile_dir": "tiles/0017" }, "geometry": { "type": "Point", "coordinates": [ -67.702080491546951, 55.185151366741493 ] } },
{ "type": "Feature", "properties": { "index": 18, "lon": 129.8696844453861, "lat": 67.568666112546566, "classification": 126, "subregion_name": "Eastern Europe", "umap_1d_x": 19.314495, "umap_2d_x": -48.998184, "umap_2d_y": -5.208313, "umap_3d_x": -46.861744, "umap_3d_y": 18.750771, "umap_3d_z": -49.154568, "tsne_1d_x": -72.220917, "tsne_2d_x": -44.177773, "tsne_2d_y": 30.284843, "tsne_3d_x": 12.544674, "tsne_3d_y": 36.695671, "tsne_3d_z": 46.677116, "grid_umap_1d_x": 20.0, "grid_umap_2d_x": 6.0, "grid_umap_2d_y": 8.0, "grid_umap_3d_x": 5.0, "grid_umap_3d_y": 5.0, "grid_umap_3d_z": 0.0, "grid_tsne_1d_x": 9.0, "grid_tsne_2d_x": 3.0, "grid_tsne_2d_y": 19.0, "grid_tsne_3d_x": 5.0, "grid_tsne_3d_y": 5.0, "grid_tsne_3d_z": 6.0, "tile_dir": "tiles/0018" }, "geometry": { "type": "Point", "coordinates": [ 129.869684445386099, 67.568666112546566 ] } },
{ "type": "Feature", "properties": { "index": 19, "lon": 21.697529439419128, "lat": -19.900342479338065, "classification": 20, "subregion_name": "Sub-Saharan Africa", "umap_1d_x": -15.153301, "umap_2d_x": 45.407036, "umap_2d_y": -33.2878, "umap_3d_x": 40.717613, "umap_3d_y": -27.940657, "umap_3d_z": 29.13578, "tsne_1d_x": 72.079483, "tsne_2d_x": 39.586823, "tsne_2d_y": 30.071083, "tsne_3d_x": -28.402611, "tsne_3d_y": -28.009037, "tsne_3d_z": -15.723083, "grid_umap_1d_x": 11.0, "grid_umap_2d_x": 19.0, "grid_umap_2d_y": 2.0, "grid_umap_3d_x": 3.0, "grid_umap_3d_y": 0.0, "grid_umap_3d_z": 7.0, "grid_tsne_1d_x": 73.0, "grid_tsne_2d_x": 17.0, "grid_tsne_2d_y": 17.0, "grid_tsne_3d_x": 0.0, "grid_tsne_3d_y": 1.0, "grid_tsne_3d_z": 3.0, "tile_dir": "tiles/0019" }, "geometry": { "type": "Point", "coordinates": [ 21.697529439419128, -19.900342479338065 ] } },
{ "type": "Feature", "properties": { "index": 20, "lon": 11.866671031832539, "lat": 63.925305067871449, "classification": 126, "subregion_name": "Northern Europe", "umap_1d_x": 20.512077, "umap_2d_x": -32.747791, "umap_2d_y": -14.38736, "umap_3d_x": -40.100128, "umap_3d_y": -9.5014648, "umap_3d_z": -22.512569, "tsne_1d_x": -47.966679, "tsne_2d_x": -19.418699, "tsne_2d_y": 16.829491, "tsne_3d_x": -31.097103, "tsne_3d_y": 18.062714, "tsne_3d_z": 23.486824, "grid_umap_1d_x": 21.0, "grid_umap_2d_x": 4.0, "grid_umap_2d_y": 0.0, "grid_umap_3d_x": 4.0, "grid_umap_3d_y": 1.0, "grid_umap_3d_z": 2.0, "grid_tsne_1d_x": 10.0, "grid_tsne_2d_x": 1.0, "grid_tsne_2d_y": 16.0, "grid_tsne_3d_x": 2.0, "grid_tsne_3d_y": 4.0, "grid_tsne_3d_z": 5.0, "tile_dir": "tiles/0020" }, "geometry": { "type": "Point", "coordinates": [ 11.866671031832539, 63.925305067871449 ] } },
{ "type": "Feature", "properties": { "index": 21, "lon": -67.000067675694936, "lat": 56.520365894572905, "classification": 121, "subregion_name": "Northern America", "umap_1d_x": 17.031069, "umap_2d_x": -40.657894, "umap_2d_y": -10.165035, "umap_3d_x": -47.96669, "umap_3d_y": -1.7142105, "umap_3d_z": -34.377831, "tsne_1d_x": -53.288025, "tsne_2d_x": -30.902267, "tsne_2d_y": 18.242661, "tsne_3d_x": -6.9342155, "tsne_3d_y": 26.111237, "tsne_3d_z": 25.749802, "grid_umap_1d_x": 24.0, "grid_umap_2d_x": 5.0, "grid_umap_2d_y": 4.0, "grid_umap_3d_x": 1.0, "grid_umap_3d_y": 2.0, "grid_umap_3d_z": 0.0, "grid_tsne_1d_x": 11.0, "grid_tsne_2d_x": 5.0, "grid_tsne_2d_y": 16.0, "grid_tsne_3d_x": 2.0, "grid_tsne_3d_y": 6.0, "grid_tsne_3d_z": 6.0, "tile_dir": "tiles/0021" }, "geometry": { "type": "Point", "coordinates": [ -67.000067675694936, 56.520365894572905 ] } },
{ "type": "Feature", "properties": { "index": 22, "lon": 74.533283241064964, "lat": 34.569891084890315, "classification": 30, "subregion_name": "Southern Asia", "umap_1d_x": 7.5232177, "umap_2d_x": -25.657515, "umap_2d_y": 5.7595177, "umap_3d_x": -43.359894, "umap_3d_y": 20.595413, "umap_3d_z": -37.313244, "tsne_1d_x": -6.6883774, "tsne_2d_x": -0.3473053, "tsne_2d_y": 31.472496, "tsne_3d_x": 0.1976738, "tsne_3d_y": -7.3195419, "tsne_3d_z": 20.113548, "grid_umap_1d_x": 12.0, "grid_umap_2d_x": 9.0, "grid_umap_2d_y": 11.0, "grid_umap_3d_x": 2.0, "grid_umap_3d_y": 6.0, "grid_umap_3d_z": 0.0, "grid_tsne_1d_x": 12.0, "grid_tsne_2d_x": 10.0, "grid_tsne_2d_y": 22.0, "grid_tsne_3d_x": 3.0, "grid_tsne_3d_y": 2.0, "grid_tsne_3d_z": 7.0, "tile_dir": "tiles/0022" }, "geometry": { "type": "Point", "coordinates": [ 74.533283241064964, 34.569891084890315 ] } },
{ "type": "Feature", "properties": { "index": 23, "lon": 28.895015635309448, "lat": 61.012316303254366, "classification": 115, "subregion_name": "Unknown", "umap_1d_x": 21.023874, "umap_2d_x": -28.651209, "umap_2d_y": -8.0117264, "umap_3d_x": -40.614895, "umap_3d_y": -14.3675, "umap_3d_z": -4.6115875, "tsne_1d_x": -27.282272, "tsne_2d_x": -21.175585, "tsne_2d_y": -10.615482, "tsne_3d_x": -33.124321, "tsne_3d_y": 25.484123, "tsne_3d_z": 1.8697433, "grid_umap_1d_x": 23.0, "grid_umap_2d_x": 1.0, "grid_umap_2d_y": 2.0, "grid_umap_3d_x": 2.0, "grid_umap_3d_y": 0.0, "grid_umap_3d_z": 5.0, "grid_tsne_1d_x": 13.0, "grid_tsne_2d_x": 10.0, "grid_tsne_2d_y": 9.0, "grid_tsne_3d_x": 1.0, "grid_tsne_3d_y": 5.0, "grid_tsne_3d_z": 2.0, "tile_dir": "tiles/0023" }, "geometry": { "type": "Point", "coordinates": [ 28.895015635309448, 61.012316303254366 ] } },
{ "type": "Feature", "properties": { "index": 24, "lon": 29.97862421347395, "lat": -2.879264055562786, "classification": 40, "subregion_name": "Sub-Saharan Africa", "umap_1d_x": -13.202173, "umap_2d_x": 48.082634, "umap_2d_y": -20.665079, "umap_3d_x": 35.680542, "umap_3d_y": -13.122746, "umap_3d_z": 29.273758, "tsne_1d_x": 52.88044, "tsne_2d_x": 33.202911, "tsne_2d_y": 4.8042374, "tsne_3d_x": -6.8461037, "tsne_3d_y": -40.559425, "tsne_3d_z": -9.3125496, "grid_umap_1d_x": 13.0, "grid_umap_2d_x": 18.0, "grid_umap_2d_y": 8.0, "grid_umap_3d_x": 5.0, "grid_umap_3d_y": 1.0, "grid_umap_3d_z": 6.0, "grid_tsne_1d_x": 53.0, "grid_tsne_2d_x": 20.0, "grid_tsne_2d_y": 10.0, "grid_tsne_3d_x": 2.0, "grid_tsne_3d_y": 0.0, "grid_tsne_3d_z": 3.0, "tile_dir": "tiles/0024" }, "geometry": { "type": "Point", "coordinates": [ 29.97862421347395, -2.879264055562786 ] } },
{ "type": "Feature", "properties": { "index": 25, "lon": -66.403273350047002, "lat": -32.925403581324062, "classification": 20, "subregion_name": "Latin America and the Caribbean", "umap_1d_x": -16.337374, "umap_2d_x": 37.074051, "umap_2d_y": -23.680588, "umap_3d_x": 47.165894, "umap_3d_y": -17.64336, "umap_3d_z": 13.270306, "tsne_1d_x": 65.210365, "tsne_2d_x": 32.627228, "tsne_2d_y": 32.076469, "tsne_3d_x": -18.552124, "tsne_3d_y": -15.566586, "tsne_3d_z": -36.114204, "grid_umap_1d_x": 25.0, "grid_umap_2d_x": 17.0, "grid_umap_2d_y": 4.0, "grid_umap_3d_x": 7.0, "grid_umap_3d_y": 1.0, "grid_umap_3d_z": 3.0, "grid_tsne_1d_x": 66.0, "grid_tsne_2d_x": 15.0, "grid_tsne_2d_y": 17.0, "grid_tsne_3d_x": 2.0, "grid_tsne_3d_y": 4.0, "grid_tsne_3d_z": 1.0, "tile_dir": "tiles/0025" }, "geometry": { "type": "Point", "coordinates": [ -66.403273350047002, -32.925403581324062 ] } },
{ "type": "Feature", "properties": { "index": 26, "lon": 113.48061342503661, "lat": 56.866816714848781, "classification": 30, "subregion_name": "Eastern Europe", "umap_1d_x": 19.63723, "umap_2d_x": -47.221443, "umap_2d_y": -5.2132339, "umap_3d_x": -45.711617, "umap_3d_y": 18.393501, "umap_3d_z": -43.168678, "tsne_1d_x": -75.193306, "tsne_2d_x": -47.363735, "tsne_2d_y": 30.946358, "tsne_3d_x": 9.3946915, "tsne_3d_y": 43.653091, "tsne_3d_z": 49.66526, "grid_umap_1d_x": 26.0, "grid_umap_2d_x": 7.0, "grid_umap_2d_y": 8.0, "grid_umap_3d_x": 3.0, "grid_umap_3d_y": 5.0, "grid_umap_3d_z": 0.0, "grid_tsne_1d_x": 14.0, "grid_tsne_2d_x": 7.0, "grid_tsne_2d_y": 18.0, "grid_tsne_3d_x": 4.0, "grid_tsne_3d_y": 5.0, "grid_tsne_3d_z": 6.0, "tile_dir": "tiles/0026" }, "geometry": { "type": "Point", "coordinates": [ 113.480613425036609, 56.866816714848781 ] } },
{ "type": "Feature", "properties": { "index": 27, "lon": -50.626160214676418, "lat": -14.144160093187296, "classification": 112, "subregion_name": "Latin America and the Caribbean", "umap_1d_x": -13.598662, "umap_2d_x": 42.567215, "umap_2d_y": -11.648876, "umap_3d_x": 41.280754, "umap_3d_y": -3.4360542, "umap_3d_z": 22.006042, "tsne_1d_x": 55.836834, "tsne_2d_x": 43.386093, "tsne_2d_y": 5.9353218, "tsne_3d_x": 4.2233047, "tsne_3d_y": -31.791527, "tsne_3d_z": -29.612293, "grid_umap_1d_x": 27.0, "grid_umap_2d_x": 18.0, "grid_umap_2d_y": 10.0, "grid_umap_3d_x": 7.0, "grid_umap_3d_y": 3.0, "grid_umap_3d_z": 4.0, "grid_tsne_1d_x": 56.0, "grid_tsne_2d_x": 19.0, "grid_tsne_2d_y": 12.0, "grid_tsne_3d_x": 4.0, "grid_tsne_3d_y": 0.0, "grid_tsne_3d_z": 0.0, "tile_dir": "tiles/0027" }, "geometry": { "type": "Point", "coordinates": [ -50.626160214676418, -14.144160093187296 ] } },
{ "type": "Feature", "properties": { "index": 28, "lon": -54.464971912112802, "lat": -31.60014847463296, "classification": 40, "subregion_name": "Latin America and the Caribbean", "umap_1d_x": -17.123884, "umap_2d_x": 33.632088, "umap_2d_y": -17.146519, "umap_3d_x": 47.091064, "umap_3d_y": -13.716427, "umap_3d_z": 4.3846321, "tsne_1d_x": 66.51416, "tsne_2d_x": 27.147827, "tsne_2d_y": 31.311378, "tsne_3d_x": -12.385715, "tsne_3d_y": -13.028679, "tsne_3d_z": -47.077629, "grid_umap_1d_x": 28.0, "grid_umap_2d_x": 16.0, "grid_umap_2d_y": 6.0, "grid_umap_3d_x": 7.0, "grid_umap_3d_y": 2.0, "grid_umap_3d_z": 0.0, "grid_tsne_1d_x": 67.0, "grid_tsne_2d_x": 15.0, "grid_tsne_2d_y": 20.0, "grid_tsne_3d_x": 3.0, "grid_tsne_3d_y": 5.0, "grid_tsne_3d_z": 1.0, "tile_dir": "tiles/0028" }, "geometry": { "type": "Point", "coordinates": [ -54.464971912112802, -31.60014847463296 ] } },
{ "type": "Feature", "properties": { "index": 29, "lon": 92.528887071078429, "lat": 61.760505450806278, "classification": 116, "subregion_name": "Eastern Europe", "umap_1d_x": 15.779706, "umap_2d_x": -41.321411, "umap_2d_y": 7.9517288, "umap_3d_x": -48.613346, "umap_3d_y": 15.373756, "umap_3d_z": -17.370285, "tsne_1d_x": -45.484261, "tsne_2d_x": -38.887245, "tsne_2d_y": 2.0304375, "tsne_3d_x": -0.59870148, "tsne_3d_y": 40.408936, "tsne_3d_z": 11.885464, "grid_umap_1d_x": 29.0, "grid_umap_2d_x": 4.0, "grid_umap_2d_y": 13.0, "grid_umap_3d_x": 0.0, "grid_umap_3d_y": 5.0, "grid_umap_3d_z": 2.0, "grid_tsne_1d_x": 15.0, "grid_tsne_2d_x": 0.0, "grid_tsne_2d_y": 10.0, "grid_tsne_3d_x": 3.0, "grid_tsne_3d_y": 7.0, "grid_tsne_3d_z": 3.0, "tile_dir": "tiles/0029" }, "geometry": { "type": "Point", "coordinates": [ 92.528887071078429, 61.760505450806278 ] } },
{ "type": "Feature", "properties": { "index": 30, "lon": -74.144519703905345, "lat": 9.9418245314889617, "classification": 126, "subregion_name": "Latin America and the Caribbean", "umap_1d_x": 0.63089746, "umap_2d_x": 9.4908485, "umap_2d_y": 43.077972, "umap_3d_x": 5.6538887, "umap_3d_y": 47.938255, "umap_3d_z": 25.690834, "tsne_1d_x": 17.429529, "tsne_2d_x": 19.055473, "tsne_2d_y": -37.810265, "tsne_3d_x": 34.381447, "tsne_3d_y": -40.305195, "tsne_3d_z": 21.318916, "grid_umap_1d_x": 30.0, "grid_umap_2d_x": 15.0, "grid_umap_2d_y": 20.0, "grid_umap_3d_x": 3.0, "grid_umap_3d_y": 6.0, "grid_umap_3d_z": 5.0, "grid_tsne_1d_x": 20.0, "grid_tsne_2d_x": 14.0, "grid_tsne_2d_y": 2.0, "grid_tsne_3d_x": 6.0, "grid_tsne_3d_y": 1.0, "grid_tsne_3d_z": 6.0, "tile_dir": "tiles/0030" }, "geometry": { "type": "Point", "coordinates": [ -74.144519703905345, 9.941824531488962 ] } },
{ "type": "Feature", "properties": { "index": 31, "lon": -88.351277436391854, "lat": 34.342834650828962, "classification": 116, "subregion_name": "Unknown", "umap_1d_x": 10.077671, "umap_2d_x": -23.300339, "umap_2d_y": 12.734615, "umap_3d_x": -22.329247, "umap_3d_y": 5.1250877, "umap_3d_z": -23.143753, "tsne_1d_x": -12.645929, "tsne_2d_x": -4.2276154, "tsne_2d_y": -6.3323288, "tsne_3d_x": 5.8333626, "tsne_3d_y": -0.027755737, "tsne_3d_z": -8.9039726, "grid_umap_1d_x": 31.0, "grid_umap_2d_x": 1.0, "grid_umap_2d_y": 14.0, "grid_umap_3d_x": 2.0, "grid_umap_3d_y": 3.0, "grid_umap_3d_z": 0.0, "grid_tsne_1d_x": 16.0, "grid_tsne_2d_x": 4.0, "grid_tsne_2d_y": 1.0, "grid_tsne_3d_x": 5.0, "grid_tsne_3d_y": 5.0, "grid_tsne_3d_z": 0.0, "tile_dir": "tiles/0031" }, "geometry": { "type": "Point", "coordinates": [ -88.351277436391854, 34.342834650828962 ] } },
{ "type": "Feature", "properties": { "index": 32, "lon": 120.23026319128957, "lat": 56.624371026381013, "classification": 113, "subregion_name": "Eastern Europe", "umap_1d_x": 18.486866, "umap_2d_x": -45.614002, "umap_2d_y": 3.2910461, "umap_3d_x": -46.934803, "umap_3d_y": 20.63179, "umap_3d_z": -35.574577, "tsne_1d_x": -65.281624, "tsne_2d_x": -38.713722, "tsne_2d_y": 12.978523, "tsne_3d_x": 22.917, "tsne_3d_y": 33.485435, "tsne_3d_z": 22.429459, "grid_umap_1d_x": 32.0, "grid_umap_2d_x": 12.0, "grid_umap_2d_y": 12.0, "grid_umap_3d_x": 2.0, "grid_umap_3d_y": 6.0, "grid_umap_3d_z": 1.0, "grid_tsne_1d_x": 17.0, "grid_tsne_2d_x": 3.0, "grid_tsne_2d_y": 14.0, "grid_tsne_3d_x": 7.0, "grid_tsne_3d_y": 7.0, "grid_tsne_3d_z": 5.0, "tile_dir": "tiles/0032" }, "geometry": { "type": "Point", "coordinates": [ 120.230263191289566, 56.624371026381013 ] } },
{ "type": "Feature", "properties": { "index": 33, "lon": 19.60277646641984, "lat": 10.827131506678072, "classification": 30, "subregion_name": "Sub-Saharan Africa", "umap_1d_x": -2.2525721, "umap_2d_x": 9.8895798, "umap_2d_y": 26.175995, "umap_3d_x": 9.3867607, "umap_3d_y": 32.210693, "umap_3d_z": 33.28949, "tsne_1d_x": 22.03587, "tsne_2d_x": 15.109795, "tsne_2d_y": -15.416275, "tsne_3d_x": 13.976433, "tsne_3d_y": -44.780151, "tsne_3d_z": 18.036179, "grid_umap_1d_x": 33.0, "grid_umap_2d_x": 12.0, "grid_umap_2d_y": 19.0, "grid_umap_3d_x": 6.0, "grid_umap_3d_y": 6.0, "grid_umap_3d_z": 7.0, "grid_tsne_1d_x": 23.0, "grid_tsne_2d_x": 13.0, "grid_tsne_2d_y": 9.0, "grid_tsne_3d_x": 4.0, "grid_tsne_3d_y": 1.0, "grid_tsne_3d_z": 5.0, "tile_dir": "tiles/0033" }, "geometry": { "type": "Point", "coordinates": [ 19.60277646641984, 10.827131506678072 ] } },
{ "type": "Feature", "properties": { "index": 34, "lon": 37.897634021888052, "lat": 8.1828147036540173, "classification": 40, "subregion_name": "Sub-Saharan Africa", "umap_1d_x": -1.2111721, "umap_2d_x": 5.6172485, "umap_2d_y": 30.442078, "umap_3d_x": 5.1411324, "umap_3d_y": 30.312447, "umap_3d_z": 25.097229, "tsne_1d_x": 18.995258, "tsne_2d_x": 8.9067688, "tsne_2d_y": -18.802271, "tsne_3d_x": 7.1708908, "tsne_3d_y": -33.72361, "tsne_3d_z": 4.7179298, "grid_umap_1d_x": 34.0, "grid_umap_2d_x": 9.0, "grid_umap_2d_y": 19.0, "grid_umap_3d_x": 3.0, "grid_umap_3d_y": 5.0, "grid_umap_3d_z": 6.0, "grid_tsne_1d_x": 21.0, "grid_tsne_2d_x": 10.0, "grid_tsne_2d_y": 2.0, "grid_tsne_3d_x": 3.0, "grid_tsne_3d_y": 3.0, "grid_tsne_3d_z": 4.0, "tile_dir": "tiles/0034" }, "geometry": { "type": "Point", "coordinates": [ 37.897634021888052, 8.182814703654017 ] } },
{ "type": "Feature", "properties": { "index": 35, "lon": 33.323265853635434, "lat": -18.585226313617177, "classification": 126, "subregion_name": "Sub-Saharan Africa", "umap_1d_x": -14.728443, "umap_2d_x": 41.962059, "umap_2d_y": -19.747873, "umap_3d_x": 43.625214, "umap_3d_y": -10.705105, "umap_3d_z": 26.534225, "tsne_1d_x": 59.436401, "tsne_2d_x": 43.521103, "tsne_2d_y": 17.675308, "tsne_3d_x": -11.097763, "tsne_3d_y": -30.459099, "tsne_3d_z": -30.536913, "grid_umap_1d_x": 35.0, "grid_umap_2d_x": 20.0, "grid_umap_2d_y": 4.0, "grid_umap_3d_x": 6.0, "grid_umap_3d_y": 2.0, "grid_umap_3d_z": 5.0, "grid_tsne_1d_x": 60.0, "grid_tsne_2d_x": 21.0, "grid_tsne_2d_y": 15.0, "grid_tsne_3d_x": 3.0, "grid_tsne_3d_y": 4.0, "grid_tsne_3d_z": 3.0, "tile_dir": "tiles/0035" }, "geometry": { "type": "Point", "coordinates": [ 33.323265853635434, -18.585226313617177 ] } },
{ "type": "Feature", "properties": { "index": 36, "lon": 139.18317452505346, "lat": -25.499304965377554, "classification": 30, "subregion_name": "Unknown", "umap_1d_x": -19.878902, "umap_2d_x": 39.020638, "umap_2d_y": -47.16581, "umap_3d_x": 46.862564, "umap_3d_y": -43.637489, "umap_3d_z": 21.434929, "tsne_1d_x": 78.198448, "tsne_2d_x": 40.085396, "tsne_2d_y": 49.562164, "tsne_3d_x": -30.881538, "tsne_3d_y": -12.52758, "tsne_3d_z": -19.249531, "grid_umap_1d_x": 36.0, "grid_umap_2d_x": 12.0, "grid_umap_2d_y": 1.0, "grid_umap_3d_x": 5.0, "grid_umap_3d_y": 1.0, "grid_umap_3d_z": 3.0, "grid_tsne_1d_x": 79.0, "grid_tsne_2d_x": 13.0, "grid_tsne_2d_y": 18.0, "grid_tsne_3d_x": 0.0, "grid_tsne_3d_y": 2.0, "grid_tsne_3d_z": 1.0, "tile_dir": "tiles/0036" }, "geometry": { "type": "Point", "coordinates": [ 139.18317452505346, -25.499304965377554 ] } },
{ "type": "Feature", "properties": { "index": 37, "lon": 2.2177275359247521, "lat": 8.3794721982313547, "classification": 126, "subregion_name": "Sub-Saharan Africa", "umap_1d_x": -2.6214292, "umap_2d_x": 11.318718, "umap_2d_y": 24.535599, "umap_3d_x": 8.1315765, "umap_3d_y": 35.691284, "umap_3d_z": 38.551498, "tsne_1d_x": 23.367445, "tsne_2d_x": 18.690987, "tsne_2d_y": -12.889843, "tsne_3d_x": 13.892895, "tsne_3d_y": -40.174797, "tsne_3d_z": 26.020035, "grid_umap_1d_x": 37.0, "grid_umap_2d_x": 15.0, "grid_umap_2d_y": 14.0, "grid_umap_3d_x": 3.0, "grid_umap_3d_y": 5.0, "grid_umap_3d_z": 7.0, "grid_tsne_1d_x": 24.0, "grid_tsne_2d_x": 16.0, "grid_tsne_2d_y": 3.0, "grid_tsne_3d_x": 4.0, "grid_tsne_3d_y": 1.0, "grid_tsne_3d_z": 7.0, "tile_dir": "tiles/0037" }, "geometry": { "type": "Point", "coordinates": [ 2.217727535924752, 8.379472198231355 ] } },
{ "type": "Feature", "properties": { "index": 38, "lon": 41.247340970507253, "lat": 64.650472558032064, "classification": 111, "subregion_name": "Eastern Europe", "umap_1d_x": 14.837972, "umap_2d_x": -30.863857, "umap_2d_y": -5.2024078, "umap_3d_x": -44.247356, "umap_3d_y": -9.881176, "umap_3d_z": -3.2433853, "tsne_1d_x": -31.926067, "tsne_2d_x": -24.495703, "tsne_2d_y": -13.538742, "tsne_3d_x": -23.439968, "tsne_3d_y": 31.443474, "tsne_3d_z": 0.26698685000001, "grid_umap_1d_x": 38.0, "grid_umap_2d_x": 11.0, "grid_umap_2d_y": 7.0, "grid_umap_3d_x": 2.0, "grid_umap_3d_y": 1.0, "grid_umap_3d_z": 6.0, "grid_tsne_1d_x": 22.0, "grid_tsne_2d_x": 5.0, "grid_tsne_2d_y": 5.0, "grid_tsne_3d_x": 1.0, "grid_tsne_3d_y": 6.0, "grid_tsne_3d_z": 2.0, "tile_dir": "tiles/0038" }, "geometry": { "type": "Point", "coordinates": [ 41.247340970507253, 64.650472558032064 ] } },
{ "type": "Feature", "properties": { "index": 39, "lon": -120.81139835376254, "lat": 47.154806380086853, "classification": 126, "subregion_name": "Unknown", "umap_1d_x": 6.7273846, "umap_2d_x": -20.303476, "umap_2d_y": -2.3182373, "umap_3d_x": -29.633028, "umap_3d_y": -6.3273354, "umap_3d_z": 0.44709014999999397, "tsne_1d_x": -11.213278, "tsne_2d_x": -3.7645378, "tsne_2d_y": 11.907215, "tsne_3d_x": -23.331121, "tsne_3d_y": -2.9955025, "tsne_3d_z": 2.2322884, "grid_umap_1d_x": 39.0, "grid_umap_2d_x": 12.0, "grid_umap_2d_y": 7.0, "grid_umap_3d_x": 0.0, "grid_umap_3d_y": 0.0, "grid_umap_3d_z": 6.0, "grid_tsne_1d_x": 25.0, "grid_tsne_2d_x": 13.0, "grid_tsne_2d_y": 13.0, "grid_tsne_3d_x": 0.0, "grid_tsne_3d_y": 3.0, "grid_tsne_3d_z": 3.0, "tile_dir": "tiles/0039" }, "geometry": { "type": "Point", "coordinates": [ -120.811398353762542, 47.154806380086853 ] } },
{ "type": "Feature", "properties": { "index": 40, "lon": -78.65401779719916, "lat": 50.899046254510282, "classification": 126, "subregion_name": "Northern America", "umap_1d_x": 17.374952, "umap_2d_x": -41.064598, "umap_2d_y": -16.815002, "umap_3d_x": -45.627312, "umap_3d_y": -3.1751289, "umap_3d_z": -40.55669, "tsne_1d_x": -56.19051, "tsne_2d_x": -27.21945, "tsne_2d_y": 25.198524, "tsne_3d_x": -10.038414, "tsne_3d_y": 18.631454, "tsne_3d_z": 37.397285, "grid_umap_1d_x": 40.0, "grid_umap_2d_x": 8.0, "grid_umap_2d_y": 2.0, "grid_umap_3d_x": 5.0, "grid_umap_3d_y": 0.0, "grid_umap_3d_z": 0.0, "grid_tsne_1d_x": 26.0, "grid_tsne_2d_x": 1.0, "grid_tsne_2d_y": 19.0, "grid_tsne_3d_x": 2.0, "grid_tsne_3d_y": 4.0, "grid_tsne_3d_z": 7.0, "tile_dir": "tiles/0040" }, "geometry": { "type": "Point", "coordinates": [ -78.65401779719916, 50.899046254510282 ] } },
{ "type": "Feature", "properties": { "index": 41, "lon": 101.97585138962808, "lat": 23.730154626026973, "classification": 30, "subregion_name": "Unknown", "umap_1d_x": -0.91751838, "umap_2d_x": 2.3796692, "umap_2d_y": 34.486572, "umap_3d_x": 2.608387, "umap_3d_y": 33.891167, "umap_3d_z": 15.354385, "tsne_1d_x": 8.2793007, "tsne_2d_x": 6.8513756, "tsne_2d_y": -29.171549, "tsne_3d_x": 19.960114, "tsne_3d_y": -16.394806, "tsne_3d_z": 13.642662, "grid_umap_1d_x": 41.0, "grid_umap_2d_x": 7.0, "grid_umap_2d_y": 21.0, "grid_umap_3d_x": 2.0, "grid_umap_3d_y": 7.0, "grid_umap_3d_z": 5.0, "grid_tsne_1d_x": 27.0, "grid_tsne_2d_x": 10.0, "grid_tsne_2d_y": 7.0, "grid_tsne_3d_x": 7.0, "grid_tsne_3d_y": 2.0, "grid_tsne_3d_z": 6.0, "tile_dir": "tiles/0041" }, "geometry": { "type": "Point", "coordinates": [ 101.975851389628076, 23.730154626026973 ] } },
{ "type": "Feature", "properties": { "index": 42, "lon": 100.6205559935558, "lat": 59.961509456900927, "classification": 113, "subregion_name": "Eastern Europe", "umap_1d_x": 15.335196, "umap_2d_x": -39.314323, "umap_2d_y": 12.185947, "umap_3d_x": -46.599445, "umap_3d_y": 16.979485, "umap_3d_z": -12.294224, "tsne_1d_x": -42.716667, "tsne_2d_x": -39.561432, "tsne_2d_y": -1.2062416, "tsne_3d_x": 4.7003212, "tsne_3d_y": 36.257843, "tsne_3d_z": 8.1256638, "grid_umap_1d_x": 42.0, "grid_umap_2d_x": 0.0, "grid_umap_2d_y": 14.0, "grid_umap_3d_x": 2.0, "grid_umap_3d_y": 5.0, "grid_umap_3d_z": 4.0, "grid_tsne_1d_x": 28.0, "grid_tsne_2d_x": 4.0, "grid_tsne_2d_y": 10.0, "grid_tsne_3d_x": 4.0, "grid_tsne_3d_y": 7.0, "grid_tsne_3d_z": 3.0, "tile_dir": "tiles/0042" }, "geometry": { "type": "Point", "coordinates": [ 100.620555993555797, 59.961509456900927 ] } },
{ "type": "Feature", "properties": { "index": 43, "lon": -60.348698769397814, "lat": -19.183086291912417, "classification": 112, "subregion_name": "Latin America and the Caribbean", "umap_1d_x": -15.621945, "umap_2d_x": 39.045143, "umap_2d_y": -15.517971, "umap_3d_x": 44.654663, "umap_3d_y": -8.8993568, "umap_3d_z": 16.860588, "tsne_1d_x": 63.714157, "tsne_2d_x": 30.978676, "tsne_2d_y": 25.326553, "tsne_3d_x": -6.5742836, "tsne_3d_y": -22.779236, "tsne_3d_z": -36.479141, "grid_umap_1d_x": 43.0, "grid_umap_2d_x": 18.0, "grid_umap_2d_y": 7.0, "grid_umap_3d_x": 6.0, "grid_umap_3d_y": 3.0, "grid_umap_3d_z": 3.0, "grid_tsne_1d_x": 64.0, "grid_tsne_2d_x": 20.0, "grid_tsne_2d_y": 19.0, "grid_tsne_3d_x": 3.0, "grid_tsne_3d_y": 3.0, "grid_tsne_3d_z": 1.0, "tile_dir": "tiles/0043" }, "geometry": { "type": "Point", "coordinates": [ -60.348698769397814, -19.183086291912417 ] } },
{ "type": "Feature", "properties": { "index": 44, "lon": 16.646467834671057, "lat": 47.51253937097259, "classification": 40, "subregion_name": "Eastern Europe", "umap_1d_x": 23.288546, "umap_2d_x": -19.634476, "umap_2d_y": -13.820477, "umap_3d_x": -28.464415, "umap_3d_y": -13.26564, "umap_3d_z": -13.659363, "tsne_1d_x": -18.422943, "tsne_2d_x": -6.7983894, "tsne_2d_y": 25.058044, "tsne_3d_x": -36.57766, "tsne_3d_y": -3.1362381, "tsne_3d_z": 22.586472, "grid_umap_1d_x": 44.0, "grid_umap_2d_x": 8.0, "grid_umap_2d_y": 0.0, "grid_umap_3d_x": 3.0, "grid_umap_3d_y": 0.0, "grid_umap_3d_z": 2.0, "grid_tsne_1d_x": 29.0, "grid_tsne_2d_x": 7.0, "grid_tsne_2d_y": 20.0, "grid_tsne_3d_x": 1.0, "grid_tsne_3d_y": 3.0, "grid_tsne_3d_z": 6.0, "tile_dir": "tiles/0044" }, "geometry": { "type": "Point", "coordinates": [ 16.646467834671057, 47.51253937097259 ] } },
{ "type": "Feature", "properties": { "index": 45, "lon": 38.536363619346361, "lat": 58.058210833369557, "classification": 115, "subregion_name": "Eastern Europe", "umap_1d_x": 21.491213, "umap_2d_x": -27.352589, "umap_2d_y": -10.081284, "umap_3d_x": -37.690033, "umap_3d_y": -11.605076, "umap_3d_z": -9.2822647, "tsne_1d_x": -25.829657, "tsne_2d_x": -22.190704, "tsne_2d_y": -4.5101547, "tsne_3d_x": -29.382322, "tsne_3d_y": 17.133629, "tsne_3d_z": 7.7174797, "grid_umap_1d_x": 45.0, "grid_umap_2d_x": 10.0, "grid_umap_2d_y": 4.0, "grid_umap_3d_x": 0.0, "grid_umap_3d_y": 0.0, "grid_umap_3d_z": 3.0, "grid_tsne_1d_x": 30.0, "grid_tsne_2d_x": 4.0, "grid_tsne_2d_y": 7.0, "grid_tsne_3d_x": 1.0, "grid_tsne_3d_y": 5.0, "grid_tsne_3d_z": 4.0, "tile_dir": "tiles/0045" }, "geometry": { "type": "Point", "coordinates": [ 38.536363619346361, 58.058210833369557 ] } },
{ "type": "Feature", "properties": { "index": 46, "lon": 46.038307991115261, "lat": -24.429766223575811, "classification": 30, "subregion_name": "Sub-Saharan Africa", "umap_1d_x": -14.956573, "umap_2d_x": 43.421593, "umap_2d_y": -25.548492, "umap_3d_x": 42.329437, "umap_3d_y": -18.964478, "umap_3d_z": 27.471046, "tsne_1d_x": 60.866985, "tsne_2d_x": 40.909424, "tsne_2d_y": 23.7771, "tsne_3d_x": -21.404537, "tsne_3d_y": -31.376562, "tsne_3d_z": -25.368107, "grid_umap_1d_x": 46.0, "grid_umap_2d_x": 22.0, "grid_umap_2d_y": 0.0, "grid_umap_3d_x": 7.0, "grid_umap_3d_y": 0.0, "grid_umap_3d_z": 6.0, "grid_tsne_1d_x": 61.0, "grid_tsne_2d_x": 21.0, "grid_tsne_2d_y": 17.0, "grid_tsne_3d_x": 0.0, "grid_tsne_3d_y": 0.0, "grid_tsne_3d_z": 0.0, "tile_dir": "tiles/0046" }, "geometry": { "type": "Point", "coordinates": [ 46.038307991115261, -24.429766223575811 ] } },
{ "type": "Feature", "properties": { "index": 47, "lon": -99.280121736759639, "lat": 52.643788489981418, "classification": 111, "subregion_name": "Northern America", "umap_1d_x": 14.731166, "umap_2d_x": -36.794174, "umap_2d_y": -2.2462387, "umap_3d_x": -47.153938, "umap_3d_y": -1.1866951, "umap_3d_z": -15.270447, "tsne_1d_x": -34.558453, "tsne_2d_x": -27.093939, "tsne_2d_y": -20.23271, "tsne_3d_x": -9.1570358, "tsne_3d_y": 22.891151, "tsne_3d_z": 9.3945808, "grid_umap_1d_x": 47.0, "grid_umap_2d_x": 10.0, "grid_umap_2d_y": 9.0, "grid_umap_3d_x": 1.0, "grid_umap_3d_y": 3.0, "grid_umap_3d_z": 3.0, "grid_tsne_1d_x": 31.0, "grid_tsne_2d_x": 6.0, "grid_tsne_2d_y": 4.0, "grid_tsne_3d_x": 2.0, "grid_tsne_3d_y": 6.0, "grid_tsne_3d_z": 4.0, "tile_dir": "tiles/0047" }, "geometry": { "type": "Point", "coordinates": [ -99.280121736759639, 52.643788489981418 ] } },
{ "type": "Feature", "properties": { "index": 48, "lon": -2.5536137322072818, "lat": 47.689727488310467, "classification": 40, "subregion_name": "Unknown", "umap_1d_x": 23.171967, "umap_2d_x": -20.752922, "umap_2d_y": -15.828152, "umap_3d_x": -28.371092, "umap_3d_y": -13.496098, "umap_3d_z": -10.353497, "tsne_1d_x": -18.354437, "tsne_2d_x": -7.1589165, "tsne_2d_y": 20.969101, "tsne_3d_x": -41.202965, "tsne_3d_y": -2.0328712, "tsne_3d_z": 18.974892, "grid_umap_1d_x": 48.0, "grid_umap_2d_x": 11.0, "grid_umap_2d_y": 0.0, "grid_umap_3d_x": 2.0, "grid_umap_3d_y": 0.0, "grid_umap_3d_z": 3.0, "grid_tsne_1d_x": 32.0, "grid_tsne_2d_x": 6.0, "grid_tsne_2d_y": 18.0, "grid_tsne_3d_x": 0.0, "grid_tsne_3d_y": 3.0, "grid_tsne_3d_z": 5.0, "tile_dir": "tiles/0048" }, "geometry": { "type": "Point", "coordinates": [ -2.553613732207282, 47.689727488310467 ] } },
{ "type": "Feature", "properties": { "index": 49, "lon": -114.56766738688782, "lat": 54.851127958280557, "classification": 111, "subregion_name": "Northern America", "umap_1d_x": 14.114901, "umap_2d_x": -34.38633, "umap_2d_y": 3.6436844, "umap_3d_x": -45.049263, "umap_3d_y": 2.683918, "umap_3d_z": -5.4355927, "tsne_1d_x": -35.888054, "tsne_2d_x": -29.830778, "tsne_2d_y": -18.742245, "tsne_3d_x": -4.5355949, "tsne_3d_y": 22.44696, "tsne_3d_z": 0.865345, "grid_umap_1d_x": 49.0, "grid_umap_2d_x": 0.0, "grid_umap_2d_y": 9.0, "grid_umap_3d_x": 3.0, "grid_umap_3d_y": 3.0, "grid_umap_3d_z": 4.0, "grid_tsne_1d_x": 33.0, "grid_tsne_2d_x": 0.0, "grid_tsne_2d_y": 1.0, "grid_tsne_3d_x": 2.0, "grid_tsne_3d_y": 7.0, "grid_tsne_3d_z": 1.0, "tile_dir": "tiles/0049" }, "geometry": { "type": "Point", "coordinates": [ -114.56766738688782, 54.851127958280557 ] } },
{ "type": "Feature", "properties": { "index": 50, "lon": 121.46020070272681, "lat": 37.027512243319123, "classification": 40, "subregion_name": "Unknown", "umap_1d_x": 8.6619444, "umap_2d_x": -14.374466, "umap_2d_y": 31.638718, "umap_3d_x": -13.842712, "umap_3d_y": 25.067696, "umap_3d_z": -6.8708382, "tsne_1d_x": -9.1059856, "tsne_2d_x": -7.0824547, "tsne_2d_y": -24.679926, "tsne_3d_x": 37.455597, "tsne_3d_y": 4.7680244, "tsne_3d_z": 11.470245, "grid_umap_1d_x": 50.0, "grid_umap_2d_x": 2.0, "grid_umap_2d_y": 21.0, "grid_umap_3d_x": 3.0, "grid_umap_3d_y": 6.0, "grid_umap_3d_z": 2.0, "grid_tsne_1d_x": 35.0, "grid_tsne_2d_x": 6.0, "grid_tsne_2d_y": 2.0, "grid_tsne_3d_x": 7.0, "grid_tsne_3d_y": 5.0, "grid_tsne_3d_z": 4.0, "tile_dir": "tiles/0050" }, "geometry": { "type": "Point", "coordinates": [ 121.460200702726809, 37.027512243319123 ] } },
{ "type": "Feature", "properties": { "index": 51, "lon": 30.818253803894208, "lat": 63.775449055942602, "classification": 111, "subregion_name": "Eastern Europe", "umap_1d_x": 17.957838, "umap_2d_x": -45.029392, "umap_2d_y": -17.90107, "umap_3d_x": -41.667557, "umap_3d_y": 3.6871185, "umap_3d_z": -43.909973, "tsne_1d_x": -58.854641, "tsne_2d_x": -33.106461, "tsne_2d_y": 36.831696, "tsne_3d_x": 6.1886292, "tsne_3d_y": 13.397564, "tsne_3d_z": 44.694611, "grid_umap_1d_x": 51.0, "grid_umap_2d_x": 10.0, "grid_umap_2d_y": 3.0, "grid_umap_3d_x": 5.0, "grid_umap_3d_y": 2.0, "grid_umap_3d_z": 0.0, "grid_tsne_1d_x": 36.0, "grid_tsne_2d_x": 3.0, "grid_tsne_2d_y": 22.0, "grid_tsne_3d_x": 4.0, "grid_tsne_3d_y": 3.0, "grid_tsne_3d_z": 7.0, "tile_dir": "tiles/0051" }, "geometry": { "type": "Point", "coordinates": [ 30.818253803894208, 63.775449055942602 ] } },
{ "type": "Feature", "properties": { "index": 52, "lon": -54.670559079773156, "lat": 0.86517015697788902, "classification": 112, "subregion_name": "Latin America and the Caribbean", "umap_1d_x": -7.9122205, "umap_2d_x": 36.13575, "umap_2d_y": 33.687691, "umap_3d_x": 32.055435, "umap_3d_y": 49.260277, "umap_3d_z": 3.5647469, "tsne_1d_x": 41.003582, "tsne_2d_x": 47.612091, "tsne_2d_y": -34.111202, "tsne_3d_x": 35.343155, "tsne_3d_y": -38.424671, "tsne_3d_z": -37.297585, "grid_umap_1d_x": 52.0, "grid_umap_2d_x": 21.0, "grid_umap_2d_y": 18.0, "grid_umap_3d_x": 6.0, "grid_umap_3d_y": 6.0, "grid_umap_3d_z": 2.0, "grid_tsne_1d_x": 42.0, "grid_tsne_2d_x": 17.0, "grid_tsne_2d_y": 9.0, "grid_tsne_3d_x": 5.0, "grid_tsne_3d_y": 4.0, "grid_tsne_3d_z": 1.0, "tile_dir": "tiles/0052" }, "geometry": { "type": "Point", "coordinates": [ -54.670559079773156, 0.865170156977889 ] } },
{ "type": "Feature", "properties": { "index": 53, "lon": -51.451191477708704, "lat": -28.660335907290911, "classification": 112, "subregion_name": "Latin America and the Caribbean", "umap_1d_x": -15.935365, "umap_2d_x": 37.579964, "umap_2d_y": -19.407404, "umap_3d_x": 42.685226, "umap_3d_y": -11.977341, "umap_3d_z": 12.7523, "tsne_1d_x": 63.096722, "tsne_2d_x": 28.53363, "tsne_2d_y": 20.49942, "tsne_3d_x": 2.0745583, "tsne_3d_y": -14.250584, "tsne_3d_z": -35.842445, "grid_umap_1d_x": 53.0, "grid_umap_2d_x": 16.0, "grid_umap_2d_y": 7.0, "grid_umap_3d_x": 7.0, "grid_umap_3d_y": 2.0, "grid_umap_3d_z": 3.0, "grid_tsne_1d_x": 69.0, "grid_tsne_2d_x": 14.0, "grid_tsne_2d_y": 15.0, "grid_tsne_3d_x": 4.0, "grid_tsne_3d_y": 4.0, "grid_tsne_3d_z": 1.0, "tile_dir": "tiles/0053" }, "geometry": { "type": "Point", "coordinates": [ -51.451191477708704, -28.660335907290911 ] } },
{ "type": "Feature", "properties": { "index": 54, "lon": -67.954413123873806, "lat": 63.388848486405564, "classification": 100, "subregion_name": "Unknown", "umap_1d_x": 19.210043, "umap_2d_x": -48.848572, "umap_2d_y": -5.5364189, "umap_3d_x": -46.843071, "umap_3d_y": 17.367218, "umap_3d_z": -48.001469, "tsne_1d_x": -73.612572, "tsne_2d_x": -44.701199, "tsne_2d_y": 32.611633, "tsne_3d_x": 10.626434, "tsne_3d_y": 50.0, "tsne_3d_z": 44.003212, "grid_umap_1d_x": 54.0, "grid_umap_2d_x": 11.0, "grid_umap_2d_y": 9.0, "grid_umap_3d_x": 5.0, "grid_umap_3d_y": 4.0, "grid_umap_3d_z": 1.0, "grid_tsne_1d_x": 37.0, "grid_tsne_2d_x": 3.0, "grid_tsne_2d_y": 20.0, "grid_tsne_3d_x": 5.0, "grid_tsne_3d_y": 7.0, "grid_tsne_3d_z": 7.0, "tile_dir": "tiles/0054" }, "geometry": { "type": "Point", "coordinates": [ -67.954413123873806, 63.388848486405564 ] } },
{ "type": "Feature", "properties": { "index": 55, "lon": 23.216687363256767, "lat": -13.169608974028385, "classification": 114, "subregion_name": "Sub-Saharan Africa", "umap_1d_x": -13.269246, "umap_2d_x": 47.377998, "umap_2d_y": -18.430244, "umap_3d_x": 36.847321, "umap_3d_y": -11.437889, "umap_3d_z": 27.549187, "tsne_1d_x": 52.599815, "tsne_2d_x": 37.468811, "tsne_2d_y": 6.4841194, "tsne_3d_x": -4.8457642, "tsne_3d_y": -36.809372, "tsne_3d_z": -18.936651, "grid_umap_1d_x": 55.0, "grid_umap_2d_x": 18.0, "grid_umap_2d_y": 9.0, "grid_umap_3d_x": 4.0, "grid_umap_3d_y": 2.0, "grid_umap_3d_z": 5.0, "grid_tsne_1d_x": 54.0, "grid_tsne_2d_x": 21.0, "grid_tsne_2d_y": 11.0, "grid_tsne_3d_x": 2.0, "grid_tsne_3d_y": 1.0, "grid_tsne_3d_z": 2.0, "tile_dir": "tiles/0055" }, "geometry": { "type": "Point", "coordinates": [ 23.216687363256767, -13.169608974028385 ] } },
{ "type": "Feature", "properties": { "index": 56, "lon": 14.389772733590178, "lat": -6.6541444265347707, "classification": 124, "subregion_name": "Sub-Saharan Africa", "umap_1d_x": -12.678031, "umap_2d_x": 49.232986, "umap_2d_y": -14.641781, "umap_3d_x": 34.814491, "umap_3d_y": -6.0692863, "umap_3d_z": 27.619896, "tsne_1d_x": 50.419647, "tsne_2d_x": 40.619453, "tsne_2d_y": 1.362133, "tsne_3d_x": 5.1457405, "tsne_3d_y": -44.681847, "tsne_3d_z": -20.784101, "grid_umap_1d_x": 56.0, "grid_umap_2d_x": 19.0, "grid_umap_2d_y": 11.0, "grid_umap_3d_x": 5.0, "grid_umap_3d_y": 3.0, "grid_umap_3d_z": 6.0, "grid_tsne_1d_x": 51.0, "grid_tsne_2d_x": 17.0, "grid_tsne_2d_y": 11.0, "grid_tsne_3d_x": 4.0, "grid_tsne_3d_y": 0.0, "grid_tsne_3d_z": 2.0, "tile_dir": "tiles/0056" }, "geometry": { "type": "Point", "coordinates": [ 14.389772733590178, -6.654144426534771 ] } },
{ "type": "Feature", "properties": { "index": 57, "lon": 33.827035026754004, "lat": 3.237935272644513, "classification": 126, "subregion_name": "Sub-Saharan Africa", "umap_1d_x": -1.6178079, "umap_2d_x": 7.4165764, "umap_2d_y": 27.903275, "umap_3d_x": 6.5590324, "umap_3d_y": 29.520813, "umap_3d_z": 28.682365, "tsne_1d_x": 19.424568, "tsne_2d_x": 9.9998245, "tsne_2d_y": -15.823807, "tsne_3d_x": 3.8994293, "tsne_3d_y": -38.412094, "tsne_3d_z": 5.6737785, "grid_umap_1d_x": 57.0, "grid_umap_2d_x": 10.0, "grid_umap_2d_y": 19.0, "grid_umap_3d_x": 4.0, "grid_umap_3d_y": 6.0, "grid_umap_3d_z": 7.0, "grid_tsne_1d_x": 38.0, "grid_tsne_2d_x": 11.0, "grid_tsne_2d_y": 6.0, "grid_tsne_3d_x": 3.0, "grid_tsne_3d_y": 1.0, "grid_tsne_3d_z": 4.0, "tile_dir": "tiles/0057" }, "geometry": { "type": "Point", "coordinates": [ 33.827035026754004, 3.237935272644513 ] } },
{ "type": "Feature", "properties": { "index": 58, "lon": 115.57849458857538, "lat": 61.108587953773124, "classification": 113, "subregion_name": "Eastern Europe", "umap_1d_x": 15.58827, "umap_2d_x": -40.826763, "umap_2d_y": 12.810307, "umap_3d_x": -47.820541, "umap_3d_y": 19.973686, "umap_3d_z": -14.179276, "tsne_1d_x": -43.318604, "tsne_2d_x": -40.81134, "tsne_2d_y": -0.91966248, "tsne_3d_x": 6.1414185, "tsne_3d_y": 40.430031, "tsne_3d_z": 8.3729134, "grid_umap_1d_x": 58.0, "grid_umap_2d_x": 9.0, "grid_umap_2d_y": 15.0, "grid_umap_3d_x": 0.0, "grid_umap_3d_y": 6.0, "grid_umap_3d_z": 3.0, "grid_tsne_1d_x": 39.0, "grid_tsne_2d_x": 7.0, "grid_tsne_2d_y": 11.0, "grid_tsne_3d_x": 4.0, "grid_tsne_3d_y": 6.0, "grid_tsne_3d_z": 2.0, "tile_dir": "tiles/0058" }, "geometry": { "type": "Point", "coordinates": [ 115.578494588575381, 61.108587953773124 ] } },
{ "type": "Feature", "properties": { "index": 59, "lon": 27.352005395043591, "lat": -24.231954540860642, "classification": 126, "subregion_name": "Sub-Saharan Africa", "umap_1d_x": -15.157745, "umap_2d_x": 45.390686, "umap_2d_y": -31.487286, "umap_3d_x": 40.614731, "umap_3d_y": -25.462645, "umap_3d_z": 29.151627, "tsne_1d_x": 71.722908, "tsne_2d_x": 38.800186, "tsne_2d_y": 27.902946, "tsne_3d_x": -25.119644, "tsne_3d_y": -30.396833, "tsne_3d_z": -18.543854, "grid_umap_1d_x": 59.0, "grid_umap_2d_x": 21.0, "grid_umap_2d_y": 0.0, "grid_umap_3d_x": 6.0, "grid_umap_3d_y": 0.0, "grid_umap_3d_z": 6.0, "grid_tsne_1d_x": 72.0, "grid_tsne_2d_x": 21.0, "grid_tsne_2d_y": 19.0, "grid_tsne_3d_x": 0.0, "grid_tsne_3d_y": 0.0, "grid_tsne_3d_z": 2.0, "tile_dir": "tiles/0059" }, "geometry": { "type": "Point", "coordinates": [ 27.352005395043591, -24.231954540860642 ] } },
{ "type": "Feature", "properties": { "index": 60, "lon": 71.662597598830786, "lat": 40.862977646267211, "classification": 40, "subregion_name": "Central Asia", "umap_1d_x": 6.3415618, "umap_2d_x": -12.898521, "umap_2d_y": 7.9429741, "umap_3d_x": -19.597507, "umap_3d_y": 3.4553757, "umap_3d_z": 8.1483231, "tsne_1d_x": -1.6010634, "tsne_2d_x": 6.6313629, "tsne_2d_y": 17.424187, "tsne_3d_x": -18.989143, "tsne_3d_y": -15.146164, "tsne_3d_z": 21.934059, "grid_umap_1d_x": 60.0, "grid_umap_2d_x": 1.0, "grid_umap_2d_y": 10.0, "grid_umap_3d_x": 0.0, "grid_umap_3d_y": 3.0, "grid_umap_3d_z": 7.0, "grid_tsne_1d_x": 40.0, "grid_tsne_2d_x": 9.0, "grid_tsne_2d_y": 17.0, "grid_tsne_3d_x": 0.0, "grid_tsne_3d_y": 1.0, "grid_tsne_3d_z": 7.0, "tile_dir": "tiles/0060" }, "geometry": { "type": "Point", "coordinates": [ 71.662597598830786, 40.862977646267211 ] } },
{ "type": "Feature", "properties": { "index": 61, "lon": 18.293803078548166, "lat": -33.089358150413283, "classification": 30, "subregion_name": "Sub-Saharan Africa", "umap_1d_x": -16.742493, "umap_2d_x": 35.326424, "umap_2d_y": -24.046976, "umap_3d_x": 46.578033, "umap_3d_y": -19.359171, "umap_3d_z": 9.122612, "tsne_1d_x": 67.516632, "tsne_2d_x": 30.507645, "tsne_2d_y": 35.691223, "tsne_3d_x": -17.606812, "tsne_3d_y": -8.2743721, "tsne_3d_z": -38.950989, "grid_umap_1d_x": 61.0, "grid_umap_2d_x": 14.0, "grid_umap_2d_y": 7.0, "grid_umap_3d_x": 7.0, "grid_umap_3d_y": 0.0, "grid_umap_3d_z": 1.0, "grid_tsne_1d_x": 68.0, "grid_tsne_2d_x": 17.0, "grid_tsne_2d_y": 22.0, "grid_tsne_3d_x": 1.0, "grid_tsne_3d_y": 5.0, "grid_tsne_3d_z": 0.0, "tile_dir": "tiles/0061" }, "geometry": { "type": "Point", "coordinates": [ 18.293803078548166, -33.089358150413283 ] } },
{ "type": "Feature", "properties": { "index": 62, "lon": 126.40139895653869, "lat": 43.865096381739292, "classification": 114, "subregion_name": "Unknown", "umap_1d_x": 8.7559767, "umap_2d_x": -14.259384, "umap_2d_y": 31.482552, "umap_3d_x": -13.006783, "umap_3d_y": 24.284698, "umap_3d_z": -7.3292389, "tsne_1d_x": -9.4881153, "tsne_2d_x": -8.6456909, "tsne_2d_y": -25.529936, "tsne_3d_x": 35.772621, "tsne_3d_y": 6.7606812, "tsne_3d_z": 7.6810417, "grid_umap_1d_x": 62.0, "grid_umap_2d_x": 5.0, "grid_umap_2d_y": 19.0, "grid_umap_3d_x": 3.0, "grid_umap_3d_y": 7.0, "grid_umap_3d_z": 1.0, "grid_tsne_1d_x": 41.0, "grid_tsne_2d_x": 6.0, "grid_tsne_2d_y": 3.0, "grid_tsne_3d_x": 6.0, "grid_tsne_3d_y": 5.0, "grid_tsne_3d_z": 3.0, "tile_dir": "tiles/0062" }, "geometry": { "type": "Point", "coordinates": [ 126.401398956538685, 43.865096381739292 ] } },
{ "type": "Feature", "properties": { "index": 63, "lon": 31.174177872996921, "lat": 2.4854102989387741, "classification": 40, "subregion_name": "Sub-Saharan Africa", "umap_1d_x": -1.5186067, "umap_2d_x": 6.978756, "umap_2d_y": 28.366158, "umap_3d_x": 6.1956749, "umap_3d_y": 29.445, "umap_3d_z": 28.133934, "tsne_1d_x": 19.360798, "tsne_2d_x": 9.851532, "tsne_2d_y": -16.124905, "tsne_3d_x": 4.0579872, "tsne_3d_y": -38.03397, "tsne_3d_z": 5.5690346, "grid_umap_1d_x": 63.0, "grid_umap_2d_x": 9.0, "grid_umap_2d_y": 22.0, "grid_umap_3d_x": 3.0, "grid_umap_3d_y": 6.0, "grid_umap_3d_z": 7.0, "grid_tsne_1d_x": 43.0, "grid_tsne_2d_x": 11.0, "grid_tsne_2d_y": 8.0, "grid_tsne_3d_x": 3.0, "grid_tsne_3d_y": 2.0, "grid_tsne_3d_z": 4.0, "tile_dir": "tiles/0063" }, "geometry": { "type": "Point", "coordinates": [ 31.174177872996921, 2.485410298938774 ] } },
{ "type": "Feature", "properties": { "index": 64, "lon": -77.402304417974037, "lat": -4.7190858455963109, "classification": 112, "subregion_name": "Latin America and the Caribbean", "umap_1d_x": -8.0470943, "umap_2d_x": 34.700516, "umap_2d_y": 31.590195, "umap_3d_x": 30.79422, "umap_3d_y": 41.700539, "umap_3d_z": 1.0858116, "tsne_1d_x": 41.743755, "tsne_2d_x": 43.19281, "tsne_2d_y": -27.800303, "tsne_3d_x": 34.576195, "tsne_3d_y": -42.129864, "tsne_3d_z": -25.291292, "grid_umap_1d_x": 64.0, "grid_umap_2d_x": 17.0, "grid_umap_2d_y": 13.0, "grid_umap_3d_x": 6.0, "grid_umap_3d_y": 6.0, "grid_umap_3d_z": 1.0, "grid_tsne_1d_x": 46.0, "grid_tsne_2d_x": 22.0, "grid_tsne_2d_y": 2.0, "grid_tsne_3d_x": 6.0, "grid_tsne_3d_y": 0.0, "grid_tsne_3d_z": 1.0, "tile_dir": "tiles/0064" }, "geometry": { "type": "Point", "coordinates": [ -77.402304417974037, -4.719085845596311 ] } },
{ "type": "Feature", "properties": { "index": 65, "lon": 18.530839891804391, "lat": 0.238663672090695, "classification": 112, "subregion_name": "Sub-Saharan Africa", "umap_1d_x": -6.5874581, "umap_2d_x": 31.096169, "umap_2d_y": 42.132828, "umap_3d_x": 27.760925, "umap_3d_y": 35.681816, "umap_3d_z": 10.057568, "tsne_1d_x": 38.056747, "tsne_2d_x": 39.222717, "tsne_2d_y": -35.40704, "tsne_3d_x": 47.506767, "tsne_3d_y": -34.582176, "tsne_3d_z": -23.575666, "grid_umap_1d_x": 65.0, "grid_umap_2d_x": 18.0, "grid_umap_2d_y": 20.0, "grid_umap_3d_x": 7.0, "grid_umap_3d_y": 5.0, "grid_umap_3d_z": 5.0, "grid_tsne_1d_x": 47.0, "grid_tsne_2d_x": 18.0, "grid_tsne_2d_y": 5.0, "grid_tsne_3d_x": 7.0, "grid_tsne_3d_y": 3.0, "grid_tsne_3d_z": 1.0, "tile_dir": "tiles/0065" }, "geometry": { "type": "Point", "coordinates": [ 18.530839891804391, 0.238663672090695 ] } },
{ "type": "Feature", "properties": { "index": 66, "lon": -122.53589542715933, "lat": 38.820026825101237, "classification": 30, "subregion_name": "Unknown", "umap_1d_x": 6.3193364, "umap_2d_x": -13.962009, "umap_2d_y": 1.7206001, "umap_3d_x": -22.301275, "umap_3d_y": -3.3036003, "umap_3d_z": 10.053627, "tsne_1d_x": -2.4373994, "tsne_2d_x": 3.5572166, "tsne_2d_y": 14.957458, "tsne_3d_x": -24.640358, "tsne_3d_y": -16.395893, "tsne_3d_z": 12.230797, "grid_umap_1d_x": 66.0, "grid_umap_2d_x": 6.0, "grid_umap_2d_y": 7.0, "grid_umap_3d_x": 1.0, "grid_umap_3d_y": 1.0, "grid_umap_3d_z": 7.0, "grid_tsne_1d_x": 48.0, "grid_tsne_2d_x": 5.0, "grid_tsne_2d_y": 15.0, "grid_tsne_3d_x": 1.0, "grid_tsne_3d_y": 2.0, "grid_tsne_3d_z": 5.0, "tile_dir": "tiles/0066" }, "geometry": { "type": "Point", "coordinates": [ -122.535895427159332, 38.820026825101237 ] } },
{ "type": "Feature", "properties": { "index": 67, "lon": 25.962825748031293, "lat": -3.4742692903708128, "classification": 112, "subregion_name": "Sub-Saharan Africa", "umap_1d_x": -6.6012197, "umap_2d_x": 31.692596, "umap_2d_y": 42.136177, "umap_3d_x": 28.14756, "umap_3d_y": 33.93084, "umap_3d_z": 8.9023514, "tsne_1d_x": 37.73069, "tsne_2d_x": 39.863457, "tsne_2d_y": -33.244812, "tsne_3d_x": 49.891251, "tsne_3d_y": -38.024124, "tsne_3d_z": -20.71699, "grid_umap_1d_x": 67.0, "grid_umap_2d_x": 17.0, "grid_umap_2d_y": 17.0, "grid_umap_3d_x": 7.0, "grid_umap_3d_y": 5.0, "grid_umap_3d_z": 4.0, "grid_tsne_1d_x": 49.0, "grid_tsne_2d_x": 20.0, "grid_tsne_2d_y": 2.0, "grid_tsne_3d_x": 7.0, "grid_tsne_3d_y": 3.0, "grid_tsne_3d_z": 3.0, "tile_dir": "tiles/0067" }, "geometry": { "type": "Point", "coordinates": [ 25.962825748031293, -3.474269290370813 ] } },
{ "type": "Feature", "properties": { "index": 68, "lon": 116.89159079100716, "lat": -31.066511458960779, "classification": 30, "subregion_name": "Unknown", "umap_1d_x": -19.455397, "umap_2d_x": 37.712547, "umap_2d_y": -43.362793, "umap_3d_x": 49.004967, "umap_3d_y": -39.903099, "umap_3d_z": 16.441689, "tsne_1d_x": 76.859039, "tsne_2d_x": 36.669456, "tsne_2d_y": 45.458122, "tsne_3d_x": -30.747374, "tsne_3d_y": -8.7235336, "tsne_3d_z": -28.921083, "grid_umap_1d_x": 68.0, "grid_umap_2d_x": 13.0, "grid_umap_2d_y": 1.0, "grid_umap_3d_x": 6.0, "grid_umap_3d_y": 0.0, "grid_umap_3d_z": 1.0, "grid_tsne_1d_x": 77.0, "grid_tsne_2d_x": 14.0, "grid_tsne_2d_y": 19.0, "grid_tsne_3d_x": 1.0, "grid_tsne_3d_y": 5.0, "grid_tsne_3d_z": 1.0, "tile_dir": "tiles/0068" }, "geometry": { "type": "Point", "coordinates": [ 116.891590791007161, -31.066511458960779 ] } },
{ "type": "Feature", "properties": { "index": 69, "lon": -67.061869703184911, "lat": -7.8247714588167696, "classification": 112, "subregion_name": "Latin America and the Caribbean", "umap_1d_x": -8.7222576, "umap_2d_x": 37.969322, "umap_2d_y": 28.269035, "umap_3d_x": 34.132591, "umap_3d_y": 39.993988, "umap_3d_z": -0.11463928, "tsne_1d_x": 43.548519, "tsne_2d_x": 44.697876, "tsne_2d_y": -24.51878, "tsne_3d_x": 27.826637, "tsne_3d_y": -42.507942, "tsne_3d_z": -28.090576, "grid_umap_1d_x": 69.0, "grid_umap_2d_x": 21.0, "grid_umap_2d_y": 15.0, "grid_umap_3d_x": 6.0, "grid_umap_3d_y": 4.0, "grid_umap_3d_z": 0.0, "grid_tsne_1d_x": 52.0, "grid_tsne_2d_x": 19.0, "grid_tsne_2d_y": 7.0, "grid_tsne_3d_x": 5.0, "grid_tsne_3d_y": 0.0, "grid_tsne_3d_z": 2.0, "tile_dir": "tiles/0069" }, "geometry": { "type": "Point", "coordinates": [ -67.061869703184911, -7.82477145881677 ] } },
{ "type": "Feature", "properties": { "index": 70, "lon": 142.410429043298, "lat": 48.020362543157944, "classification": 114, "subregion_name": "Eastern Europe", "umap_1d_x": 12.621311, "umap_2d_x": -31.312542, "umap_2d_y": 10.007103, "umap_3d_x": -39.875206, "umap_3d_y": 4.0441437, "umap_3d_z": -18.18639, "tsne_1d_x": -28.436247, "tsne_2d_x": -13.017834, "tsne_2d_y": -5.0176888, "tsne_3d_x": 18.035042, "tsne_3d_y": 17.851082, "tsne_3d_z": -4.5712738, "grid_umap_1d_x": 70.0, "grid_umap_2d_x": 8.0, "grid_umap_2d_y": 14.0, "grid_umap_3d_x": 1.0, "grid_umap_3d_y": 3.0, "grid_umap_3d_z": 2.0, "grid_tsne_1d_x": 55.0, "grid_tsne_2d_x": 5.0, "grid_tsne_2d_y": 6.0, "grid_tsne_3d_x": 6.0, "grid_tsne_3d_y": 6.0, "grid_tsne_3d_z": 1.0, "tile_dir": "tiles/0070" }, "geometry": { "type": "Point", "coordinates": [ 142.410429043297995, 48.020362543157944 ] } },
{ "type": "Feature", "properties": { "index": 71, "lon": -73.320862514839462, "lat": -50.122113248576518, "classification": 124, "subregion_name": "Latin America and the Caribbean", "umap_1d_x": 9.4121237, "umap_2d_x": 33.171013, "umap_2d_y": -23.455542, "umap_3d_x": 42.986778, "umap_3d_y": -17.558296, "umap_3d_z": 4.6895103, "tsne_1d_x": 69.972733, "tsne_2d_x": 24.669205, "tsne_2d_y": 43.589813, "tsne_3d_x": -2.6771164, "tsne_3d_y": 2.4423294, "tsne_3d_z": -37.104256, "grid_umap_1d_x": 71.0, "grid_umap_2d_x": 16.0, "grid_umap_2d_y": 3.0, "grid_umap_3d_x": 7.0, "grid_umap_3d_y": 0.0, "grid_umap_3d_z": 0.0, "grid_tsne_1d_x": 70.0, "grid_tsne_2d_x": 13.0, "grid_tsne_2d_y": 21.0, "grid_tsne_3d_x": 4.0, "grid_tsne_3d_y": 6.0, "grid_tsne_3d_z": 0.0, "tile_dir": "tiles/0071" }, "geometry": { "type": "Point", "coordinates": [ -73.320862514839462, -50.122113248576518 ] } },
{ "type": "Feature", "properties": { "index": 72, "lon": 94.364284806427975, "lat": 55.23761315533811, "classification": 114, "subregion_name": "Eastern Europe", "umap_1d_x": 12.507576, "umap_2d_x": -33.555782, "umap_2d_y": 14.668961, "umap_3d_x": -39.555859, "umap_3d_y": 12.725037, "umap_3d_z": -13.767544, "tsne_1d_x": -40.464447, "tsne_2d_x": -33.22665, "tsne_2d_y": -2.6217461, "tsne_3d_x": 16.695251, "tsne_3d_y": 20.835342, "tsne_3d_z": 7.111496, "grid_umap_1d_x": 72.0, "grid_umap_2d_x": 8.0, "grid_umap_2d_y": 16.0, "grid_umap_3d_x": 1.0, "grid_umap_3d_y": 4.0, "grid_umap_3d_z": 3.0, "grid_tsne_1d_x": 57.0, "grid_tsne_2d_x": 10.0, "grid_tsne_2d_y": 11.0, "grid_tsne_3d_x": 7.0, "grid_tsne_3d_y": 7.0, "grid_tsne_3d_z": 4.0, "tile_dir": "tiles/0072" }, "geometry": { "type": "Point", "coordinates": [ 94.364284806427975, 55.23761315533811 ] } },
{ "type": "Feature", "properties": { "index": 73, "lon": 108.74679946716907, "lat": 25.950960354279971, "classification": 111, "subregion_name": "Unknown", "umap_1d_x": 4.5587015, "umap_2d_x": -7.0578384, "umap_2d_y": 32.352547, "umap_3d_x": -6.4041748, "umap_3d_y": 29.062279, "umap_3d_z": -0.43450165, "tsne_1d_x": 5.3363075, "tsne_2d_x": -2.6050873, "tsne_2d_y": -35.611149, "tsne_3d_x": 44.569763, "tsne_3d_y": -9.681282, "tsne_3d_z": 5.654644, "grid_umap_1d_x": 73.0, "grid_umap_2d_x": 2.0, "grid_umap_2d_y": 22.0, "grid_umap_3d_x": 4.0, "grid_umap_3d_y": 6.0, "grid_umap_3d_z": 2.0, "grid_tsne_1d_x": 58.0, "grid_tsne_2d_x": 8.0, "grid_tsne_2d_y": 4.0, "grid_tsne_3d_x": 7.0, "grid_tsne_3d_y": 4.0, "grid_tsne_3d_z": 4.0, "tile_dir": "tiles/0073" }, "geometry": { "type": "Point", "coordinates": [ 108.746799467169069, 25.950960354279971 ] } },
{ "type": "Feature", "properties": { "index": 74, "lon": 133.04653101348572, "lat": -29.228039459590935, "classification": 20, "subregion_name": "Unknown", "umap_1d_x": -20.54388, "umap_2d_x": 40.869362, "umap_2d_y": -48.743076, "umap_3d_x": 48.967484, "umap_3d_y": -48.431793, "umap_3d_z": 23.35038, "tsne_1d_x": 80.366463, "tsne_2d_x": 43.192833, "tsne_2d_y": 43.368111, "tsne_3d_x": -43.547558, "tsne_3d_y": -14.320858, "tsne_3d_z": -22.007215, "grid_umap_1d_x": 74.0, "grid_umap_2d_x": 13.0, "grid_umap_2d_y": 2.0, "grid_umap_3d_x": 4.0, "grid_umap_3d_y": 0.0, "grid_umap_3d_z": 4.0, "grid_tsne_1d_x": 82.0, "grid_tsne_2d_x": 17.0, "grid_tsne_2d_y": 20.0, "grid_tsne_3d_x": 1.0, "grid_tsne_3d_y": 4.0, "grid_tsne_3d_z": 2.0, "tile_dir": "tiles/0074" }, "geometry": { "type": "Point", "coordinates": [ 133.046531013485719, -29.228039459590935 ] } },
{ "type": "Feature", "properties": { "index": 75, "lon": 117.17132509071263, "lat": -28.702321305390527, "classification": 30, "subregion_name": "Unknown", "umap_1d_x": -20.376371, "umap_2d_x": 40.822128, "umap_2d_y": -48.599628, "umap_3d_x": 48.632576, "umap_3d_y": -46.656319, "umap_3d_z": 22.390839, "tsne_1d_x": 79.738388, "tsne_2d_x": 42.090439, "tsne_2d_y": 44.805603, "tsne_3d_x": -40.157398, "tsne_3d_y": -16.912029, "tsne_3d_z": -23.419619, "grid_umap_1d_x": 75.0, "grid_umap_2d_x": 14.0, "grid_umap_2d_y": 1.0, "grid_umap_3d_x": 5.0, "grid_umap_3d_y": 0.0, "grid_umap_3d_z": 3.0, "grid_tsne_1d_x": 80.0, "grid_tsne_2d_x": 16.0, "grid_tsne_2d_y": 20.0, "grid_tsne_3d_x": 1.0, "grid_tsne_3d_y": 3.0, "grid_tsne_3d_z": 2.0, "tile_dir": "tiles/0075" }, "geometry": { "type": "Point", "coordinates": [ 117.171325090712628, -28.702321305390527 ] } },
{ "type": "Feature", "properties": { "index": 76, "lon": 27.665547444555102, "lat": -16.033188202962464, "classification": 40, "subregion_name": "Sub-Saharan Africa", "umap_1d_x": -14.291917, "umap_2d_x": 45.729164, "umap_2d_y": -24.907816, "umap_3d_x": 39.445923, "umap_3d_y": -18.823475, "umap_3d_z": 29.33403, "tsne_1d_x": 54.572716, "tsne_2d_x": 39.008469, "tsne_2d_y": 23.881615, "tsne_3d_x": -18.107018, "tsne_3d_y": -35.502739, "tsne_3d_z": -17.171242, "grid_umap_1d_x": 76.0, "grid_umap_2d_x": 16.0, "grid_umap_2d_y": 8.0, "grid_umap_3d_x": 6.0, "grid_umap_3d_y": 0.0, "grid_umap_3d_z": 7.0, "grid_tsne_1d_x": 59.0, "grid_tsne_2d_x": 15.0, "grid_tsne_2d_y": 15.0, "grid_tsne_3d_x": 1.0, "grid_tsne_3d_y": 0.0, "grid_tsne_3d_z": 2.0, "tile_dir": "tiles/0076" }, "geometry": { "type": "Point", "coordinates": [ 27.665547444555102, -16.033188202962464 ] } },
{ "type": "Feature", "properties": { "index": 77, "lon": 108.66672438803909, "lat": 49.05572442691215, "classification": 113, "subregion_name": "Eastern Asia", "umap_1d_x": 13.169662, "umap_2d_x": -36.120766, "umap_2d_y": 14.16954, "umap_3d_x": -42.577423, "umap_3d_y": 14.903175, "umap_3d_z": -8.5049133, "tsne_1d_x": -41.163284, "tsne_2d_x": -36.63501, "tsne_2d_y": -8.8057442, "tsne_3d_x": 12.005074, "tsne_3d_y": 28.543587, "tsne_3d_z": -0.82888412, "grid_umap_1d_x": 77.0, "grid_umap_2d_x": 0.0, "grid_umap_2d_y": 15.0, "grid_umap_3d_x": 0.0, "grid_umap_3d_y": 6.0, "grid_umap_3d_z": 5.0, "grid_tsne_1d_x": 62.0, "grid_tsne_2d_x": 0.0, "grid_tsne_2d_y": 6.0, "grid_tsne_3d_x": 5.0, "grid_tsne_3d_y": 7.0, "grid_tsne_3d_z": 1.0, "tile_dir": "tiles/0077" }, "geometry": { "type": "Point", "coordinates": [ 108.666724388039086, 49.05572442691215 ] } },
{ "type": "Feature", "properties": { "index": 78, "lon": 104.97798805467062, "lat": 9.5200503612278879, "classification": 116, "subregion_name": "South-eastern Asia", "umap_1d_x": 0.46195742, "umap_2d_x": 10.107483, "umap_2d_y": 42.415176, "umap_3d_x": 6.6617126, "umap_3d_y": 46.83316, "umap_3d_z": 22.948654, "tsne_1d_x": 17.862293, "tsne_2d_x": 20.306938, "tsne_2d_y": -33.448837, "tsne_3d_x": 35.024704, "tsne_3d_y": -39.361462, "tsne_3d_z": 13.346146, "grid_umap_1d_x": 78.0, "grid_umap_2d_x": 15.0, "grid_umap_2d_y": 21.0, "grid_umap_3d_x": 5.0, "grid_umap_3d_y": 7.0, "grid_umap_3d_z": 5.0, "grid_tsne_1d_x": 63.0, "grid_tsne_2d_x": 16.0, "grid_tsne_2d_y": 1.0, "grid_tsne_3d_x": 7.0, "grid_tsne_3d_y": 0.0, "grid_tsne_3d_z": 5.0, "tile_dir": "tiles/0078" }, "geometry": { "type": "Point", "coordinates": [ 104.977988054670618, 9.520050361227888 ] } },
{ "type": "Feature", "properties": { "index": 79, "lon": 76.151240565655542, "lat": 20.309868238284722, "classification": 40, "subregion_name": "Southern Asia", "umap_1d_x": 0.092280664, "umap_2d_x": 5.7073936, "umap_2d_y": 41.776085, "umap_3d_x": 2.4493752, "umap_3d_y": 40.755463, "umap_3d_z": 29.399231, "tsne_1d_x": 15.244291, "tsne_2d_x": 11.976856, "tsne_2d_y": -39.319244, "tsne_3d_x": 23.011955, "tsne_3d_y": -30.941769, "tsne_3d_z": 28.08493, "grid_umap_1d_x": 79.0, "grid_umap_2d_x": 13.0, "grid_umap_2d_y": 20.0, "grid_umap_3d_x": 2.0, "grid_umap_3d_y": 6.0, "grid_umap_3d_z": 7.0, "grid_tsne_1d_x": 71.0, "grid_tsne_2d_x": 12.0, "grid_tsne_2d_y": 0.0, "grid_tsne_3d_x": 5.0, "grid_tsne_3d_y": 2.0, "grid_tsne_3d_z": 7.0, "tile_dir": "tiles/0079" }, "geometry": { "type": "Point", "coordinates": [ 76.151240565655542, 20.309868238284722 ] } },
{ "type": "Feature", "properties": { "index": 80, "lon": -95.924314322847749, "lat": 56.843819073393178, "classification": 121, "subregion_name": "Northern America", "umap_1d_x": 16.974461, "umap_2d_x": -40.491432, "umap_2d_y": -8.3117599, "umap_3d_x": -48.485954, "umap_3d_y": -1.3761368, "umap_3d_z": -31.721664, "tsne_1d_x": -52.70631, "tsne_2d_x": -30.501549, "tsne_2d_y": 15.277328, "tsne_3d_x": -4.6205673, "tsne_3d_y": 22.276428, "tsne_3d_z": 22.48777, "grid_umap_1d_x": 80.0, "grid_umap_2d_x": 2.0, "grid_umap_2d_y": 4.0, "grid_umap_3d_x": 3.0, "grid_umap_3d_y": 2.0, "grid_umap_3d_z": 2.0, "grid_tsne_1d_x": 75.0, "grid_tsne_2d_x": 10.0, "grid_tsne_2d_y": 14.0, "grid_tsne_3d_x": 2.0, "grid_tsne_3d_y": 7.0, "grid_tsne_3d_z": 7.0, "tile_dir": "tiles/0080" }, "geometry": { "type": "Point", "coordinates": [ -95.924314322847749, 56.843819073393178 ] } },
{ "type": "Feature", "properties": { "index": 81, "lon": 104.32466717477831, "lat": 52.073544135043136, "classification": 113, "subregion_name": "Eastern Europe", "umap_1d_x": 11.293355, "umap_2d_x": -32.240772, "umap_2d_y": 22.860977, "umap_3d_x": -39.178207, "umap_3d_y": 13.537418, "umap_3d_z": -34.021248, "tsne_1d_x": -63.063351, "tsne_2d_x": -27.569143, "tsne_2d_y": 37.771942, "tsne_3d_x": 21.199409, "tsne_3d_y": 21.890312, "tsne_3d_z": 23.295326, "grid_umap_1d_x": 81.0, "grid_umap_2d_x": 6.0, "grid_umap_2d_y": 18.0, "grid_umap_3d_x": 2.0, "grid_umap_3d_y": 4.0, "grid_umap_3d_z": 0.0, "grid_tsne_1d_x": 76.0, "grid_tsne_2d_x": 7.0, "grid_tsne_2d_y": 21.0, "grid_tsne_3d_x": 7.0, "grid_tsne_3d_y": 6.0, "grid_tsne_3d_z": 6.0, "tile_dir": "tiles/0081" }, "geometry": { "type": "Point", "coordinates": [ 104.324667174778313, 52.073544135043136 ] } },
{ "type": "Feature", "properties": { "index": 82, "lon": 123.49555343888437, "lat": 57.059510503586495, "classification": 116, "subregion_name": "Eastern Europe", "umap_1d_x": 18.386978, "umap_2d_x": -45.782509, "umap_2d_y": 5.3207817, "umap_3d_x": -46.681633, "umap_3d_y": 22.265358, "umap_3d_z": -32.318111, "tsne_1d_x": -67.279549, "tsne_2d_x": -40.277615, "tsne_2d_y": 10.016941, "tsne_3d_x": 18.641403, "tsne_3d_y": 36.314301, "tsne_3d_z": 19.140053, "grid_umap_1d_x": 82.0, "grid_umap_2d_x": 10.0, "grid_umap_2d_y": 13.0, "grid_umap_3d_x": 1.0, "grid_umap_3d_y": 6.0, "grid_umap_3d_z": 1.0, "grid_tsne_1d_x": 78.0, "grid_tsne_2d_x": 11.0, "grid_tsne_2d_y": 13.0, "grid_tsne_3d_x": 6.0, "grid_tsne_3d_y": 6.0, "grid_tsne_3d_z": 4.0, "tile_dir": "tiles/0082" }, "geometry": { "type": "Point", "coordinates": [ 123.495553438884372, 57.059510503586495 ] } },
{ "type": "Feature", "properties": { "index": 83, "lon": 134.01062978832817, "lat": -25.706016452978709, "classification": 20, "subregion_name": "Unknown", "umap_1d_x": -20.465403, "umap_2d_x": 41.01535, "umap_2d_y": -48.382973, "umap_3d_x": 48.620316, "umap_3d_y": -47.17049, "umap_3d_z": 23.219597, "tsne_1d_x": 80.111794, "tsne_2d_x": 42.780754, "tsne_2d_y": 44.630844, "tsne_3d_x": -41.930641, "tsne_3d_y": -17.203178, "tsne_3d_z": -21.914583, "grid_umap_1d_x": 83.0, "grid_umap_2d_x": 13.0, "grid_umap_2d_y": 3.0, "grid_umap_3d_x": 5.0, "grid_umap_3d_y": 0.0, "grid_umap_3d_z": 4.0, "grid_tsne_1d_x": 83.0, "grid_tsne_2d_x": 13.0, "grid_tsne_2d_y": 17.0, "grid_tsne_3d_x": 2.0, "grid_tsne_3d_y": 3.0, "grid_tsne_3d_z": 3.0, "tile_dir": "tiles/0083" }, "geometry": { "type": "Point", "coordinates": [ 134.010629788328174, -25.706016452978709 ] } },
{ "type": "Feature", "properties": { "index": 84, "lon": -79.125983418941786, "lat": -7.072378592660499, "classification": 20, "subregion_name": "Latin America and the Caribbean", "umap_1d_x": -13.167672, "umap_2d_x": 46.75766, "umap_2d_y": -15.912567, "umap_3d_x": 35.641434, "umap_3d_y": -9.2128525, "umap_3d_z": 22.322502, "tsne_1d_x": 49.352604, "tsne_2d_x": 32.592583, "tsne_2d_y": -1.1669159, "tsne_3d_x": 7.4173622, "tsne_3d_y": -34.6306, "tsne_3d_z": -9.4119568, "grid_umap_1d_x": 84.0, "grid_umap_2d_x": 20.0, "grid_umap_2d_y": 8.0, "grid_umap_3d_x": 5.0, "grid_umap_3d_y": 2.0, "grid_umap_3d_z": 4.0, "grid_tsne_1d_x": 84.0, "grid_tsne_2d_x": 19.0, "grid_tsne_2d_y": 9.0, "grid_tsne_3d_x": 4.0, "grid_tsne_3d_y": 1.0, "grid_tsne_3d_z": 3.0, "tile_dir": "tiles/0084" }, "geometry": { "type": "Point", "coordinates": [ -79.125983418941786, -7.072378592660499 ] } },
{ "type": "Feature", "properties": { "index": 85, "lon": 71.923090543822127, "lat": 30.454007638303167, "classification": 40, "subregion_name": "Southern Asia", "umap_1d_x": 1.2262964, "umap_2d_x": 4.2040749, "umap_2d_y": 48.203911, "umap_3d_x": -1.2124863, "umap_3d_y": 43.47081, "umap_3d_z": 28.56591, "tsne_1d_x": 13.428504, "tsne_2d_x": 12.364502, "tsne_2d_y": -46.998417, "tsne_3d_x": 33.295128, "tsne_3d_y": -24.324894, "tsne_3d_z": 34.134743, "grid_umap_1d_x": 85.0, "grid_umap_2d_x": 14.0, "grid_umap_2d_y": 19.0, "grid_umap_3d_x": 0.0, "grid_umap_3d_y": 6.0, "grid_umap_3d_z": 7.0, "grid_tsne_1d_x": 85.0, "grid_tsne_2d_x": 12.0, "grid_tsne_2d_y": 3.0, "grid_tsne_3d_x": 6.0, "grid_tsne_3d_y": 3.0, "grid_tsne_3d_z": 7.0, "tile_dir": "tiles/0085" }, "geometry": { "type": "Point", "coordinates": [ 71.923090543822127, 30.454007638303167 ] } },
{ "type": "Feature", "properties": { "index": 86, "lon": -64.919078051895667, "lat": -26.01346079842051, "classification": 20, "subregion_name": "Latin America and the Caribbean", "umap_1d_x": -15.684472, "umap_2d_x": 38.888428, "umap_2d_y": -20.829805, "umap_3d_x": 41.250237, "umap_3d_y": -13.303623, "umap_3d_z": 15.824516, "tsne_1d_x": 62.533043, "tsne_2d_x": 28.878166, "tsne_2d_y": 16.542267, "tsne_3d_x": 5.8540459, "tsne_3d_y": -14.32275, "tsne_3d_z": -29.797373, "grid_umap_1d_x": 86.0, "grid_umap_2d_x": 21.0, "grid_umap_2d_y": 1.0, "grid_umap_3d_x": 7.0, "grid_umap_3d_y": 1.0, "grid_umap_3d_z": 4.0, "grid_tsne_1d_x": 86.0, "grid_tsne_2d_x": 19.0, "grid_tsne_2d_y": 15.0, "grid_tsne_3d_x": 5.0, "grid_tsne_3d_y": 4.0, "grid_tsne_3d_z": 0.0, "tile_dir": "tiles/0086" }, "geometry": { "type": "Point", "coordinates": [ -64.919078051895667, -26.01346079842051 ] } },
{ "type": "Feature", "properties": { "index": 87, "lon": -103.00070075126169, "lat": 54.956206502447515, "classification": 126, "subregion_name": "Northern America", "umap_1d_x": 17.827158, "umap_2d_x": -44.729824, "umap_2d_y": -10.165565, "umap_3d_x": -45.366444, "umap_3d_y": 7.5826721, "umap_3d_z": -40.324345, "tsne_1d_x": -59.957832, "tsne_2d_x": -35.50238, "tsne_2d_y": 30.637856, "tsne_3d_x": 14.265594, "tsne_3d_y": 19.02478, "tsne_3d_z": 35.268295, "grid_umap_1d_x": 87.0, "grid_umap_2d_x": 10.0, "grid_umap_2d_y": 6.0, "grid_umap_3d_x": 2.0, "grid_umap_3d_y": 3.0, "grid_umap_3d_z": 1.0, "grid_tsne_1d_x": 87.0, "grid_tsne_2d_x": 0.0, "grid_tsne_2d_y": 21.0, "grid_tsne_3d_x": 5.0, "grid_tsne_3d_y": 4.0, "grid_tsne_3d_z": 6.0, "tile_dir": "tiles/0087" }, "geometry": { "type": "Point", "coordinates": [ -103.000700751261689, 54.956206502447515 ] } },
{ "type": "Feature", "properties": { "index": 88, "lon": -53.062883948847144, "lat": -5.1641554746567451, "classification": 112, "subregion_name": "Latin America and the Caribbean", "umap_1d_x": -8.8907738, "umap_2d_x": 38.196365, "umap_2d_y": 25.006714, "umap_3d_x": 36.048264, "umap_3d_y": 41.228149, "umap_3d_z": 0.29668808000001001, "tsne_1d_x": 44.753151, "tsne_2d_x": 48.786003, "tsne_2d_y": -23.031626, "tsne_3d_x": 25.810204, "tsne_3d_y": -42.241817, "tsne_3d_z": -38.065655, "grid_umap_1d_x": 88.0, "grid_umap_2d_x": 20.0, "grid_umap_2d_y": 12.0, "grid_umap_3d_x": 7.0, "grid_umap_3d_y": 5.0, "grid_umap_3d_z": 2.0, "grid_tsne_1d_x": 88.0, "grid_tsne_2d_x": 22.0, "grid_tsne_2d_y": 5.0, "grid_tsne_3d_x": 5.0, "grid_tsne_3d_y": 1.0, "grid_tsne_3d_z": 0.0, "tile_dir": "tiles/0088" }, "geometry": { "type": "Point", "coordinates": [ -53.062883948847144, -5.164155474656745 ] } },
{ "type": "Feature", "properties": { "index": 89, "lon": 65.574405160322613, "lat": 54.813317287468422, "classification": 30, "subregion_name": "Eastern Europe", "umap_1d_x": 11.756755, "umap_2d_x": -30.037266, "umap_2d_y": 18.78817, "umap_3d_x": -36.493912, "umap_3d_y": 9.1368256, "umap_3d_z": -24.500206, "tsne_1d_x": -54.161724, "tsne_2d_x": -22.45787, "tsne_2d_y": 31.738838, "tsne_3d_x": 11.100525, "tsne_3d_y": 12.450073, "tsne_3d_z": 17.438385, "grid_umap_1d_x": 89.0, "grid_umap_2d_x": 3.0, "grid_umap_2d_y": 18.0, "grid_umap_3d_x": 1.0, "grid_umap_3d_y": 4.0, "grid_umap_3d_z": 1.0, "grid_tsne_1d_x": 89.0, "grid_tsne_2d_x": 10.0, "grid_tsne_2d_y": 19.0, "grid_tsne_3d_x": 6.0, "grid_tsne_3d_y": 5.0, "grid_tsne_3d_z": 6.0, "tile_dir": "tiles/0089" }, "geometry": { "type": "Point", "coordinates": [ 65.574405160322613, 54.813317287468422 ] } },
{ "type": "Feature", "properties": { "index": 90, "lon": -14.718002047487431, "lat": 11.48908375540546, "classification": 126, "subregion_name": "Sub-Saharan Africa", "umap_1d_x": -1.7670246, "umap_2d_x": 8.9093323, "umap_2d_y": 30.964615, "umap_3d_x": 7.3619537, "umap_3d_y": 36.614479, "umap_3d_z": 29.963264, "tsne_1d_x": 20.136341, "tsne_2d_x": 17.816734, "tsne_2d_y": -21.091906, "tsne_3d_x": 19.430244, "tsne_3d_y": -36.495987, "tsne_3d_z": 17.509773, "grid_umap_1d_x": 90.0, "grid_umap_2d_x": 13.0, "grid_umap_2d_y": 18.0, "grid_umap_3d_x": 4.0, "grid_umap_3d_y": 7.0, "grid_umap_3d_z": 7.0, "grid_tsne_1d_x": 90.0, "grid_tsne_2d_x": 14.0, "grid_tsne_2d_y": 9.0, "grid_tsne_3d_x": 4.0, "grid_tsne_3d_y": 3.0, "grid_tsne_3d_z": 5.0, "tile_dir": "tiles/0090" }, "geometry": { "type": "Point", "coordinates": [ -14.718002047487431, 11.48908375540546 ] } },
{ "type": "Feature", "properties": { "index": 91, "lon": 40.217548045162687, "lat": -14.632698646919401, "classification": 126, "subregion_name": "Sub-Saharan Africa", "umap_1d_x": -14.720583, "umap_2d_x": 41.639778, "umap_2d_y": -18.277657, "umap_3d_x": 43.728233, "umap_3d_y": -9.5318832, "umap_3d_z": 26.097687, "tsne_1d_x": 59.476673, "tsne_2d_x": 44.874321, "tsne_2d_y": 15.126617, "tsne_3d_x": -7.109787, "tsne_3d_y": -29.189928, "tsne_3d_z": -33.335983, "grid_umap_1d_x": 91.0, "grid_umap_2d_x": 19.0, "grid_umap_2d_y": 6.0, "grid_umap_3d_x": 7.0, "grid_umap_3d_y": 2.0, "grid_umap_3d_z": 5.0, "grid_tsne_1d_x": 91.0, "grid_tsne_2d_x": 20.0, "grid_tsne_2d_y": 14.0, "grid_tsne_3d_x": 3.0, "grid_tsne_3d_y": 2.0, "grid_tsne_3d_z": 1.0, "tile_dir": "tiles/0091" }, "geometry": { "type": "Point", "coordinates": [ 40.217548045162687, -14.632698646919401 ] } },
{ "type": "Feature", "properties": { "index": 92, "lon": 45.944138651002419, "lat": -21.314562686065628, "classification": 30, "subregion_name": "Sub-Saharan Africa", "umap_1d_x": -14.525909, "umap_2d_x": 44.057739, "umap_2d_y": -24.24227, "umap_3d_x": 41.330826, "umap_3d_y": -16.723236, "umap_3d_z": 27.971344, "tsne_1d_x": 58.083748, "tsne_2d_x": 40.313797, "tsne_2d_y": 22.745148, "tsne_3d_x": -19.614252, "tsne_3d_y": -34.27198, "tsne_3d_z": -24.20826, "grid_umap_1d_x": 92.0, "grid_umap_2d_x": 20.0, "grid_umap_2d_y": 3.0, "grid_umap_3d_x": 6.0, "grid_umap_3d_y": 1.0, "grid_umap_3d_z": 5.0, "grid_tsne_1d_x": 92.0, "grid_tsne_2d_x": 18.0, "grid_tsne_2d_y": 16.0, "grid_tsne_3d_x": 0.0, "grid_tsne_3d_y": 0.0, "grid_tsne_3d_z": 1.0, "tile_dir": "tiles/0092" }, "geometry": { "type": "Point", "coordinates": [ 45.944138651002419, -21.314562686065628 ] } },
{ "type": "Feature", "properties": { "index": 93, "lon": -43.830511481000997, "lat": -18.604653699946198, "classification": 30, "subregion_name": "Latin America and the Caribbean", "umap_1d_x": -14.096758, "umap_2d_x": 44.43866, "umap_2d_y": -19.201773, "umap_3d_x": 40.785263, "umap_3d_y": -10.406151, "umap_3d_z": 28.958786, "tsne_1d_x": 56.564743, "tsne_2d_x": 38.614777, "tsne_2d_y": 12.374817, "tsne_3d_x": -4.7878609, "tsne_3d_y": -27.788046, "tsne_3d_z": -20.217075, "grid_umap_1d_x": 93.0, "grid_umap_2d_x": 22.0, "grid_umap_2d_y": 3.0, "grid_umap_3d_x": 5.0, "grid_umap_3d_y": 2.0, "grid_umap_3d_z": 5.0, "grid_tsne_1d_x": 93.0, "grid_tsne_2d_x": 20.0, "grid_tsne_2d_y": 13.0, "grid_tsne_3d_x": 3.0, "grid_tsne_3d_y": 2.0, "grid_tsne_3d_z": 2.0, "tile_dir": "tiles/0093" }, "geometry": { "type": "Point", "coordinates": [ -43.830511481000997, -18.604653699946198 ] } },
{ "type": "Feature", "properties": { "index": 94, "lon": 78.942582928781405, "lat": 21.642267446345087, "classification": 114, "subregion_name": "Southern Asia", "umap_1d_x": -0.16808459, "umap_2d_x": 5.187458, "umap_2d_y": 39.309731, "umap_3d_x": 3.2784805, "umap_3d_y": 38.273193, "umap_3d_z": 26.595131, "tsne_1d_x": 14.517976, "tsne_2d_x": 10.907547, "tsne_2d_y": -35.101418, "tsne_3d_x": 18.354553, "tsne_3d_y": -28.234413, "tsne_3d_z": 20.983047, "grid_umap_1d_x": 94.0, "grid_umap_2d_x": 11.0, "grid_umap_2d_y": 18.0, "grid_umap_3d_x": 2.0, "grid_umap_3d_y": 5.0, "grid_umap_3d_z": 6.0, "grid_tsne_1d_x": 94.0, "grid_tsne_2d_x": 11.0, "grid_tsne_2d_y": 0.0, "grid_tsne_3d_x": 5.0, "grid_tsne_3d_y": 1.0, "grid_tsne_3d_z": 7.0, "tile_dir": "tiles/0094" }, "geometry": { "type": "Point", "coordinates": [ 78.942582928781405, 21.642267446345087 ] } },
{ "type": "Feature", "properties": { "index": 95, "lon": 25.41332640662506, "lat": -33.578583522307667, "classification": 126, "subregion_name": "Sub-Saharan Africa", "umap_1d_x": -16.298372, "umap_2d_x": 36.356804, "umap_2d_y": -21.522533, "umap_3d_x": 43.81176, "umap_3d_y": -15.250168, "umap_3d_z": 10.412418, "tsne_1d_x": 63.334225, "tsne_2d_x": 27.555046, "tsne_2d_y": 21.080482, "tsne_3d_x": 1.3352814, "tsne_3d_y": -11.434109, "tsne_3d_z": -36.005474, "grid_umap_1d_x": 95.0, "grid_umap_2d_x": 15.0, "grid_umap_2d_y": 7.0, "grid_umap_3d_x": 6.0, "grid_umap_3d_y": 2.0, "grid_umap_3d_z": 2.0, "grid_tsne_1d_x": 95.0, "grid_tsne_2d_x": 18.0, "grid_tsne_2d_y": 17.0, "grid_tsne_3d_x": 4.0, "grid_tsne_3d_y": 5.0, "grid_tsne_3d_z": 1.0, "tile_dir": "tiles/0095" }, "geometry": { "type": "Point", "coordinates": [ 25.41332640662506, -33.578583522307667 ] } },
{ "type": "Feature", "properties": { "index": 96, "lon": 62.567213876498101, "lat": 55.305780896643483, "classification": 114, "subregion_name": "Eastern Europe", "umap_1d_x": 11.852613, "umap_2d_x": -30.368757, "umap_2d_y": 17.673218, "umap_3d_x": -36.734943, "umap_3d_y": 9.3679657, "umap_3d_z": -23.248625, "tsne_1d_x": -54.130741, "tsne_2d_x": -23.480612, "tsne_2d_y": 30.262909, "tsne_3d_x": 12.289207, "tsne_3d_y": 16.083321, "tsne_3d_z": 16.637871, "grid_umap_1d_x": 96.0, "grid_umap_2d_x": 0.0, "grid_umap_2d_y": 18.0, "grid_umap_3d_x": 0.0, "grid_umap_3d_y": 4.0, "grid_umap_3d_z": 1.0, "grid_tsne_1d_x": 96.0, "grid_tsne_2d_x": 3.0, "grid_tsne_2d_y": 21.0, "grid_tsne_3d_x": 7.0, "grid_tsne_3d_y": 7.0, "grid_tsne_3d_z": 7.0, "tile_dir": "tiles/0096" }, "geometry": { "type": "Point", "coordinates": [ 62.567213876498101, 55.305780896643483 ] } },
{ "type": "Feature", "properties": { "index": 97, "lon": -69.35801586114934, "lat": -14.276768888689254, "classification": 112, "subregion_name": "Latin America and the Caribbean", "umap_1d_x": -5.5107889, "umap_2d_x": 26.765099, "umap_2d_y": 32.634743, "umap_3d_x": 20.863358, "umap_3d_y": 33.37323, "umap_3d_z": 9.2855034, "tsne_1d_x": 32.436882, "tsne_2d_x": 29.415771, "tsne_2d_y": -21.424967, "tsne_3d_x": 24.189903, "tsne_3d_y": -26.189495, "tsne_3d_z": -7.6433945, "grid_umap_1d_x": 97.0, "grid_umap_2d_x": 20.0, "grid_umap_2d_y": 21.0, "grid_umap_3d_x": 7.0, "grid_umap_3d_y": 7.0, "grid_umap_3d_z": 6.0, "grid_tsne_1d_x": 97.0, "grid_tsne_2d_x": 15.0, "grid_tsne_2d_y": 9.0, "grid_tsne_3d_x": 6.0, "grid_tsne_3d_y": 0.0, "grid_tsne_3d_z": 2.0, "tile_dir": "tiles/0097" }, "geometry": { "type": "Point", "coordinates": [ -69.35801586114934, -14.276768888689254 ] } },
{ "type": "Feature", "properties": { "index": 98, "lon": 166.86432184341913, "lat": 67.345139817684611, "classification": 126, "subregion_name": "Eastern Europe", "umap_1d_x": 19.017313, "umap_2d_x": -48.82362, "umap_2d_y": -1.5920372, "umap_3d_x": -49.494877, "umap_3d_y": 19.391258, "umap_3d_z": -43.914074, "tsne_1d_x": -70.272064, "tsne_2d_x": -45.904152, "tsne_2d_y": 21.835258, "tsne_3d_x": 5.1636696, "tsne_3d_y": 35.233299, "tsne_3d_z": 38.744804, "grid_umap_1d_x": 98.0, "grid_umap_2d_x": 6.0, "grid_umap_2d_y": 9.0, "grid_umap_3d_x": 3.0, "grid_umap_3d_y": 5.0, "grid_umap_3d_z": 1.0, "grid_tsne_1d_x": 98.0, "grid_tsne_2d_x": 1.0, "grid_tsne_2d_y": 17.0, "grid_tsne_3d_x": 4.0, "grid_tsne_3d_y": 7.0, "grid_tsne_3d_z": 7.0, "tile_dir": "tiles/0098" }, "geometry": { "type": "Point", "coordinates": [ 166.864321843419134, 67.345139817684611 ] } },
{ "type": "Feature", "properties": { "index": 99, "lon": 66.092229826509794, "lat": 33.612016155369261, "classification": 30, "subregion_name": "Southern Asia", "umap_1d_x": 6.8237395, "umap_2d_x": -14.520798, "umap_2d_y": 7.9028053, "umap_3d_x": -21.230339, "umap_3d_y": 3.4364052, "umap_3d_z": 6.6362991, "tsne_1d_x": -4.3295889, "tsne_2d_x": 4.9755936, "tsne_2d_y": 18.961784, "tsne_3d_x": -15.893837, "tsne_3d_y": -9.7836037, "tsne_3d_z": 19.869469, "grid_umap_1d_x": 99.0, "grid_umap_2d_x": 6.0, "grid_umap_2d_y": 11.0, "grid_umap_3d_x": 1.0, "grid_umap_3d_y": 3.0, "grid_umap_3d_z": 6.0, "grid_tsne_1d_x": 99.0, "grid_tsne_2d_x": 12.0, "grid_tsne_2d_y": 17.0, "grid_tsne_3d_x": 0.0, "grid_tsne_3d_y": 2.0, "grid_tsne_3d_z": 7.0, "tile_dir": "tiles/0099" }, "geometry": { "type": "Point", "coordinates": [ 66.092229826509794, 33.612016155369261 ] } },
{ "type": "Feature", "properties": { "index": 100, "lon": 40.210555112500401, "lat": 5.3136213060705444, "classification": 20, "subregion_name": "Sub-Saharan Africa", "umap_1d_x": 3.0644443, "umap_2d_x": 6.4452095, "umap_2d_y": 2.4975243, "umap_3d_x": 13.193913, "umap_3d_y": 4.6054726, "umap_3d_z": 48.691246, "tsne_1d_x": 29.445395, "tsne_2d_x": 14.744713, "tsne_2d_y": 40.413651, "tsne_3d_x": -13.146122, "tsne_3d_y": -37.581657, "tsne_3d_z": 4.5669098, "grid_umap_1d_x": 100.0, "grid_umap_2d_x": 13.0, "grid_umap_2d_y": 5.0, "grid_umap_3d_x": 4.0, "grid_umap_3d_y": 2.0, "grid_umap_3d_z": 7.0, "grid_tsne_1d_x": 100.0, "grid_tsne_2d_x": 12.0, "grid_tsne_2d_y": 20.0, "grid_tsne_3d_x": 2.0, "grid_tsne_3d_y": 1.0, "grid_tsne_3d_z": 4.0, "tile_dir": "tiles/0100" }, "geometry": { "type": "Point", "coordinates": [ 40.210555112500401, 5.313621306070544 ] } },
{ "type": "Feature", "properties": { "index": 101, "lon": 11.973449948919182, "lat": -3.092101208527005, "classification": 30, "subregion_name": "Sub-Saharan Africa", "umap_1d_x": -12.187263, "umap_2d_x": 46.79361, "umap_2d_y": -11.835697, "umap_3d_x": 37.293854, "umap_3d_y": -2.685009, "umap_3d_z": 26.492668, "tsne_1d_x": 48.96682, "tsne_2d_x": 40.574768, "tsne_2d_y": -3.2475395, "tsne_3d_x": -2.812088, "tsne_3d_y": -48.018795, "tsne_3d_z": -27.087496, "grid_umap_1d_x": 101.0, "grid_umap_2d_x": 20.0, "grid_umap_2d_y": 11.0, "grid_umap_3d_x": 6.0, "grid_umap_3d_y": 4.0, "grid_umap_3d_z": 6.0, "grid_tsne_1d_x": 101.0, "grid_tsne_2d_x": 21.0, "grid_tsne_2d_y": 8.0, "grid_tsne_3d_x": 3.0, "grid_tsne_3d_y": 0.0, "grid_tsne_3d_z": 1.0, "tile_dir": "tiles/0101" }, "geometry": { "type": "Point", "coordinates": [ 11.973449948919182, -3.092101208527005 ] } },
{ "type": "Feature", "properties": { "index": 102, "lon": 116.248908065975, "lat": 1.375368717099114, "classification": 112, "subregion_name": "South-eastern Asia", "umap_1d_x": -6.104599, "umap_2d_x": 29.844543, "umap_2d_y": 37.852028, "umap_3d_x": 25.334, "umap_3d_y": 39.54306, "umap_3d_z": 7.3365974, "tsne_1d_x": 35.211178, "tsne_2d_x": 34.278831, "tsne_2d_y": -31.625261, "tsne_3d_x": 33.913376, "tsne_3d_y": -31.96324, "tsne_3d_z": -19.420811, "grid_umap_1d_x": 102.0, "grid_umap_2d_x": 19.0, "grid_umap_2d_y": 19.0, "grid_umap_3d_x": 7.0, "grid_umap_3d_y": 7.0, "grid_umap_3d_z": 4.0, "grid_tsne_1d_x": 102.0, "grid_tsne_2d_x": 16.0, "grid_tsne_2d_y": 7.0, "grid_tsne_3d_x": 7.0, "grid_tsne_3d_y": 1.0, "grid_tsne_3d_z": 1.0, "tile_dir": "tiles/0102" }, "geometry": { "type": "Point", "coordinates": [ 116.248908065975002, 1.375368717099114 ] } },
{ "type": "Feature", "properties": { "index": 103, "lon": -9.1959215882060619, "lat": 10.842312575760602, "classification": 40, "subregion_name": "Sub-Saharan Africa", "umap_1d_x": -2.357111, "umap_2d_x": 9.9032059, "umap_2d_y": 26.0224, "umap_3d_x": 8.4920578, "umap_3d_y": 34.765884, "umap_3d_z": 34.253929, "tsne_1d_x": 22.599909, "tsne_2d_x": 17.333046, "tsne_2d_y": -15.708714, "tsne_3d_x": 10.99416, "tsne_3d_y": -38.572151, "tsne_3d_z": 18.898117, "grid_umap_1d_x": 103.0, "grid_umap_2d_x": 13.0, "grid_umap_2d_y": 15.0, "grid_umap_3d_x": 5.0, "grid_umap_3d_y": 5.0, "grid_umap_3d_z": 6.0, "grid_tsne_1d_x": 103.0, "grid_tsne_2d_x": 15.0, "grid_tsne_2d_y": 2.0, "grid_tsne_3d_x": 4.0, "grid_tsne_3d_y": 0.0, "grid_tsne_3d_z": 6.0, "tile_dir": "tiles/0103" }, "geometry": { "type": "Point", "coordinates": [ -9.195921588206062, 10.842312575760602 ] } },
{ "type": "Feature", "properties": { "index": 104, "lon": 40.178576092744464, "lat": 2.652315695412014, "classification": 20, "subregion_name": "Sub-Saharan Africa", "umap_1d_x": 3.0631838, "umap_2d_x": 6.817234, "umap_2d_y": 3.3387947, "umap_3d_x": 12.894691, "umap_3d_y": 5.2776985, "umap_3d_z": 49.106606, "tsne_1d_x": 28.799711, "tsne_2d_x": 14.179962, "tsne_2d_y": 37.157616, "tsne_3d_x": -17.028633, "tsne_3d_y": -41.272903, "tsne_3d_z": 8.0061722, "grid_umap_1d_x": 104.0, "grid_umap_2d_x": 11.0, "grid_umap_2d_y": 5.0, "grid_umap_3d_x": 3.0, "grid_umap_3d_y": 2.0, "grid_umap_3d_z": 6.0, "grid_tsne_1d_x": 104.0, "grid_tsne_2d_x": 12.0, "grid_tsne_2d_y": 22.0, "grid_tsne_3d_x": 1.0, "grid_tsne_3d_y": 0.0, "grid_tsne_3d_z": 4.0, "tile_dir": "tiles/0104" }, "geometry": { "type": "Point", "coordinates": [ 40.178576092744464, 2.652315695412014 ] } },
{ "type": "Feature", "properties": { "index": 105, "lon": -77.189302341350157, "lat": -4.9509350975717297, "classification": 112, "subregion_name": "Latin America and the Caribbean", "umap_1d_x": -8.0967836, "umap_2d_x": 35.20475, "umap_2d_y": 31.115433, "umap_3d_x": 31.663773, "umap_3d_y": 41.961044, "umap_3d_z": 0.56191635, "tsne_1d_x": 41.823154, "tsne_2d_x": 43.43634, "tsne_2d_y": -27.981354, "tsne_3d_x": 34.187218, "tsne_3d_y": -41.820831, "tsne_3d_z": -26.221891, "grid_umap_1d_x": 105.0, "grid_umap_2d_x": 21.0, "grid_umap_2d_y": 16.0, "grid_umap_3d_x": 7.0, "grid_umap_3d_y": 7.0, "grid_umap_3d_z": 1.0, "grid_tsne_1d_x": 105.0, "grid_tsne_2d_x": 20.0, "grid_tsne_2d_y": 5.0, "grid_tsne_3d_x": 5.0, "grid_tsne_3d_y": 2.0, "grid_tsne_3d_z": 2.0, "tile_dir": "tiles/0105" }, "geometry": { "type": "Point", "coordinates": [ -77.189302341350157, -4.95093509757173 ] } },
{ "type": "Feature", "properties": { "index": 106, "lon": 110.10625728236494, "lat": -7.6665132505559654, "classification": 112, "subregion_name": "South-eastern Asia", "umap_1d_x": -13.002666, "umap_2d_x": 46.751152, "umap_2d_y": -14.656277, "umap_3d_x": 37.270981, "umap_3d_y": -7.7937469, "umap_3d_z": 25.703705, "tsne_1d_x": 49.182522, "tsne_2d_x": 34.503456, "tsne_2d_y": -3.1717072, "tsne_3d_x": 8.139019, "tsne_3d_y": -32.249577, "tsne_3d_z": -15.333408, "grid_umap_1d_x": 106.0, "grid_umap_2d_x": 21.0, "grid_umap_2d_y": 8.0, "grid_umap_3d_x": 5.0, "grid_umap_3d_y": 3.0, "grid_umap_3d_z": 5.0, "grid_tsne_1d_x": 106.0, "grid_tsne_2d_x": 20.0, "grid_tsne_2d_y": 8.0, "grid_tsne_3d_x": 4.0, "grid_tsne_3d_y": 1.0, "grid_tsne_3d_z": 2.0, "tile_dir": "tiles/0106" }, "geometry": { "type": "Point", "coordinates": [ 110.106257282364936, -7.666513250555965 ] } },
{ "type": "Feature", "properties": { "index": 107, "lon": 29.030729538413226, "lat": -31.999411022418464, "classification": 30, "subregion_name": "Sub-Saharan Africa", "umap_1d_x": -16.713129, "umap_2d_x": 34.683395, "umap_2d_y": -22.963737, "umap_3d_x": 44.897636, "umap_3d_y": -17.383728, "umap_3d_z": 8.0633087, "tsne_1d_x": 67.915367, "tsne_2d_x": 29.118042, "tsne_2d_y": 38.013115, "tsne_3d_x": -12.444626, "tsne_3d_y": -2.7157364, "tsne_3d_z": -36.786789, "grid_umap_1d_x": 107.0, "grid_umap_2d_x": 19.0, "grid_umap_2d_y": 0.0, "grid_umap_3d_x": 6.0, "grid_umap_3d_y": 1.0, "grid_umap_3d_z": 0.0, "grid_tsne_1d_x": 107.0, "grid_tsne_2d_x": 13.0, "grid_tsne_2d_y": 19.0, "grid_tsne_3d_x": 1.0, "grid_tsne_3d_y": 6.0, "grid_tsne_3d_z": 0.0, "tile_dir": "tiles/0107" }, "geometry": { "type": "Point", "coordinates": [ 29.030729538413226, -31.999411022418464 ] } },
{ "type": "Feature", "properties": { "index": 108, "lon": 30.627273546928592, "lat": 7.0346002262610909, "classification": 30, "subregion_name": "Unknown", "umap_1d_x": -2.3003328, "umap_2d_x": 10.462975, "umap_2d_y": 25.737366, "umap_3d_x": 9.3835106, "umap_3d_y": 31.667564, "umap_3d_z": 33.532387, "tsne_1d_x": 22.131725, "tsne_2d_x": 14.672264, "tsne_2d_y": -14.81419, "tsne_3d_x": 13.311672, "tsne_3d_y": -46.23975, "tsne_3d_z": 18.516235, "grid_umap_1d_x": 108.0, "grid_umap_2d_x": 14.0, "grid_umap_2d_y": 14.0, "grid_umap_3d_x": 6.0, "grid_umap_3d_y": 5.0, "grid_umap_3d_z": 7.0, "grid_tsne_1d_x": 108.0, "grid_tsne_2d_x": 13.0, "grid_tsne_2d_y": 6.0, "grid_tsne_3d_x": 4.0, "grid_tsne_3d_y": 0.0, "grid_tsne_3d_z": 5.0, "tile_dir": "tiles/0108" }, "geometry": { "type": "Point", "coordinates": [ 30.627273546928592, 7.034600226261091 ] } },
{ "type": "Feature", "properties": { "index": 109, "lon": 46.325801058609045, "lat": 6.6253974789221246, "classification": 20, "subregion_name": "Sub-Saharan Africa", "umap_1d_x": 2.9582829, "umap_2d_x": 7.5703506, "umap_2d_y": 5.5150642, "umap_3d_x": 11.991768, "umap_3d_y": 7.7623711, "umap_3d_z": 49.951271, "tsne_1d_x": 28.27725, "tsne_2d_x": 14.482925, "tsne_2d_y": 34.894974, "tsne_3d_x": -15.213142, "tsne_3d_y": -42.426441, "tsne_3d_z": 12.02631, "grid_umap_1d_x": 109.0, "grid_umap_2d_x": 13.0, "grid_umap_2d_y": 7.0, "grid_umap_3d_x": 5.0, "grid_umap_3d_y": 3.0, "grid_umap_3d_z": 7.0, "grid_tsne_1d_x": 109.0, "grid_tsne_2d_x": 13.0, "grid_tsne_2d_y": 22.0, "grid_tsne_3d_x": 2.0, "grid_tsne_3d_y": 0.0, "grid_tsne_3d_z": 5.0, "tile_dir": "tiles/0109" }, "geometry": { "type": "Point", "coordinates": [ 46.325801058609045, 6.625397478922125 ] } },
{ "type": "Feature", "properties": { "index": 110, "lon": 11.932621922849449, "lat": 13.321873556614364, "classification": 30, "subregion_name": "Sub-Saharan Africa", "umap_1d_x": 2.2641637, "umap_2d_x": 8.7457657, "umap_2d_y": 12.326859, "umap_3d_x": 8.9627037, "umap_3d_y": 20.726784, "umap_3d_z": 49.3843, "tsne_1d_x": 26.138525, "tsne_2d_x": 15.256142, "tsne_2d_y": -1.0150452, "tsne_3d_x": -8.2717552, "tsne_3d_y": -36.313744, "tsne_3d_z": 24.781708, "grid_umap_1d_x": 110.0, "grid_umap_2d_x": 13.0, "grid_umap_2d_y": 13.0, "grid_umap_3d_x": 2.0, "grid_umap_3d_y": 3.0, "grid_umap_3d_z": 7.0, "grid_tsne_1d_x": 110.0, "grid_tsne_2d_x": 15.0, "grid_tsne_2d_y": 1.0, "grid_tsne_3d_x": 2.0, "grid_tsne_3d_y": 1.0, "grid_tsne_3d_z": 7.0, "tile_dir": "tiles/0110" }, "geometry": { "type": "Point", "coordinates": [ 11.932621922849449, 13.321873556614364 ] } },
{ "type": "Feature", "properties": { "index": 111, "lon": -107.39950523011765, "lat": 27.544879050441651, "classification": 121, "subregion_name": "Latin America and the Caribbean", "umap_1d_x": -0.48071912, "umap_2d_x": 2.3794098, "umap_2d_y": 31.867447, "umap_3d_x": 1.6961403, "umap_3d_y": 31.372047, "umap_3d_z": 17.324059, "tsne_1d_x": 7.4996638, "tsne_2d_x": 5.5607681, "tsne_2d_y": -25.165825, "tsne_3d_x": 11.120476, "tsne_3d_y": -19.415209, "tsne_3d_z": 6.3211555, "grid_umap_1d_x": 111.0, "grid_umap_2d_x": 6.0, "grid_umap_2d_y": 21.0, "grid_umap_3d_x": 1.0, "grid_umap_3d_y": 7.0, "grid_umap_3d_z": 6.0, "grid_tsne_1d_x": 111.0, "grid_tsne_2d_x": 9.0, "grid_tsne_2d_y": 3.0, "grid_tsne_3d_x": 5.0, "grid_tsne_3d_y": 1.0, "grid_tsne_3d_z": 4.0, "tile_dir": "tiles/0111" }, "geometry": { "type": "Point", "coordinates": [ -107.399505230117654, 27.544879050441651 ] } },
{ "type": "Feature", "properties": { "index": 112, "lon": 129.42671298583525, "lat": 41.473606666607608, "classification": 114, "subregion_name": "Eastern Asia", "umap_1d_x": 8.9662218, "umap_2d_x": -13.186459, "umap_2d_y": 29.913269, "umap_3d_x": -12.137707, "umap_3d_y": 22.293106, "umap_3d_z": -8.1637459, "tsne_1d_x": -10.61086, "tsne_2d_x": -9.4925957, "tsne_2d_y": -30.041742, "tsne_3d_x": 32.872635, "tsne_3d_y": 6.2867889, "tsne_3d_z": 0.90023422000001, "grid_umap_1d_x": 112.0, "grid_umap_2d_x": 3.0, "grid_umap_2d_y": 20.0, "grid_umap_3d_x": 3.0, "grid_umap_3d_y": 7.0, "grid_umap_3d_z": 0.0, "grid_tsne_1d_x": 112.0, "grid_tsne_2d_x": 7.0, "grid_tsne_2d_y": 4.0, "grid_tsne_3d_x": 7.0, "grid_tsne_3d_y": 5.0, "grid_tsne_3d_z": 2.0, "tile_dir": "tiles/0112" }, "geometry": { "type": "Point", "coordinates": [ 129.426712985835252, 41.473606666607608 ] } },
{ "type": "Feature", "properties": { "index": 113, "lon": 131.44431041075489, "lat": -22.465429517466163, "classification": 30, "subregion_name": "Unknown", "umap_1d_x": -20.689846, "umap_2d_x": 42.676857, "umap_2d_y": -49.617477, "umap_3d_x": 47.95005, "umap_3d_y": -48.807068, "umap_3d_z": 26.747475, "tsne_1d_x": 80.71801, "tsne_2d_x": 45.456436, "tsne_2d_y": 43.650192, "tsne_3d_x": -46.081383, "tsne_3d_y": -17.134899, "tsne_3d_z": -17.235886, "grid_umap_1d_x": 113.0, "grid_umap_2d_x": 14.0, "grid_umap_2d_y": 4.0, "grid_umap_3d_x": 4.0, "grid_umap_3d_y": 1.0, "grid_umap_3d_z": 5.0, "grid_tsne_1d_x": 113.0, "grid_tsne_2d_x": 16.0, "grid_tsne_2d_y": 18.0, "grid_tsne_3d_x": 0.0, "grid_tsne_3d_y": 3.0, "grid_tsne_3d_z": 2.0, "tile_dir": "tiles/0113" }, "geometry": { "type": "Point", "coordinates": [ 131.444310410754895, -22.465429517466163 ] } },
{ "type": "Feature", "properties": { "index": 114, "lon": 118.38133348784629, "lat": 53.404673985222956, "classification": 113, "subregion_name": "Eastern Europe", "umap_1d_x": 13.039294, "umap_2d_x": -35.900455, "umap_2d_y": 15.257896, "umap_3d_x": -42.432739, "umap_3d_y": 15.659157, "umap_3d_z": -10.026722, "tsne_1d_x": -41.180218, "tsne_2d_x": -36.675781, "tsne_2d_y": -6.7598572, "tsne_3d_x": 15.222618, "tsne_3d_y": 26.992889, "tsne_3d_z": 0.33323288, "grid_umap_1d_x": 114.0, "grid_umap_2d_x": 6.0, "grid_umap_2d_y": 17.0, "grid_umap_3d_x": 1.0, "grid_umap_3d_y": 5.0, "grid_umap_3d_z": 4.0, "grid_tsne_1d_x": 114.0, "grid_tsne_2d_x": 3.0, "grid_tsne_2d_y": 8.0, "grid_tsne_3d_x": 6.0, "grid_tsne_3d_y": 6.0, "grid_tsne_3d_z": 2.0, "tile_dir": "tiles/0114" }, "geometry": { "type": "Point", "coordinates": [ 118.381333487846291, 53.404673985222956 ] } },
{ "type": "Feature", "properties": { "index": 115, "lon": -117.16221456803434, "lat": 65.418812838722687, "classification": 20, "subregion_name": "Northern America", "umap_1d_x": 19.261501, "umap_2d_x": -49.48267, "umap_2d_y": -5.0063057, "umap_3d_x": -47.577721, "umap_3d_y": 19.550797, "umap_3d_z": -48.491985, "tsne_1d_x": -70.994644, "tsne_2d_x": -40.576561, "tsne_2d_y": 27.681618, "tsne_3d_x": 20.329674, "tsne_3d_y": 37.178459, "tsne_3d_z": 40.625938, "grid_umap_1d_x": 115.0, "grid_umap_2d_x": 14.0, "grid_umap_2d_y": 10.0, "grid_umap_3d_x": 5.0, "grid_umap_3d_y": 5.0, "grid_umap_3d_z": 1.0, "grid_tsne_1d_x": 115.0, "grid_tsne_2d_x": 0.0, "grid_tsne_2d_y": 19.0, "grid_tsne_3d_x": 6.0, "grid_tsne_3d_y": 6.0, "grid_tsne_3d_z": 6.0, "tile_dir": "tiles/0115" }, "geometry": { "type": "Point", "coordinates": [ -117.162214568034344, 65.418812838722687 ] } },
{ "type": "Feature", "properties": { "index": 116, "lon": -89.405375897281559, "lat": 52.199257543820863, "classification": 20, "subregion_name": "Northern America", "umap_1d_x": 17.384377, "umap_2d_x": -42.440605, "umap_2d_y": -14.68478, "umap_3d_x": -44.504311, "umap_3d_y": -1.4249153, "umap_3d_z": -40.076622, "tsne_1d_x": -57.04665, "tsne_2d_x": -28.096277, "tsne_2d_y": 27.993454, "tsne_3d_x": -5.7494926, "tsne_3d_y": 15.529434, "tsne_3d_z": 27.793602, "grid_umap_1d_x": 116.0, "grid_umap_2d_x": 0.0, "grid_umap_2d_y": 1.0, "grid_umap_3d_x": 3.0, "grid_umap_3d_y": 1.0, "grid_umap_3d_z": 0.0, "grid_tsne_1d_x": 116.0, "grid_tsne_2d_x": 2.0, "grid_tsne_2d_y": 20.0, "grid_tsne_3d_x": 2.0, "grid_tsne_3d_y": 4.0, "grid_tsne_3d_z": 6.0, "tile_dir": "tiles/0116" }, "geometry": { "type": "Point", "coordinates": [ -89.405375897281559, 52.199257543820863 ] } },
{ "type": "Feature", "properties": { "index": 117, "lon": 135.5403279207012, "lat": 59.811238262102748, "classification": 113, "subregion_name": "Eastern Europe", "umap_1d_x": 15.694526, "umap_2d_x": -41.449287, "umap_2d_y": 13.188911, "umap_3d_x": -47.955891, "umap_3d_y": 20.862923, "umap_3d_z": -15.338772, "tsne_1d_x": -43.469086, "tsne_2d_x": -41.42564, "tsne_2d_y": 0.83044052000001045, "tsne_3d_x": 8.4159622, "tsne_3d_y": 38.994377, "tsne_3d_z": 11.621159, "grid_umap_1d_x": 117.0, "grid_umap_2d_x": 7.0, "grid_umap_2d_y": 15.0, "grid_umap_3d_x": 1.0, "grid_umap_3d_y": 6.0, "grid_umap_3d_z": 3.0, "grid_tsne_1d_x": 117.0, "grid_tsne_2d_x": 6.0, "grid_tsne_2d_y": 11.0, "grid_tsne_3d_x": 4.0, "grid_tsne_3d_y": 6.0, "grid_tsne_3d_z": 3.0, "tile_dir": "tiles/0117" }, "geometry": { "type": "Point", "coordinates": [ 135.540327920701202, 59.811238262102748 ] } },
{ "type": "Feature", "properties": { "index": 118, "lon": 49.337468619635132, "lat": 58.335034420661856, "classification": 115, "subregion_name": "Eastern Europe", "umap_1d_x": 21.022064, "umap_2d_x": -29.173433, "umap_2d_y": -7.2792892, "umap_3d_x": -41.71825, "umap_3d_y": -11.360844, "umap_3d_z": -4.5889015, "tsne_1d_x": -31.122829, "tsne_2d_x": -22.689035, "tsne_2d_y": -9.6189766, "tsne_3d_x": -26.268656, "tsne_3d_y": 23.866585, "tsne_3d_z": 1.7252846, "grid_umap_1d_x": 118.0, "grid_umap_2d_x": 6.0, "grid_umap_2d_y": 4.0, "grid_umap_3d_x": 0.0, "grid_umap_3d_y": 0.0, "grid_umap_3d_z": 5.0, "grid_tsne_1d_x": 118.0, "grid_tsne_2d_x": 8.0, "grid_tsne_2d_y": 8.0, "grid_tsne_3d_x": 0.0, "grid_tsne_3d_y": 6.0, "grid_tsne_3d_z": 2.0, "tile_dir": "tiles/0118" }, "geometry": { "type": "Point", "coordinates": [ 49.337468619635132, 58.335034420661856 ] } },
{ "type": "Feature", "properties": { "index": 119, "lon": 131.37028776622043, "lat": 58.185666905018664, "classification": 113, "subregion_name": "Eastern Europe", "umap_1d_x": 18.878912, "umap_2d_x": -46.203232, "umap_2d_y": 1.8766212, "umap_3d_x": -48.528328, "umap_3d_y": 18.303535, "umap_3d_z": -35.07967, "tsne_1d_x": -66.175407, "tsne_2d_x": -47.871262, "tsne_2d_y": 17.885246, "tsne_3d_x": -0.18638992, "tsne_3d_y": 43.442543, "tsne_3d_z": 30.711784, "grid_umap_1d_x": 119.0, "grid_umap_2d_x": 6.0, "grid_umap_2d_y": 10.0, "grid_umap_3d_x": 1.0, "grid_umap_3d_y": 5.0, "grid_umap_3d_z": 1.0, "grid_tsne_1d_x": 119.0, "grid_tsne_2d_x": 0.0, "grid_tsne_2d_y": 16.0, "grid_tsne_3d_x": 3.0, "grid_tsne_3d_y": 5.0, "grid_tsne_3d_z": 4.0, "tile_dir": "tiles/0119" }, "geometry": { "type": "Point", "coordinates": [ 131.370287766220429, 58.185666905018664 ] } },
{ "type": "Feature", "properties": { "index": 120, "lon": -67.684522800001531, "lat": -5.198502885857792, "classification": 112, "subregion_name": "Latin America and the Caribbean", "umap_1d_x": -8.393796, "umap_2d_x": 36.348328, "umap_2d_y": 27.77594, "umap_3d_x": 33.731453, "umap_3d_y": 44.896301, "umap_3d_z": -2.2580299, "tsne_1d_x": 42.746212, "tsne_2d_x": 46.240669, "tsne_2d_y": -27.072113, "tsne_3d_x": 32.012756, "tsne_3d_y": -46.339619, "tsne_3d_z": -31.630224, "grid_umap_1d_x": 120.0, "grid_umap_2d_x": 19.0, "grid_umap_2d_y": 14.0, "grid_umap_3d_x": 7.0, "grid_umap_3d_y": 7.0, "grid_umap_3d_z": 0.0, "grid_tsne_1d_x": 120.0, "grid_tsne_2d_x": 22.0, "grid_tsne_2d_y": 3.0, "grid_tsne_3d_x": 6.0, "grid_tsne_3d_y": 0.0, "grid_tsne_3d_z": 0.0, "tile_dir": "tiles/0120" }, "geometry": { "type": "Point", "coordinates": [ -67.684522800001531, -5.198502885857792 ] } },
{ "type": "Feature", "properties": { "index": 121, "lon": -77.182362881767915, "lat": 51.556029264827956, "classification": 20, "subregion_name": "Northern America", "umap_1d_x": 17.466875, "umap_2d_x": -41.171356, "umap_2d_y": -15.934589, "umap_3d_x": -46.510834, "umap_3d_y": -2.1110497, "umap_3d_z": -40.80307, "tsne_1d_x": -55.831207, "tsne_2d_x": -27.698965, "tsne_2d_y": 22.9963, "tsne_3d_x": -11.58144, "tsne_3d_y": 23.113678, "tsne_3d_z": 38.456619, "grid_umap_1d_x": 121.0, "grid_umap_2d_x": 9.0, "grid_umap_2d_y": 3.0, "grid_umap_3d_x": 4.0, "grid_umap_3d_y": 1.0, "grid_umap_3d_z": 1.0, "grid_tsne_1d_x": 121.0, "grid_tsne_2d_x": 1.0, "grid_tsne_2d_y": 18.0, "grid_tsne_3d_x": 2.0, "grid_tsne_3d_y": 5.0, "grid_tsne_3d_z": 7.0, "tile_dir": "tiles/0121" }, "geometry": { "type": "Point", "coordinates": [ -77.182362881767915, 51.556029264827956 ] } },
{ "type": "Feature", "properties": { "index": 122, "lon": 157.08558645799138, "lat": 68.17026621979241, "classification": 116, "subregion_name": "Eastern Europe", "umap_1d_x": 18.454578, "umap_2d_x": -47.871937, "umap_2d_y": 7.9360237, "umap_3d_x": -49.533703, "umap_3d_y": 24.798706, "umap_3d_z": -33.529137, "tsne_1d_x": -67.537155, "tsne_2d_x": -44.640213, "tsne_2d_y": 11.223782, "tsne_3d_x": 14.736084, "tsne_3d_y": 43.822906, "tsne_3d_z": 22.397171, "grid_umap_1d_x": 122.0, "grid_umap_2d_x": 0.0, "grid_umap_2d_y": 13.0, "grid_umap_3d_x": 1.0, "grid_umap_3d_y": 7.0, "grid_umap_3d_z": 1.0, "grid_tsne_1d_x": 122.0, "grid_tsne_2d_x": 3.0, "grid_tsne_2d_y": 13.0, "grid_tsne_3d_x": 5.0, "grid_tsne_3d_y": 6.0, "grid_tsne_3d_z": 4.0, "tile_dir": "tiles/0122" }, "geometry": { "type": "Point", "coordinates": [ 157.085586457991383, 68.17026621979241 ] } },
{ "type": "Feature", "properties": { "index": 123, "lon": -3.3813166228694058, "lat": 38.569369942213967, "classification": 126, "subregion_name": "Southern Europe", "umap_1d_x": 6.506454, "umap_2d_x": -14.816719, "umap_2d_y": 1.1918411, "umap_3d_x": -23.422873, "umap_3d_y": -3.5719299, "umap_3d_z": 9.4263496, "tsne_1d_x": -3.1237936, "tsne_2d_x": 1.1455727, "tsne_2d_y": 13.921803, "tsne_3d_x": -20.648783, "tsne_3d_y": -14.118847, "tsne_3d_z": 6.6411781, "grid_umap_1d_x": 123.0, "grid_umap_2d_x": 7.0, "grid_umap_2d_y": 7.0, "grid_umap_3d_x": 0.0, "grid_umap_3d_y": 0.0, "grid_umap_3d_z": 7.0, "grid_tsne_1d_x": 123.0, "grid_tsne_2d_x": 4.0, "grid_tsne_2d_y": 14.0, "grid_tsne_3d_x": 0.0, "grid_tsne_3d_y": 1.0, "grid_tsne_3d_z": 4.0, "tile_dir": "tiles/0123" }, "geometry": { "type": "Point", "coordinates": [ -3.381316622869406, 38.569369942213967 ] } },
{ "type": "Feature", "properties": { "index": 124, "lon": 123.91089265923796, "lat": 64.468922917970033, "classification": 113, "subregion_name": "Eastern Europe", "umap_1d_x": 18.296164, "umap_2d_x": -46.433693, "umap_2d_y": 6.0990753, "umap_3d_x": -48.550602, "umap_3d_y": 21.849365, "umap_3d_z": -31.362524, "tsne_1d_x": -67.915764, "tsne_2d_x": -42.490013, "tsne_2d_y": 11.780231, "tsne_3d_x": 12.650108, "tsne_3d_y": 36.705627, "tsne_3d_z": 23.055504, "grid_umap_1d_x": 124.0, "grid_umap_2d_x": 8.0, "grid_umap_2d_y": 13.0, "grid_umap_3d_x": 2.0, "grid_umap_3d_y": 5.0, "grid_umap_3d_z": 2.0, "grid_tsne_1d_x": 124.0, "grid_tsne_2d_x": 1.0, "grid_tsne_2d_y": 13.0, "grid_tsne_3d_x": 5.0, "grid_tsne_3d_y": 5.0, "grid_tsne_3d_z": 4.0, "tile_dir": "tiles/0124" }, "geometry": { "type": "Point", "coordinates": [ 123.910892659237959, 64.468922917970033 ] } },
{ "type": "Feature", "properties": { "index": 125, "lon": 14.572165552045163, "lat": 67.02450397320402, "classification": 115, "subregion_name": "Northern Europe", "umap_1d_x": 20.171726, "umap_2d_x": -35.474232, "umap_2d_y": -14.112637, "umap_3d_x": -42.077862, "umap_3d_y": -5.1242599, "umap_3d_z": -26.401093, "tsne_1d_x": -48.815609, "tsne_2d_x": -23.36092, "tsne_2d_y": 15.162552, "tsne_3d_x": -29.683699, "tsne_3d_y": 28.187111, "tsne_3d_z": 28.721123, "grid_umap_1d_x": 125.0, "grid_umap_2d_x": 2.0, "grid_umap_2d_y": 0.0, "grid_umap_3d_x": 2.0, "grid_umap_3d_y": 1.0, "grid_umap_3d_z": 1.0, "grid_tsne_1d_x": 125.0, "grid_tsne_2d_x": 13.0, "grid_tsne_2d_y": 14.0, "grid_tsne_3d_x": 1.0, "grid_tsne_3d_y": 5.0, "grid_tsne_3d_z": 6.0, "tile_dir": "tiles/0125" }, "geometry": { "type": "Point", "coordinates": [ 14.572165552045163, 67.02450397320402 ] } },
{ "type": "Feature", "properties": { "index": 126, "lon": 29.632671167955522, "lat": -14.296876340038331, "classification": 124, "subregion_name": "Sub-Saharan Africa", "umap_1d_x": -14.180738, "umap_2d_x": 45.429588, "umap_2d_y": -23.405439, "umap_3d_x": 39.949959, "umap_3d_y": -15.85186, "umap_3d_z": 28.452682, "tsne_1d_x": 54.40382, "tsne_2d_x": 38.62838, "tsne_2d_y": 19.937874, "tsne_3d_x": -12.727928, "tsne_3d_y": -34.246292, "tsne_3d_z": -19.538155, "grid_umap_1d_x": 126.0, "grid_umap_2d_x": 21.0, "grid_umap_2d_y": 3.0, "grid_umap_3d_x": 7.0, "grid_umap_3d_y": 0.0, "grid_umap_3d_z": 7.0, "grid_tsne_1d_x": 126.0, "grid_tsne_2d_x": 21.0, "grid_tsne_2d_y": 16.0, "grid_tsne_3d_x": 1.0, "grid_tsne_3d_y": 0.0, "grid_tsne_3d_z": 1.0, "tile_dir": "tiles/0126" }, "geometry": { "type": "Point", "coordinates": [ 29.632671167955522, -14.296876340038331 ] } },
{ "type": "Feature", "properties": { "index": 127, "lon": 110.06868580727269, "lat": 61.98230536742426, "classification": 113, "subregion_name": "Eastern Europe", "umap_1d_x": 15.591252, "umap_2d_x": -40.801723, "umap_2d_y": 14.011452, "umap_3d_x": -47.789894, "umap_3d_y": 20.930344, "umap_3d_z": -13.80225, "tsne_1d_x": -43.276028, "tsne_2d_x": -41.457447, "tsne_2d_y": -0.067192077999997935, "tsne_3d_x": 8.6255188, "tsne_3d_y": 37.959793, "tsne_3d_z": 10.13028, "grid_umap_1d_x": 127.0, "grid_umap_2d_x": 1.0, "grid_umap_2d_y": 15.0, "grid_umap_3d_x": 0.0, "grid_umap_3d_y": 7.0, "grid_umap_3d_z": 4.0, "grid_tsne_1d_x": 127.0, "grid_tsne_2d_x": 2.0, "grid_tsne_2d_y": 10.0, "grid_tsne_3d_x": 5.0, "grid_tsne_3d_y": 7.0, "grid_tsne_3d_z": 3.0, "tile_dir": "tiles/0127" }, "geometry": { "type": "Point", "coordinates": [ 110.068685807272686, 61.98230536742426 ] } },
{ "type": "Feature", "properties": { "index": 128, "lon": -116.34027998137974, "lat": 56.506826908097239, "classification": 111, "subregion_name": "Northern America", "umap_1d_x": 14.534114, "umap_2d_x": -36.292496, "umap_2d_y": -0.46612549, "umap_3d_x": -46.351772, "umap_3d_y": 1.2511368, "umap_3d_z": -10.154606, "tsne_1d_x": -34.966824, "tsne_2d_x": -28.939693, "tsne_2d_y": -18.724213, "tsne_3d_x": -5.415287, "tsne_3d_y": 21.930008, "tsne_3d_z": 7.7468758, "grid_umap_1d_x": 128.0, "grid_umap_2d_x": 13.0, "grid_umap_2d_y": 10.0, "grid_umap_3d_x": 0.0, "grid_umap_3d_y": 3.0, "grid_umap_3d_z": 3.0, "grid_tsne_1d_x": 128.0, "grid_tsne_2d_x": 2.0, "grid_tsne_2d_y": 2.0, "grid_tsne_3d_x": 2.0, "grid_tsne_3d_y": 7.0, "grid_tsne_3d_z": 4.0, "tile_dir": "tiles/0128" }, "geometry": { "type": "Point", "coordinates": [ -116.340279981379737, 56.506826908097239 ] } },
{ "type": "Feature", "properties": { "index": 129, "lon": -13.805074740449953, "lat": 11.479726026819705, "classification": 126, "subregion_name": "Sub-Saharan Africa", "umap_1d_x": -1.8914918, "umap_2d_x": 9.0748596, "umap_2d_y": 30.406914, "umap_3d_x": 7.4732971, "umap_3d_y": 36.190994, "umap_3d_z": 29.44416, "tsne_1d_x": 20.328316, "tsne_2d_x": 17.080299, "tsne_2d_y": -20.650526, "tsne_3d_x": 18.434616, "tsne_3d_y": -37.56802, "tsne_3d_z": 17.317169, "grid_umap_1d_x": 129.0, "grid_umap_2d_x": 12.0, "grid_umap_2d_y": 21.0, "grid_umap_3d_x": 5.0, "grid_umap_3d_y": 6.0, "grid_umap_3d_z": 6.0, "grid_tsne_1d_x": 129.0, "grid_tsne_2d_x": 13.0, "grid_tsne_2d_y": 11.0, "grid_tsne_3d_x": 5.0, "grid_tsne_3d_y": 0.0, "grid_tsne_3d_z": 6.0, "tile_dir": "tiles/0129" }, "geometry": { "type": "Point", "coordinates": [ -13.805074740449953, 11.479726026819705 ] } },
{ "type": "Feature", "properties": { "index": 130, "lon": -158.36338022163392, "lat": 62.567004583476972, "classification": 116, "subregion_name": "Unknown", "umap_1d_x": 20.241499, "umap_2d_x": -34.320042, "umap_2d_y": -12.767292, "umap_3d_x": -42.127502, "umap_3d_y": -9.1379509, "umap_3d_z": -23.995213, "tsne_1d_x": -47.701553, "tsne_2d_x": -21.912268, "tsne_2d_y": 9.2923355, "tsne_3d_x": -21.889088, "tsne_3d_y": 22.646858, "tsne_3d_z": 20.849899, "grid_umap_1d_x": 130.0, "grid_umap_2d_x": 0.0, "grid_umap_2d_y": 0.0, "grid_umap_3d_x": 3.0, "grid_umap_3d_y": 1.0, "grid_umap_3d_z": 2.0, "grid_tsne_1d_x": 130.0, "grid_tsne_2d_x": 3.0, "grid_tsne_2d_y": 12.0, "grid_tsne_3d_x": 0.0, "grid_tsne_3d_y": 6.0, "grid_tsne_3d_z": 6.0, "tile_dir": "tiles/0130" }, "geometry": { "type": "Point", "coordinates": [ -158.363380221633918, 62.567004583476972 ] } },
{ "type": "Feature", "properties": { "index": 131, "lon": -99.225864402327801, "lat": 30.312044354172713, "classification": 20, "subregion_name": "Unknown", "umap_1d_x": 3.6345627, "umap_2d_x": 0.2479744, "umap_2d_y": 25.243446, "umap_3d_x": -1.7496033, "umap_3d_y": 29.565407, "umap_3d_z": 18.104065, "tsne_1d_x": 2.710238, "tsne_2d_x": 14.942505, "tsne_2d_y": 14.021011, "tsne_3d_x": 4.9278984, "tsne_3d_y": -15.287487, "tsne_3d_z": -3.7725143, "grid_umap_1d_x": 131.0, "grid_umap_2d_x": 5.0, "grid_umap_2d_y": 20.0, "grid_umap_3d_x": 0.0, "grid_umap_3d_y": 7.0, "grid_umap_3d_z": 7.0, "grid_tsne_1d_x": 131.0, "grid_tsne_2d_x": 14.0, "grid_tsne_2d_y": 14.0, "grid_tsne_3d_x": 4.0, "grid_tsne_3d_y": 2.0, "grid_tsne_3d_z": 3.0, "tile_dir": "tiles/0131" }, "geometry": { "type": "Point", "coordinates": [ -99.225864402327801, 30.312044354172713 ] } },
{ "type": "Feature", "properties": { "index": 132, "lon": 160.17706167878634, "lat": -9.073939532536329, "classification": 112, "subregion_name": "Unknown", "umap_1d_x": -5.1791234, "umap_2d_x": 26.041397, "umap_2d_y": 36.522728, "umap_3d_x": 20.996216, "umap_3d_y": 39.121681, "umap_3d_z": 9.2729912, "tsne_1d_x": 33.527122, "tsne_2d_x": 29.285416, "tsne_2d_y": -29.901566, "tsne_3d_x": 31.943436, "tsne_3d_y": -35.877754, "tsne_3d_z": -7.6702766, "grid_umap_1d_x": 132.0, "grid_umap_2d_x": 18.0, "grid_umap_2d_y": 22.0, "grid_umap_3d_x": 5.0, "grid_umap_3d_y": 7.0, "grid_umap_3d_z": 3.0, "grid_tsne_1d_x": 132.0, "grid_tsne_2d_x": 16.0, "grid_tsne_2d_y": 5.0, "grid_tsne_3d_x": 6.0, "grid_tsne_3d_y": 0.0, "grid_tsne_3d_z": 3.0, "tile_dir": "tiles/0132" }, "geometry": { "type": "Point", "coordinates": [ 160.177061678786345, -9.073939532536329 ] } },
{ "type": "Feature", "properties": { "index": 133, "lon": 37.867240863445261, "lat": -5.289574093382619, "classification": 20, "subregion_name": "Sub-Saharan Africa", "umap_1d_x": -13.532897, "umap_2d_x": 47.097847, "umap_2d_y": -22.392576, "umap_3d_x": 37.375305, "umap_3d_y": -14.79982, "umap_3d_z": 31.224091, "tsne_1d_x": 53.578232, "tsne_2d_x": 33.649948, "tsne_2d_y": 7.6546021, "tsne_3d_x": -12.031036, "tsne_3d_y": -36.524006, "tsne_3d_z": -8.7954865, "grid_umap_1d_x": 133.0, "grid_umap_2d_x": 21.0, "grid_umap_2d_y": 4.0, "grid_umap_3d_x": 4.0, "grid_umap_3d_y": 1.0, "grid_umap_3d_z": 7.0, "grid_tsne_1d_x": 133.0, "grid_tsne_2d_x": 18.0, "grid_tsne_2d_y": 12.0, "grid_tsne_3d_x": 1.0, "grid_tsne_3d_y": 0.0, "grid_tsne_3d_z": 3.0, "tile_dir": "tiles/0133" }, "geometry": { "type": "Point", "coordinates": [ 37.867240863445261, -5.289574093382619 ] } },
{ "type": "Feature", "properties": { "index": 134, "lon": -121.97338424192986, "lat": 49.36663623942691, "classification": 111, "subregion_name": "Northern America", "umap_1d_x": 13.28898, "umap_2d_x": -24.238195, "umap_2d_y": -0.1488533, "umap_3d_x": -34.1408, "umap_3d_y": -3.4811707, "umap_3d_z": 1.21064, "tsne_1d_x": -24.369827, "tsne_2d_x": -9.7913551, "tsne_2d_y": 4.9023209, "tsne_3d_x": -19.958767, "tsne_3d_y": 1.3359261, "tsne_3d_z": -2.1497841, "grid_umap_1d_x": 134.0, "grid_umap_2d_x": 0.0, "grid_umap_2d_y": 6.0, "grid_umap_3d_x": 0.0, "grid_umap_3d_y": 1.0, "grid_umap_3d_z": 6.0, "grid_tsne_1d_x": 134.0, "grid_tsne_2d_x": 0.0, "grid_tsne_2d_y": 8.0, "grid_tsne_3d_x": 1.0, "grid_tsne_3d_y": 4.0, "grid_tsne_3d_z": 3.0, "tile_dir": "tiles/0134" }, "geometry": { "type": "Point", "coordinates": [ -121.973384241929864, 49.36663623942691 ] } },
{ "type": "Feature", "properties": { "index": 135, "lon": -102.96902901617018, "lat": 19.059678287831616, "classification": 20, "subregion_name": "Latin America and the Caribbean", "umap_1d_x": -0.41786236, "umap_2d_x": 3.8047981, "umap_2d_y": 36.597977, "umap_3d_x": 3.1217041, "umap_3d_y": 35.874023, "umap_3d_z": 20.868309, "tsne_1d_x": 10.993283, "tsne_2d_x": 10.019672, "tsne_2d_y": -31.607958, "tsne_3d_x": 15.492775, "tsne_3d_y": -24.226055, "tsne_3d_z": 16.259033, "grid_umap_1d_x": 135.0, "grid_umap_2d_x": 8.0, "grid_umap_2d_y": 22.0, "grid_umap_3d_x": 2.0, "grid_umap_3d_y": 7.0, "grid_umap_3d_z": 6.0, "grid_tsne_1d_x": 135.0, "grid_tsne_2d_x": 11.0, "grid_tsne_2d_y": 5.0, "grid_tsne_3d_x": 5.0, "grid_tsne_3d_y": 0.0, "grid_tsne_3d_z": 7.0, "tile_dir": "tiles/0135" }, "geometry": { "type": "Point", "coordinates": [ -102.969029016170182, 19.059678287831616 ] } },
{ "type": "Feature", "properties": { "index": 136, "lon": 30.981963821469947, "lat": 7.7824520786135309, "classification": 30, "subregion_name": "Unknown", "umap_1d_x": -2.6677599, "umap_2d_x": 11.351788, "umap_2d_y": 24.395233, "umap_3d_x": 7.7608185, "umap_3d_y": 31.436966, "umap_3d_z": 37.076881, "tsne_1d_x": 22.697981, "tsne_2d_x": 12.712914, "tsne_2d_y": -11.629452, "tsne_3d_x": 14.672783, "tsne_3d_y": -49.227917, "tsne_3d_z": 25.311592, "grid_umap_1d_x": 136.0, "grid_umap_2d_x": 15.0, "grid_umap_2d_y": 13.0, "grid_umap_3d_x": 3.0, "grid_umap_3d_y": 4.0, "grid_umap_3d_z": 6.0, "grid_tsne_1d_x": 136.0, "grid_tsne_2d_x": 12.0, "grid_tsne_2d_y": 8.0, "grid_tsne_3d_x": 4.0, "grid_tsne_3d_y": 0.0, "grid_tsne_3d_z": 7.0, "tile_dir": "tiles/0136" }, "geometry": { "type": "Point", "coordinates": [ 30.981963821469947, 7.782452078613531 ] } },
{ "type": "Feature", "properties": { "index": 137, "lon": -140.64217789233717, "lat": 62.974647102262807, "classification": 126, "subregion_name": "Northern America", "umap_1d_x": 17.651577, "umap_2d_x": -43.104416, "umap_2d_y": -6.7037964, "umap_3d_x": -46.317978, "umap_3d_y": 6.259697, "umap_3d_z": -34.863811, "tsne_1d_x": -59.78112, "tsne_2d_x": -35.851292, "tsne_2d_y": 23.885666, "tsne_3d_x": 10.871601, "tsne_3d_y": 22.730179, "tsne_3d_z": 29.228592, "grid_umap_1d_x": 137.0, "grid_umap_2d_x": 8.0, "grid_umap_2d_y": 7.0, "grid_umap_3d_x": 3.0, "grid_umap_3d_y": 3.0, "grid_umap_3d_z": 2.0, "grid_tsne_1d_x": 137.0, "grid_tsne_2d_x": 6.0, "grid_tsne_2d_y": 17.0, "grid_tsne_3d_x": 5.0, "grid_tsne_3d_y": 4.0, "grid_tsne_3d_z": 5.0, "tile_dir": "tiles/0137" }, "geometry": { "type": "Point", "coordinates": [ -140.642177892337173, 62.974647102262807 ] } },
{ "type": "Feature", "properties": { "index": 138, "lon": 105.87820657292195, "lat": 24.068931376788356, "classification": 126, "subregion_name": "Unknown", "umap_1d_x": 4.3870959, "umap_2d_x": -5.8792191, "umap_2d_y": 33.783707, "umap_3d_x": -6.1509361, "umap_3d_y": 30.742722, "umap_3d_z": 1.637249, "tsne_1d_x": 5.7312679, "tsne_2d_x": -0.32060623, "tsne_2d_y": -35.298378, "tsne_3d_x": 38.802628, "tsne_3d_y": -12.523006, "tsne_3d_z": 7.7149391, "grid_umap_1d_x": 138.0, "grid_umap_2d_x": 5.0, "grid_umap_2d_y": 21.0, "grid_umap_3d_x": 3.0, "grid_umap_3d_y": 7.0, "grid_umap_3d_z": 3.0, "grid_tsne_1d_x": 138.0, "grid_tsne_2d_x": 8.0, "grid_tsne_2d_y": 0.0, "grid_tsne_3d_x": 6.0, "grid_tsne_3d_y": 3.0, "grid_tsne_3d_z": 4.0, "tile_dir": "tiles/0138" }, "geometry": { "type": "Point", "coordinates": [ 105.878206572921954, 24.068931376788356 ] } },
{ "type": "Feature", "properties": { "index": 139, "lon": 124.76623975286009, "lat": 42.961187694726704, "classification": 40, "subregion_name": "Unknown", "umap_1d_x": 8.6642475, "umap_2d_x": -15.960651, "umap_2d_y": 30.412987, "umap_3d_x": -15.128082, "umap_3d_y": 23.97316, "umap_3d_z": -7.3679237, "tsne_1d_x": -8.5318785, "tsne_2d_x": -8.3441925, "tsne_2d_y": -22.664377, "tsne_3d_x": 35.423462, "tsne_3d_y": 9.4591866, "tsne_3d_z": 12.238808, "grid_umap_1d_x": 139.0, "grid_umap_2d_x": 2.0, "grid_umap_2d_y": 20.0, "grid_umap_3d_x": 2.0, "grid_umap_3d_y": 7.0, "grid_umap_3d_z": 1.0, "grid_tsne_1d_x": 139.0, "grid_tsne_2d_x": 4.0, "grid_tsne_2d_y": 0.0, "grid_tsne_3d_x": 6.0, "grid_tsne_3d_y": 5.0, "grid_tsne_3d_z": 4.0, "tile_dir": "tiles/0139" }, "geometry": { "type": "Point", "coordinates": [ 124.766239752860088, 42.961187694726704 ] } },
{ "type": "Feature", "properties": { "index": 140, "lon": 24.004942090846868, "lat": -12.377670675134084, "classification": 114, "subregion_name": "Sub-Saharan Africa", "umap_1d_x": -13.163532, "umap_2d_x": 47.507339, "umap_2d_y": -17.978165, "umap_3d_x": 36.686325, "umap_3d_y": -11.034431, "umap_3d_z": 27.385086, "tsne_1d_x": 52.513565, "tsne_2d_x": 38.329338, "tsne_2d_y": 6.3540154, "tsne_3d_x": -1.8853569, "tsne_3d_y": -35.547466, "tsne_3d_z": -18.683159, "grid_umap_1d_x": 140.0, "grid_umap_2d_x": 16.0, "grid_umap_2d_y": 11.0, "grid_umap_3d_x": 7.0, "grid_umap_3d_y": 1.0, "grid_umap_3d_z": 7.0, "grid_tsne_1d_x": 140.0, "grid_tsne_2d_x": 14.0, "grid_tsne_2d_y": 13.0, "grid_tsne_3d_x": 3.0, "grid_tsne_3d_y": 2.0, "grid_tsne_3d_z": 3.0, "tile_dir": "tiles/0140" }, "geometry": { "type": "Point", "coordinates": [ 24.004942090846868, -12.377670675134084 ] } },
{ "type": "Feature", "properties": { "index": 141, "lon": -101.3747352000813, "lat": 59.512868711157154, "classification": 20, "subregion_name": "Northern America", "umap_1d_x": 16.993702, "umap_2d_x": -40.935234, "umap_2d_y": -8.2263031, "umap_3d_x": -48.783825, "umap_3d_y": -0.12825394, "umap_3d_z": -32.392349, "tsne_1d_x": -52.852501, "tsne_2d_x": -31.666214, "tsne_2d_y": 16.397629, "tsne_3d_x": -3.052536, "tsne_3d_y": 24.901169, "tsne_3d_z": 23.18692, "grid_umap_1d_x": 141.0, "grid_umap_2d_x": 8.0, "grid_umap_2d_y": 6.0, "grid_umap_3d_x": 0.0, "grid_umap_3d_y": 2.0, "grid_umap_3d_z": 0.0, "grid_tsne_1d_x": 141.0, "grid_tsne_2d_x": 4.0, "grid_tsne_2d_y": 15.0, "grid_tsne_3d_x": 3.0, "grid_tsne_3d_y": 5.0, "grid_tsne_3d_z": 5.0, "tile_dir": "tiles/0141" }, "geometry": { "type": "Point", "coordinates": [ -101.374735200081304, 59.512868711157154 ] } },
{ "type": "Feature", "properties": { "index": 142, "lon": 127.14493989614277, "lat": 63.145550545471124, "classification": 113, "subregion_name": "Eastern Europe", "umap_1d_x": 15.724154, "umap_2d_x": -41.829201, "umap_2d_y": 13.371719, "umap_3d_x": -48.103397, "umap_3d_y": 21.409569, "umap_3d_z": -15.434879, "tsne_1d_x": -43.535629, "tsne_2d_x": -41.85289, "tsne_2d_y": 0.89597702, "tsne_3d_x": 9.2994156, "tsne_3d_y": 39.662476, "tsne_3d_z": 11.952496, "grid_umap_1d_x": 142.0, "grid_umap_2d_x": 6.0, "grid_umap_2d_y": 15.0, "grid_umap_3d_x": 0.0, "grid_umap_3d_y": 7.0, "grid_umap_3d_z": 3.0, "grid_tsne_1d_x": 142.0, "grid_tsne_2d_x": 1.0, "grid_tsne_2d_y": 10.0, "grid_tsne_3d_x": 5.0, "grid_tsne_3d_y": 5.0, "grid_tsne_3d_z": 3.0, "tile_dir": "tiles/0142" }, "geometry": { "type": "Point", "coordinates": [ 127.144939896142773, 63.145550545471124 ] } },
{ "type": "Feature", "properties": { "index": 143, "lon": 29.894253000331389, "lat": 53.534275957316197, "classification": 111, "subregion_name": "Eastern Europe", "umap_1d_x": 20.969011, "umap_2d_x": -27.695574, "umap_2d_y": -7.044323, "umap_3d_x": -39.843723, "umap_3d_y": -13.757591, "umap_3d_z": -2.7857857, "tsne_1d_x": -27.20153, "tsne_2d_x": -19.662725, "tsne_2d_y": -13.766659, "tsne_3d_x": -32.006275, "tsne_3d_y": 22.721321, "tsne_3d_z": -4.1880531, "grid_umap_1d_x": 143.0, "grid_umap_2d_x": 0.0, "grid_umap_2d_y": 2.0, "grid_umap_3d_x": 2.0, "grid_umap_3d_y": 0.0, "grid_umap_3d_z": 6.0, "grid_tsne_1d_x": 143.0, "grid_tsne_2d_x": 7.0, "grid_tsne_2d_y": 5.0, "grid_tsne_3d_x": 0.0, "grid_tsne_3d_y": 6.0, "grid_tsne_3d_z": 1.0, "tile_dir": "tiles/0143" }, "geometry": { "type": "Point", "coordinates": [ 29.894253000331389, 53.534275957316197 ] } },
{ "type": "Feature", "properties": { "index": 144, "lon": 112.57097270097898, "lat": 55.796992143419686, "classification": 30, "subregion_name": "Eastern Europe", "umap_1d_x": 19.613508, "umap_2d_x": -46.081047, "umap_2d_y": -2.7226601, "umap_3d_x": -45.924595, "umap_3d_y": 17.31781, "umap_3d_z": -40.153351, "tsne_1d_x": -75.428886, "tsne_2d_x": -48.483025, "tsne_2d_y": 30.413193, "tsne_3d_x": 5.2802391, "tsne_3d_y": 43.03907, "tsne_3d_z": 49.46917, "grid_umap_1d_x": 144.0, "grid_umap_2d_x": 4.0, "grid_umap_2d_y": 8.0, "grid_umap_3d_x": 2.0, "grid_umap_3d_y": 5.0, "grid_umap_3d_z": 0.0, "grid_tsne_1d_x": 144.0, "grid_tsne_2d_x": 10.0, "grid_tsne_2d_y": 17.0, "grid_tsne_3d_x": 4.0, "grid_tsne_3d_y": 6.0, "grid_tsne_3d_z": 7.0, "tile_dir": "tiles/0144" }, "geometry": { "type": "Point", "coordinates": [ 112.570972700978984, 55.796992143419686 ] } },
{ "type": "Feature", "properties": { "index": 145, "lon": -70.677106117385463, "lat": 54.972308168096419, "classification": 121, "subregion_name": "Northern America", "umap_1d_x": 17.189053, "umap_2d_x": -40.221916, "umap_2d_y": -13.591183, "umap_3d_x": -46.903988, "umap_3d_y": -2.9962616, "umap_3d_z": -36.52319, "tsne_1d_x": -55.059761, "tsne_2d_x": -29.230659, "tsne_2d_y": 20.50972, "tsne_3d_x": -11.727558, "tsne_3d_y": 25.170746, "tsne_3d_z": 30.558411, "grid_umap_1d_x": 145.0, "grid_umap_2d_x": 8.0, "grid_umap_2d_y": 4.0, "grid_umap_3d_x": 1.0, "grid_umap_3d_y": 1.0, "grid_umap_3d_z": 0.0, "grid_tsne_1d_x": 145.0, "grid_tsne_2d_x": 2.0, "grid_tsne_2d_y": 17.0, "grid_tsne_3d_x": 1.0, "grid_tsne_3d_y": 6.0, "grid_tsne_3d_z": 7.0, "tile_dir": "tiles/0145" }, "geometry": { "type": "Point", "coordinates": [ -70.677106117385463, 54.972308168096419 ] } },
{ "type": "Feature", "properties": { "index": 146, "lon": -122.06464665872628, "lat": 55.722762218508109, "classification": 111, "subregion_name": "Northern America", "umap_1d_x": 14.076158, "umap_2d_x": -33.734127, "umap_2d_y": 5.210434, "umap_3d_x": -43.925667, "umap_3d_y": 4.0783157, "umap_3d_z": -4.650959, "tsne_1d_x": -36.236057, "tsne_2d_x": -32.289639, "tsne_2d_y": -23.137001, "tsne_3d_x": -1.7821693, "tsne_3d_y": 19.638428, "tsne_3d_z": -8.0583382, "grid_umap_1d_x": 146.0, "grid_umap_2d_x": 4.0, "grid_umap_2d_y": 11.0, "grid_umap_3d_x": 0.0, "grid_umap_3d_y": 3.0, "grid_umap_3d_z": 4.0, "grid_tsne_1d_x": 146.0, "grid_tsne_2d_x": 0.0, "grid_tsne_2d_y": 0.0, "grid_tsne_3d_x": 3.0, "grid_tsne_3d_y": 7.0, "grid_tsne_3d_z": 0.0, "tile_dir": "tiles/0146" }, "geometry": { "type": "Point", "coordinates": [ -122.064646658726275, 55.722762218508109 ] } },
{ "type": "Feature", "properties": { "index": 147, "lon": 37.014330928844259, "lat": 64.835540083827965, "classification": 111, "subregion_name": "Eastern Europe", "umap_1d_x": 20.443804, "umap_2d_x": -33.128017, "umap_2d_y": -15.057476, "umap_3d_x": -40.649719, "umap_3d_y": -9.7719765, "umap_3d_z": -23.570009, "tsne_1d_x": -47.999741, "tsne_2d_x": -21.118864, "tsne_2d_y": 13.34557, "tsne_3d_x": -27.89637, "tsne_3d_y": 21.505669, "tsne_3d_z": 22.049828, "grid_umap_1d_x": 147.0, "grid_umap_2d_x": 7.0, "grid_umap_2d_y": 1.0, "grid_umap_3d_x": 1.0, "grid_umap_3d_y": 0.0, "grid_umap_3d_z": 0.0, "grid_tsne_1d_x": 147.0, "grid_tsne_2d_x": 6.0, "grid_tsne_2d_y": 14.0, "grid_tsne_3d_x": 0.0, "grid_tsne_3d_y": 5.0, "grid_tsne_3d_z": 6.0, "tile_dir": "tiles/0147" }, "geometry": { "type": "Point", "coordinates": [ 37.014330928844259, 64.835540083827965 ] } },
{ "type": "Feature", "properties": { "index": 148, "lon": -55.715132042844473, "lat": 5.4040836921009401, "classification": 112, "subregion_name": "Latin America and the Caribbean", "umap_1d_x": -7.7054729, "umap_2d_x": 35.194145, "umap_2d_y": 33.46376, "umap_3d_x": 30.600815, "umap_3d_y": 47.52269, "umap_3d_z": 1.819931, "tsne_1d_x": 40.716434, "tsne_2d_x": 46.001801, "tsne_2d_y": -32.402397, "tsne_3d_x": 43.974228, "tsne_3d_y": -45.492535, "tsne_3d_z": -33.393349, "grid_umap_1d_x": 148.0, "grid_umap_2d_x": 20.0, "grid_umap_2d_y": 17.0, "grid_umap_3d_x": 5.0, "grid_umap_3d_y": 6.0, "grid_umap_3d_z": 1.0, "grid_tsne_1d_x": 148.0, "grid_tsne_2d_x": 19.0, "grid_tsne_2d_y": 6.0, "grid_tsne_3d_x": 5.0, "grid_tsne_3d_y": 4.0, "grid_tsne_3d_z": 2.0, "tile_dir": "tiles/0148" }, "geometry": { "type": "Point", "coordinates": [ -55.715132042844473, 5.40408369210094 ] } },
{ "type": "Feature", "properties": { "index": 149, "lon": 107.94203684503412, "lat": 24.013335394315902, "classification": 112, "subregion_name": "Unknown", "umap_1d_x": 4.5676403, "umap_2d_x": -6.746769, "umap_2d_y": 32.929031, "umap_3d_x": -6.831337, "umap_3d_y": 30.676598, "umap_3d_z": 1.4131432, "tsne_1d_x": 5.2613535, "tsne_2d_x": -1.6916618, "tsne_2d_y": -36.2901, "tsne_3d_x": 43.026283, "tsne_3d_y": -10.866577, "tsne_3d_z": 8.2431145, "grid_umap_1d_x": 149.0, "grid_umap_2d_x": 4.0, "grid_umap_2d_y": 21.0, "grid_umap_3d_x": 2.0, "grid_umap_3d_y": 7.0, "grid_umap_3d_z": 3.0, "grid_tsne_1d_x": 149.0, "grid_tsne_2d_x": 8.0, "grid_tsne_2d_y": 3.0, "grid_tsne_3d_x": 6.0, "grid_tsne_3d_y": 4.0, "grid_tsne_3d_z": 4.0, "tile_dir": "tiles/0149" }, "geometry": { "type": "Point", "coordinates": [ 107.942036845034124, 24.013335394315902 ] } },
{ "type": "Feature", "properties": { "index": 150, "lon": -74.966260812305748, "lat": 41.304162575484554, "classification": 114, "subregion_name": "Unknown", "umap_1d_x": 9.9047527, "umap_2d_x": -24.754101, "umap_2d_y": 15.067879, "umap_3d_x": -24.071451, "umap_3d_y": 5.3002663, "umap_3d_z": -26.853439, "tsne_1d_x": -13.787339, "tsne_2d_x": -7.7111206, "tsne_2d_y": -3.4310493, "tsne_3d_x": 13.599384, "tsne_3d_y": 6.8296356, "tsne_3d_z": -4.2439842, "grid_umap_1d_x": 150.0, "grid_umap_2d_x": 6.0, "grid_umap_2d_y": 16.0, "grid_umap_3d_x": 6.0, "grid_umap_3d_y": 3.0, "grid_umap_3d_z": 0.0, "grid_tsne_1d_x": 150.0, "grid_tsne_2d_x": 4.0, "grid_tsne_2d_y": 4.0, "grid_tsne_3d_x": 7.0, "grid_tsne_3d_y": 6.0, "grid_tsne_3d_z": 0.0, "tile_dir": "tiles/0150" }, "geometry": { "type": "Point", "coordinates": [ -74.966260812305748, 41.304162575484554 ] } },
{ "type": "Feature", "properties": { "index": 151, "lon": 33.161354078528007, "lat": 36.22089944820803, "classification": 111, "subregion_name": "Western Asia", "umap_1d_x": 6.7175989, "umap_2d_x": -16.241741, "umap_2d_y": 1.0087852, "umap_3d_x": -25.259272, "umap_3d_y": -4.1408234, "umap_3d_z": 7.5293617, "tsne_1d_x": -3.5969412, "tsne_2d_x": -0.50064468, "tsne_2d_y": 12.670944, "tsne_3d_x": -21.989277, "tsne_3d_y": -10.539253, "tsne_3d_z": 2.5127754, "grid_umap_1d_x": 151.0, "grid_umap_2d_x": 14.0, "grid_umap_2d_y": 9.0, "grid_umap_3d_x": 1.0, "grid_umap_3d_y": 1.0, "grid_umap_3d_z": 6.0, "grid_tsne_1d_x": 151.0, "grid_tsne_2d_x": 6.0, "grid_tsne_2d_y": 13.0, "grid_tsne_3d_x": 0.0, "grid_tsne_3d_y": 2.0, "grid_tsne_3d_z": 4.0, "tile_dir": "tiles/0151" }, "geometry": { "type": "Point", "coordinates": [ 33.161354078528007, 36.22089944820803 ] } },
{ "type": "Feature", "properties": { "index": 152, "lon": 100.21088871085635, "lat": 17.412516851478031, "classification": 40, "subregion_name": "South-eastern Asia", "umap_1d_x": 0.51586765, "umap_2d_x": 8.162056, "umap_2d_y": 43.397995, "umap_3d_x": 3.9211617, "umap_3d_y": 46.148315, "umap_3d_z": 27.531097, "tsne_1d_x": 16.445107, "tsne_2d_x": 16.560898, "tsne_2d_y": -38.765381, "tsne_3d_x": 32.090126, "tsne_3d_y": -34.797787, "tsne_3d_z": 23.75222, "grid_umap_1d_x": 152.0, "grid_umap_2d_x": 15.0, "grid_umap_2d_y": 18.0, "grid_umap_3d_x": 3.0, "grid_umap_3d_y": 5.0, "grid_umap_3d_z": 5.0, "grid_tsne_1d_x": 152.0, "grid_tsne_2d_x": 13.0, "grid_tsne_2d_y": 7.0, "grid_tsne_3d_x": 7.0, "grid_tsne_3d_y": 1.0, "grid_tsne_3d_z": 7.0, "tile_dir": "tiles/0152" }, "geometry": { "type": "Point", "coordinates": [ 100.210888710856352, 17.412516851478031 ] } },
{ "type": "Feature", "properties": { "index": 153, "lon": 121.67612906084798, "lat": -23.536887846592926, "classification": 30, "subregion_name": "Unknown", "umap_1d_x": -20.737867, "umap_2d_x": 42.232498, "umap_2d_y": -49.272179, "umap_3d_x": 48.041496, "umap_3d_y": -48.631977, "umap_3d_z": 26.436714, "tsne_1d_x": 80.652191, "tsne_2d_x": 45.334801, "tsne_2d_y": 44.065125, "tsne_3d_x": -45.524948, "tsne_3d_y": -17.491371, "tsne_3d_z": -17.65189, "grid_umap_1d_x": 153.0, "grid_umap_2d_x": 16.0, "grid_umap_2d_y": 0.0, "grid_umap_3d_x": 5.0, "grid_umap_3d_y": 0.0, "grid_umap_3d_z": 5.0, "grid_tsne_1d_x": 153.0, "grid_tsne_2d_x": 18.0, "grid_tsne_2d_y": 20.0, "grid_tsne_3d_x": 1.0, "grid_tsne_3d_y": 2.0, "grid_tsne_3d_z": 3.0, "tile_dir": "tiles/0153" }, "geometry": { "type": "Point", "coordinates": [ 121.676129060847984, -23.536887846592926 ] } },
{ "type": "Feature", "properties": { "index": 154, "lon": 109.44273307770652, "lat": 30.074697200703284, "classification": 40, "subregion_name": "Unknown", "umap_1d_x": 4.5367546, "umap_2d_x": -6.7307663, "umap_2d_y": 33.560455, "umap_3d_x": -6.6592522, "umap_3d_y": 30.450371, "umap_3d_z": 1.0291405, "tsne_1d_x": 5.2302132, "tsne_2d_x": -0.85045242, "tsne_2d_y": -35.161091, "tsne_3d_x": 38.87957, "tsne_3d_y": -10.12339, "tsne_3d_z": 7.813858, "grid_umap_1d_x": 154.0, "grid_umap_2d_x": 7.0, "grid_umap_2d_y": 18.0, "grid_umap_3d_x": 3.0, "grid_umap_3d_y": 6.0, "grid_umap_3d_z": 3.0, "grid_tsne_1d_x": 154.0, "grid_tsne_2d_x": 8.0, "grid_tsne_2d_y": 2.0, "grid_tsne_3d_x": 5.0, "grid_tsne_3d_y": 4.0, "grid_tsne_3d_z": 4.0, "tile_dir": "tiles/0154" }, "geometry": { "type": "Point", "coordinates": [ 109.442733077706521, 30.074697200703284 ] } },
{ "type": "Feature", "properties": { "index": 155, "lon": 34.602114354892052, "lat": -17.769643285978653, "classification": 124, "subregion_name": "Sub-Saharan Africa", "umap_1d_x": -14.69318, "umap_2d_x": 41.402832, "umap_2d_y": -18.230036, "umap_3d_x": 43.74865, "umap_3d_y": -9.3371773, "umap_3d_z": 25.195404, "tsne_1d_x": 59.46154, "tsne_2d_x": 44.238625, "tsne_2d_y": 16.500641, "tsne_3d_x": -8.3988724, "tsne_3d_y": -29.20657, "tsne_3d_z": -30.899309, "grid_umap_1d_x": 155.0, "grid_umap_2d_x": 17.0, "grid_umap_2d_y": 8.0, "grid_umap_3d_x": 6.0, "grid_umap_3d_y": 3.0, "grid_umap_3d_z": 4.0, "grid_tsne_1d_x": 155.0, "grid_tsne_2d_x": 15.0, "grid_tsne_2d_y": 14.0, "grid_tsne_3d_x": 3.0, "grid_tsne_3d_y": 3.0, "grid_tsne_3d_z": 2.0, "tile_dir": "tiles/0155" }, "geometry": { "type": "Point", "coordinates": [ 34.602114354892052, -17.769643285978653 ] } },
{ "type": "Feature", "properties": { "index": 156, "lon": 98.461221763018727, "lat": 8.8676336368521476, "classification": 112, "subregion_name": "South-eastern Asia", "umap_1d_x": -1.1585984, "umap_2d_x": 5.8103981, "umap_2d_y": 33.906624, "umap_3d_x": 6.0991402, "umap_3d_y": 35.022827, "umap_3d_z": 15.825798, "tsne_1d_x": 10.009809, "tsne_2d_x": 15.734154, "tsne_2d_y": -27.219019, "tsne_3d_x": 26.045456, "tsne_3d_y": -31.905798, "tsne_3d_z": 1.1461067, "grid_umap_1d_x": 156.0, "grid_umap_2d_x": 10.0, "grid_umap_2d_y": 20.0, "grid_umap_3d_x": 4.0, "grid_umap_3d_y": 6.0, "grid_umap_3d_z": 4.0, "grid_tsne_1d_x": 156.0, "grid_tsne_2d_x": 13.0, "grid_tsne_2d_y": 8.0, "grid_tsne_3d_x": 6.0, "grid_tsne_3d_y": 1.0, "grid_tsne_3d_z": 4.0, "tile_dir": "tiles/0156" }, "geometry": { "type": "Point", "coordinates": [ 98.461221763018727, 8.867633636852148 ] } },
{ "type": "Feature", "properties": { "index": 157, "lon": 34.141738896137923, "lat": -7.8085829282694021, "classification": 124, "subregion_name": "Sub-Saharan Africa", "umap_1d_x": -13.393725, "umap_2d_x": 46.671761, "umap_2d_y": -19.522043, "umap_3d_x": 38.027687, "umap_3d_y": -12.296852, "umap_3d_z": 27.981331, "tsne_1d_x": 52.998672, "tsne_2d_x": 37.754356, "tsne_2d_y": 8.1218491, "tsne_3d_x": -5.0984726, "tsne_3d_y": -33.537865, "tsne_3d_z": -18.013134, "grid_umap_1d_x": 157.0, "grid_umap_2d_x": 19.0, "grid_umap_2d_y": 7.0, "grid_umap_3d_x": 6.0, "grid_umap_3d_y": 1.0, "grid_umap_3d_z": 6.0, "grid_tsne_1d_x": 157.0, "grid_tsne_2d_x": 20.0, "grid_tsne_2d_y": 12.0, "grid_tsne_3d_x": 2.0, "grid_tsne_3d_y": 0.0, "grid_tsne_3d_z": 1.0, "tile_dir": "tiles/0157" }, "geometry": { "type": "Point", "coordinates": [ 34.141738896137923, -7.808582928269402 ] } },
{ "type": "Feature", "properties": { "index": 158, "lon": -14.82180335759719, "lat": 11.319533653737878, "classification": 20, "subregion_name": "Sub-Saharan Africa", "umap_1d_x": -1.8840083, "umap_2d_x": 9.1149254, "umap_2d_y": 30.52137, "umap_3d_x": 7.2516136, "umap_3d_y": 36.752579, "umap_3d_z": 30.41967, "tsne_1d_x": 19.921932, "tsne_2d_x": 18.132034, "tsne_2d_y": -21.705538, "tsne_3d_x": 20.099846, "tsne_3d_y": -35.399216, "tsne_3d_z": 18.058266, "grid_umap_1d_x": 158.0, "grid_umap_2d_x": 14.0, "grid_umap_2d_y": 16.0, "grid_umap_3d_x": 4.0, "grid_umap_3d_y": 4.0, "grid_umap_3d_z": 5.0, "grid_tsne_1d_x": 158.0, "grid_tsne_2d_x": 15.0, "grid_tsne_2d_y": 3.0, "grid_tsne_3d_x": 5.0, "grid_tsne_3d_y": 1.0, "grid_tsne_3d_z": 6.0, "tile_dir": "tiles/0158" }, "geometry": { "type": "Point", "coordinates": [ -14.82180335759719, 11.319533653737878 ] } },
{ "type": "Feature", "properties": { "index": 159, "lon": 74.087342136807877, "lat": 27.053249265262068, "classification": 40, "subregion_name": "Southern Asia", "umap_1d_x": 1.0023674, "umap_2d_x": 4.6086502, "umap_2d_y": 47.131439, "umap_3d_x": -0.7677536, "umap_3d_y": 43.326736, "umap_3d_z": 28.693573, "tsne_1d_x": 13.839857, "tsne_2d_x": 11.80835, "tsne_2d_y": -44.970928, "tsne_3d_x": 28.45433, "tsne_3d_y": -23.924473, "tsne_3d_z": 31.351997, "grid_umap_1d_x": 159.0, "grid_umap_2d_x": 13.0, "grid_umap_2d_y": 22.0, "grid_umap_3d_x": 1.0, "grid_umap_3d_y": 7.0, "grid_umap_3d_z": 7.0, "grid_tsne_1d_x": 159.0, "grid_tsne_2d_x": 11.0, "grid_tsne_2d_y": 3.0, "grid_tsne_3d_x": 5.0, "grid_tsne_3d_y": 3.0, "grid_tsne_3d_z": 7.0, "tile_dir": "tiles/0159" }, "geometry": { "type": "Point", "coordinates": [ 74.087342136807877, 27.053249265262068 ] } },
{ "type": "Feature", "properties": { "index": 160, "lon": 100.44052376404022, "lat": 31.618358380875179, "classification": 111, "subregion_name": "Unknown", "umap_1d_x": 7.9968858, "umap_2d_x": -13.208141, "umap_2d_y": 25.443726, "umap_3d_x": -13.164108, "umap_3d_y": 22.369118, "umap_3d_z": 0.44707108000001, "tsne_1d_x": 1.3459007, "tsne_2d_x": -1.4255028, "tsne_2d_y": -22.958405, "tsne_3d_x": 33.506241, "tsne_3d_y": -6.6075668, "tsne_3d_z": -5.2416611, "grid_umap_1d_x": 160.0, "grid_umap_2d_x": 4.0, "grid_umap_2d_y": 19.0, "grid_umap_3d_x": 1.0, "grid_umap_3d_y": 7.0, "grid_umap_3d_z": 4.0, "grid_tsne_1d_x": 160.0, "grid_tsne_2d_x": 7.0, "grid_tsne_2d_y": 1.0, "grid_tsne_3d_x": 7.0, "grid_tsne_3d_y": 4.0, "grid_tsne_3d_z": 2.0, "tile_dir": "tiles/0160" }, "geometry": { "type": "Point", "coordinates": [ 100.440523764040222, 31.618358380875179 ] } },
{ "type": "Feature", "properties": { "index": 161, "lon": 135.9392797428452, "lat": 45.108745483018708, "classification": 115, "subregion_name": "Eastern Europe", "umap_1d_x": 13.303241, "umap_2d_x": -36.388988, "umap_2d_y": 11.674206, "umap_3d_x": -43.755638, "umap_3d_y": 14.472015, "umap_3d_z": -8.5219688, "tsne_1d_x": -38.929211, "tsne_2d_x": -37.492184, "tsne_2d_y": -13.174789, "tsne_3d_x": 13.75692, "tsne_3d_y": 33.650414, "tsne_3d_z": -6.6807327, "grid_umap_1d_x": 161.0, "grid_umap_2d_x": 4.0, "grid_umap_2d_y": 14.0, "grid_umap_3d_x": 1.0, "grid_umap_3d_y": 5.0, "grid_umap_3d_z": 5.0, "grid_tsne_1d_x": 161.0, "grid_tsne_2d_x": 2.0, "grid_tsne_2d_y": 6.0, "grid_tsne_3d_x": 5.0, "grid_tsne_3d_y": 7.0, "grid_tsne_3d_z": 0.0, "tile_dir": "tiles/0161" }, "geometry": { "type": "Point", "coordinates": [ 135.939279742845201, 45.108745483018708 ] } },
{ "type": "Feature", "properties": { "index": 162, "lon": -75.906946568946779, "lat": 50.392122985172136, "classification": 126, "subregion_name": "Northern America", "umap_1d_x": 17.406813, "umap_2d_x": -40.069069, "umap_2d_y": -16.800999, "umap_3d_x": -45.51162, "umap_3d_y": -5.7674446, "umap_3d_z": -39.115009, "tsne_1d_x": -55.634712, "tsne_2d_x": -25.881569, "tsne_2d_y": 24.05201, "tsne_3d_x": -14.418404, "tsne_3d_y": 17.679375, "tsne_3d_z": 37.982422, "grid_umap_1d_x": 162.0, "grid_umap_2d_x": 6.0, "grid_umap_2d_y": 1.0, "grid_umap_3d_x": 4.0, "grid_umap_3d_y": 0.0, "grid_umap_3d_z": 0.0, "grid_tsne_1d_x": 162.0, "grid_tsne_2d_x": 8.0, "grid_tsne_2d_y": 17.0, "grid_tsne_3d_x": 2.0, "grid_tsne_3d_y": 3.0, "grid_tsne_3d_z": 7.0, "tile_dir": "tiles/0162" }, "geometry": { "type": "Point", "coordinates": [ -75.906946568946779, 50.392122985172136 ] } },
{ "type": "Feature", "properties": { "index": 163, "lon": -61.85835644694609, "lat": -28.24922571174239, "classification": 30, "subregion_name": "Latin America and the Caribbean", "umap_1d_x": -17.056505, "umap_2d_x": 34.443604, "umap_2d_y": -16.940823, "umap_3d_x": 46.973549, "umap_3d_y": -12.177876, "umap_3d_z": 5.9118385, "tsne_1d_x": 66.113731, "tsne_2d_x": 27.892731, "tsne_2d_y": 29.604446, "tsne_3d_x": -10.869358, "tsne_3d_y": -16.227661, "tsne_3d_z": -45.602795, "grid_umap_1d_x": 163.0, "grid_umap_2d_x": 15.0, "grid_umap_2d_y": 8.0, "grid_umap_3d_x": 7.0, "grid_umap_3d_y": 3.0, "grid_umap_3d_z": 0.0, "grid_tsne_1d_x": 163.0, "grid_tsne_2d_x": 16.0, "grid_tsne_2d_y": 19.0, "grid_tsne_3d_x": 3.0, "grid_tsne_3d_y": 4.0, "grid_tsne_3d_z": 0.0, "tile_dir": "tiles/0163" }, "geometry": { "type": "Point", "coordinates": [ -61.85835644694609, -28.24922571174239 ] } },
{ "type": "Feature", "properties": { "index": 164, "lon": 135.66891784342175, "lat": -18.224215572002571, "classification": 30, "subregion_name": "Unknown", "umap_1d_x": -18.87196, "umap_2d_x": 40.256706, "umap_2d_y": -38.025467, "umap_3d_x": 48.73893, "umap_3d_y": -33.602249, "umap_3d_z": 25.428444, "tsne_1d_x": 74.936081, "tsne_2d_x": 45.102036, "tsne_2d_y": 35.013947, "tsne_3d_x": -34.023376, "tsne_3d_y": -22.757673, "tsne_3d_z": -29.017935, "grid_umap_1d_x": 164.0, "grid_umap_2d_x": 15.0, "grid_umap_2d_y": 4.0, "grid_umap_3d_x": 6.0, "grid_umap_3d_y": 0.0, "grid_umap_3d_z": 5.0, "grid_tsne_1d_x": 164.0, "grid_tsne_2d_x": 16.0, "grid_tsne_2d_y": 17.0, "grid_tsne_3d_x": 0.0, "grid_tsne_3d_y": 2.0, "grid_tsne_3d_z": 0.0, "tile_dir": "tiles/0164" }, "geometry": { "type": "Point", "coordinates": [ 135.668917843421752, -18.224215572002571 ] } },
{ "type": "Feature", "properties": { "index": 165, "lon": 35.181799348764628, "lat": 67.17208865271715, "classification": 111, "subregion_name": "Eastern Europe", "umap_1d_x": 20.1726, "umap_2d_x": -34.065178, "umap_2d_y": -12.180153, "umap_3d_x": -42.532597, "umap_3d_y": -8.3961296, "umap_3d_z": -22.343222, "tsne_1d_x": -47.477417, "tsne_2d_x": -23.192373, "tsne_2d_y": 10.000664, "tsne_3d_x": -25.039001, "tsne_3d_y": 26.314018, "tsne_3d_z": 18.766563, "grid_umap_1d_x": 165.0, "grid_umap_2d_x": 12.0, "grid_umap_2d_y": 5.0, "grid_umap_3d_x": 1.0, "grid_umap_3d_y": 1.0, "grid_umap_3d_z": 1.0, "grid_tsne_1d_x": 165.0, "grid_tsne_2d_x": 1.0, "grid_tsne_2d_y": 12.0, "grid_tsne_3d_x": 1.0, "grid_tsne_3d_y": 6.0, "grid_tsne_3d_z": 5.0, "tile_dir": "tiles/0165" }, "geometry": { "type": "Point", "coordinates": [ 35.181799348764628, 67.17208865271715 ] } },
{ "type": "Feature", "properties": { "index": 166, "lon": -47.934166214890354, "lat": -15.631330728120808, "classification": 30, "subregion_name": "Latin America and the Caribbean", "umap_1d_x": -13.991806, "umap_2d_x": 44.200691, "umap_2d_y": -17.313206, "umap_3d_x": 40.89537, "umap_3d_y": -9.4613113, "umap_3d_z": 30.12841, "tsne_1d_x": 56.550323, "tsne_2d_x": 38.196136, "tsne_2d_y": 12.59256, "tsne_3d_x": -5.3672409, "tsne_3d_y": -27.025967, "tsne_3d_z": -19.520035, "grid_umap_1d_x": 166.0, "grid_umap_2d_x": 20.0, "grid_umap_2d_y": 6.0, "grid_umap_3d_x": 7.0, "grid_umap_3d_y": 2.0, "grid_umap_3d_z": 7.0, "grid_tsne_1d_x": 166.0, "grid_tsne_2d_x": 21.0, "grid_tsne_2d_y": 13.0, "grid_tsne_3d_x": 2.0, "grid_tsne_3d_y": 1.0, "grid_tsne_3d_z": 1.0, "tile_dir": "tiles/0166" }, "geometry": { "type": "Point", "coordinates": [ -47.934166214890354, -15.631330728120808 ] } },
{ "type": "Feature", "properties": { "index": 167, "lon": 9.4161231282718063, "lat": -1.8357294534989419, "classification": 112, "subregion_name": "Sub-Saharan Africa", "umap_1d_x": -6.7932429, "umap_2d_x": 31.584503, "umap_2d_y": 36.656036, "umap_3d_x": 28.001282, "umap_3d_y": 39.224731, "umap_3d_z": 4.4628792, "tsne_1d_x": 36.550316, "tsne_2d_x": 39.665535, "tsne_2d_y": -28.882898, "tsne_3d_x": 38.651726, "tsne_3d_y": -39.923023, "tsne_3d_z": -20.017851, "grid_umap_1d_x": 167.0, "grid_umap_2d_x": 20.0, "grid_umap_2d_y": 19.0, "grid_umap_3d_x": 7.0, "grid_umap_3d_y": 6.0, "grid_umap_3d_z": 3.0, "grid_tsne_1d_x": 167.0, "grid_tsne_2d_x": 18.0, "grid_tsne_2d_y": 6.0, "grid_tsne_3d_x": 7.0, "grid_tsne_3d_y": 0.0, "grid_tsne_3d_z": 1.0, "tile_dir": "tiles/0167" }, "geometry": { "type": "Point", "coordinates": [ 9.416123128271806, -1.835729453498942 ] } },
{ "type": "Feature", "properties": { "index": 168, "lon": 118.44089061313394, "lat": 65.952702675111425, "classification": 113, "subregion_name": "Eastern Europe", "umap_1d_x": 18.591476, "umap_2d_x": -48.411766, "umap_2d_y": 3.4264221, "umap_3d_x": -48.943954, "umap_3d_y": 22.053696, "umap_3d_z": -39.323959, "tsne_1d_x": -69.027138, "tsne_2d_x": -44.248318, "tsne_2d_y": 20.646324, "tsne_3d_x": 14.195633, "tsne_3d_y": 35.571053, "tsne_3d_z": 30.476959, "grid_umap_1d_x": 168.0, "grid_umap_2d_x": 0.0, "grid_umap_2d_y": 11.0, "grid_umap_3d_x": 3.0, "grid_umap_3d_y": 6.0, "grid_umap_3d_z": 1.0, "grid_tsne_1d_x": 168.0, "grid_tsne_2d_x": 11.0, "grid_tsne_2d_y": 16.0, "grid_tsne_3d_x": 5.0, "grid_tsne_3d_y": 5.0, "grid_tsne_3d_z": 5.0, "tile_dir": "tiles/0168" }, "geometry": { "type": "Point", "coordinates": [ 118.440890613133945, 65.952702675111425 ] } },
{ "type": "Feature", "properties": { "index": 169, "lon": 84.447521564451279, "lat": 52.522900267341754, "classification": 115, "subregion_name": "Eastern Europe", "umap_1d_x": 14.800659, "umap_2d_x": -33.395039, "umap_2d_y": -3.7516785, "umap_3d_x": -44.846344, "umap_3d_y": -5.0033417, "umap_3d_z": -5.878582, "tsne_1d_x": -33.346733, "tsne_2d_x": -23.879395, "tsne_2d_y": -18.537172, "tsne_3d_x": -16.079407, "tsne_3d_y": 36.384117, "tsne_3d_z": -3.7212181, "grid_umap_1d_x": 169.0, "grid_umap_2d_x": 3.0, "grid_umap_2d_y": 6.0, "grid_umap_3d_x": 2.0, "grid_umap_3d_y": 2.0, "grid_umap_3d_z": 5.0, "grid_tsne_1d_x": 169.0, "grid_tsne_2d_x": 5.0, "grid_tsne_2d_y": 3.0, "grid_tsne_3d_x": 1.0, "grid_tsne_3d_y": 7.0, "grid_tsne_3d_z": 1.0, "tile_dir": "tiles/0169" }, "geometry": { "type": "Point", "coordinates": [ 84.447521564451279, 52.522900267341754 ] } },
{ "type": "Feature", "properties": { "index": 170, "lon": 28.153212987119929, "lat": -32.572534287356568, "classification": 114, "subregion_name": "Sub-Saharan Africa", "umap_1d_x": -16.02597, "umap_2d_x": 37.140228, "umap_2d_y": -20.327494, "umap_3d_x": 43.090897, "umap_3d_y": -12.909191, "umap_3d_z": 12.263668, "tsne_1d_x": 63.222279, "tsne_2d_x": 27.648605, "tsne_2d_y": 20.909912, "tsne_3d_x": 1.6367798, "tsne_3d_y": -11.80547, "tsne_3d_z": -35.929573, "grid_umap_1d_x": 170.0, "grid_umap_2d_x": 19.0, "grid_umap_2d_y": 3.0, "grid_umap_3d_x": 7.0, "grid_umap_3d_y": 2.0, "grid_umap_3d_z": 2.0, "grid_tsne_1d_x": 170.0, "grid_tsne_2d_x": 21.0, "grid_tsne_2d_y": 18.0, "grid_tsne_3d_x": 4.0, "grid_tsne_3d_y": 4.0, "grid_tsne_3d_z": 0.0, "tile_dir": "tiles/0170" }, "geometry": { "type": "Point", "coordinates": [ 28.153212987119929, -32.572534287356568 ] } },
{ "type": "Feature", "properties": { "index": 171, "lon": -68.689641986918787, "lat": 46.46531557095031, "classification": 114, "subregion_name": "Unknown", "umap_1d_x": 17.325226, "umap_2d_x": -38.251602, "umap_2d_y": -15.402588, "umap_3d_x": -44.263878, "umap_3d_y": -6.5060577, "umap_3d_z": -33.086517, "tsne_1d_x": -55.102509, "tsne_2d_x": -24.291462, "tsne_2d_y": 22.779175, "tsne_3d_x": -19.196827, "tsne_3d_y": 16.354156, "tsne_3d_z": 37.174805, "grid_umap_1d_x": 171.0, "grid_umap_2d_x": 5.0, "grid_umap_2d_y": 1.0, "grid_umap_3d_x": 3.0, "grid_umap_3d_y": 0.0, "grid_umap_3d_z": 0.0, "grid_tsne_1d_x": 171.0, "grid_tsne_2d_x": 7.0, "grid_tsne_2d_y": 17.0, "grid_tsne_3d_x": 1.0, "grid_tsne_3d_y": 4.0, "grid_tsne_3d_z": 7.0, "tile_dir": "tiles/0171" }, "geometry": { "type": "Point", "coordinates": [ -68.689641986918787, 46.46531557095031 ] } },
{ "type": "Feature", "properties": { "index": 172, "lon": -66.681399210666399, "lat": -33.320221879228122, "classification": 30, "subregion_name": "Latin America and the Caribbean", "umap_1d_x": -16.450769, "umap_2d_x": 37.067009, "umap_2d_y": -23.751759, "umap_3d_x": 47.146965, "umap_3d_y": -17.55793, "umap_3d_z": 13.405315, "tsne_1d_x": 65.250259, "tsne_2d_x": 32.589874, "tsne_2d_y": 32.008087, "tsne_3d_x": -18.996939, "tsne_3d_y": -15.927513, "tsne_3d_z": -36.379906, "grid_umap_1d_x": 172.0, "grid_umap_2d_x": 19.0, "grid_umap_2d_y": 1.0, "grid_umap_3d_x": 5.0, "grid_umap_3d_y": 2.0, "grid_umap_3d_z": 3.0, "grid_tsne_1d_x": 172.0, "grid_tsne_2d_x": 21.0, "grid_tsne_2d_y": 22.0, "grid_tsne_3d_x": 1.0, "grid_tsne_3d_y": 3.0, "grid_tsne_3d_z": 0.0, "tile_dir": "tiles/0172" }, "geometry": { "type": "Point", "coordinates": [ -66.681399210666399, -33.320221879228122 ] } },
{ "type": "Feature", "properties": { "index": 173, "lon": -53.195204229915504, "lat": -5.8247914009841324, "classification": 112, "subregion_name": "Latin America and the Caribbean", "umap_1d_x": -8.8518763, "umap_2d_x": 38.439224, "umap_2d_y": 24.450974, "umap_3d_x": 36.161041, "umap_3d_y": 41.487312, "umap_3d_z": 0.42247772, "tsne_1d_x": 45.033981, "tsne_2d_x": 49.138847, "tsne_2d_y": -22.299942, "tsne_3d_x": 24.473419, "tsne_3d_y": -42.134277, "tsne_3d_z": -39.147064, "grid_umap_1d_x": 173.0, "grid_umap_2d_x": 21.0, "grid_umap_2d_y": 12.0, "grid_umap_3d_x": 6.0, "grid_umap_3d_y": 4.0, "grid_umap_3d_z": 2.0, "grid_tsne_1d_x": 173.0, "grid_tsne_2d_x": 21.0, "grid_tsne_2d_y": 7.0, "grid_tsne_3d_x": 5.0, "grid_tsne_3d_y": 2.0, "grid_tsne_3d_z": 0.0, "tile_dir": "tiles/0173" }, "geometry": { "type": "Point", "coordinates": [ -53.195204229915504, -5.824791400984132 ] } },
{ "type": "Feature", "properties": { "index": 174, "lon": 64.529733640403435, "lat": 33.453654457435462, "classification": 40, "subregion_name": "Southern Asia", "umap_1d_x": 6.9427552, "umap_2d_x": -14.787292, "umap_2d_y": 9.7448349, "umap_3d_x": -21.650496, "umap_3d_y": 4.8973503, "umap_3d_z": 5.6835365, "tsne_1d_x": -4.4522214, "tsne_2d_x": 5.0954704, "tsne_2d_y": 19.173546, "tsne_3d_x": -15.390179, "tsne_3d_y": -9.6152611, "tsne_3d_z": 20.287392, "grid_umap_1d_x": 174.0, "grid_umap_2d_x": 9.0, "grid_umap_2d_y": 13.0, "grid_umap_3d_x": 1.0, "grid_umap_3d_y": 4.0, "grid_umap_3d_z": 6.0, "grid_tsne_1d_x": 174.0, "grid_tsne_2d_x": 9.0, "grid_tsne_2d_y": 18.0, "grid_tsne_3d_x": 2.0, "grid_tsne_3d_y": 3.0, "grid_tsne_3d_z": 6.0, "tile_dir": "tiles/0174" }, "geometry": { "type": "Point", "coordinates": [ 64.529733640403435, 33.453654457435462 ] } },
{ "type": "Feature", "properties": { "index": 175, "lon": -42.636971431772281, "lat": -6.8066473237523164, "classification": 126, "subregion_name": "Latin America and the Caribbean", "umap_1d_x": -14.031956, "umap_2d_x": 43.056641, "umap_2d_y": -14.489132, "umap_3d_x": 42.261711, "umap_3d_y": -7.0023041, "umap_3d_z": 31.957985, "tsne_1d_x": 57.240768, "tsne_2d_x": 37.146599, "tsne_2d_y": 15.780838, "tsne_3d_x": -6.2264366, "tsne_3d_y": -21.400013, "tsne_3d_z": -23.51985, "grid_umap_1d_x": 175.0, "grid_umap_2d_x": 21.0, "grid_umap_2d_y": 6.0, "grid_umap_3d_x": 7.0, "grid_umap_3d_y": 3.0, "grid_umap_3d_z": 7.0, "grid_tsne_1d_x": 175.0, "grid_tsne_2d_x": 16.0, "grid_tsne_2d_y": 14.0, "grid_tsne_3d_x": 2.0, "grid_tsne_3d_y": 2.0, "grid_tsne_3d_z": 0.0, "tile_dir": "tiles/0175" }, "geometry": { "type": "Point", "coordinates": [ -42.636971431772281, -6.806647323752316 ] } },
{ "type": "Feature", "properties": { "index": 176, "lon": -77.403691335861851, "lat": -1.950647444408538, "classification": 112, "subregion_name": "Latin America and the Caribbean", "umap_1d_x": -8.1015406, "umap_2d_x": 35.652908, "umap_2d_y": 31.784752, "umap_3d_x": 31.317802, "umap_3d_y": 41.725388, "umap_3d_z": 1.3894615, "tsne_1d_x": 41.60405, "tsne_2d_x": 43.010193, "tsne_2d_y": -29.588381, "tsne_3d_x": 34.226273, "tsne_3d_y": -38.318825, "tsne_3d_z": -27.774815, "grid_umap_1d_x": 176.0, "grid_umap_2d_x": 20.0, "grid_umap_2d_y": 16.0, "grid_umap_3d_x": 7.0, "grid_umap_3d_y": 6.0, "grid_umap_3d_z": 2.0, "grid_tsne_1d_x": 176.0, "grid_tsne_2d_x": 18.0, "grid_tsne_2d_y": 7.0, "grid_tsne_3d_x": 6.0, "grid_tsne_3d_y": 2.0, "grid_tsne_3d_z": 1.0, "tile_dir": "tiles/0176" }, "geometry": { "type": "Point", "coordinates": [ -77.403691335861851, -1.950647444408538 ] } },
{ "type": "Feature", "properties": { "index": 177, "lon": 90.247801514247442, "lat": 57.999648866606577, "classification": 114, "subregion_name": "Eastern Europe", "umap_1d_x": 12.462898, "umap_2d_x": -32.32357, "umap_2d_y": 14.1297, "umap_3d_x": -38.605839, "umap_3d_y": 9.189476, "umap_3d_z": -13.915127, "tsne_1d_x": -39.985474, "tsne_2d_x": -31.548323, "tsne_2d_y": -2.4664612, "tsne_3d_x": 12.588673, "tsne_3d_y": 19.107529, "tsne_3d_z": 6.1509438, "grid_umap_1d_x": 177.0, "grid_umap_2d_x": 2.0, "grid_umap_2d_y": 15.0, "grid_umap_3d_x": 0.0, "grid_umap_3d_y": 4.0, "grid_umap_3d_z": 2.0, "grid_tsne_1d_x": 177.0, "grid_tsne_2d_x": 1.0, "grid_tsne_2d_y": 8.0, "grid_tsne_3d_x": 7.0, "grid_tsne_3d_y": 7.0, "grid_tsne_3d_z": 3.0, "tile_dir": "tiles/0177" }, "geometry": { "type": "Point", "coordinates": [ 90.247801514247442, 57.999648866606577 ] } },
{ "type": "Feature", "properties": { "index": 178, "lon": -41.519420412093837, "lat": -10.773833587931051, "classification": 20, "subregion_name": "Latin America and the Caribbean", "umap_1d_x": -13.977221, "umap_2d_x": 43.643478, "umap_2d_y": -15.599056, "umap_3d_x": 41.928383, "umap_3d_y": -7.9240341, "umap_3d_z": 32.754585, "tsne_1d_x": 57.145306, "tsne_2d_x": 35.125992, "tsne_2d_y": 15.479408, "tsne_3d_x": -8.1096992, "tsne_3d_y": -19.197247, "tsne_3d_z": -18.04001, "grid_umap_1d_x": 178.0, "grid_umap_2d_x": 16.0, "grid_umap_2d_y": 10.0, "grid_umap_3d_x": 6.0, "grid_umap_3d_y": 3.0, "grid_umap_3d_z": 6.0, "grid_tsne_1d_x": 178.0, "grid_tsne_2d_x": 17.0, "grid_tsne_2d_y": 14.0, "grid_tsne_3d_x": 1.0, "grid_tsne_3d_y": 0.0, "grid_tsne_3d_z": 0.0, "tile_dir": "tiles/0178" }, "geometry": { "type": "Point", "coordinates": [ -41.519420412093837, -10.773833587931051 ] } },
{ "type": "Feature", "properties": { "index": 179, "lon": 4.7072693168527726, "lat": 9.4305332560722661, "classification": 40, "subregion_name": "Sub-Saharan Africa", "umap_1d_x": -2.6934459, "umap_2d_x": 10.9389, "umap_2d_y": 22.196991, "umap_3d_x": 8.1558418, "umap_3d_y": 33.256882, "umap_3d_z": 39.557877, "tsne_1d_x": 23.748878, "tsne_2d_x": 16.891136, "tsne_2d_y": -10.476501, "tsne_3d_x": 8.5281258, "tsne_3d_y": -41.278061, "tsne_3d_z": 26.369675, "grid_umap_1d_x": 179.0, "grid_umap_2d_x": 11.0, "grid_umap_2d_y": 22.0, "grid_umap_3d_x": 4.0, "grid_umap_3d_y": 4.0, "grid_umap_3d_z": 6.0, "grid_tsne_1d_x": 179.0, "grid_tsne_2d_x": 14.0, "grid_tsne_2d_y": 12.0, "grid_tsne_3d_x": 3.0, "grid_tsne_3d_y": 3.0, "grid_tsne_3d_z": 6.0, "tile_dir": "tiles/0179" }, "geometry": { "type": "Point", "coordinates": [ 4.707269316852773, 9.430533256072266 ] } },
{ "type": "Feature", "properties": { "index": 180, "lon": -51.944133309727306, "lat": -29.415512108241437, "classification": 126, "subregion_name": "Latin America and the Caribbean", "umap_1d_x": -17.015505, "umap_2d_x": 34.14444, "umap_2d_y": -17.320518, "umap_3d_x": 46.719711, "umap_3d_y": -13.766125, "umap_3d_z": 5.946003, "tsne_1d_x": 66.591995, "tsne_2d_x": 28.794594, "tsne_2d_y": 31.698456, "tsne_3d_x": -16.205189, "tsne_3d_y": -16.233582, "tsne_3d_z": -46.558132, "grid_umap_1d_x": 180.0, "grid_umap_2d_x": 17.0, "grid_umap_2d_y": 5.0, "grid_umap_3d_x": 7.0, "grid_umap_3d_y": 2.0, "grid_umap_3d_z": 1.0, "grid_tsne_1d_x": 180.0, "grid_tsne_2d_x": 14.0, "grid_tsne_2d_y": 18.0, "grid_tsne_3d_x": 2.0, "grid_tsne_3d_y": 4.0, "grid_tsne_3d_z": 0.0, "tile_dir": "tiles/0180" }, "geometry": { "type": "Point", "coordinates": [ -51.944133309727306, -29.415512108241437 ] } },
{ "type": "Feature", "properties": { "index": 181, "lon": 121.09530080334508, "lat": 1.196332524172085, "classification": 112, "subregion_name": "South-eastern Asia", "umap_1d_x": -5.8422241, "umap_2d_x": 28.423576, "umap_2d_y": 36.694267, "umap_3d_x": 23.354485, "umap_3d_y": 38.904572, "umap_3d_z": 7.5590591, "tsne_1d_x": 34.362186, "tsne_2d_x": 32.614571, "tsne_2d_y": -29.745739, "tsne_3d_x": 31.56752, "tsne_3d_y": -31.438581, "tsne_3d_z": -15.207401, "grid_umap_1d_x": 181.0, "grid_umap_2d_x": 18.0, "grid_umap_2d_y": 19.0, "grid_umap_3d_x": 6.0, "grid_umap_3d_y": 7.0, "grid_umap_3d_z": 3.0, "grid_tsne_1d_x": 181.0, "grid_tsne_2d_x": 17.0, "grid_tsne_2d_y": 4.0, "grid_tsne_3d_x": 6.0, "grid_tsne_3d_y": 1.0, "grid_tsne_3d_z": 2.0, "tile_dir": "tiles/0181" }, "geometry": { "type": "Point", "coordinates": [ 121.095300803345083, 1.196332524172085 ] } },
{ "type": "Feature", "properties": { "index": 182, "lon": 30.810239613051493, "lat": -24.350966596942051, "classification": 126, "subregion_name": "Sub-Saharan Africa", "umap_1d_x": -14.804708, "umap_2d_x": 41.483604, "umap_2d_y": -19.720352, "umap_3d_x": 44.584793, "umap_3d_y": -10.721443, "umap_3d_z": 26.49437, "tsne_1d_x": 60.080906, "tsne_2d_x": 44.490204, "tsne_2d_y": 19.996819, "tsne_3d_x": -13.616535, "tsne_3d_y": -25.753086, "tsne_3d_z": -29.697296, "grid_umap_1d_x": 182.0, "grid_umap_2d_x": 18.0, "grid_umap_2d_y": 6.0, "grid_umap_3d_x": 6.0, "grid_umap_3d_y": 2.0, "grid_umap_3d_z": 4.0, "grid_tsne_1d_x": 182.0, "grid_tsne_2d_x": 17.0, "grid_tsne_2d_y": 15.0, "grid_tsne_3d_x": 1.0, "grid_tsne_3d_y": 2.0, "grid_tsne_3d_z": 0.0, "tile_dir": "tiles/0182" }, "geometry": { "type": "Point", "coordinates": [ 30.810239613051493, -24.350966596942051 ] } },
{ "type": "Feature", "properties": { "index": 183, "lon": -58.551435833873001, "lat": -25.912906638156372, "classification": 126, "subregion_name": "Latin America and the Caribbean", "umap_1d_x": -16.893396, "umap_2d_x": 34.673279, "umap_2d_y": -16.663315, "umap_3d_x": 46.665581, "umap_3d_y": -11.892464, "umap_3d_z": 7.2412262, "tsne_1d_x": 66.003288, "tsne_2d_x": 28.25824, "tsne_2d_y": 28.285271, "tsne_3d_x": -8.0241547, "tsne_3d_y": -16.264172, "tsne_3d_z": -44.044853, "grid_umap_1d_x": 183.0, "grid_umap_2d_x": 20.0, "grid_umap_2d_y": 2.0, "grid_umap_3d_x": 7.0, "grid_umap_3d_y": 3.0, "grid_umap_3d_z": 1.0, "grid_tsne_1d_x": 183.0, "grid_tsne_2d_x": 14.0, "grid_tsne_2d_y": 16.0, "grid_tsne_3d_x": 4.0, "grid_tsne_3d_y": 5.0, "grid_tsne_3d_z": 2.0, "tile_dir": "tiles/0183" }, "geometry": { "type": "Point", "coordinates": [ -58.551435833873001, -25.912906638156372 ] } },
{ "type": "Feature", "properties": { "index": 184, "lon": 86.836883654173562, "lat": 68.798423101291831, "classification": 90, "subregion_name": "Eastern Europe", "umap_1d_x": 18.207344, "umap_2d_x": -46.514553, "umap_2d_y": -11.696529, "umap_3d_x": -46.419659, "umap_3d_y": 7.6486816, "umap_3d_z": -46.89888, "tsne_1d_x": -64.748276, "tsne_2d_x": -39.640594, "tsne_2d_y": 31.083588, "tsne_3d_x": 0.95346451, "tsne_3d_y": 26.027992, "tsne_3d_z": 42.132698, "grid_umap_1d_x": 184.0, "grid_umap_2d_x": 11.0, "grid_umap_2d_y": 6.0, "grid_umap_3d_x": 4.0, "grid_umap_3d_y": 4.0, "grid_umap_3d_z": 0.0, "grid_tsne_1d_x": 184.0, "grid_tsne_2d_x": 6.0, "grid_tsne_2d_y": 19.0, "grid_tsne_3d_x": 4.0, "grid_tsne_3d_y": 5.0, "grid_tsne_3d_z": 7.0, "tile_dir": "tiles/0184" }, "geometry": { "type": "Point", "coordinates": [ 86.836883654173562, 68.798423101291831 ] } },
{ "type": "Feature", "properties": { "index": 185, "lon": 76.908841005809052, "lat": 20.574752881966788, "classification": 40, "subregion_name": "Southern Asia", "umap_1d_x": 0.13393132, "umap_2d_x": 5.7306633, "umap_2d_y": 42.473625, "umap_3d_x": 2.2200928, "umap_3d_y": 41.188774, "umap_3d_z": 29.58992, "tsne_1d_x": 15.232491, "tsne_2d_x": 11.840939, "tsne_2d_y": -39.794044, "tsne_3d_x": 22.880417, "tsne_3d_y": -31.346918, "tsne_3d_z": 28.67627, "grid_umap_1d_x": 185.0, "grid_umap_2d_x": 14.0, "grid_umap_2d_y": 18.0, "grid_umap_3d_x": 1.0, "grid_umap_3d_y": 6.0, "grid_umap_3d_z": 7.0, "grid_tsne_1d_x": 185.0, "grid_tsne_2d_x": 12.0, "grid_tsne_2d_y": 2.0, "grid_tsne_3d_x": 4.0, "grid_tsne_3d_y": 3.0, "grid_tsne_3d_z": 6.0, "tile_dir": "tiles/0185" }, "geometry": { "type": "Point", "coordinates": [ 76.908841005809052, 20.574752881966788 ] } },
{ "type": "Feature", "properties": { "index": 186, "lon": 133.87003209848353, "lat": 67.172909974354639, "classification": 113, "subregion_name": "Eastern Europe", "umap_1d_x": 18.708368, "umap_2d_x": -48.349255, "umap_2d_y": 2.2076073, "umap_3d_x": -49.755398, "umap_3d_y": 20.203522, "umap_3d_z": -37.971344, "tsne_1d_x": -69.103592, "tsne_2d_x": -45.127991, "tsne_2d_y": 19.10672, "tsne_3d_x": 7.0697021, "tsne_3d_y": 35.362717, "tsne_3d_z": 30.764664, "grid_umap_1d_x": 186.0, "grid_umap_2d_x": 4.0, "grid_umap_2d_y": 10.0, "grid_umap_3d_x": 3.0, "grid_umap_3d_y": 5.0, "grid_umap_3d_z": 2.0, "grid_tsne_1d_x": 186.0, "grid_tsne_2d_x": 4.0, "grid_tsne_2d_y": 16.0, "grid_tsne_3d_x": 4.0, "grid_tsne_3d_y": 6.0, "grid_tsne_3d_z": 6.0, "tile_dir": "tiles/0186" }, "geometry": { "type": "Point", "coordinates": [ 133.870032098483534, 67.172909974354639 ] } },
{ "type": "Feature", "properties": { "index": 187, "lon": 143.61506695811244, "lat": -38.523350746155316, "classification": 112, "subregion_name": "Unknown", "umap_1d_x": -16.581406, "umap_2d_x": 34.695717, "umap_2d_y": -22.023483, "umap_3d_x": 43.676804, "umap_3d_y": -16.073746, "umap_3d_z": 7.8895226, "tsne_1d_x": 68.850143, "tsne_2d_x": 27.57605, "tsne_2d_y": 40.272881, "tsne_3d_x": -5.4591141, "tsne_3d_y": -7.3799858, "tsne_3d_z": -37.63522, "grid_umap_1d_x": 187.0, "grid_umap_2d_x": 15.0, "grid_umap_2d_y": 6.0, "grid_umap_3d_x": 6.0, "grid_umap_3d_y": 2.0, "grid_umap_3d_z": 1.0, "grid_tsne_1d_x": 187.0, "grid_tsne_2d_x": 13.0, "grid_tsne_2d_y": 20.0, "grid_tsne_3d_x": 4.0, "grid_tsne_3d_y": 5.0, "grid_tsne_3d_z": 0.0, "tile_dir": "tiles/0187" }, "geometry": { "type": "Point", "coordinates": [ 143.615066958112436, -38.523350746155316 ] } },
{ "type": "Feature", "properties": { "index": 188, "lon": 5.1066049244373906, "lat": 14.141042345808216, "classification": 30, "subregion_name": "Sub-Saharan Africa", "umap_1d_x": 2.1534429, "umap_2d_x": 9.1396332, "umap_2d_y": 13.360977, "umap_3d_x": 8.8059921, "umap_3d_y": 23.442703, "umap_3d_z": 47.97773, "tsne_1d_x": 25.812008, "tsne_2d_x": 15.569405, "tsne_2d_y": -2.158329, "tsne_3d_x": -5.8774681, "tsne_3d_y": -37.113037, "tsne_3d_z": 25.146828, "grid_umap_1d_x": 188.0, "grid_umap_2d_x": 12.0, "grid_umap_2d_y": 14.0, "grid_umap_3d_x": 5.0, "grid_umap_3d_y": 4.0, "grid_umap_3d_z": 7.0, "grid_tsne_1d_x": 188.0, "grid_tsne_2d_x": 14.0, "grid_tsne_2d_y": 10.0, "grid_tsne_3d_x": 2.0, "grid_tsne_3d_y": 0.0, "grid_tsne_3d_z": 7.0, "tile_dir": "tiles/0188" }, "geometry": { "type": "Point", "coordinates": [ 5.106604924437391, 14.141042345808216 ] } },
{ "type": "Feature", "properties": { "index": 189, "lon": -114.56346904319717, "lat": 33.359545306196296, "classification": 20, "subregion_name": "Unknown", "umap_1d_x": 5.8020053, "umap_2d_x": -10.849045, "umap_2d_y": 5.022789, "umap_3d_x": -19.898207, "umap_3d_y": -0.54153061, "umap_3d_z": 12.985111, "tsne_1d_x": -0.0022599681, "tsne_2d_x": 10.5173, "tsne_2d_y": 14.031517, "tsne_3d_x": -13.963463, "tsne_3d_y": -25.645493, "tsne_3d_z": 12.853188, "grid_umap_1d_x": 189.0, "grid_umap_2d_x": 8.0, "grid_umap_2d_y": 9.0, "grid_umap_3d_x": 1.0, "grid_umap_3d_y": 2.0, "grid_umap_3d_z": 7.0, "grid_tsne_1d_x": 189.0, "grid_tsne_2d_x": 12.0, "grid_tsne_2d_y": 14.0, "grid_tsne_3d_x": 1.0, "grid_tsne_3d_y": 0.0, "grid_tsne_3d_z": 5.0, "tile_dir": "tiles/0189" }, "geometry": { "type": "Point", "coordinates": [ -114.563469043197173, 33.359545306196296 ] } },
{ "type": "Feature", "properties": { "index": 190, "lon": 26.618387681008528, "lat": -7.057915484543102, "classification": 114, "subregion_name": "Sub-Saharan Africa", "umap_1d_x": -12.910425, "umap_2d_x": 48.839005, "umap_2d_y": -15.907654, "umap_3d_x": 35.161125, "umap_3d_y": -7.1958885, "umap_3d_z": 28.071144, "tsne_1d_x": 51.774174, "tsne_2d_x": 39.223076, "tsne_2d_y": 3.9791412, "tsne_3d_x": 1.168148, "tsne_3d_y": -39.505787, "tsne_3d_z": -20.613321, "grid_umap_1d_x": 190.0, "grid_umap_2d_x": 21.0, "grid_umap_2d_y": 9.0, "grid_umap_3d_x": 6.0, "grid_umap_3d_y": 2.0, "grid_umap_3d_z": 7.0, "grid_tsne_1d_x": 190.0, "grid_tsne_2d_x": 21.0, "grid_tsne_2d_y": 10.0, "grid_tsne_3d_x": 4.0, "grid_tsne_3d_y": 0.0, "grid_tsne_3d_z": 1.0, "tile_dir": "tiles/0190" }, "geometry": { "type": "Point", "coordinates": [ 26.618387681008528, -7.057915484543102 ] } },
{ "type": "Feature", "properties": { "index": 191, "lon": 35.381940888326938, "lat": 7.9299847399252172, "classification": 112, "subregion_name": "Sub-Saharan Africa", "umap_1d_x": -1.4517875, "umap_2d_x": 6.6806717, "umap_2d_y": 30.659454, "umap_3d_x": 7.1508484, "umap_3d_y": 32.386703, "umap_3d_z": 24.259918, "tsne_1d_x": 19.393579, "tsne_2d_x": 11.126743, "tsne_2d_y": -20.156652, "tsne_3d_x": 13.275391, "tsne_3d_y": -38.409664, "tsne_3d_z": 5.6416626, "grid_umap_1d_x": 191.0, "grid_umap_2d_x": 11.0, "grid_umap_2d_y": 16.0, "grid_umap_3d_x": 5.0, "grid_umap_3d_y": 5.0, "grid_umap_3d_z": 5.0, "grid_tsne_1d_x": 191.0, "grid_tsne_2d_x": 11.0, "grid_tsne_2d_y": 1.0, "grid_tsne_3d_x": 4.0, "grid_tsne_3d_y": 3.0, "grid_tsne_3d_z": 4.0, "tile_dir": "tiles/0191" }, "geometry": { "type": "Point", "coordinates": [ 35.381940888326938, 7.929984739925217 ] } },
{ "type": "Feature", "properties": { "index": 192, "lon": -6.2725823021186784, "lat": 6.020165980949983, "classification": 116, "subregion_name": "Sub-Saharan Africa", "umap_1d_x": -2.3554313, "umap_2d_x": 11.244434, "umap_2d_y": 27.360168, "umap_3d_x": 8.9727173, "umap_3d_y": 36.768204, "umap_3d_z": 33.395035, "tsne_1d_x": 20.620134, "tsne_2d_x": 20.156189, "tsne_2d_y": -17.005386, "tsne_3d_x": 24.639221, "tsne_3d_y": -44.855904, "tsne_3d_z": 11.462696, "grid_umap_1d_x": 192.0, "grid_umap_2d_x": 15.0, "grid_umap_2d_y": 16.0, "grid_umap_3d_x": 6.0, "grid_umap_3d_y": 6.0, "grid_umap_3d_z": 6.0, "grid_tsne_1d_x": 192.0, "grid_tsne_2d_x": 17.0, "grid_tsne_2d_y": 0.0, "grid_tsne_3d_x": 5.0, "grid_tsne_3d_y": 2.0, "grid_tsne_3d_z": 4.0, "tile_dir": "tiles/0192" }, "geometry": { "type": "Point", "coordinates": [ -6.272582302118678, 6.020165980949983 ] } },
{ "type": "Feature", "properties": { "index": 193, "lon": -103.45728232914509, "lat": 36.979290185479343, "classification": 30, "subregion_name": "Unknown", "umap_1d_x": 7.1285253, "umap_2d_x": -15.125389, "umap_2d_y": 8.0860748, "umap_3d_x": -22.035471, "umap_3d_y": 3.994751, "umap_3d_z": 6.5384865, "tsne_1d_x": -4.5614562, "tsne_2d_x": 3.968586, "tsne_2d_y": 20.771423, "tsne_3d_x": -10.072979, "tsne_3d_y": -17.889805, "tsne_3d_z": 10.438156, "grid_umap_1d_x": 193.0, "grid_umap_2d_x": 10.0, "grid_umap_2d_y": 12.0, "grid_umap_3d_x": 0.0, "grid_umap_3d_y": 4.0, "grid_umap_3d_z": 6.0, "grid_tsne_1d_x": 193.0, "grid_tsne_2d_x": 9.0, "grid_tsne_2d_y": 19.0, "grid_tsne_3d_x": 1.0, "grid_tsne_3d_y": 1.0, "grid_tsne_3d_z": 5.0, "tile_dir": "tiles/0193" }, "geometry": { "type": "Point", "coordinates": [ -103.457282329145087, 36.979290185479343 ] } },
{ "type": "Feature", "properties": { "index": 194, "lon": 113.44522707760115, "lat": 2.34655788157847, "classification": 112, "subregion_name": "South-eastern Asia", "umap_1d_x": -6.1731496, "umap_2d_x": 29.999886, "umap_2d_y": 37.354439, "umap_3d_x": 25.519974, "umap_3d_y": 40.006218, "umap_3d_z": 6.9801941, "tsne_1d_x": 35.429081, "tsne_2d_x": 34.648392, "tsne_2d_y": -31.485098, "tsne_3d_x": 34.766418, "tsne_3d_y": -32.971397, "tsne_3d_z": -19.666063, "grid_umap_1d_x": 194.0, "grid_umap_2d_x": 17.0, "grid_umap_2d_y": 15.0, "grid_umap_3d_x": 6.0, "grid_umap_3d_y": 6.0, "grid_umap_3d_z": 3.0, "grid_tsne_1d_x": 194.0, "grid_tsne_2d_x": 19.0, "grid_tsne_2d_y": 1.0, "grid_tsne_3d_x": 6.0, "grid_tsne_3d_y": 3.0, "grid_tsne_3d_z": 2.0, "tile_dir": "tiles/0194" }, "geometry": { "type": "Point", "coordinates": [ 113.445227077601146, 2.34655788157847 ] } },
{ "type": "Feature", "properties": { "index": 195, "lon": 16.504288303077146, "lat": 8.5015573912604481, "classification": 40, "subregion_name": "Sub-Saharan Africa", "umap_1d_x": -2.6144309, "umap_2d_x": 11.03524, "umap_2d_y": 22.827164, "umap_3d_x": 8.2992859, "umap_3d_y": 32.60257, "umap_3d_z": 38.984932, "tsne_1d_x": 23.386312, "tsne_2d_x": 16.116119, "tsne_2d_y": -11.116222, "tsne_3d_x": 8.9417114, "tsne_3d_y": -43.656815, "tsne_3d_z": 24.784927, "grid_umap_1d_x": 195.0, "grid_umap_2d_x": 13.0, "grid_umap_2d_y": 16.0, "grid_umap_3d_x": 4.0, "grid_umap_3d_y": 3.0, "grid_umap_3d_z": 5.0, "grid_tsne_1d_x": 195.0, "grid_tsne_2d_x": 14.0, "grid_tsne_2d_y": 4.0, "grid_tsne_3d_x": 3.0, "grid_tsne_3d_y": 1.0, "grid_tsne_3d_z": 6.0, "tile_dir": "tiles/0195" }, "geometry": { "type": "Point", "coordinates": [ 16.504288303077146, 8.501557391260448 ] } },
{ "type": "Feature", "properties": { "index": 196, "lon": -100.8845512950096, "lat": 35.182382314787176, "classification": 30, "subregion_name": "Unknown", "umap_1d_x": 9.4630928, "umap_2d_x": -19.304365, "umap_2d_y": 15.521309, "umap_3d_x": -23.386372, "umap_3d_y": 4.4576225, "umap_3d_z": -12.576622, "tsne_1d_x": -11.417822, "tsne_2d_x": 2.1219978, "tsne_2d_y": 3.6309967, "tsne_3d_x": 9.5528259, "tsne_3d_y": -5.8042336, "tsne_3d_z": 10.094715, "grid_umap_1d_x": 196.0, "grid_umap_2d_x": 0.0, "grid_umap_2d_y": 16.0, "grid_umap_3d_x": 3.0, "grid_umap_3d_y": 3.0, "grid_umap_3d_z": 3.0, "grid_tsne_1d_x": 196.0, "grid_tsne_2d_x": 9.0, "grid_tsne_2d_y": 8.0, "grid_tsne_3d_x": 6.0, "grid_tsne_3d_y": 0.0, "grid_tsne_3d_z": 7.0, "tile_dir": "tiles/0196" }, "geometry": { "type": "Point", "coordinates": [ -100.884551295009601, 35.182382314787176 ] } },
{ "type": "Feature", "properties": { "index": 197, "lon": 6.1964207132754439, "lat": 49.984126349000874, "classification": 40, "subregion_name": "Western Europe", "umap_1d_x": 23.264004, "umap_2d_x": -19.687572, "umap_2d_y": -13.783325, "umap_3d_x": -28.545593, "umap_3d_y": -12.966545, "umap_3d_z": -13.374424, "tsne_1d_x": -18.449488, "tsne_2d_x": -6.7832756, "tsne_2d_y": 24.994774, "tsne_3d_x": -37.022697, "tsne_3d_y": -2.5076904, "tsne_3d_z": 22.38707, "grid_umap_1d_x": 197.0, "grid_umap_2d_x": 10.0, "grid_umap_2d_y": 1.0, "grid_umap_3d_x": 2.0, "grid_umap_3d_y": 0.0, "grid_umap_3d_z": 2.0, "grid_tsne_1d_x": 197.0, "grid_tsne_2d_x": 4.0, "grid_tsne_2d_y": 21.0, "grid_tsne_3d_x": 0.0, "grid_tsne_3d_y": 3.0, "grid_tsne_3d_z": 6.0, "tile_dir": "tiles/0197" }, "geometry": { "type": "Point", "coordinates": [ 6.196420713275444, 49.984126349000874 ] } },
{ "type": "Feature", "properties": { "index": 198, "lon": 15.81175836328427, "lat": 67.43240269228167, "classification": 30, "subregion_name": "Northern Europe", "umap_1d_x": 20.047182, "umap_2d_x": -35.988945, "umap_2d_y": -13.812649, "umap_3d_x": -42.431587, "umap_3d_y": -3.1238136, "umap_3d_z": -27.390436, "tsne_1d_x": -48.926918, "tsne_2d_x": -24.259134, "tsne_2d_y": 14.912758, "tsne_3d_x": -28.124792, "tsne_3d_y": 28.822166, "tsne_3d_z": 28.520569, "grid_umap_1d_x": 198.0, "grid_umap_2d_x": 11.0, "grid_umap_2d_y": 4.0, "grid_umap_3d_x": 0.0, "grid_umap_3d_y": 1.0, "grid_umap_3d_z": 0.0, "grid_tsne_1d_x": 198.0, "grid_tsne_2d_x": 8.0, "grid_tsne_2d_y": 14.0, "grid_tsne_3d_x": 0.0, "grid_tsne_3d_y": 6.0, "grid_tsne_3d_z": 7.0, "tile_dir": "tiles/0198" }, "geometry": { "type": "Point", "coordinates": [ 15.81175836328427, 67.43240269228167 ] } },
{ "type": "Feature", "properties": { "index": 199, "lon": -141.33528181202078, "lat": 64.704933407269323, "classification": 111, "subregion_name": "Unknown", "umap_1d_x": 15.185076, "umap_2d_x": -38.711681, "umap_2d_y": 8.8178177, "umap_3d_x": -45.65192, "umap_3d_y": 14.829079, "umap_3d_z": -13.81818, "tsne_1d_x": -42.324444, "tsne_2d_x": -41.962856, "tsne_2d_y": -8.5399742, "tsne_3d_x": 17.379379, "tsne_3d_y": 39.978828, "tsne_3d_z": 1.674408, "grid_umap_1d_x": 199.0, "grid_umap_2d_x": 1.0, "grid_umap_2d_y": 13.0, "grid_umap_3d_x": 3.0, "grid_umap_3d_y": 4.0, "grid_umap_3d_z": 4.0, "grid_tsne_1d_x": 199.0, "grid_tsne_2d_x": 0.0, "grid_tsne_2d_y": 7.0, "grid_tsne_3d_x": 5.0, "grid_tsne_3d_y": 6.0, "grid_tsne_3d_z": 2.0, "tile_dir": "tiles/0199" }, "geometry": { "type": "Point", "coordinates": [ -141.335281812020781, 64.704933407269323 ] } },
{ "type": "Feature", "properties": { "index": 200, "lon": -51.547360485997729, "lat": -25.373965597326332, "classification": 112, "subregion_name": "Latin America and the Caribbean", "umap_1d_x": -15.84346, "umap_2d_x": 37.75531, "umap_2d_y": -18.750645, "umap_3d_x": 42.509033, "umap_3d_y": -11.80526, "umap_3d_z": 13.425594, "tsne_1d_x": 63.097897, "tsne_2d_x": 29.546875, "tsne_2d_y": 20.690338, "tsne_3d_x": 1.691391, "tsne_3d_y": -17.124908, "tsne_3d_z": -35.813286, "grid_umap_1d_x": 200.0, "grid_umap_2d_x": 17.0, "grid_umap_2d_y": 6.0, "grid_umap_3d_x": 5.0, "grid_umap_3d_y": 3.0, "grid_umap_3d_z": 3.0, "grid_tsne_1d_x": 200.0, "grid_tsne_2d_x": 20.0, "grid_tsne_2d_y": 17.0, "grid_tsne_3d_x": 4.0, "grid_tsne_3d_y": 3.0, "grid_tsne_3d_z": 0.0, "tile_dir": "tiles/0200" }, "geometry": { "type": "Point", "coordinates": [ -51.547360485997729, -25.373965597326332 ] } },
{ "type": "Feature", "properties": { "index": 201, "lon": -62.634392349789479, "lat": -24.545056270691752, "classification": 116, "subregion_name": "Latin America and the Caribbean", "umap_1d_x": -16.01722, "umap_2d_x": 36.973282, "umap_2d_y": -17.065361, "umap_3d_x": 46.116096, "umap_3d_y": -11.190536, "umap_3d_z": 13.057049, "tsne_1d_x": 64.219315, "tsne_2d_x": 30.399414, "tsne_2d_y": 26.984032, "tsne_3d_x": -8.9254189, "tsne_3d_y": -20.191204, "tsne_3d_z": -38.970024, "grid_umap_1d_x": 201.0, "grid_umap_2d_x": 19.0, "grid_umap_2d_y": 4.0, "grid_umap_3d_x": 7.0, "grid_umap_3d_y": 3.0, "grid_umap_3d_z": 2.0, "grid_tsne_1d_x": 201.0, "grid_tsne_2d_x": 19.0, "grid_tsne_2d_y": 19.0, "grid_tsne_3d_x": 3.0, "grid_tsne_3d_y": 4.0, "grid_tsne_3d_z": 2.0, "tile_dir": "tiles/0201" }, "geometry": { "type": "Point", "coordinates": [ -62.634392349789479, -24.545056270691752 ] } },
{ "type": "Feature", "properties": { "index": 202, "lon": 45.319804994337318, "lat": 9.7368342047976171, "classification": 30, "subregion_name": "Unknown", "umap_1d_x": 2.5108938, "umap_2d_x": 8.0397377, "umap_2d_y": 9.7325439, "umap_3d_x": 9.6833992, "umap_3d_y": 16.742012, "umap_3d_z": 49.698837, "tsne_1d_x": 27.051386, "tsne_2d_x": 14.260956, "tsne_2d_y": 2.5009346, "tsne_3d_x": -14.705471, "tsne_3d_y": -37.985783, "tsne_3d_z": 19.355812, "grid_umap_1d_x": 202.0, "grid_umap_2d_x": 15.0, "grid_umap_2d_y": 11.0, "grid_umap_3d_x": 4.0, "grid_umap_3d_y": 3.0, "grid_umap_3d_z": 7.0, "grid_tsne_1d_x": 202.0, "grid_tsne_2d_x": 13.0, "grid_tsne_2d_y": 12.0, "grid_tsne_3d_x": 2.0, "grid_tsne_3d_y": 1.0, "grid_tsne_3d_z": 5.0, "tile_dir": "tiles/0202" }, "geometry": { "type": "Point", "coordinates": [ 45.319804994337318, 9.736834204797617 ] } },
{ "type": "Feature", "properties": { "index": 203, "lon": 17.970694223759409, "lat": 9.9676061273905106, "classification": 114, "subregion_name": "Sub-Saharan Africa", "umap_1d_x": -2.2681599, "umap_2d_x": 10.25523, "umap_2d_y": 25.69429, "umap_3d_x": 9.454567, "umap_3d_y": 31.815201, "umap_3d_z": 34.109818, "tsne_1d_x": 22.364216, "tsne_2d_x": 15.508133, "tsne_2d_y": -14.57769, "tsne_3d_x": 11.211853, "tsne_3d_y": -44.01218, "tsne_3d_z": 18.597763, "grid_umap_1d_x": 203.0, "grid_umap_2d_x": 12.0, "grid_umap_2d_y": 20.0, "grid_umap_3d_x": 7.0, "grid_umap_3d_y": 5.0, "grid_umap_3d_z": 7.0, "grid_tsne_1d_x": 203.0, "grid_tsne_2d_x": 14.0, "grid_tsne_2d_y": 0.0, "grid_tsne_3d_x": 3.0, "grid_tsne_3d_y": 2.0, "grid_tsne_3d_z": 5.0, "tile_dir": "tiles/0203" }, "geometry": { "type": "Point", "coordinates": [ 17.970694223759409, 9.967606127390511 ] } },
{ "type": "Feature", "properties": { "index": 204, "lon": 116.97477984078517, "lat": 4.8577761631195671, "classification": 112, "subregion_name": "South-eastern Asia", "umap_1d_x": -5.5927372, "umap_2d_x": 27.473465, "umap_2d_y": 34.74807, "umap_3d_x": 21.881119, "umap_3d_y": 36.362267, "umap_3d_z": 8.551239, "tsne_1d_x": 33.117237, "tsne_2d_x": 31.594505, "tsne_2d_y": -24.832466, "tsne_3d_x": 29.66394, "tsne_3d_y": -26.87575, "tsne_3d_z": -12.504814, "grid_umap_1d_x": 204.0, "grid_umap_2d_x": 16.0, "grid_umap_2d_y": 15.0, "grid_umap_3d_x": 6.0, "grid_umap_3d_y": 6.0, "grid_umap_3d_z": 4.0, "grid_tsne_1d_x": 204.0, "grid_tsne_2d_x": 15.0, "grid_tsne_2d_y": 10.0, "grid_tsne_3d_x": 5.0, "grid_tsne_3d_y": 3.0, "grid_tsne_3d_z": 3.0, "tile_dir": "tiles/0204" }, "geometry": { "type": "Point", "coordinates": [ 116.974779840785175, 4.857776163119567 ] } },
{ "type": "Feature", "properties": { "index": 205, "lon": 70.438885729816633, "lat": 22.607629320200289, "classification": 40, "subregion_name": "Southern Asia", "umap_1d_x": 0.14611733, "umap_2d_x": 5.9533463, "umap_2d_y": 42.76886, "umap_3d_x": 2.38731, "umap_3d_y": 41.771523, "umap_3d_z": 30.497513, "tsne_1d_x": 15.467976, "tsne_2d_x": 11.407059, "tsne_2d_y": -40.765835, "tsne_3d_x": 22.734108, "tsne_3d_y": -33.253746, "tsne_3d_z": 30.110558, "grid_umap_1d_x": 205.0, "grid_umap_2d_x": 15.0, "grid_umap_2d_y": 15.0, "grid_umap_3d_x": 1.0, "grid_umap_3d_y": 5.0, "grid_umap_3d_z": 7.0, "grid_tsne_1d_x": 205.0, "grid_tsne_2d_x": 11.0, "grid_tsne_2d_y": 2.0, "grid_tsne_3d_x": 4.0, "grid_tsne_3d_y": 2.0, "grid_tsne_3d_z": 7.0, "tile_dir": "tiles/0205" }, "geometry": { "type": "Point", "coordinates": [ 70.438885729816633, 22.607629320200289 ] } },
{ "type": "Feature", "properties": { "index": 206, "lon": 82.031406689111975, "lat": 64.084499288198927, "classification": 111, "subregion_name": "Eastern Europe", "umap_1d_x": 15.890955, "umap_2d_x": -41.638371, "umap_2d_y": 6.0098991, "umap_3d_x": -48.686493, "umap_3d_y": 13.672359, "umap_3d_z": -18.203331, "tsne_1d_x": -45.896255, "tsne_2d_x": -36.94088, "tsne_2d_y": 2.0362968, "tsne_3d_x": -5.2834625, "tsne_3d_y": 40.226746, "tsne_3d_z": 11.870384, "grid_umap_1d_x": 206.0, "grid_umap_2d_x": 1.0, "grid_umap_2d_y": 12.0, "grid_umap_3d_x": 2.0, "grid_umap_3d_y": 4.0, "grid_umap_3d_z": 3.0, "grid_tsne_1d_x": 206.0, "grid_tsne_2d_x": 10.0, "grid_tsne_2d_y": 12.0, "grid_tsne_3d_x": 3.0, "grid_tsne_3d_y": 6.0, "grid_tsne_3d_z": 3.0, "tile_dir": "tiles/0206" }, "geometry": { "type": "Point", "coordinates": [ 82.031406689111975, 64.084499288198927 ] } },
{ "type": "Feature", "properties": { "index": 207, "lon": 103.03696420820376, "lat": 18.158472206750417, "classification": 40, "subregion_name": "South-eastern Asia", "umap_1d_x": 0.45489496, "umap_2d_x": 8.4039345, "umap_2d_y": 42.75753, "umap_3d_x": 4.4152069, "umap_3d_y": 45.987961, "umap_3d_z": 26.8666, "tsne_1d_x": 16.533367, "tsne_2d_x": 16.085037, "tsne_2d_y": -37.827126, "tsne_3d_x": 31.317001, "tsne_3d_y": -34.755974, "tsne_3d_z": 21.773132, "grid_umap_1d_x": 207.0, "grid_umap_2d_x": 14.0, "grid_umap_2d_y": 22.0, "grid_umap_3d_x": 3.0, "grid_umap_3d_y": 7.0, "grid_umap_3d_z": 6.0, "grid_tsne_1d_x": 207.0, "grid_tsne_2d_x": 13.0, "grid_tsne_2d_y": 4.0, "grid_tsne_3d_x": 7.0, "grid_tsne_3d_y": 0.0, "grid_tsne_3d_z": 7.0, "tile_dir": "tiles/0207" }, "geometry": { "type": "Point", "coordinates": [ 103.036964208203756, 18.158472206750417 ] } },
{ "type": "Feature", "properties": { "index": 208, "lon": 48.327356555459204, "lat": 61.82011398131047, "classification": 114, "subregion_name": "Eastern Europe", "umap_1d_x": 15.104497, "umap_2d_x": -31.911682, "umap_2d_y": -7.7704086, "umap_3d_x": -42.570232, "umap_3d_y": -7.616703, "umap_3d_z": -10.129269, "tsne_1d_x": -30.838865, "tsne_2d_x": -26.610321, "tsne_2d_y": -5.1551971, "tsne_3d_x": -24.237665, "tsne_3d_y": 25.860229, "tsne_3d_z": 9.5527954, "grid_umap_1d_x": 208.0, "grid_umap_2d_x": 2.0, "grid_umap_2d_y": 3.0, "grid_umap_3d_x": 0.0, "grid_umap_3d_y": 1.0, "grid_umap_3d_z": 3.0, "grid_tsne_1d_x": 208.0, "grid_tsne_2d_x": 3.0, "grid_tsne_2d_y": 7.0, "grid_tsne_3d_x": 2.0, "grid_tsne_3d_y": 5.0, "grid_tsne_3d_z": 3.0, "tile_dir": "tiles/0208" }, "geometry": { "type": "Point", "coordinates": [ 48.327356555459204, 61.82011398131047 ] } },
{ "type": "Feature", "properties": { "index": 209, "lon": 128.43391020941851, "lat": 51.356573803740218, "classification": 30, "subregion_name": "Eastern Europe", "umap_1d_x": 12.39908, "umap_2d_x": -34.057327, "umap_2d_y": 17.245369, "umap_3d_x": -39.845085, "umap_3d_y": 14.514389, "umap_3d_z": -14.798962, "tsne_1d_x": -41.032154, "tsne_2d_x": -35.050133, "tsne_2d_y": -2.0156059, "tsne_3d_x": 23.599144, "tsne_3d_y": 21.061752, "tsne_3d_z": 6.7673187, "grid_umap_1d_x": 209.0, "grid_umap_2d_x": 1.0, "grid_umap_2d_y": 17.0, "grid_umap_3d_x": 2.0, "grid_umap_3d_y": 5.0, "grid_umap_3d_z": 3.0, "grid_tsne_1d_x": 209.0, "grid_tsne_2d_x": 6.0, "grid_tsne_2d_y": 10.0, "grid_tsne_3d_x": 7.0, "grid_tsne_3d_y": 6.0, "grid_tsne_3d_z": 3.0, "tile_dir": "tiles/0209" }, "geometry": { "type": "Point", "coordinates": [ 128.433910209418514, 51.356573803740218 ] } },
{ "type": "Feature", "properties": { "index": 210, "lon": 98.27554435360031, "lat": 59.415513257914156, "classification": 111, "subregion_name": "Eastern Europe", "umap_1d_x": 14.485415, "umap_2d_x": -36.728821, "umap_2d_y": 6.5006065, "umap_3d_x": -46.832863, "umap_3d_y": 8.0265808, "umap_3d_z": -5.8458748, "tsne_1d_x": -37.97599, "tsne_2d_x": -33.727238, "tsne_2d_y": -12.696968, "tsne_3d_x": -5.5430069, "tsne_3d_y": 33.263924, "tsne_3d_z": 2.803421, "grid_umap_1d_x": 210.0, "grid_umap_2d_x": 3.0, "grid_umap_2d_y": 12.0, "grid_umap_3d_x": 0.0, "grid_umap_3d_y": 4.0, "grid_umap_3d_z": 4.0, "grid_tsne_1d_x": 210.0, "grid_tsne_2d_x": 5.0, "grid_tsne_2d_y": 7.0, "grid_tsne_3d_x": 3.0, "grid_tsne_3d_y": 6.0, "grid_tsne_3d_z": 2.0, "tile_dir": "tiles/0210" }, "geometry": { "type": "Point", "coordinates": [ 98.27554435360031, 59.415513257914156 ] } },
{ "type": "Feature", "properties": { "index": 211, "lon": 89.753280474725273, "lat": 69.272094992929226, "classification": 90, "subregion_name": "Eastern Europe", "umap_1d_x": 18.231209, "umap_2d_x": -46.391434, "umap_2d_y": -11.305073, "umap_3d_x": -46.694, "umap_3d_y": 7.1874809, "umap_3d_z": -46.378742, "tsne_1d_x": -64.791878, "tsne_2d_x": -39.512478, "tsne_2d_y": 31.999275, "tsne_3d_x": -0.96655655, "tsne_3d_y": 26.560287, "tsne_3d_z": 41.79631, "grid_umap_1d_x": 211.0, "grid_umap_2d_x": 4.0, "grid_umap_2d_y": 4.0, "grid_umap_3d_x": 3.0, "grid_umap_3d_y": 3.0, "grid_umap_3d_z": 0.0, "grid_tsne_1d_x": 211.0, "grid_tsne_2d_x": 1.0, "grid_tsne_2d_y": 21.0, "grid_tsne_3d_x": 3.0, "grid_tsne_3d_y": 5.0, "grid_tsne_3d_z": 6.0, "tile_dir": "tiles/0211" }, "geometry": { "type": "Point", "coordinates": [ 89.753280474725273, 69.272094992929226 ] } },
{ "type": "Feature", "properties": { "index": 212, "lon": 38.769653633130133, "lat": 14.710765269946805, "classification": 40, "subregion_name": "Sub-Saharan Africa", "umap_1d_x": -1.0542758, "umap_2d_x": 5.3389969, "umap_2d_y": 31.68541, "umap_3d_x": 4.4019508, "umap_3d_y": 32.298508, "umap_3d_z": 25.142349, "tsne_1d_x": 18.827436, "tsne_2d_x": 7.8680038, "tsne_2d_y": -18.504339, "tsne_3d_x": 8.0934067, "tsne_3d_y": -32.071091, "tsne_3d_z": 7.4543076, "grid_umap_1d_x": 212.0, "grid_umap_2d_x": 9.0, "grid_umap_2d_y": 20.0, "grid_umap_3d_x": 3.0, "grid_umap_3d_y": 7.0, "grid_umap_3d_z": 7.0, "grid_tsne_1d_x": 212.0, "grid_tsne_2d_x": 10.0, "grid_tsne_2d_y": 6.0, "grid_tsne_3d_x": 3.0, "grid_tsne_3d_y": 0.0, "grid_tsne_3d_z": 5.0, "tile_dir": "tiles/0212" }, "geometry": { "type": "Point", "coordinates": [ 38.769653633130133, 14.710765269946805 ] } },
{ "type": "Feature", "properties": { "index": 213, "lon": 147.567527412488, "lat": 69.538321326669035, "classification": 90, "subregion_name": "Eastern Europe", "umap_1d_x": 18.534348, "umap_2d_x": -48.176041, "umap_2d_y": 7.0662804, "umap_3d_x": -49.460281, "umap_3d_y": 24.577744, "umap_3d_z": -35.098446, "tsne_1d_x": -67.766052, "tsne_2d_x": -44.882645, "tsne_2d_y": 11.915058, "tsne_3d_x": 16.092293, "tsne_3d_y": 44.096886, "tsne_3d_z": 23.581215, "grid_umap_1d_x": 213.0, "grid_umap_2d_x": 6.0, "grid_umap_2d_y": 13.0, "grid_umap_3d_x": 0.0, "grid_umap_3d_y": 7.0, "grid_umap_3d_z": 0.0, "grid_tsne_1d_x": 213.0, "grid_tsne_2d_x": 0.0, "grid_tsne_2d_y": 13.0, "grid_tsne_3d_x": 6.0, "grid_tsne_3d_y": 7.0, "grid_tsne_3d_z": 5.0, "tile_dir": "tiles/0213" }, "geometry": { "type": "Point", "coordinates": [ 147.567527412488005, 69.538321326669035 ] } },
{ "type": "Feature", "properties": { "index": 214, "lon": 30.372450463090615, "lat": 14.479944731609891, "classification": 60, "subregion_name": "Northern Africa", "umap_1d_x": 2.3814261, "umap_2d_x": 8.2530861, "umap_2d_y": 11.142082, "umap_3d_x": 8.9642448, "umap_3d_y": 19.713249, "umap_3d_z": 49.625031, "tsne_1d_x": 26.473919, "tsne_2d_x": 15.265587, "tsne_2d_y": 1.0910912, "tsne_3d_x": -11.233646, "tsne_3d_y": -35.878006, "tsne_3d_z": 22.600861, "grid_umap_1d_x": 214.0, "grid_umap_2d_x": 14.0, "grid_umap_2d_y": 12.0, "grid_umap_3d_x": 3.0, "grid_umap_3d_y": 3.0, "grid_umap_3d_z": 7.0, "grid_tsne_1d_x": 214.0, "grid_tsne_2d_x": 14.0, "grid_tsne_2d_y": 11.0, "grid_tsne_3d_x": 2.0, "grid_tsne_3d_y": 2.0, "grid_tsne_3d_z": 5.0, "tile_dir": "tiles/0214" }, "geometry": { "type": "Point", "coordinates": [ 30.372450463090615, 14.479944731609891 ] } },
{ "type": "Feature", "properties": { "index": 215, "lon": 88.507961889328215, "lat": 63.604282427557138, "classification": 116, "subregion_name": "Eastern Europe", "umap_1d_x": 15.125479, "umap_2d_x": -35.199505, "umap_2d_y": -3.0989761, "umap_3d_x": -47.31752, "umap_3d_y": -3.7341881, "umap_3d_z": -8.437027, "tsne_1d_x": -32.960846, "tsne_2d_x": -28.299818, "tsne_2d_y": -9.7086525, "tsne_3d_x": -12.046478, "tsne_3d_y": 34.558205, "tsne_3d_z": 7.4779625, "grid_umap_1d_x": 215.0, "grid_umap_2d_x": 4.0, "grid_umap_2d_y": 7.0, "grid_umap_3d_x": 1.0, "grid_umap_3d_y": 2.0, "grid_umap_3d_z": 4.0, "grid_tsne_1d_x": 215.0, "grid_tsne_2d_x": 1.0, "grid_tsne_2d_y": 5.0, "grid_tsne_3d_x": 2.0, "grid_tsne_3d_y": 7.0, "grid_tsne_3d_z": 3.0, "tile_dir": "tiles/0215" }, "geometry": { "type": "Point", "coordinates": [ 88.507961889328215, 63.604282427557138 ] } },
{ "type": "Feature", "properties": { "index": 216, "lon": 172.01324354916716, "lat": 61.534740097111609, "classification": 30, "subregion_name": "Eastern Europe", "umap_1d_x": 19.608343, "umap_2d_x": -46.353577, "umap_2d_y": -1.2394829, "umap_3d_x": -47.449627, "umap_3d_y": 16.301308, "umap_3d_z": -39.210114, "tsne_1d_x": -74.502899, "tsne_2d_x": -50.0, "tsne_2d_y": 21.363258, "tsne_3d_x": -0.85620117, "tsne_3d_y": 47.964233, "tsne_3d_z": 36.643768, "grid_umap_1d_x": 216.0, "grid_umap_2d_x": 12.0, "grid_umap_2d_y": 10.0, "grid_umap_3d_x": 2.0, "grid_umap_3d_y": 4.0, "grid_umap_3d_z": 1.0, "grid_tsne_1d_x": 216.0, "grid_tsne_2d_x": 0.0, "grid_tsne_2d_y": 17.0, "grid_tsne_3d_x": 3.0, "grid_tsne_3d_y": 7.0, "grid_tsne_3d_z": 6.0, "tile_dir": "tiles/0216" }, "geometry": { "type": "Point", "coordinates": [ 172.013243549167157, 61.534740097111609 ] } },
{ "type": "Feature", "properties": { "index": 217, "lon": 114.25591867549014, "lat": 53.359480938786689, "classification": 113, "subregion_name": "Eastern Europe", "umap_1d_x": 11.690502, "umap_2d_x": -34.209606, "umap_2d_y": 18.845833, "umap_3d_x": -40.975304, "umap_3d_y": 16.084412, "umap_3d_z": -27.037399, "tsne_1d_x": -41.962173, "tsne_2d_x": -21.108976, "tsne_2d_y": 24.324982, "tsne_3d_x": 28.562035, "tsne_3d_y": 16.313171, "tsne_3d_z": 20.080078, "grid_umap_1d_x": 217.0, "grid_umap_2d_x": 2.0, "grid_umap_2d_y": 18.0, "grid_umap_3d_x": 0.0, "grid_umap_3d_y": 5.0, "grid_umap_3d_z": 1.0, "grid_tsne_1d_x": 217.0, "grid_tsne_2d_x": 2.0, "grid_tsne_2d_y": 19.0, "grid_tsne_3d_x": 7.0, "grid_tsne_3d_y": 6.0, "grid_tsne_3d_z": 5.0, "tile_dir": "tiles/0217" }, "geometry": { "type": "Point", "coordinates": [ 114.255918675490136, 53.359480938786689 ] } },
{ "type": "Feature", "properties": { "index": 218, "lon": 107.30937143006713, "lat": 34.710013459149366, "classification": 114, "subregion_name": "Unknown", "umap_1d_x": 4.8822322, "umap_2d_x": -10.082939, "umap_2d_y": 31.61544, "umap_3d_x": -9.0380936, "umap_3d_y": 26.217972, "umap_3d_z": -3.5989952, "tsne_1d_x": 4.3322587, "tsne_2d_x": -5.4742775, "tsne_2d_y": -34.34866, "tsne_3d_x": 41.264519, "tsne_3d_y": -3.2055473, "tsne_3d_z": 1.7629395, "grid_umap_1d_x": 218.0, "grid_umap_2d_x": 3.0, "grid_umap_2d_y": 21.0, "grid_umap_3d_x": 4.0, "grid_umap_3d_y": 7.0, "grid_umap_3d_z": 1.0, "grid_tsne_1d_x": 218.0, "grid_tsne_2d_x": 7.0, "grid_tsne_2d_y": 2.0, "grid_tsne_3d_x": 7.0, "grid_tsne_3d_y": 4.0, "grid_tsne_3d_z": 3.0, "tile_dir": "tiles/0218" }, "geometry": { "type": "Point", "coordinates": [ 107.309371430067131, 34.710013459149366 ] } },
{ "type": "Feature", "properties": { "index": 219, "lon": 149.59874128505339, "lat": 62.582954340283905, "classification": 126, "subregion_name": "Eastern Europe", "umap_1d_x": 19.416401, "umap_2d_x": -45.750854, "umap_2d_y": -0.51806259, "umap_3d_x": -47.575817, "umap_3d_y": 16.827171, "umap_3d_z": -36.205055, "tsne_1d_x": -66.187401, "tsne_2d_x": -48.983685, "tsne_2d_y": 17.067009, "tsne_3d_x": 1.647789, "tsne_3d_y": 45.547386, "tsne_3d_z": 28.926292, "grid_umap_1d_x": 219.0, "grid_umap_2d_x": 10.0, "grid_umap_2d_y": 10.0, "grid_umap_3d_x": 0.0, "grid_umap_3d_y": 5.0, "grid_umap_3d_z": 0.0, "grid_tsne_1d_x": 219.0, "grid_tsne_2d_x": 3.0, "grid_tsne_2d_y": 15.0, "grid_tsne_3d_x": 4.0, "grid_tsne_3d_y": 7.0, "grid_tsne_3d_z": 5.0, "tile_dir": "tiles/0219" }, "geometry": { "type": "Point", "coordinates": [ 149.598741285053393, 62.582954340283905 ] } },
{ "type": "Feature", "properties": { "index": 220, "lon": 48.323653392970556, "lat": 60.628587544392971, "classification": 111, "subregion_name": "Eastern Europe", "umap_1d_x": 14.735353, "umap_2d_x": -30.839664, "umap_2d_y": -4.551239, "umap_3d_x": -43.850121, "umap_3d_y": -9.8884506, "umap_3d_z": -3.106411, "tsne_1d_x": -31.78108, "tsne_2d_x": -23.723625, "tsne_2d_y": -13.694477, "tsne_3d_x": -22.716089, "tsne_3d_y": 28.967514, "tsne_3d_z": -1.9754601, "grid_umap_1d_x": 220.0, "grid_umap_2d_x": 6.0, "grid_umap_2d_y": 6.0, "grid_umap_3d_x": 3.0, "grid_umap_3d_y": 1.0, "grid_umap_3d_z": 6.0, "grid_tsne_1d_x": 220.0, "grid_tsne_2d_x": 1.0, "grid_tsne_2d_y": 2.0, "grid_tsne_3d_x": 0.0, "grid_tsne_3d_y": 7.0, "grid_tsne_3d_z": 1.0, "tile_dir": "tiles/0220" }, "geometry": { "type": "Point", "coordinates": [ 48.323653392970556, 60.628587544392971 ] } },
{ "type": "Feature", "properties": { "index": 221, "lon": 161.67427643038792, "lat": 61.424830510910709, "classification": 116, "subregion_name": "Eastern Europe", "umap_1d_x": 19.454102, "umap_2d_x": -45.939484, "umap_2d_y": -0.36824417, "umap_3d_x": -47.912521, "umap_3d_y": 15.664093, "umap_3d_z": -36.386528, "tsne_1d_x": -74.512489, "tsne_2d_x": -49.608585, "tsne_2d_y": 20.230171, "tsne_3d_x": -0.57666779, "tsne_3d_y": 46.941589, "tsne_3d_z": 34.864235, "grid_umap_1d_x": 221.0, "grid_umap_2d_x": 4.0, "grid_umap_2d_y": 9.0, "grid_umap_3d_x": 3.0, "grid_umap_3d_y": 4.0, "grid_umap_3d_z": 2.0, "grid_tsne_1d_x": 221.0, "grid_tsne_2d_x": 6.0, "grid_tsne_2d_y": 16.0, "grid_tsne_3d_x": 3.0, "grid_tsne_3d_y": 6.0, "grid_tsne_3d_z": 5.0, "tile_dir": "tiles/0221" }, "geometry": { "type": "Point", "coordinates": [ 161.67427643038792, 61.424830510910709 ] } },
{ "type": "Feature", "properties": { "index": 222, "lon": 39.009299649572313, "lat": 36.009260980955915, "classification": 40, "subregion_name": "Western Asia", "umap_1d_x": 6.2045527, "umap_2d_x": -12.298874, "umap_2d_y": 6.3925323, "umap_3d_x": -19.408792, "umap_3d_y": 2.3619576, "umap_3d_z": 9.1724625, "tsne_1d_x": -1.5325893, "tsne_2d_x": 6.4387016, "tsne_2d_y": 16.062721, "tsne_3d_x": -20.694668, "tsne_3d_y": -16.797974, "tsne_3d_z": 19.471138, "grid_umap_1d_x": 222.0, "grid_umap_2d_x": 3.0, "grid_umap_2d_y": 9.0, "grid_umap_3d_x": 0.0, "grid_umap_3d_y": 2.0, "grid_umap_3d_z": 7.0, "grid_tsne_1d_x": 222.0, "grid_tsne_2d_x": 7.0, "grid_tsne_2d_y": 16.0, "grid_tsne_3d_x": 0.0, "grid_tsne_3d_y": 1.0, "grid_tsne_3d_z": 6.0, "tile_dir": "tiles/0222" }, "geometry": { "type": "Point", "coordinates": [ 39.009299649572313, 36.009260980955915 ] } },
{ "type": "Feature", "properties": { "index": 223, "lon": -75.894360548989013, "lat": 41.351440240658604, "classification": 114, "subregion_name": "Unknown", "umap_1d_x": 9.9059525, "umap_2d_x": -24.327465, "umap_2d_y": 15.357384, "umap_3d_x": -24.04056, "umap_3d_y": 4.9979095, "umap_3d_z": -26.140312, "tsne_1d_x": -13.800623, "tsne_2d_x": -7.657711, "tsne_2d_y": -3.5535126, "tsne_3d_x": 13.744438, "tsne_3d_y": 6.4693642, "tsne_3d_z": -4.2976456, "grid_umap_1d_x": 223.0, "grid_umap_2d_x": 1.0, "grid_umap_2d_y": 16.0, "grid_umap_3d_x": 5.0, "grid_umap_3d_y": 3.0, "grid_umap_3d_z": 0.0, "grid_tsne_1d_x": 223.0, "grid_tsne_2d_x": 6.0, "grid_tsne_2d_y": 5.0, "grid_tsne_3d_x": 7.0, "grid_tsne_3d_y": 6.0, "grid_tsne_3d_z": 1.0, "tile_dir": "tiles/0223" }, "geometry": { "type": "Point", "coordinates": [ -75.894360548989013, 41.351440240658604 ] } },
{ "type": "Feature", "properties": { "index": 224, "lon": 84.912914424359712, "lat": 49.80597821511347, "classification": 111, "subregion_name": "Unknown", "umap_1d_x": 15.399716, "umap_2d_x": -38.478462, "umap_2d_y": 4.7088089, "umap_3d_x": -44.520397, "umap_3d_y": 7.052124, "umap_3d_z": -17.133545, "tsne_1d_x": -42.072254, "tsne_2d_x": -27.149166, "tsne_2d_y": 0.77938461, "tsne_3d_x": -8.6490707, "tsne_3d_y": 8.0606918, "tsne_3d_z": 5.8751106, "grid_umap_1d_x": 224.0, "grid_umap_2d_x": 9.0, "grid_umap_2d_y": 12.0, "grid_umap_3d_x": 2.0, "grid_umap_3d_y": 3.0, "grid_umap_3d_z": 3.0, "grid_tsne_1d_x": 224.0, "grid_tsne_2d_x": 5.0, "grid_tsne_2d_y": 10.0, "grid_tsne_3d_x": 0.0, "grid_tsne_3d_y": 5.0, "grid_tsne_3d_z": 4.0, "tile_dir": "tiles/0224" }, "geometry": { "type": "Point", "coordinates": [ 84.912914424359712, 49.80597821511347 ] } },
{ "type": "Feature", "properties": { "index": 225, "lon": 111.90409739074988, "lat": 69.369130817157043, "classification": 126, "subregion_name": "Eastern Europe", "umap_1d_x": 19.369194, "umap_2d_x": -49.610329, "umap_2d_y": -3.092907, "umap_3d_x": -47.513344, "umap_3d_y": 21.35936, "umap_3d_z": -47.693932, "tsne_1d_x": -71.136414, "tsne_2d_x": -44.255127, "tsne_2d_y": 25.891609, "tsne_3d_x": 16.345215, "tsne_3d_y": 40.527527, "tsne_3d_z": 39.734222, "grid_umap_1d_x": 225.0, "grid_umap_2d_x": 3.0, "grid_umap_2d_y": 8.0, "grid_umap_3d_x": 5.0, "grid_umap_3d_y": 6.0, "grid_umap_3d_z": 0.0, "grid_tsne_1d_x": 225.0, "grid_tsne_2d_x": 12.0, "grid_tsne_2d_y": 16.0, "grid_tsne_3d_x": 5.0, "grid_tsne_3d_y": 6.0, "grid_tsne_3d_z": 6.0, "tile_dir": "tiles/0225" }, "geometry": { "type": "Point", "coordinates": [ 111.904097390749882, 69.369130817157043 ] } },
{ "type": "Feature", "properties": { "index": 226, "lon": -114.84187696738601, "lat": 57.045473476050688, "classification": 20, "subregion_name": "Northern America", "umap_1d_x": 16.840658, "umap_2d_x": -39.291229, "umap_2d_y": -5.5907974, "umap_3d_x": -47.987633, "umap_3d_y": -0.2311058, "umap_3d_z": -26.639814, "tsne_1d_x": -51.772083, "tsne_2d_x": -31.053766, "tsne_2d_y": 10.708767, "tsne_3d_x": -4.8522797, "tsne_3d_y": 17.007202, "tsne_3d_z": 17.143768, "grid_umap_1d_x": 226.0, "grid_umap_2d_x": 4.0, "grid_umap_2d_y": 6.0, "grid_umap_3d_x": 2.0, "grid_umap_3d_y": 2.0, "grid_umap_3d_z": 2.0, "grid_tsne_1d_x": 226.0, "grid_tsne_2d_x": 10.0, "grid_tsne_2d_y": 13.0, "grid_tsne_3d_x": 1.0, "grid_tsne_3d_y": 7.0, "grid_tsne_3d_z": 7.0, "tile_dir": "tiles/0226" }, "geometry": { "type": "Point", "coordinates": [ -114.841876967386014, 57.045473476050688 ] } },
{ "type": "Feature", "properties": { "index": 227, "lon": -106.16898459096757, "lat": 23.47125812545417, "classification": 114, "subregion_name": "Latin America and the Caribbean", "umap_1d_x": -0.51068175, "umap_2d_x": 2.8228569, "umap_2d_y": 35.394585, "umap_3d_x": 2.9467506, "umap_3d_y": 35.292473, "umap_3d_z": 18.832016, "tsne_1d_x": 10.616924, "tsne_2d_x": 9.2458801, "tsne_2d_y": -29.581062, "tsne_3d_x": 16.656822, "tsne_3d_y": -23.695036, "tsne_3d_z": 11.674099, "grid_umap_1d_x": 227.0, "grid_umap_2d_x": 9.0, "grid_umap_2d_y": 17.0, "grid_umap_3d_x": 2.0, "grid_umap_3d_y": 6.0, "grid_umap_3d_z": 5.0, "grid_tsne_1d_x": 227.0, "grid_tsne_2d_x": 11.0, "grid_tsne_2d_y": 7.0, "grid_tsne_3d_x": 5.0, "grid_tsne_3d_y": 1.0, "grid_tsne_3d_z": 5.0, "tile_dir": "tiles/0227" }, "geometry": { "type": "Point", "coordinates": [ -106.168984590967568, 23.47125812545417 ] } },
{ "type": "Feature", "properties": { "index": 228, "lon": -78.649156493285673, "lat": 53.917955224672198, "classification": 20, "subregion_name": "Northern America", "umap_1d_x": 17.347816, "umap_2d_x": -40.74614, "umap_2d_y": -14.739952, "umap_3d_x": -46.301403, "umap_3d_y": -2.9181328, "umap_3d_z": -38.107635, "tsne_1d_x": -56.039764, "tsne_2d_x": -29.100307, "tsne_2d_y": 24.662857, "tsne_3d_x": -9.1294098, "tsne_3d_y": 19.659409, "tsne_3d_z": 32.098953, "grid_umap_1d_x": 228.0, "grid_umap_2d_x": 7.0, "grid_umap_2d_y": 3.0, "grid_umap_3d_x": 2.0, "grid_umap_3d_y": 1.0, "grid_umap_3d_z": 0.0, "grid_tsne_1d_x": 228.0, "grid_tsne_2d_x": 3.0, "grid_tsne_2d_y": 18.0, "grid_tsne_3d_x": 1.0, "grid_tsne_3d_y": 5.0, "grid_tsne_3d_z": 7.0, "tile_dir": "tiles/0228" }, "geometry": { "type": "Point", "coordinates": [ -78.649156493285673, 53.917955224672198 ] } },
{ "type": "Feature", "properties": { "index": 229, "lon": 29.38518932791817, "lat": 12.073600803467457, "classification": 20, "subregion_name": "Northern Africa", "umap_1d_x": 1.9505748, "umap_2d_x": 9.9136353, "umap_2d_y": 16.028122, "umap_3d_x": 8.686882, "umap_3d_y": 27.017418, "umap_3d_z": 45.685616, "tsne_1d_x": 25.205412, "tsne_2d_x": 16.609695, "tsne_2d_y": -4.4547424, "tsne_3d_x": -1.3049622, "tsne_3d_y": -38.894093, "tsne_3d_z": 23.992371, "grid_umap_1d_x": 229.0, "grid_umap_2d_x": 10.0, "grid_umap_2d_y": 16.0, "grid_umap_3d_x": 4.0, "grid_umap_3d_y": 4.0, "grid_umap_3d_z": 7.0, "grid_tsne_1d_x": 229.0, "grid_tsne_2d_x": 16.0, "grid_tsne_2d_y": 0.0, "grid_tsne_3d_x": 3.0, "grid_tsne_3d_y": 2.0, "grid_tsne_3d_z": 6.0, "tile_dir": "tiles/0229" }, "geometry": { "type": "Point", "coordinates": [ 29.38518932791817, 12.073600803467457 ] } },
{ "type": "Feature", "properties": { "index": 230, "lon": -93.597508927855642, "lat": 58.592601051353839, "classification": 121, "subregion_name": "Northern America", "umap_1d_x": 16.547491, "umap_2d_x": -41.244202, "umap_2d_y": -7.9831619, "umap_3d_x": -48.016338, "umap_3d_y": 1.9669304, "umap_3d_z": -32.724564, "tsne_1d_x": -46.521378, "tsne_2d_x": -36.172062, "tsne_2d_y": 8.076088, "tsne_3d_x": -1.8808022, "tsne_3d_y": 33.616707, "tsne_3d_z": 19.747421, "grid_umap_1d_x": 230.0, "grid_umap_2d_x": 7.0, "grid_umap_2d_y": 6.0, "grid_umap_3d_x": 1.0, "grid_umap_3d_y": 3.0, "grid_umap_3d_z": 1.0, "grid_tsne_1d_x": 230.0, "grid_tsne_2d_x": 2.0, "grid_tsne_2d_y": 12.0, "grid_tsne_3d_x": 3.0, "grid_tsne_3d_y": 7.0, "grid_tsne_3d_z": 5.0, "tile_dir": "tiles/0230" }, "geometry": { "type": "Point", "coordinates": [ -93.597508927855642, 58.592601051353839 ] } },
{ "type": "Feature", "properties": { "index": 231, "lon": -129.39770605543549, "lat": 64.586834836508473, "classification": 60, "subregion_name": "Northern America", "umap_1d_x": 19.59409, "umap_2d_x": -47.259876, "umap_2d_y": -5.3155289, "umap_3d_x": -45.276714, "umap_3d_y": 19.235062, "umap_3d_z": -44.26823, "tsne_1d_x": -75.065521, "tsne_2d_x": -46.984543, "tsne_2d_y": 31.356598, "tsne_3d_x": 10.851276, "tsne_3d_y": 44.367828, "tsne_3d_z": 50.0, "grid_umap_1d_x": 231.0, "grid_umap_2d_x": 12.0, "grid_umap_2d_y": 9.0, "grid_umap_3d_x": 4.0, "grid_umap_3d_y": 5.0, "grid_umap_3d_z": 1.0, "grid_tsne_1d_x": 231.0, "grid_tsne_2d_x": 0.0, "grid_tsne_2d_y": 20.0, "grid_tsne_3d_x": 5.0, "grid_tsne_3d_y": 6.0, "grid_tsne_3d_z": 7.0, "tile_dir": "tiles/0231" }, "geometry": { "type": "Point", "coordinates": [ -129.397706055435492, 64.586834836508473 ] } },
{ "type": "Feature", "properties": { "index": 232, "lon": 119.8448992985783, "lat": 56.044398767858894, "classification": 113, "subregion_name": "Eastern Europe", "umap_1d_x": 18.997572, "umap_2d_x": -46.682766, "umap_2d_y": 1.5505028, "umap_3d_x": -47.442348, "umap_3d_y": 18.672874, "umap_3d_z": -35.729118, "tsne_1d_x": -65.985756, "tsne_2d_x": -47.966839, "tsne_2d_y": 15.491493, "tsne_3d_x": 1.0652771, "tsne_3d_y": 40.873192, "tsne_3d_z": 27.068329, "grid_umap_1d_x": 232.0, "grid_umap_2d_x": 13.0, "grid_umap_2d_y": 11.0, "grid_umap_3d_x": 2.0, "grid_umap_3d_y": 5.0, "grid_umap_3d_z": 1.0, "grid_tsne_1d_x": 232.0, "grid_tsne_2d_x": 7.0, "grid_tsne_2d_y": 14.0, "grid_tsne_3d_x": 4.0, "grid_tsne_3d_y": 5.0, "grid_tsne_3d_z": 4.0, "tile_dir": "tiles/0232" }, "geometry": { "type": "Point", "coordinates": [ 119.844899298578298, 56.044398767858894 ] } },
{ "type": "Feature", "properties": { "index": 233, "lon": 118.6875760066946, "lat": -24.601885665912128, "classification": 20, "subregion_name": "Unknown", "umap_1d_x": -20.480536, "umap_2d_x": 41.36171, "umap_2d_y": -47.989227, "umap_3d_x": 49.766396, "umap_3d_y": -48.586304, "umap_3d_z": 22.59169, "tsne_1d_x": 81.588547, "tsne_2d_x": 41.715706, "tsne_2d_y": 40.788712, "tsne_3d_x": -46.709377, "tsne_3d_y": -18.484667, "tsne_3d_z": -27.219728, "grid_umap_1d_x": 233.0, "grid_umap_2d_x": 13.0, "grid_umap_2d_y": 4.0, "grid_umap_3d_x": 5.0, "grid_umap_3d_y": 0.0, "grid_umap_3d_z": 2.0, "grid_tsne_1d_x": 233.0, "grid_tsne_2d_x": 17.0, "grid_tsne_2d_y": 19.0, "grid_tsne_3d_x": 0.0, "grid_tsne_3d_y": 3.0, "grid_tsne_3d_z": 1.0, "tile_dir": "tiles/0233" }, "geometry": { "type": "Point", "coordinates": [ 118.687576006694599, -24.601885665912128 ] } },
{ "type": "Feature", "properties": { "index": 234, "lon": -158.87442733408145, "lat": 61.814762051738668, "classification": 111, "subregion_name": "Unknown", "umap_1d_x": 15.225183, "umap_2d_x": -32.034264, "umap_2d_y": -8.5622177, "umap_3d_x": -42.497261, "umap_3d_y": -8.0618935, "umap_3d_z": -11.301395, "tsne_1d_x": -30.469273, "tsne_2d_x": -24.992311, "tsne_2d_y": -2.8672104, "tsne_3d_x": -29.919769, "tsne_3d_y": 28.540558, "tsne_3d_z": 10.71328, "grid_umap_1d_x": 234.0, "grid_umap_2d_x": 13.0, "grid_umap_2d_y": 6.0, "grid_umap_3d_x": 1.0, "grid_umap_3d_y": 1.0, "grid_umap_3d_z": 3.0, "grid_tsne_1d_x": 234.0, "grid_tsne_2d_x": 4.0, "grid_tsne_2d_y": 8.0, "grid_tsne_3d_x": 0.0, "grid_tsne_3d_y": 6.0, "grid_tsne_3d_z": 4.0, "tile_dir": "tiles/0234" }, "geometry": { "type": "Point", "coordinates": [ -158.874427334081446, 61.814762051738668 ] } },
{ "type": "Feature", "properties": { "index": 235, "lon": -81.841807724507262, "lat": 38.410952920492093, "classification": 114, "subregion_name": "Unknown", "umap_1d_x": 9.8678503, "umap_2d_x": -24.271027, "umap_2d_y": 14.637749, "umap_3d_x": -23.231506, "umap_3d_y": 4.807312, "umap_3d_z": -25.205677, "tsne_1d_x": -13.53277, "tsne_2d_x": -6.3438492, "tsne_2d_y": -5.291893, "tsne_3d_x": 11.835575, "tsne_3d_y": 4.0375175, "tsne_3d_z": -8.0765457, "grid_umap_1d_x": 235.0, "grid_umap_2d_x": 9.0, "grid_umap_2d_y": 16.0, "grid_umap_3d_x": 4.0, "grid_umap_3d_y": 3.0, "grid_umap_3d_z": 0.0, "grid_tsne_1d_x": 235.0, "grid_tsne_2d_x": 2.0, "grid_tsne_2d_y": 1.0, "grid_tsne_3d_x": 6.0, "grid_tsne_3d_y": 5.0, "grid_tsne_3d_z": 0.0, "tile_dir": "tiles/0235" }, "geometry": { "type": "Point", "coordinates": [ -81.841807724507262, 38.410952920492093 ] } },
{ "type": "Feature", "properties": { "index": 236, "lon": 85.738025655412628, "lat": 23.889307662572108, "classification": 40, "subregion_name": "Southern Asia", "umap_1d_x": -0.040588599, "umap_2d_x": 5.1155624, "umap_2d_y": 40.19986, "umap_3d_x": 2.7434158, "umap_3d_y": 38.883034, "umap_3d_z": 27.044258, "tsne_1d_x": 14.687695, "tsne_2d_x": 11.949886, "tsne_2d_y": -36.23045, "tsne_3d_x": 21.854507, "tsne_3d_y": -27.104504, "tsne_3d_z": 22.602119, "grid_umap_1d_x": 236.0, "grid_umap_2d_x": 10.0, "grid_umap_2d_y": 22.0, "grid_umap_3d_x": 2.0, "grid_umap_3d_y": 7.0, "grid_umap_3d_z": 7.0, "grid_tsne_1d_x": 236.0, "grid_tsne_2d_x": 12.0, "grid_tsne_2d_y": 1.0, "grid_tsne_3d_x": 6.0, "grid_tsne_3d_y": 1.0, "grid_tsne_3d_z": 7.0, "tile_dir": "tiles/0236" }, "geometry": { "type": "Point", "coordinates": [ 85.738025655412628, 23.889307662572108 ] } },
{ "type": "Feature", "properties": { "index": 237, "lon": 118.77816273155918, "lat": 32.419679694633203, "classification": 126, "subregion_name": "Unknown", "umap_1d_x": 4.5321779, "umap_2d_x": -7.4421844, "umap_2d_y": 34.311386, "umap_3d_x": -8.1703873, "umap_3d_y": 30.339882, "umap_3d_z": 1.3266335, "tsne_1d_x": 4.1330824, "tsne_2d_x": -2.2197151, "tsne_2d_y": -39.046432, "tsne_3d_x": 40.861214, "tsne_3d_y": -5.9476509, "tsne_3d_z": 12.102871, "grid_umap_1d_x": 237.0, "grid_umap_2d_x": 6.0, "grid_umap_2d_y": 19.0, "grid_umap_3d_x": 2.0, "grid_umap_3d_y": 6.0, "grid_umap_3d_z": 4.0, "grid_tsne_1d_x": 237.0, "grid_tsne_2d_x": 9.0, "grid_tsne_2d_y": 7.0, "grid_tsne_3d_x": 6.0, "grid_tsne_3d_y": 4.0, "grid_tsne_3d_z": 5.0, "tile_dir": "tiles/0237" }, "geometry": { "type": "Point", "coordinates": [ 118.778162731559178, 32.419679694633203 ] } },
{ "type": "Feature", "properties": { "index": 238, "lon": 88.87117942061974, "lat": 53.316894144002831, "classification": 111, "subregion_name": "Eastern Europe", "umap_1d_x": 14.089052, "umap_2d_x": -34.343597, "umap_2d_y": 3.8668518, "umap_3d_x": -44.829369, "umap_3d_y": 3.6023254, "umap_3d_z": -4.8916245, "tsne_1d_x": -35.140533, "tsne_2d_x": -33.052895, "tsne_2d_y": -18.315884, "tsne_3d_x": -10.181641, "tsne_3d_y": 26.022926, "tsne_3d_z": -5.2933083, "grid_umap_1d_x": 238.0, "grid_umap_2d_x": 12.0, "grid_umap_2d_y": 11.0, "grid_umap_3d_x": 1.0, "grid_umap_3d_y": 3.0, "grid_umap_3d_z": 4.0, "grid_tsne_1d_x": 238.0, "grid_tsne_2d_x": 4.0, "grid_tsne_2d_y": 5.0, "grid_tsne_3d_x": 1.0, "grid_tsne_3d_y": 7.0, "grid_tsne_3d_z": 0.0, "tile_dir": "tiles/0238" }, "geometry": { "type": "Point", "coordinates": [ 88.87117942061974, 53.316894144002831 ] } },
{ "type": "Feature", "properties": { "index": 239, "lon": 21.208099865375772, "lat": 3.7081374375105649, "classification": 112, "subregion_name": "Sub-Saharan Africa", "umap_1d_x": -6.5251913, "umap_2d_x": 30.226547, "umap_2d_y": 43.046104, "umap_3d_x": 27.558853, "umap_3d_y": 36.669998, "umap_3d_z": 12.536758, "tsne_1d_x": 38.464146, "tsne_2d_x": 39.328201, "tsne_2d_y": -37.897179, "tsne_3d_x": 48.776947, "tsne_3d_y": -30.779413, "tsne_3d_z": -26.061361, "grid_umap_1d_x": 239.0, "grid_umap_2d_x": 16.0, "grid_umap_2d_y": 18.0, "grid_umap_3d_x": 7.0, "grid_umap_3d_y": 5.0, "grid_umap_3d_z": 6.0, "grid_tsne_1d_x": 239.0, "grid_tsne_2d_x": 18.0, "grid_tsne_2d_y": 4.0, "grid_tsne_3d_x": 7.0, "grid_tsne_3d_y": 4.0, "grid_tsne_3d_z": 1.0, "tile_dir": "tiles/0239" }, "geometry": { "type": "Point", "coordinates": [ 21.208099865375772, 3.708137437510565 ] } },
{ "type": "Feature", "properties": { "index": 240, "lon": 130.9406241491285, "lat": -19.020393621842267, "classification": 30, "subregion_name": "Unknown", "umap_1d_x": -20.7174, "umap_2d_x": 42.435165, "umap_2d_y": -49.579159, "umap_3d_x": 48.181572, "umap_3d_y": -48.936821, "umap_3d_z": 27.034386, "tsne_1d_x": 80.984856, "tsne_2d_x": 45.965096, "tsne_2d_y": 42.958992, "tsne_3d_x": -47.781219, "tsne_3d_y": -17.944225, "tsne_3d_z": -16.889591, "grid_umap_1d_x": 240.0, "grid_umap_2d_x": 15.0, "grid_umap_2d_y": 2.0, "grid_umap_3d_x": 4.0, "grid_umap_3d_y": 0.0, "grid_umap_3d_z": 6.0, "grid_tsne_1d_x": 240.0, "grid_tsne_2d_x": 19.0, "grid_tsne_2d_y": 20.0, "grid_tsne_3d_x": 0.0, "grid_tsne_3d_y": 2.0, "grid_tsne_3d_z": 3.0, "tile_dir": "tiles/0240" }, "geometry": { "type": "Point", "coordinates": [ 130.940624149128496, -19.020393621842267 ] } },
{ "type": "Feature", "properties": { "index": 241, "lon": -110.27861253597294, "lat": 24.194082094971776, "classification": 20, "subregion_name": "Latin America and the Caribbean", "umap_1d_x": 5.6947465, "umap_2d_x": -10.44183, "umap_2d_y": 3.8721733, "umap_3d_x": -19.194407, "umap_3d_y": -1.0564575, "umap_3d_z": 14.762383, "tsne_1d_x": 0.39366651, "tsne_2d_x": 11.29874, "tsne_2d_y": 14.931313, "tsne_3d_x": -13.70409, "tsne_3d_y": -27.994247, "tsne_3d_z": 9.6845322, "grid_umap_1d_x": 241.0, "grid_umap_2d_x": 2.0, "grid_umap_2d_y": 7.0, "grid_umap_3d_x": 2.0, "grid_umap_3d_y": 1.0, "grid_umap_3d_z": 7.0, "grid_tsne_1d_x": 241.0, "grid_tsne_2d_x": 12.0, "grid_tsne_2d_y": 15.0, "grid_tsne_3d_x": 1.0, "grid_tsne_3d_y": 1.0, "grid_tsne_3d_z": 4.0, "tile_dir": "tiles/0241" }, "geometry": { "type": "Point", "coordinates": [ -110.27861253597294, 24.194082094971776 ] } },
{ "type": "Feature", "properties": { "index": 242, "lon": 96.820609835373091, "lat": 17.377076742741963, "classification": 126, "subregion_name": "South-eastern Asia", "umap_1d_x": -1.2619194, "umap_2d_x": 7.4252892, "umap_2d_y": 35.36293, "umap_3d_x": 6.2962608, "umap_3d_y": 38.28363, "umap_3d_z": 21.38662, "tsne_1d_x": 11.387183, "tsne_2d_x": 14.682098, "tsne_2d_y": -28.479408, "tsne_3d_x": 25.890617, "tsne_3d_y": -33.276962, "tsne_3d_z": 12.181877, "grid_umap_1d_x": 242.0, "grid_umap_2d_x": 11.0, "grid_umap_2d_y": 20.0, "grid_umap_3d_x": 5.0, "grid_umap_3d_y": 7.0, "grid_umap_3d_z": 6.0, "grid_tsne_1d_x": 242.0, "grid_tsne_2d_x": 13.0, "grid_tsne_2d_y": 3.0, "grid_tsne_3d_x": 5.0, "grid_tsne_3d_y": 2.0, "grid_tsne_3d_z": 5.0, "tile_dir": "tiles/0242" }, "geometry": { "type": "Point", "coordinates": [ 96.820609835373091, 17.377076742741963 ] } },
{ "type": "Feature", "properties": { "index": 243, "lon": 120.23011375734376, "lat": -21.273801264483609, "classification": 30, "subregion_name": "Unknown", "umap_1d_x": -20.04862, "umap_2d_x": 40.867256, "umap_2d_y": -43.310555, "umap_3d_x": 48.49472, "umap_3d_y": -42.117104, "umap_3d_z": 24.948868, "tsne_1d_x": 79.270554, "tsne_2d_x": 44.943855, "tsne_2d_y": 37.32093, "tsne_3d_x": -36.899445, "tsne_3d_y": -21.837753, "tsne_3d_z": -24.84425, "grid_umap_1d_x": 243.0, "grid_umap_2d_x": 17.0, "grid_umap_2d_y": 0.0, "grid_umap_3d_x": 6.0, "grid_umap_3d_y": 0.0, "grid_umap_3d_z": 4.0, "grid_tsne_1d_x": 243.0, "grid_tsne_2d_x": 20.0, "grid_tsne_2d_y": 20.0, "grid_tsne_3d_x": 1.0, "grid_tsne_3d_y": 2.0, "grid_tsne_3d_z": 2.0, "tile_dir": "tiles/0243" }, "geometry": { "type": "Point", "coordinates": [ 120.230113757343759, -21.273801264483609 ] } },
{ "type": "Feature", "properties": { "index": 244, "lon": -9.9247776171459066, "lat": 10.838472302787025, "classification": 126, "subregion_name": "Sub-Saharan Africa", "umap_1d_x": -2.2528377, "umap_2d_x": 9.7244263, "umap_2d_y": 26.455864, "umap_3d_x": 8.7420158, "umap_3d_y": 34.372498, "umap_3d_z": 33.292397, "tsne_1d_x": 22.160774, "tsne_2d_x": 16.515648, "tsne_2d_y": -16.462154, "tsne_3d_x": 12.667782, "tsne_3d_y": -40.620117, "tsne_3d_z": 17.709579, "grid_umap_1d_x": 244.0, "grid_umap_2d_x": 11.0, "grid_umap_2d_y": 21.0, "grid_umap_3d_x": 5.0, "grid_umap_3d_y": 4.0, "grid_umap_3d_z": 5.0, "grid_tsne_1d_x": 244.0, "grid_tsne_2d_x": 14.0, "grid_tsne_2d_y": 3.0, "grid_tsne_3d_x": 4.0, "grid_tsne_3d_y": 2.0, "grid_tsne_3d_z": 5.0, "tile_dir": "tiles/0244" }, "geometry": { "type": "Point", "coordinates": [ -9.924777617145907, 10.838472302787025 ] } },
{ "type": "Feature", "properties": { "index": 245, "lon": 99.800793964184038, "lat": 50.28165189160336, "classification": 126, "subregion_name": "Eastern Asia", "umap_1d_x": 8.4756737, "umap_2d_x": -15.545837, "umap_2d_y": 28.74012, "umap_3d_x": -15.102066, "umap_3d_y": 23.444366, "umap_3d_z": -5.1997414, "tsne_1d_x": -8.1194849, "tsne_2d_x": -6.009285, "tsne_2d_y": -20.724661, "tsne_3d_x": 30.280586, "tsne_3d_y": 8.2391396, "tsne_3d_z": 17.710014, "grid_umap_1d_x": 245.0, "grid_umap_2d_x": 0.0, "grid_umap_2d_y": 21.0, "grid_umap_3d_x": 1.0, "grid_umap_3d_y": 7.0, "grid_umap_3d_z": 3.0, "grid_tsne_1d_x": 245.0, "grid_tsne_2d_x": 5.0, "grid_tsne_2d_y": 1.0, "grid_tsne_3d_x": 6.0, "grid_tsne_3d_y": 4.0, "grid_tsne_3d_z": 6.0, "tile_dir": "tiles/0245" }, "geometry": { "type": "Point", "coordinates": [ 99.800793964184038, 50.28165189160336 ] } },
{ "type": "Feature", "properties": { "index": 246, "lon": -85.029278727970791, "lat": 32.503220031933651, "classification": 126, "subregion_name": "Unknown", "umap_1d_x": 10.09121, "umap_2d_x": -22.933519, "umap_2d_y": 12.485916, "umap_3d_x": -21.99575, "umap_3d_y": 5.3998528, "umap_3d_z": -22.982624, "tsne_1d_x": -12.405746, "tsne_2d_x": -2.8754463, "tsne_2d_y": -6.1089211, "tsne_3d_x": 4.5954399, "tsne_3d_y": -3.3653221, "tsne_3d_z": -8.4622803, "grid_umap_1d_x": 246.0, "grid_umap_2d_x": 3.0, "grid_umap_2d_y": 14.0, "grid_umap_3d_x": 5.0, "grid_umap_3d_y": 3.0, "grid_umap_3d_z": 2.0, "grid_tsne_1d_x": 246.0, "grid_tsne_2d_x": 3.0, "grid_tsne_2d_y": 0.0, "grid_tsne_3d_x": 4.0, "grid_tsne_3d_y": 3.0, "grid_tsne_3d_z": 1.0, "tile_dir": "tiles/0246" }, "geometry": { "type": "Point", "coordinates": [ -85.029278727970791, 32.503220031933651 ] } },
{ "type": "Feature", "properties": { "index": 247, "lon": 38.154769482184577, "lat": 60.746332680402901, "classification": 114, "subregion_name": "Eastern Europe", "umap_1d_x": 15.174591, "umap_2d_x": -31.01211, "umap_2d_y": -8.3138695, "umap_3d_x": -42.056885, "umap_3d_y": -8.8589478, "umap_3d_z": -9.3982315, "tsne_1d_x": -30.707216, "tsne_2d_x": -24.854364, "tsne_2d_y": -5.4274635, "tsne_3d_x": -26.466236, "tsne_3d_y": 25.683464, "tsne_3d_z": 8.0939903, "grid_umap_1d_x": 247.0, "grid_umap_2d_x": 7.0, "grid_umap_2d_y": 4.0, "grid_umap_3d_x": 2.0, "grid_umap_3d_y": 1.0, "grid_umap_3d_z": 4.0, "grid_tsne_1d_x": 247.0, "grid_tsne_2d_x": 1.0, "grid_tsne_2d_y": 6.0, "grid_tsne_3d_x": 0.0, "grid_tsne_3d_y": 6.0, "grid_tsne_3d_z": 3.0, "tile_dir": "tiles/0247" }, "geometry": { "type": "Point", "coordinates": [ 38.154769482184577, 60.746332680402901 ] } },
{ "type": "Feature", "properties": { "index": 248, "lon": -74.221871178233812, "lat": 5.3238152446338489, "classification": 112, "subregion_name": "Latin America and the Caribbean", "umap_1d_x": -1.2044513, "umap_2d_x": 5.2836609, "umap_2d_y": 32.684967, "umap_3d_x": 6.4369736, "umap_3d_y": 33.073166, "umap_3d_z": 15.680099, "tsne_1d_x": 9.6219063, "tsne_2d_x": 11.622066, "tsne_2d_y": -24.771149, "tsne_3d_x": 22.066574, "tsne_3d_y": -29.461605, "tsne_3d_z": -1.0286865, "grid_umap_1d_x": 248.0, "grid_umap_2d_x": 9.0, "grid_umap_2d_y": 21.0, "grid_umap_3d_x": 5.0, "grid_umap_3d_y": 7.0, "grid_umap_3d_z": 4.0, "grid_tsne_1d_x": 248.0, "grid_tsne_2d_x": 11.0, "grid_tsne_2d_y": 4.0, "grid_tsne_3d_x": 5.0, "grid_tsne_3d_y": 0.0, "grid_tsne_3d_z": 3.0, "tile_dir": "tiles/0248" }, "geometry": { "type": "Point", "coordinates": [ -74.221871178233812, 5.323815244633849 ] } },
{ "type": "Feature", "properties": { "index": 249, "lon": 25.326314028006493, "lat": 51.214535745702733, "classification": 90, "subregion_name": "Eastern Europe", "umap_1d_x": 21.843744, "umap_2d_x": -25.196524, "umap_2d_y": -10.102142, "umap_3d_x": -35.36261, "umap_3d_y": -12.035797, "umap_3d_z": -9.2803345, "tsne_1d_x": -22.817396, "tsne_2d_x": -12.549488, "tsne_2d_y": 12.280369, "tsne_3d_x": -30.849331, "tsne_3d_y": 10.622089, "tsne_3d_z": 7.187851, "grid_umap_1d_x": 249.0, "grid_umap_2d_x": 7.0, "grid_umap_2d_y": 2.0, "grid_umap_3d_x": 1.0, "grid_umap_3d_y": 0.0, "grid_umap_3d_z": 3.0, "grid_tsne_1d_x": 249.0, "grid_tsne_2d_x": 5.0, "grid_tsne_2d_y": 13.0, "grid_tsne_3d_x": 1.0, "grid_tsne_3d_y": 4.0, "grid_tsne_3d_z": 4.0, "tile_dir": "tiles/0249" }, "geometry": { "type": "Point", "coordinates": [ 25.326314028006493, 51.214535745702733 ] } },
{ "type": "Feature", "properties": { "index": 250, "lon": -70.479851743579076, "lat": -13.555651973710873, "classification": 112, "subregion_name": "Latin America and the Caribbean", "umap_1d_x": -5.5744529, "umap_2d_x": 26.926125, "umap_2d_y": 33.090446, "umap_3d_x": 21.044884, "umap_3d_y": 34.616776, "umap_3d_z": 8.5162163, "tsne_1d_x": 32.570831, "tsne_2d_x": 30.917587, "tsne_2d_y": -21.983315, "tsne_3d_x": 28.481125, "tsne_3d_y": -23.630983, "tsne_3d_z": -7.7439308, "grid_umap_1d_x": 250.0, "grid_umap_2d_x": 17.0, "grid_umap_2d_y": 16.0, "grid_umap_3d_x": 5.0, "grid_umap_3d_y": 4.0, "grid_umap_3d_z": 4.0, "grid_tsne_1d_x": 250.0, "grid_tsne_2d_x": 19.0, "grid_tsne_2d_y": 2.0, "grid_tsne_3d_x": 6.0, "grid_tsne_3d_y": 2.0, "grid_tsne_3d_z": 3.0, "tile_dir": "tiles/0250" }, "geometry": { "type": "Point", "coordinates": [ -70.479851743579076, -13.555651973710873 ] } },
{ "type": "Feature", "properties": { "index": 251, "lon": -92.436957483673922, "lat": 47.215030832817774, "classification": 114, "subregion_name": "Unknown", "umap_1d_x": 21.182543, "umap_2d_x": -30.507587, "umap_2d_y": -10.891777, "umap_3d_x": -39.447777, "umap_3d_y": -5.8968887, "umap_3d_z": -16.608913, "tsne_1d_x": -25.729689, "tsne_2d_x": -26.473845, "tsne_2d_y": 4.8336792, "tsne_3d_x": -19.925797, "tsne_3d_y": 17.722282, "tsne_3d_z": 14.827087, "grid_umap_1d_x": 251.0, "grid_umap_2d_x": 4.0, "grid_umap_2d_y": 2.0, "grid_umap_3d_x": 1.0, "grid_umap_3d_y": 1.0, "grid_umap_3d_z": 2.0, "grid_tsne_1d_x": 251.0, "grid_tsne_2d_x": 4.0, "grid_tsne_2d_y": 11.0, "grid_tsne_3d_x": 0.0, "grid_tsne_3d_y": 6.0, "grid_tsne_3d_z": 5.0, "tile_dir": "tiles/0251" }, "geometry": { "type": "Point", "coordinates": [ -92.436957483673922, 47.215030832817774 ] } },
{ "type": "Feature", "properties": { "index": 252, "lon": 140.5139993915779, "lat": -27.611341265574026, "classification": 30, "subregion_name": "Unknown", "umap_1d_x": -19.864225, "umap_2d_x": 38.897636, "umap_2d_y": -47.30978, "umap_3d_x": 46.84462, "umap_3d_y": -43.121014, "umap_3d_z": 20.979897, "tsne_1d_x": 78.169159, "tsne_2d_x": 39.836716, "tsne_2d_y": 49.515945, "tsne_3d_x": -30.716425, "tsne_3d_y": -12.325298, "tsne_3d_z": -19.643534, "grid_umap_1d_x": 252.0, "grid_umap_2d_x": 12.0, "grid_umap_2d_y": 0.0, "grid_umap_3d_x": 6.0, "grid_umap_3d_y": 0.0, "grid_umap_3d_z": 3.0, "grid_tsne_1d_x": 252.0, "grid_tsne_2d_x": 16.0, "grid_tsne_2d_y": 22.0, "grid_tsne_3d_x": 2.0, "grid_tsne_3d_y": 4.0, "grid_tsne_3d_z": 2.0, "tile_dir": "tiles/0252" }, "geometry": { "type": "Point", "coordinates": [ 140.513999391577897, -27.611341265574026 ] } },
{ "type": "Feature", "properties": { "index": 253, "lon": 162.7900935071043, "lat": 66.348581065468252, "classification": 116, "subregion_name": "Eastern Europe", "umap_1d_x": 19.001577, "umap_2d_x": -46.025558, "umap_2d_y": 0.79311752, "umap_3d_x": -48.622002, "umap_3d_y": 17.241165, "umap_3d_z": -35.181721, "tsne_1d_x": -66.435974, "tsne_2d_x": -46.987259, "tsne_2d_y": 18.023483, "tsne_3d_x": 2.1833534, "tsne_3d_y": 41.740715, "tsne_3d_z": 32.344185, "grid_umap_1d_x": 253.0, "grid_umap_2d_x": 8.0, "grid_umap_2d_y": 10.0, "grid_umap_3d_x": 4.0, "grid_umap_3d_y": 4.0, "grid_umap_3d_z": 3.0, "grid_tsne_1d_x": 253.0, "grid_tsne_2d_x": 2.0, "grid_tsne_2d_y": 16.0, "grid_tsne_3d_x": 4.0, "grid_tsne_3d_y": 7.0, "grid_tsne_3d_z": 6.0, "tile_dir": "tiles/0253" }, "geometry": { "type": "Point", "coordinates": [ 162.790093507104302, 66.348581065468252 ] } },
{ "type": "Feature", "properties": { "index": 254, "lon": 161.9594605626134, "lat": 61.404189066200288, "classification": 20, "subregion_name": "Eastern Europe", "umap_1d_x": 17.938793, "umap_2d_x": -42.037399, "umap_2d_y": -16.277447, "umap_3d_x": -46.83802, "umap_3d_y": 3.3026619, "umap_3d_z": -45.667877, "tsne_1d_x": -64.608131, "tsne_2d_x": -38.436035, "tsne_2d_y": 32.520012, "tsne_3d_x": -5.8596649, "tsne_3d_y": 24.241165, "tsne_3d_z": 42.495445, "grid_umap_1d_x": 254.0, "grid_umap_2d_x": 4.0, "grid_umap_2d_y": 1.0, "grid_umap_3d_x": 3.0, "grid_umap_3d_y": 2.0, "grid_umap_3d_z": 0.0, "grid_tsne_1d_x": 254.0, "grid_tsne_2d_x": 5.0, "grid_tsne_2d_y": 20.0, "grid_tsne_3d_x": 3.0, "grid_tsne_3d_y": 5.0, "grid_tsne_3d_z": 7.0, "tile_dir": "tiles/0254" }, "geometry": { "type": "Point", "coordinates": [ 161.959460562613401, 61.404189066200288 ] } },
{ "type": "Feature", "properties": { "index": 255, "lon": 69.262348307707072, "lat": 59.652652937458782, "classification": 114, "subregion_name": "Eastern Europe", "umap_1d_x": 12.490516, "umap_2d_x": -32.344498, "umap_2d_y": 13.933807, "umap_3d_x": -38.297962, "umap_3d_y": 8.6371193, "umap_3d_z": -13.797966, "tsne_1d_x": -39.863045, "tsne_2d_x": -30.616495, "tsne_2d_y": -2.3801613, "tsne_3d_x": 9.9083252, "tsne_3d_y": 18.349373, "tsne_3d_z": 6.4028015, "grid_umap_1d_x": 255.0, "grid_umap_2d_x": 3.0, "grid_umap_2d_y": 15.0, "grid_umap_3d_x": 4.0, "grid_umap_3d_y": 3.0, "grid_umap_3d_z": 4.0, "grid_tsne_1d_x": 255.0, "grid_tsne_2d_x": 8.0, "grid_tsne_2d_y": 10.0, "grid_tsne_3d_x": 6.0, "grid_tsne_3d_y": 6.0, "grid_tsne_3d_z": 3.0, "tile_dir": "tiles/0255" }, "geometry": { "type": "Point", "coordinates": [ 69.262348307707072, 59.652652937458782 ] } },
{ "type": "Feature", "properties": { "index": 256, "lon": -120.32167661466238, "lat": 52.180829726107405, "classification": 121, "subregion_name": "Northern America", "umap_1d_x": 14.495008, "umap_2d_x": -36.223152, "umap_2d_y": -3.5522156, "umap_3d_x": -44.455677, "umap_3d_y": 0.069648743000009006, "umap_3d_z": -18.863886, "tsne_1d_x": -35.062634, "tsne_2d_x": -18.852821, "tsne_2d_y": 3.7388458, "tsne_3d_x": -19.513807, "tsne_3d_y": 37.1884, "tsne_3d_z": 27.730659, "grid_umap_1d_x": 256.0, "grid_umap_2d_x": 1.0, "grid_umap_2d_y": 6.0, "grid_umap_3d_x": 1.0, "grid_umap_3d_y": 2.0, "grid_umap_3d_z": 2.0, "grid_tsne_1d_x": 256.0, "grid_tsne_2d_x": 1.0, "grid_tsne_2d_y": 9.0, "grid_tsne_3d_x": 1.0, "grid_tsne_3d_y": 6.0, "grid_tsne_3d_z": 6.0, "tile_dir": "tiles/0256" }, "geometry": { "type": "Point", "coordinates": [ -120.32167661466238, 52.180829726107405 ] } },
{ "type": "Feature", "properties": { "index": 257, "lon": 82.27777181854816, "lat": 28.392445214719558, "classification": 111, "subregion_name": "Southern Asia", "umap_1d_x": -0.74076998, "umap_2d_x": 1.857502, "umap_2d_y": 34.91246, "umap_3d_x": 2.8759346, "umap_3d_y": 33.917892, "umap_3d_z": 13.453609, "tsne_1d_x": 8.3008347, "tsne_2d_x": 5.2560616, "tsne_2d_y": -29.493275, "tsne_3d_x": 21.810722, "tsne_3d_y": -17.313023, "tsne_3d_z": 7.2180862, "grid_umap_1d_x": 257.0, "grid_umap_2d_x": 6.0, "grid_umap_2d_y": 22.0, "grid_umap_3d_x": 3.0, "grid_umap_3d_y": 6.0, "grid_umap_3d_z": 4.0, "grid_tsne_1d_x": 257.0, "grid_tsne_2d_x": 9.0, "grid_tsne_2d_y": 1.0, "grid_tsne_3d_x": 5.0, "grid_tsne_3d_y": 3.0, "grid_tsne_3d_z": 4.0, "tile_dir": "tiles/0257" }, "geometry": { "type": "Point", "coordinates": [ 82.27777181854816, 28.392445214719558 ] } },
{ "type": "Feature", "properties": { "index": 258, "lon": 31.280499236468614, "lat": -4.8096499592771238, "classification": 126, "subregion_name": "Sub-Saharan Africa", "umap_1d_x": -13.198801, "umap_2d_x": 48.30204, "umap_2d_y": -19.821182, "umap_3d_x": 35.686043, "umap_3d_y": -12.956207, "umap_3d_z": 29.865402, "tsne_1d_x": 52.599384, "tsne_2d_x": 35.625, "tsne_2d_y": 5.2135887, "tsne_3d_x": -7.9425621, "tsne_3d_y": -40.176865, "tsne_3d_z": -14.400822, "grid_umap_1d_x": 258.0, "grid_umap_2d_x": 22.0, "grid_umap_2d_y": 5.0, "grid_umap_3d_x": 5.0, "grid_umap_3d_y": 1.0, "grid_umap_3d_z": 7.0, "grid_tsne_1d_x": 258.0, "grid_tsne_2d_x": 19.0, "grid_tsne_2d_y": 11.0, "grid_tsne_3d_x": 2.0, "grid_tsne_3d_y": 1.0, "grid_tsne_3d_z": 3.0, "tile_dir": "tiles/0258" }, "geometry": { "type": "Point", "coordinates": [ 31.280499236468614, -4.809649959277124 ] } },
{ "type": "Feature", "properties": { "index": 259, "lon": 130.24210979011031, "lat": -15.118314565419041, "classification": 124, "subregion_name": "Unknown", "umap_1d_x": -18.376997, "umap_2d_x": 40.410004, "umap_2d_y": -33.072037, "umap_3d_x": 48.054214, "umap_3d_y": -27.729223, "umap_3d_z": 25.889038, "tsne_1d_x": 73.795326, "tsne_2d_x": 45.807655, "tsne_2d_y": 28.964432, "tsne_3d_x": -25.604799, "tsne_3d_y": -27.95406, "tsne_3d_z": -29.99526, "grid_umap_1d_x": 259.0, "grid_umap_2d_x": 17.0, "grid_umap_2d_y": 2.0, "grid_umap_3d_x": 7.0, "grid_umap_3d_y": 0.0, "grid_umap_3d_z": 5.0, "grid_tsne_1d_x": 259.0, "grid_tsne_2d_x": 16.0, "grid_tsne_2d_y": 16.0, "grid_tsne_3d_x": 1.0, "grid_tsne_3d_y": 2.0, "grid_tsne_3d_z": 1.0, "tile_dir": "tiles/0259" }, "geometry": { "type": "Point", "coordinates": [ 130.242109790110305, -15.118314565419041 ] } },
{ "type": "Feature", "properties": { "index": 260, "lon": 115.0628500076993, "lat": -3.5606525387689492, "classification": 112, "subregion_name": "South-eastern Asia", "umap_1d_x": -13.56815, "umap_2d_x": 42.332626, "umap_2d_y": -10.905754, "umap_3d_x": 41.252975, "umap_3d_y": -1.5184517, "umap_3d_z": 21.835823, "tsne_1d_x": 46.969791, "tsne_2d_x": 44.520477, "tsne_2d_y": 3.0611572, "tsne_3d_x": 9.1888504, "tsne_3d_y": -30.015003, "tsne_3d_z": -29.738733, "grid_umap_1d_x": 260.0, "grid_umap_2d_x": 17.0, "grid_umap_2d_y": 11.0, "grid_umap_3d_x": 7.0, "grid_umap_3d_y": 4.0, "grid_umap_3d_z": 5.0, "grid_tsne_1d_x": 260.0, "grid_tsne_2d_x": 17.0, "grid_tsne_2d_y": 12.0, "grid_tsne_3d_x": 4.0, "grid_tsne_3d_y": 1.0, "grid_tsne_3d_z": 0.0, "tile_dir": "tiles/0260" }, "geometry": { "type": "Point", "coordinates": [ 115.062850007699296, -3.560652538768949 ] } },
{ "type": "Feature", "properties": { "index": 261, "lon": 106.45065001283427, "lat": 49.641488804778078, "classification": 30, "subregion_name": "Eastern Asia", "umap_1d_x": 11.110231, "umap_2d_x": -30.432291, "umap_2d_y": 24.086655, "umap_3d_x": -37.4263, "umap_3d_y": 13.278053, "umap_3d_z": -34.284813, "tsne_1d_x": -62.155376, "tsne_2d_x": -24.643156, "tsne_2d_y": 43.185486, "tsne_3d_x": 25.882607, "tsne_3d_y": 10.06955, "tsne_3d_z": 26.289879, "grid_umap_1d_x": 261.0, "grid_umap_2d_x": 3.0, "grid_umap_2d_y": 19.0, "grid_umap_3d_x": 4.0, "grid_umap_3d_y": 4.0, "grid_umap_3d_z": 1.0, "grid_tsne_1d_x": 261.0, "grid_tsne_2d_x": 8.0, "grid_tsne_2d_y": 22.0, "grid_tsne_3d_x": 7.0, "grid_tsne_3d_y": 4.0, "grid_tsne_3d_z": 7.0, "tile_dir": "tiles/0261" }, "geometry": { "type": "Point", "coordinates": [ 106.450650012834274, 49.641488804778078 ] } },
{ "type": "Feature", "properties": { "index": 262, "lon": -73.722205914590049, "lat": -3.5685265411390499, "classification": 112, "subregion_name": "Latin America and the Caribbean", "umap_1d_x": -8.005374, "umap_2d_x": 35.470131, "umap_2d_y": 31.414001, "umap_3d_x": 31.756241, "umap_3d_y": 43.389183, "umap_3d_z": 0.33506774999999323, "tsne_1d_x": 41.66074, "tsne_2d_x": 44.287125, "tsne_2d_y": -29.192844, "tsne_3d_x": 35.918007, "tsne_3d_y": -42.4758, "tsne_3d_z": -28.877089, "grid_umap_1d_x": 262.0, "grid_umap_2d_x": 21.0, "grid_umap_2d_y": 17.0, "grid_umap_3d_x": 6.0, "grid_umap_3d_y": 6.0, "grid_umap_3d_z": 0.0, "grid_tsne_1d_x": 262.0, "grid_tsne_2d_x": 15.0, "grid_tsne_2d_y": 12.0, "grid_tsne_3d_x": 6.0, "grid_tsne_3d_y": 1.0, "grid_tsne_3d_z": 1.0, "tile_dir": "tiles/0262" }, "geometry": { "type": "Point", "coordinates": [ -73.722205914590049, -3.56852654113905 ] } },
{ "type": "Feature", "properties": { "index": 263, "lon": -48.686184661222399, "lat": -18.063863893275048, "classification": 116, "subregion_name": "Latin America and the Caribbean", "umap_1d_x": -13.906852, "umap_2d_x": 44.61412, "umap_2d_y": -17.249382, "umap_3d_x": 40.49865, "umap_3d_y": -9.0095749, "umap_3d_z": 27.064499, "tsne_1d_x": 56.242882, "tsne_2d_x": 39.557274, "tsne_2d_y": 11.361252, "tsne_3d_x": -1.6393089, "tsne_3d_y": -28.723738, "tsne_3d_z": -22.536568, "grid_umap_1d_x": 263.0, "grid_umap_2d_x": 17.0, "grid_umap_2d_y": 9.0, "grid_umap_3d_x": 7.0, "grid_umap_3d_y": 2.0, "grid_umap_3d_z": 6.0, "grid_tsne_1d_x": 263.0, "grid_tsne_2d_x": 17.0, "grid_tsne_2d_y": 13.0, "grid_tsne_3d_x": 3.0, "grid_tsne_3d_y": 0.0, "grid_tsne_3d_z": 0.0, "tile_dir": "tiles/0263" }, "geometry": { "type": "Point", "coordinates": [ -48.686184661222399, -18.063863893275048 ] } },
{ "type": "Feature", "properties": { "index": 264, "lon": 10.589800764784911, "lat": -1.8361033709887591, "classification": 116, "subregion_name": "Sub-Saharan Africa", "umap_1d_x": -6.716444, "umap_2d_x": 31.542419, "umap_2d_y": 38.595596, "umap_3d_x": 27.800064, "umap_3d_y": 37.20787, "umap_3d_z": 6.2987823, "tsne_1d_x": 37.046047, "tsne_2d_x": 38.272514, "tsne_2d_y": -31.098816, "tsne_3d_x": 42.454437, "tsne_3d_y": -37.059063, "tsne_3d_z": -19.252945, "grid_umap_1d_x": 264.0, "grid_umap_2d_x": 21.0, "grid_umap_2d_y": 21.0, "grid_umap_3d_x": 7.0, "grid_umap_3d_y": 5.0, "grid_umap_3d_z": 3.0, "grid_tsne_1d_x": 264.0, "grid_tsne_2d_x": 21.0, "grid_tsne_2d_y": 0.0, "grid_tsne_3d_x": 5.0, "grid_tsne_3d_y": 4.0, "grid_tsne_3d_z": 3.0, "tile_dir": "tiles/0264" }, "geometry": { "type": "Point", "coordinates": [ 10.589800764784911, -1.836103370988759 ] } },
{ "type": "Feature", "properties": { "index": 265, "lon": -90.509647056075536, "lat": 34.832842454384433, "classification": 116, "subregion_name": "Unknown", "umap_1d_x": 10.09072, "umap_2d_x": -23.257572, "umap_2d_y": 15.13588, "umap_3d_x": -23.132477, "umap_3d_y": 4.0334091, "umap_3d_z": -24.531292, "tsne_1d_x": -13.093979, "tsne_2d_x": -4.7212563, "tsne_2d_y": -1.8640327, "tsne_3d_x": 13.602657, "tsne_3d_y": -2.3503036, "tsne_3d_z": -4.703373, "grid_umap_1d_x": 265.0, "grid_umap_2d_x": 5.0, "grid_umap_2d_y": 16.0, "grid_umap_3d_x": 4.0, "grid_umap_3d_y": 2.0, "grid_umap_3d_z": 1.0, "grid_tsne_1d_x": 265.0, "grid_tsne_2d_x": 3.0, "grid_tsne_2d_y": 3.0, "grid_tsne_3d_x": 7.0, "grid_tsne_3d_y": 4.0, "grid_tsne_3d_z": 0.0, "tile_dir": "tiles/0265" }, "geometry": { "type": "Point", "coordinates": [ -90.509647056075536, 34.832842454384433 ] } },
{ "type": "Feature", "properties": { "index": 266, "lon": 151.32213893535044, "lat": -29.627595491690847, "classification": 112, "subregion_name": "Unknown", "umap_1d_x": -16.639839, "umap_2d_x": 35.200493, "umap_2d_y": -24.491772, "umap_3d_x": 44.881203, "umap_3d_y": -19.037947, "umap_3d_z": 9.7934303, "tsne_1d_x": 68.30706, "tsne_2d_x": 30.634811, "tsne_2d_y": 39.775078, "tsne_3d_x": -11.256317, "tsne_3d_y": -8.1453781, "tsne_3d_z": -33.565033, "grid_umap_1d_x": 266.0, "grid_umap_2d_x": 18.0, "grid_umap_2d_y": 1.0, "grid_umap_3d_x": 7.0, "grid_umap_3d_y": 0.0, "grid_umap_3d_z": 2.0, "grid_tsne_1d_x": 266.0, "grid_tsne_2d_x": 14.0, "grid_tsne_2d_y": 20.0, "grid_tsne_3d_x": 3.0, "grid_tsne_3d_y": 5.0, "grid_tsne_3d_z": 2.0, "tile_dir": "tiles/0266" }, "geometry": { "type": "Point", "coordinates": [ 151.322138935350438, -29.627595491690847 ] } },
{ "type": "Feature", "properties": { "index": 267, "lon": -67.679048364039303, "lat": -54.956861900273339, "classification": 114, "subregion_name": "Latin America and the Caribbean", "umap_1d_x": 9.3385763, "umap_2d_x": 33.378212, "umap_2d_y": -23.223671, "umap_3d_x": 43.282433, "umap_3d_y": -17.152908, "umap_3d_z": 5.8596115, "tsne_1d_x": 69.695892, "tsne_2d_x": 25.498352, "tsne_2d_y": 42.62603, "tsne_3d_x": -3.296814, "tsne_3d_y": -0.49827576, "tsne_3d_z": -37.073879, "grid_umap_1d_x": 267.0, "grid_umap_2d_x": 18.0, "grid_umap_2d_y": 0.0, "grid_umap_3d_x": 7.0, "grid_umap_3d_y": 1.0, "grid_umap_3d_z": 0.0, "grid_tsne_1d_x": 267.0, "grid_tsne_2d_x": 14.0, "grid_tsne_2d_y": 22.0, "grid_tsne_3d_x": 3.0, "grid_tsne_3d_y": 6.0, "grid_tsne_3d_z": 0.0, "tile_dir": "tiles/0267" }, "geometry": { "type": "Point", "coordinates": [ -67.679048364039303, -54.956861900273339 ] } },
{ "type": "Feature", "properties": { "index": 268, "lon": 87.315718200769538, "lat": 52.695573623486638, "classification": 115, "subregion_name": "Eastern Europe", "umap_1d_x": 13.997255, "umap_2d_x": -34.98999, "umap_2d_y": 6.0365257, "umap_3d_x": -45.023109, "umap_3d_y": 7.2330818, "umap_3d_z": -4.1797447, "tsne_1d_x": -37.043575, "tsne_2d_x": -32.541405, "tsne_2d_y": -17.505463, "tsne_3d_x": -6.3433647, "tsne_3d_y": 27.2985, "tsne_3d_z": -5.307003, "grid_umap_1d_x": 268.0, "grid_umap_2d_x": 5.0, "grid_umap_2d_y": 12.0, "grid_umap_3d_x": 0.0, "grid_umap_3d_y": 5.0, "grid_umap_3d_z": 5.0, "grid_tsne_1d_x": 268.0, "grid_tsne_2d_x": 2.0, "grid_tsne_2d_y": 4.0, "grid_tsne_3d_x": 3.0, "grid_tsne_3d_y": 6.0, "grid_tsne_3d_z": 1.0, "tile_dir": "tiles/0268" }, "geometry": { "type": "Point", "coordinates": [ 87.315718200769538, 52.695573623486638 ] } },
{ "type": "Feature", "properties": { "index": 269, "lon": -56.114344880459143, "lat": -14.647093389428136, "classification": 20, "subregion_name": "Latin America and the Caribbean", "umap_1d_x": -14.378199, "umap_2d_x": 43.175087, "umap_2d_y": -17.095467, "umap_3d_x": 41.959343, "umap_3d_y": -8.1489944, "umap_3d_z": 27.107498, "tsne_1d_x": 58.520248, "tsne_2d_x": 42.25592, "tsne_2d_y": 13.323681, "tsne_3d_x": -8.8302498, "tsne_3d_y": -37.832306, "tsne_3d_z": -31.404186, "grid_umap_1d_x": 269.0, "grid_umap_2d_x": 21.0, "grid_umap_2d_y": 5.0, "grid_umap_3d_x": 6.0, "grid_umap_3d_y": 3.0, "grid_umap_3d_z": 5.0, "grid_tsne_1d_x": 269.0, "grid_tsne_2d_x": 21.0, "grid_tsne_2d_y": 14.0, "grid_tsne_3d_x": 2.0, "grid_tsne_3d_y": 0.0, "grid_tsne_3d_z": 0.0, "tile_dir": "tiles/0269" }, "geometry": { "type": "Point", "coordinates": [ -56.114344880459143, -14.647093389428136 ] } },
{ "type": "Feature", "properties": { "index": 270, "lon": -60.481438203368569, "lat": 1.843305476959245, "classification": 112, "subregion_name": "Latin America and the Caribbean", "umap_1d_x": -7.7045779, "umap_2d_x": 35.336998, "umap_2d_y": 34.407944, "umap_3d_x": 30.580452, "umap_3d_y": 48.174057, "umap_3d_z": 2.3451881, "tsne_1d_x": 40.434784, "tsne_2d_x": 44.620636, "tsne_2d_y": -34.264462, "tsne_3d_x": 43.337563, "tsne_3d_y": -41.943348, "tsne_3d_z": -33.015053, "grid_umap_1d_x": 270.0, "grid_umap_2d_x": 16.0, "grid_umap_2d_y": 13.0, "grid_umap_3d_x": 5.0, "grid_umap_3d_y": 7.0, "grid_umap_3d_z": 1.0, "grid_tsne_1d_x": 270.0, "grid_tsne_2d_x": 15.0, "grid_tsne_2d_y": 11.0, "grid_tsne_3d_x": 7.0, "grid_tsne_3d_y": 2.0, "grid_tsne_3d_z": 0.0, "tile_dir": "tiles/0270" }, "geometry": { "type": "Point", "coordinates": [ -60.481438203368569, 1.843305476959245 ] } },
{ "type": "Feature", "properties": { "index": 271, "lon": 18.49140660947856, "lat": 5.3215307705323767, "classification": 112, "subregion_name": "Sub-Saharan Africa", "umap_1d_x": -2.1620736, "umap_2d_x": 11.342197, "umap_2d_y": 29.745743, "umap_3d_x": 10.326462, "umap_3d_y": 32.399757, "umap_3d_z": 29.184822, "tsne_1d_x": 21.090897, "tsne_2d_x": 13.422543, "tsne_2d_y": -20.222256, "tsne_3d_x": 17.55896, "tsne_3d_y": -45.905777, "tsne_3d_z": 8.2544937, "grid_umap_1d_x": 271.0, "grid_umap_2d_x": 14.0, "grid_umap_2d_y": 21.0, "grid_umap_3d_x": 7.0, "grid_umap_3d_y": 7.0, "grid_umap_3d_z": 7.0, "grid_tsne_1d_x": 271.0, "grid_tsne_2d_x": 12.0, "grid_tsne_2d_y": 11.0, "grid_tsne_3d_x": 5.0, "grid_tsne_3d_y": 0.0, "grid_tsne_3d_z": 4.0, "tile_dir": "tiles/0271" }, "geometry": { "type": "Point", "coordinates": [ 18.49140660947856, 5.321530770532377 ] } },
{ "type": "Feature", "properties": { "index": 272, "lon": -83.733690365057598, "lat": 31.479590403938772, "classification": 111, "subregion_name": "Unknown", "umap_1d_x": 10.023538, "umap_2d_x": -23.068459, "umap_2d_y": 14.180237, "umap_3d_x": -22.499252, "umap_3d_y": 4.3288536, "umap_3d_z": -24.261341, "tsne_1d_x": -12.722754, "tsne_2d_x": -3.6449013, "tsne_2d_y": -3.9864845, "tsne_3d_x": 10.00153, "tsne_3d_y": -3.7514343, "tsne_3d_z": -7.8418579, "grid_umap_1d_x": 272.0, "grid_umap_2d_x": 4.0, "grid_umap_2d_y": 15.0, "grid_umap_3d_x": 5.0, "grid_umap_3d_y": 2.0, "grid_umap_3d_z": 1.0, "grid_tsne_1d_x": 272.0, "grid_tsne_2d_x": 4.0, "grid_tsne_2d_y": 2.0, "grid_tsne_3d_x": 5.0, "grid_tsne_3d_y": 3.0, "grid_tsne_3d_z": 0.0, "tile_dir": "tiles/0272" }, "geometry": { "type": "Point", "coordinates": [ -83.733690365057598, 31.479590403938772 ] } },
{ "type": "Feature", "properties": { "index": 273, "lon": 122.78417499147952, "lat": 39.843086141733025, "classification": 20, "subregion_name": "Unknown", "umap_1d_x": 8.7557755, "umap_2d_x": -13.756649, "umap_2d_y": 31.107452, "umap_3d_x": -12.611546, "umap_3d_y": 24.047539, "umap_3d_z": -7.7514687, "tsne_1d_x": -9.9225235, "tsne_2d_x": -8.6180534, "tsne_2d_y": -27.205696, "tsne_3d_x": 35.144211, "tsne_3d_y": 5.9233437, "tsne_3d_z": 5.2160149, "grid_umap_1d_x": 273.0, "grid_umap_2d_x": 0.0, "grid_umap_2d_y": 22.0, "grid_umap_3d_x": 4.0, "grid_umap_3d_y": 7.0, "grid_umap_3d_z": 0.0, "grid_tsne_1d_x": 273.0, "grid_tsne_2d_x": 5.0, "grid_tsne_2d_y": 0.0, "grid_tsne_3d_x": 7.0, "grid_tsne_3d_y": 5.0, "grid_tsne_3d_z": 3.0, "tile_dir": "tiles/0273" }, "geometry": { "type": "Point", "coordinates": [ 122.784174991479517, 39.843086141733025 ] } },
{ "type": "Feature", "properties": { "index": 274, "lon": 53.232313953071525, "lat": 62.878988517926146, "classification": 116, "subregion_name": "Eastern Europe", "umap_1d_x": 15.441982, "umap_2d_x": -33.868877, "umap_2d_y": -10.549141, "umap_3d_x": -43.04998, "umap_3d_y": -8.4797783, "umap_3d_z": -19.508358, "tsne_1d_x": -47.391098, "tsne_2d_x": -23.292572, "tsne_2d_y": 8.6707649, "tsne_3d_x": -23.313168, "tsne_3d_y": 26.739975, "tsne_3d_z": 16.172012, "grid_umap_1d_x": 274.0, "grid_umap_2d_x": 5.0, "grid_umap_2d_y": 3.0, "grid_umap_3d_x": 2.0, "grid_umap_3d_y": 1.0, "grid_umap_3d_z": 2.0, "grid_tsne_1d_x": 274.0, "grid_tsne_2d_x": 5.0, "grid_tsne_2d_y": 12.0, "grid_tsne_3d_x": 0.0, "grid_tsne_3d_y": 7.0, "grid_tsne_3d_z": 5.0, "tile_dir": "tiles/0274" }, "geometry": { "type": "Point", "coordinates": [ 53.232313953071525, 62.878988517926146 ] } },
{ "type": "Feature", "properties": { "index": 275, "lon": 85.380195763149743, "lat": 26.930617367155961, "classification": 40, "subregion_name": "Southern Asia", "umap_1d_x": 1.357533, "umap_2d_x": 3.9875031, "umap_2d_y": 49.369843, "umap_3d_x": -1.7732086, "umap_3d_y": 45.576431, "umap_3d_z": 27.174416, "tsne_1d_x": 13.348203, "tsne_2d_x": 14.269966, "tsne_2d_y": -46.287941, "tsne_3d_x": 35.398178, "tsne_3d_y": -25.540552, "tsne_3d_z": 29.46994, "grid_umap_1d_x": 275.0, "grid_umap_2d_x": 14.0, "grid_umap_2d_y": 20.0, "grid_umap_3d_x": 1.0, "grid_umap_3d_y": 6.0, "grid_umap_3d_z": 6.0, "grid_tsne_1d_x": 275.0, "grid_tsne_2d_x": 12.0, "grid_tsne_2d_y": 10.0, "grid_tsne_3d_x": 7.0, "grid_tsne_3d_y": 3.0, "grid_tsne_3d_z": 7.0, "tile_dir": "tiles/0275" }, "geometry": { "type": "Point", "coordinates": [ 85.380195763149743, 26.930617367155961 ] } },
{ "type": "Feature", "properties": { "index": 276, "lon": -99.070410521430162, "lat": 37.108640164831442, "classification": 126, "subregion_name": "Unknown", "umap_1d_x": 9.6362801, "umap_2d_x": -20.293268, "umap_2d_y": 16.073936, "umap_3d_x": -23.849068, "umap_3d_y": 4.2147827, "umap_3d_z": -14.867718, "tsne_1d_x": -11.537228, "tsne_2d_x": 1.9095497, "tsne_2d_y": 3.2463913, "tsne_3d_x": 9.8197632, "tsne_3d_y": -4.9528198, "tsne_3d_z": 9.8445168, "grid_umap_1d_x": 276.0, "grid_umap_2d_x": 4.0, "grid_umap_2d_y": 17.0, "grid_umap_3d_x": 4.0, "grid_umap_3d_y": 3.0, "grid_umap_3d_z": 3.0, "grid_tsne_1d_x": 276.0, "grid_tsne_2d_x": 8.0, "grid_tsne_2d_y": 7.0, "grid_tsne_3d_x": 5.0, "grid_tsne_3d_y": 3.0, "grid_tsne_3d_z": 6.0, "tile_dir": "tiles/0276" }, "geometry": { "type": "Point", "coordinates": [ -99.070410521430162, 37.108640164831442 ] } },
{ "type": "Feature", "properties": { "index": 277, "lon": -67.187008860719033, "lat": -11.303130910053916, "classification": 112, "subregion_name": "Latin America and the Caribbean", "umap_1d_x": -9.1376352, "umap_2d_x": 38.961533, "umap_2d_y": 26.10466, "umap_3d_x": 35.599686, "umap_3d_y": 38.349205, "umap_3d_z": 0.41825104000001001, "tsne_1d_x": 44.449112, "tsne_2d_x": 45.858322, "tsne_2d_y": -20.316023, "tsne_3d_x": 21.785614, "tsne_3d_y": -41.672752, "tsne_3d_z": -31.941139, "grid_umap_1d_x": 277.0, "grid_umap_2d_x": 21.0, "grid_umap_2d_y": 13.0, "grid_umap_3d_x": 7.0, "grid_umap_3d_y": 4.0, "grid_umap_3d_z": 2.0, "grid_tsne_1d_x": 277.0, "grid_tsne_2d_x": 21.0, "grid_tsne_2d_y": 6.0, "grid_tsne_3d_x": 5.0, "grid_tsne_3d_y": 0.0, "grid_tsne_3d_z": 0.0, "tile_dir": "tiles/0277" }, "geometry": { "type": "Point", "coordinates": [ -67.187008860719033, -11.303130910053916 ] } },
{ "type": "Feature", "properties": { "index": 278, "lon": 121.46755040465143, "lat": -2.5764252300064778, "classification": 112, "subregion_name": "South-eastern Asia", "umap_1d_x": -5.5217161, "umap_2d_x": 26.691597, "umap_2d_y": 36.208794, "umap_3d_x": 21.686676, "umap_3d_y": 37.772758, "umap_3d_z": 9.4386215, "tsne_1d_x": 33.599804, "tsne_2d_x": 30.265518, "tsne_2d_y": -28.010857, "tsne_3d_x": 34.703911, "tsne_3d_y": -32.484642, "tsne_3d_z": -8.5712242, "grid_umap_1d_x": 278.0, "grid_umap_2d_x": 17.0, "grid_umap_2d_y": 19.0, "grid_umap_3d_x": 6.0, "grid_umap_3d_y": 6.0, "grid_umap_3d_z": 5.0, "grid_tsne_1d_x": 278.0, "grid_tsne_2d_x": 18.0, "grid_tsne_2d_y": 1.0, "grid_tsne_3d_x": 7.0, "grid_tsne_3d_y": 1.0, "grid_tsne_3d_z": 3.0, "tile_dir": "tiles/0278" }, "geometry": { "type": "Point", "coordinates": [ 121.467550404651433, -2.576425230006478 ] } },
{ "type": "Feature", "properties": { "index": 279, "lon": -118.27141329505082, "lat": 35.872021559144613, "classification": 20, "subregion_name": "Unknown", "umap_1d_x": 7.1373177, "umap_2d_x": -15.948414, "umap_2d_y": 7.4749222, "umap_3d_x": -22.718195, "umap_3d_y": 5.0406532, "umap_3d_z": 7.3473625, "tsne_1d_x": -5.5872693, "tsne_2d_x": 4.9319382, "tsne_2d_y": 25.142876, "tsne_3d_x": -5.4726715, "tsne_3d_y": -12.448887, "tsne_3d_z": 16.630493, "grid_umap_1d_x": 279.0, "grid_umap_2d_x": 8.0, "grid_umap_2d_y": 11.0, "grid_umap_3d_x": 0.0, "grid_umap_3d_y": 5.0, "grid_umap_3d_z": 7.0, "grid_tsne_1d_x": 279.0, "grid_tsne_2d_x": 11.0, "grid_tsne_2d_y": 21.0, "grid_tsne_3d_x": 2.0, "grid_tsne_3d_y": 2.0, "grid_tsne_3d_z": 6.0, "tile_dir": "tiles/0279" }, "geometry": { "type": "Point", "coordinates": [ -118.27141329505082, 35.872021559144613 ] } },
{ "type": "Feature", "properties": { "index": 280, "lon": -120.95773591279439, "lat": 51.183362777741166, "classification": 121, "subregion_name": "Northern America", "umap_1d_x": 16.685556, "umap_2d_x": -38.736301, "umap_2d_y": -4.8393898, "umap_3d_x": -45.695454, "umap_3d_y": 1.2007217, "umap_3d_z": -24.753376, "tsne_1d_x": -23.592203, "tsne_2d_x": -18.02314, "tsne_2d_y": 8.0531425, "tsne_3d_x": -8.2284851, "tsne_3d_y": 7.7375488, "tsne_3d_z": 16.12056, "grid_umap_1d_x": 280.0, "grid_umap_2d_x": 2.0, "grid_umap_2d_y": 6.0, "grid_umap_3d_x": 0.0, "grid_umap_3d_y": 2.0, "grid_umap_3d_z": 1.0, "grid_tsne_1d_x": 280.0, "grid_tsne_2d_x": 1.0, "grid_tsne_2d_y": 11.0, "grid_tsne_3d_x": 0.0, "grid_tsne_3d_y": 4.0, "grid_tsne_3d_z": 7.0, "tile_dir": "tiles/0280" }, "geometry": { "type": "Point", "coordinates": [ -120.957735912794391, 51.183362777741166 ] } },
{ "type": "Feature", "properties": { "index": 281, "lon": 28.735774000714173, "lat": 39.672675117565561, "classification": 111, "subregion_name": "Western Asia", "umap_1d_x": 6.5455704, "umap_2d_x": -15.27663, "umap_2d_y": 1.443161, "umap_3d_x": -23.980293, "umap_3d_y": -2.9812431, "umap_3d_z": 8.1718369, "tsne_1d_x": -3.2209284, "tsne_2d_x": 1.0487251, "tsne_2d_y": 15.899033, "tsne_3d_x": -21.435457, "tsne_3d_y": -10.596092, "tsne_3d_z": 9.2409248, "grid_umap_1d_x": 281.0, "grid_umap_2d_x": 13.0, "grid_umap_2d_y": 9.0, "grid_umap_3d_x": 0.0, "grid_umap_3d_y": 1.0, "grid_umap_3d_z": 7.0, "grid_tsne_1d_x": 281.0, "grid_tsne_2d_x": 13.0, "grid_tsne_2d_y": 15.0, "grid_tsne_3d_x": 2.0, "grid_tsne_3d_y": 3.0, "grid_tsne_3d_z": 4.0, "tile_dir": "tiles/0281" }, "geometry": { "type": "Point", "coordinates": [ 28.735774000714173, 39.672675117565561 ] } },
{ "type": "Feature", "properties": { "index": 282, "lon": -74.707198291893121, "lat": 50.917683914971605, "classification": 121, "subregion_name": "Northern America", "umap_1d_x": 14.769376, "umap_2d_x": -35.148426, "umap_2d_y": -4.7934074, "umap_3d_x": -45.609749, "umap_3d_y": -4.8200417, "umap_3d_z": -15.634258, "tsne_1d_x": -33.909126, "tsne_2d_x": -22.378456, "tsne_2d_y": 1.9184418, "tsne_3d_x": -17.993671, "tsne_3d_y": 32.902115, "tsne_3d_z": 19.877869, "grid_umap_1d_x": 282.0, "grid_umap_2d_x": 12.0, "grid_umap_2d_y": 8.0, "grid_umap_3d_x": 2.0, "grid_umap_3d_y": 2.0, "grid_umap_3d_z": 3.0, "grid_tsne_1d_x": 282.0, "grid_tsne_2d_x": 9.0, "grid_tsne_2d_y": 11.0, "grid_tsne_3d_x": 2.0, "grid_tsne_3d_y": 6.0, "grid_tsne_3d_z": 5.0, "tile_dir": "tiles/0282" }, "geometry": { "type": "Point", "coordinates": [ -74.707198291893121, 50.917683914971605 ] } },
{ "type": "Feature", "properties": { "index": 283, "lon": -55.189237481808419, "lat": -4.1871982685049147, "classification": 112, "subregion_name": "Latin America and the Caribbean", "umap_1d_x": -8.815033, "umap_2d_x": 37.718712, "umap_2d_y": 25.26223, "umap_3d_x": 35.842545, "umap_3d_y": 42.378563, "umap_3d_z": 0.040233612000008634, "tsne_1d_x": 44.669361, "tsne_2d_x": 48.796425, "tsne_2d_y": -23.622099, "tsne_3d_x": 27.095245, "tsne_3d_y": -41.778633, "tsne_3d_z": -37.973469, "grid_umap_1d_x": 283.0, "grid_umap_2d_x": 19.0, "grid_umap_2d_y": 12.0, "grid_umap_3d_x": 6.0, "grid_umap_3d_y": 4.0, "grid_umap_3d_z": 1.0, "grid_tsne_1d_x": 283.0, "grid_tsne_2d_x": 20.0, "grid_tsne_2d_y": 7.0, "grid_tsne_3d_x": 4.0, "grid_tsne_3d_y": 4.0, "grid_tsne_3d_z": 2.0, "tile_dir": "tiles/0283" }, "geometry": { "type": "Point", "coordinates": [ -55.189237481808419, -4.187198268504915 ] } },
{ "type": "Feature", "properties": { "index": 284, "lon": 16.510971052426072, "lat": 44.76636704374036, "classification": 114, "subregion_name": "Southern Europe", "umap_1d_x": 22.445553, "umap_2d_x": -20.936251, "umap_2d_y": -4.6311607, "umap_3d_x": -30.027903, "umap_3d_y": -8.2052689, "umap_3d_z": -3.1134529, "tsne_1d_x": -17.10453, "tsne_2d_x": -6.9735794, "tsne_2d_y": 14.299591, "tsne_3d_x": -25.441666, "tsne_3d_y": -0.057609558000002892, "tsne_3d_z": 9.0952263, "grid_umap_1d_x": 284.0, "grid_umap_2d_x": 9.0, "grid_umap_2d_y": 5.0, "grid_umap_3d_x": 0.0, "grid_umap_3d_y": 0.0, "grid_umap_3d_z": 4.0, "grid_tsne_1d_x": 284.0, "grid_tsne_2d_x": 5.0, "grid_tsne_2d_y": 14.0, "grid_tsne_3d_x": 0.0, "grid_tsne_3d_y": 3.0, "grid_tsne_3d_z": 4.0, "tile_dir": "tiles/0284" }, "geometry": { "type": "Point", "coordinates": [ 16.510971052426072, 44.76636704374036 ] } },
{ "type": "Feature", "properties": { "index": 285, "lon": 16.430898320617445, "lat": 10.360993649879362, "classification": 20, "subregion_name": "Sub-Saharan Africa", "umap_1d_x": -2.6730824, "umap_2d_x": 11.008011, "umap_2d_y": 21.584091, "umap_3d_x": 8.1811066, "umap_3d_y": 32.361168, "umap_3d_z": 40.944832, "tsne_1d_x": 23.807673, "tsne_2d_x": 16.395012, "tsne_2d_y": -10.138191, "tsne_3d_x": 7.6672134, "tsne_3d_y": -42.171822, "tsne_3d_z": 26.174828, "grid_umap_1d_x": 285.0, "grid_umap_2d_x": 13.0, "grid_umap_2d_y": 14.0, "grid_umap_3d_x": 2.0, "grid_umap_3d_y": 4.0, "grid_umap_3d_z": 7.0, "grid_tsne_1d_x": 285.0, "grid_tsne_2d_x": 14.0, "grid_tsne_2d_y": 8.0, "grid_tsne_3d_x": 3.0, "grid_tsne_3d_y": 1.0, "grid_tsne_3d_z": 7.0, "tile_dir": "tiles/0285" }, "geometry": { "type": "Point", "coordinates": [ 16.430898320617445, 10.360993649879362 ] } },
{ "type": "Feature", "properties": { "index": 286, "lon": 152.58018996334283, "lat": -31.413448185875918, "classification": 112, "subregion_name": "Unknown", "umap_1d_x": -16.671968, "umap_2d_x": 34.951607, "umap_2d_y": -24.027517, "umap_3d_x": 44.735138, "umap_3d_y": -18.487198, "umap_3d_z": 9.0745506, "tsne_1d_x": 68.108421, "tsne_2d_x": 29.265198, "tsne_2d_y": 38.654312, "tsne_3d_x": -11.599937, "tsne_3d_y": -3.7378273, "tsne_3d_z": -36.163986, "grid_umap_1d_x": 286.0, "grid_umap_2d_x": 16.0, "grid_umap_2d_y": 4.0, "grid_umap_3d_x": 6.0, "grid_umap_3d_y": 1.0, "grid_umap_3d_z": 1.0, "grid_tsne_1d_x": 286.0, "grid_tsne_2d_x": 15.0, "grid_tsne_2d_y": 22.0, "grid_tsne_3d_x": 2.0, "grid_tsne_3d_y": 5.0, "grid_tsne_3d_z": 0.0, "tile_dir": "tiles/0286" }, "geometry": { "type": "Point", "coordinates": [ 152.580189963342832, -31.413448185875918 ] } },
{ "type": "Feature", "properties": { "index": 287, "lon": -150.17011159752388, "lat": 63.526387844484617, "classification": 30, "subregion_name": "Unknown", "umap_1d_x": 17.091272, "umap_2d_x": -41.352085, "umap_2d_y": -2.6699944, "umap_3d_x": -46.45076, "umap_3d_y": 4.7730751, "umap_3d_z": -27.991793, "tsne_1d_x": -49.632992, "tsne_2d_x": -27.442719, "tsne_2d_y": 14.277817, "tsne_3d_x": -13.48402, "tsne_3d_y": 39.8209, "tsne_3d_z": 30.317993, "grid_umap_1d_x": 287.0, "grid_umap_2d_x": 5.0, "grid_umap_2d_y": 8.0, "grid_umap_3d_x": 2.0, "grid_umap_3d_y": 3.0, "grid_umap_3d_z": 2.0, "grid_tsne_1d_x": 287.0, "grid_tsne_2d_x": 1.0, "grid_tsne_2d_y": 14.0, "grid_tsne_3d_x": 2.0, "grid_tsne_3d_y": 7.0, "grid_tsne_3d_z": 5.0, "tile_dir": "tiles/0287" }, "geometry": { "type": "Point", "coordinates": [ -150.170111597523885, 63.526387844484617 ] } },
{ "type": "Feature", "properties": { "index": 288, "lon": 41.950213747660058, "lat": 40.132719534902932, "classification": 30, "subregion_name": "Western Asia", "umap_1d_x": 7.0456142, "umap_2d_x": -15.332844, "umap_2d_y": 8.4523811, "umap_3d_x": -22.441471, "umap_3d_y": 5.503273, "umap_3d_z": 6.6108246, "tsne_1d_x": -5.2833552, "tsne_2d_x": 5.5373116, "tsne_2d_y": 23.784866, "tsne_3d_x": -8.443882, "tsne_3d_y": -11.599403, "tsne_3d_z": 18.421349, "grid_umap_1d_x": 288.0, "grid_umap_2d_x": 1.0, "grid_umap_2d_y": 11.0, "grid_umap_3d_x": 0.0, "grid_umap_3d_y": 5.0, "grid_umap_3d_z": 6.0, "grid_tsne_1d_x": 288.0, "grid_tsne_2d_x": 10.0, "grid_tsne_2d_y": 21.0, "grid_tsne_3d_x": 2.0, "grid_tsne_3d_y": 2.0, "grid_tsne_3d_z": 7.0, "tile_dir": "tiles/0288" }, "geometry": { "type": "Point", "coordinates": [ 41.950213747660058, 40.132719534902932 ] } },
{ "type": "Feature", "properties": { "index": 289, "lon": 32.101236348074025, "lat": -18.427564462561897, "classification": 126, "subregion_name": "Sub-Saharan Africa", "umap_1d_x": -14.385948, "umap_2d_x": 44.9832, "umap_2d_y": -24.4214, "umap_3d_x": 40.344803, "umap_3d_y": -17.265053, "umap_3d_z": 28.009186, "tsne_1d_x": 54.66127, "tsne_2d_x": 38.647324, "tsne_2d_y": 21.103996, "tsne_3d_x": -15.546841, "tsne_3d_y": -34.607834, "tsne_3d_z": -20.168179, "grid_umap_1d_x": 289.0, "grid_umap_2d_x": 15.0, "grid_umap_2d_y": 9.0, "grid_umap_3d_x": 5.0, "grid_umap_3d_y": 1.0, "grid_umap_3d_z": 5.0, "grid_tsne_1d_x": 289.0, "grid_tsne_2d_x": 20.0, "grid_tsne_2d_y": 16.0, "grid_tsne_3d_x": 1.0, "grid_tsne_3d_y": 1.0, "grid_tsne_3d_z": 2.0, "tile_dir": "tiles/0289" }, "geometry": { "type": "Point", "coordinates": [ 32.101236348074025, -18.427564462561897 ] } },
{ "type": "Feature", "properties": { "index": 290, "lon": 79.379799613629189, "lat": 55.764060762659852, "classification": 30, "subregion_name": "Eastern Europe", "umap_1d_x": 11.382652, "umap_2d_x": -28.603506, "umap_2d_y": 22.800812, "umap_3d_x": -35.203629, "umap_3d_y": 7.0889816, "umap_3d_z": -32.387119, "tsne_1d_x": -60.951149, "tsne_2d_x": -23.150227, "tsne_2d_y": 36.719086, "tsne_3d_x": 12.446629, "tsne_3d_y": 11.169231, "tsne_3d_z": 27.191048, "grid_umap_1d_x": 290.0, "grid_umap_2d_x": 1.0, "grid_umap_2d_y": 19.0, "grid_umap_3d_x": 4.0, "grid_umap_3d_y": 3.0, "grid_umap_3d_z": 2.0, "grid_tsne_1d_x": 290.0, "grid_tsne_2d_x": 8.0, "grid_tsne_2d_y": 21.0, "grid_tsne_3d_x": 6.0, "grid_tsne_3d_y": 4.0, "grid_tsne_3d_z": 7.0, "tile_dir": "tiles/0290" }, "geometry": { "type": "Point", "coordinates": [ 79.379799613629189, 55.764060762659852 ] } },
{ "type": "Feature", "properties": { "index": 291, "lon": -115.91394022447281, "lat": 39.498256039182635, "classification": 20, "subregion_name": "Unknown", "umap_1d_x": 7.1663146, "umap_2d_x": -16.158276, "umap_2d_y": 7.5045509, "umap_3d_x": -22.877571, "umap_3d_y": 5.6848297, "umap_3d_z": 7.2388115, "tsne_1d_x": -5.6601753, "tsne_2d_x": 4.6228409, "tsne_2d_y": 25.008331, "tsne_3d_x": -5.7283325, "tsne_3d_y": -11.901726, "tsne_3d_z": 16.173912, "grid_umap_1d_x": 291.0, "grid_umap_2d_x": 0.0, "grid_umap_2d_y": 10.0, "grid_umap_3d_x": 1.0, "grid_umap_3d_y": 5.0, "grid_umap_3d_z": 6.0, "grid_tsne_1d_x": 291.0, "grid_tsne_2d_x": 9.0, "grid_tsne_2d_y": 22.0, "grid_tsne_3d_x": 1.0, "grid_tsne_3d_y": 0.0, "grid_tsne_3d_z": 7.0, "tile_dir": "tiles/0291" }, "geometry": { "type": "Point", "coordinates": [ -115.91394022447281, 39.498256039182635 ] } },
{ "type": "Feature", "properties": { "index": 292, "lon": 61.916201488959416, "lat": 59.149272372950392, "classification": 30, "subregion_name": "Eastern Europe", "umap_1d_x": 11.935783, "umap_2d_x": -30.787819, "umap_2d_y": 17.430779, "umap_3d_x": -37.255386, "umap_3d_y": 10.093903, "umap_3d_z": -22.966343, "tsne_1d_x": -54.198174, "tsne_2d_x": -23.800682, "tsne_2d_y": 29.955383, "tsne_3d_x": 13.152016, "tsne_3d_y": 17.201622, "tsne_3d_z": 16.927917, "grid_umap_1d_x": 292.0, "grid_umap_2d_x": 1.0, "grid_umap_2d_y": 18.0, "grid_umap_3d_x": 2.0, "grid_umap_3d_y": 4.0, "grid_umap_3d_z": 2.0, "grid_tsne_1d_x": 292.0, "grid_tsne_2d_x": 0.0, "grid_tsne_2d_y": 22.0, "grid_tsne_3d_x": 6.0, "grid_tsne_3d_y": 5.0, "grid_tsne_3d_z": 5.0, "tile_dir": "tiles/0292" }, "geometry": { "type": "Point", "coordinates": [ 61.916201488959416, 59.149272372950392 ] } },
{ "type": "Feature", "properties": { "index": 293, "lon": -65.636479119660279, "lat": 45.574714096272928, "classification": 115, "subregion_name": "Northern America", "umap_1d_x": 12.861391, "umap_2d_x": -29.581938, "umap_2d_y": 6.119381, "umap_3d_x": -39.813736, "umap_3d_y": 0.65633011000001, "umap_3d_z": -16.079075, "tsne_1d_x": -28.503866, "tsne_2d_x": -11.004917, "tsne_2d_y": -4.7185059, "tsne_3d_x": 14.976357, "tsne_3d_y": 12.911266, "tsne_3d_z": -5.7146797, "grid_umap_1d_x": 293.0, "grid_umap_2d_x": 8.0, "grid_umap_2d_y": 12.0, "grid_umap_3d_x": 0.0, "grid_umap_3d_y": 2.0, "grid_umap_3d_z": 2.0, "grid_tsne_1d_x": 293.0, "grid_tsne_2d_x": 0.0, "grid_tsne_2d_y": 2.0, "grid_tsne_3d_x": 6.0, "grid_tsne_3d_y": 6.0, "grid_tsne_3d_z": 0.0, "tile_dir": "tiles/0293" }, "geometry": { "type": "Point", "coordinates": [ -65.636479119660279, 45.574714096272928 ] } },
{ "type": "Feature", "properties": { "index": 294, "lon": 43.322555165917038, "lat": 3.7147163990492018, "classification": 20, "subregion_name": "Sub-Saharan Africa", "umap_1d_x": 3.033937, "umap_2d_x": 7.0638771, "umap_2d_y": 3.98172, "umap_3d_x": 12.629307, "umap_3d_y": 5.9872437, "umap_3d_z": 49.346558, "tsne_1d_x": 28.57374, "tsne_2d_x": 14.126541, "tsne_2d_y": 36.066208, "tsne_3d_x": -16.574024, "tsne_3d_y": -41.942841, "tsne_3d_z": 10.095757, "grid_umap_1d_x": 294.0, "grid_umap_2d_x": 10.0, "grid_umap_2d_y": 5.0, "grid_umap_3d_x": 3.0, "grid_umap_3d_y": 2.0, "grid_umap_3d_z": 7.0, "grid_tsne_1d_x": 294.0, "grid_tsne_2d_x": 12.0, "grid_tsne_2d_y": 21.0, "grid_tsne_3d_x": 2.0, "grid_tsne_3d_y": 2.0, "grid_tsne_3d_z": 4.0, "tile_dir": "tiles/0294" }, "geometry": { "type": "Point", "coordinates": [ 43.322555165917038, 3.714716399049202 ] } },
{ "type": "Feature", "properties": { "index": 295, "lon": 139.28166579189684, "lat": -32.550264206669283, "classification": 30, "subregion_name": "Unknown", "umap_1d_x": -20.37434, "umap_2d_x": 40.434044, "umap_2d_y": -48.043472, "umap_3d_x": 48.889305, "umap_3d_y": -46.95282, "umap_3d_z": 21.95845, "tsne_1d_x": 79.861115, "tsne_2d_x": 41.369896, "tsne_2d_y": 44.459412, "tsne_3d_x": -41.221451, "tsne_3d_y": -12.107384, "tsne_3d_z": -23.712563, "grid_umap_1d_x": 295.0, "grid_umap_2d_x": 14.0, "grid_umap_2d_y": 0.0, "grid_umap_3d_x": 5.0, "grid_umap_3d_y": 1.0, "grid_umap_3d_z": 2.0, "grid_tsne_1d_x": 295.0, "grid_tsne_2d_x": 17.0, "grid_tsne_2d_y": 21.0, "grid_tsne_3d_x": 0.0, "grid_tsne_3d_y": 4.0, "grid_tsne_3d_z": 1.0, "tile_dir": "tiles/0295" }, "geometry": { "type": "Point", "coordinates": [ 139.281665791896842, -32.550264206669283 ] } },
{ "type": "Feature", "properties": { "index": 296, "lon": -2.027411618724273, "lat": 11.105619195720578, "classification": 20, "subregion_name": "Sub-Saharan Africa", "umap_1d_x": -2.6746972, "umap_2d_x": 10.769581, "umap_2d_y": 20.70723, "umap_3d_x": 8.3833351, "umap_3d_y": 32.673004, "umap_3d_z": 40.736855, "tsne_1d_x": 23.990625, "tsne_2d_x": 17.081657, "tsne_2d_y": -9.4189606, "tsne_3d_x": 6.3894615, "tsne_3d_y": -40.277252, "tsne_3d_z": 24.612961, "grid_umap_1d_x": 296.0, "grid_umap_2d_x": 12.0, "grid_umap_2d_y": 15.0, "grid_umap_3d_x": 3.0, "grid_umap_3d_y": 4.0, "grid_umap_3d_z": 7.0, "grid_tsne_1d_x": 296.0, "grid_tsne_2d_x": 15.0, "grid_tsne_2d_y": 7.0, "grid_tsne_3d_x": 3.0, "grid_tsne_3d_y": 0.0, "grid_tsne_3d_z": 7.0, "tile_dir": "tiles/0296" }, "geometry": { "type": "Point", "coordinates": [ -2.027411618724273, 11.105619195720578 ] } },
{ "type": "Feature", "properties": { "index": 297, "lon": 115.68363904708593, "lat": -30.914677734768631, "classification": 40, "subregion_name": "Unknown", "umap_1d_x": -19.437044, "umap_2d_x": 37.684731, "umap_2d_y": -43.674145, "umap_3d_x": 49.057686, "umap_3d_y": -39.783253, "umap_3d_z": 15.985069, "tsne_1d_x": 76.880508, "tsne_2d_x": 36.564865, "tsne_2d_y": 46.41256, "tsne_3d_x": -31.733622, "tsne_3d_y": -7.0244942, "tsne_3d_z": -29.662603, "grid_umap_1d_x": 297.0, "grid_umap_2d_x": 13.0, "grid_umap_2d_y": 0.0, "grid_umap_3d_x": 6.0, "grid_umap_3d_y": 0.0, "grid_umap_3d_z": 0.0, "grid_tsne_1d_x": 297.0, "grid_tsne_2d_x": 15.0, "grid_tsne_2d_y": 21.0, "grid_tsne_3d_x": 0.0, "grid_tsne_3d_y": 5.0, "grid_tsne_3d_z": 0.0, "tile_dir": "tiles/0297" }, "geometry": { "type": "Point", "coordinates": [ 115.683639047085933, -30.914677734768631 ] } },
{ "type": "Feature", "properties": { "index": 298, "lon": -99.763314653605335, "lat": 54.786166354913831, "classification": 111, "subregion_name": "Northern America", "umap_1d_x": 14.430834, "umap_2d_x": -34.85598, "umap_2d_y": 1.3549461, "umap_3d_x": -45.849499, "umap_3d_y": 0.76581191999999021, "umap_3d_z": -5.0469742, "tsne_1d_x": -34.236317, "tsne_2d_x": -28.522335, "tsne_2d_y": -15.499264, "tsne_3d_x": -11.381668, "tsne_3d_y": 29.747932, "tsne_3d_z": 0.7362709, "grid_umap_1d_x": 298.0, "grid_umap_2d_x": 0.0, "grid_umap_2d_y": 8.0, "grid_umap_3d_x": 1.0, "grid_umap_3d_y": 2.0, "grid_umap_3d_z": 5.0, "grid_tsne_1d_x": 298.0, "grid_tsne_2d_x": 1.0, "grid_tsne_2d_y": 3.0, "grid_tsne_3d_x": 2.0, "grid_tsne_3d_y": 6.0, "grid_tsne_3d_z": 2.0, "tile_dir": "tiles/0298" }, "geometry": { "type": "Point", "coordinates": [ -99.763314653605335, 54.786166354913831 ] } },
{ "type": "Feature", "properties": { "index": 299, "lon": -115.81543444881333, "lat": 46.855148906594962, "classification": 111, "subregion_name": "Unknown", "umap_1d_x": 13.369218, "umap_2d_x": -25.408182, "umap_2d_y": -0.92524338, "umap_3d_x": -36.099922, "umap_3d_y": -3.5394135, "umap_3d_z": -0.08097457899999938, "tsne_1d_x": -24.503458, "tsne_2d_x": -11.152847, "tsne_2d_y": 6.0078964, "tsne_3d_x": -21.170891, "tsne_3d_y": 6.6139984, "tsne_3d_z": -2.4569855, "grid_umap_1d_x": 299.0, "grid_umap_2d_x": 5.0, "grid_umap_2d_y": 7.0, "grid_umap_3d_x": 2.0, "grid_umap_3d_y": 2.0, "grid_umap_3d_z": 6.0, "grid_tsne_1d_x": 299.0, "grid_tsne_2d_x": 12.0, "grid_tsne_2d_y": 12.0, "grid_tsne_3d_x": 0.0, "grid_tsne_3d_y": 5.0, "grid_tsne_3d_z": 1.0, "tile_dir": "tiles/0299" }, "geometry": { "type": "Point", "coordinates": [ -115.815434448813335, 46.855148906594962 ] } },
{ "type": "Feature", "properties": { "index": 300, "lon": 17.210400727985444, "lat": 63.801747422677423, "classification": 111, "subregion_name": "Northern Europe", "umap_1d_x": 20.50354, "umap_2d_x": -33.298065, "umap_2d_y": -15.475842, "umap_3d_x": -40.180908, "umap_3d_y": -8.5834808, "umap_3d_z": -25.642368, "tsne_1d_x": -48.227554, "tsne_2d_x": -20.639721, "tsne_2d_y": 15.406349, "tsne_3d_x": -27.153753, "tsne_3d_y": 18.54052, "tsne_3d_z": 23.986565, "grid_umap_1d_x": 300.0, "grid_umap_2d_x": 12.0, "grid_umap_2d_y": 3.0, "grid_umap_3d_x": 2.0, "grid_umap_3d_y": 0.0, "grid_umap_3d_z": 0.0, "grid_tsne_1d_x": 300.0, "grid_tsne_2d_x": 1.0, "grid_tsne_2d_y": 15.0, "grid_tsne_3d_x": 0.0, "grid_tsne_3d_y": 5.0, "grid_tsne_3d_z": 7.0, "tile_dir": "tiles/0300" }, "geometry": { "type": "Point", "coordinates": [ 17.210400727985444, 63.801747422677423 ] } },
{ "type": "Feature", "properties": { "index": 301, "lon": 138.4492700274829, "lat": -2.3554440893775421, "classification": 112, "subregion_name": "South-eastern Asia", "umap_1d_x": -6.1482992, "umap_2d_x": 29.620193, "umap_2d_y": 37.317711, "umap_3d_x": 24.944298, "umap_3d_y": 39.61026, "umap_3d_z": 7.2024574, "tsne_1d_x": 35.140102, "tsne_2d_x": 33.914688, "tsne_2d_y": -31.197136, "tsne_3d_x": 34.004982, "tsne_3d_y": -32.199043, "tsne_3d_z": -18.366665, "grid_umap_1d_x": 301.0, "grid_umap_2d_x": 21.0, "grid_umap_2d_y": 22.0, "grid_umap_3d_x": 5.0, "grid_umap_3d_y": 4.0, "grid_umap_3d_z": 3.0, "grid_tsne_1d_x": 301.0, "grid_tsne_2d_x": 18.0, "grid_tsne_2d_y": 2.0, "grid_tsne_3d_x": 4.0, "grid_tsne_3d_y": 4.0, "grid_tsne_3d_z": 3.0, "tile_dir": "tiles/0301" }, "geometry": { "type": "Point", "coordinates": [ 138.449270027482896, -2.355444089377542 ] } },
{ "type": "Feature", "properties": { "index": 302, "lon": 48.734733193855106, "lat": 64.465334295451683, "classification": 111, "subregion_name": "Eastern Europe", "umap_1d_x": 15.063934, "umap_2d_x": -33.414406, "umap_2d_y": -5.8684349, "umap_3d_x": -45.334801, "umap_3d_y": -7.0060539, "umap_3d_z": -8.1782684, "tsne_1d_x": -32.491203, "tsne_2d_x": -26.481211, "tsne_2d_y": -9.5524178, "tsne_3d_x": -17.781738, "tsne_3d_y": 29.688744, "tsne_3d_z": 7.8770409, "grid_umap_1d_x": 302.0, "grid_umap_2d_x": 14.0, "grid_umap_2d_y": 8.0, "grid_umap_3d_x": 3.0, "grid_umap_3d_y": 2.0, "grid_umap_3d_z": 5.0, "grid_tsne_1d_x": 302.0, "grid_tsne_2d_x": 9.0, "grid_tsne_2d_y": 9.0, "grid_tsne_3d_x": 2.0, "grid_tsne_3d_y": 6.0, "grid_tsne_3d_z": 3.0, "tile_dir": "tiles/0302" }, "geometry": { "type": "Point", "coordinates": [ 48.734733193855106, 64.465334295451683 ] } },
{ "type": "Feature", "properties": { "index": 303, "lon": 18.751551066482932, "lat": 66.546486095347603, "classification": 20, "subregion_name": "Northern Europe", "umap_1d_x": 17.931103, "umap_2d_x": -42.212669, "umap_2d_y": -17.602112, "umap_3d_x": -42.688793, "umap_3d_y": -0.93408203, "umap_3d_z": -38.938606, "tsne_1d_x": -58.356297, "tsne_2d_x": -31.540403, "tsne_2d_y": 34.719116, "tsne_3d_x": -0.12369919, "tsne_3d_y": 14.821465, "tsne_3d_z": 41.450546, "grid_umap_1d_x": 303.0, "grid_umap_2d_x": 3.0, "grid_umap_2d_y": 0.0, "grid_umap_3d_x": 3.0, "grid_umap_3d_y": 2.0, "grid_umap_3d_z": 1.0, "grid_tsne_1d_x": 303.0, "grid_tsne_2d_x": 2.0, "grid_tsne_2d_y": 22.0, "grid_tsne_3d_x": 3.0, "grid_tsne_3d_y": 3.0, "grid_tsne_3d_z": 7.0, "tile_dir": "tiles/0303" }, "geometry": { "type": "Point", "coordinates": [ 18.751551066482932, 66.546486095347603 ] } },
{ "type": "Feature", "properties": { "index": 304, "lon": 29.744823513809195, "lat": 47.857527543802817, "classification": 40, "subregion_name": "Eastern Europe", "umap_1d_x": 23.131939, "umap_2d_x": -20.135704, "umap_2d_y": -11.576054, "umap_3d_x": -29.238686, "umap_3d_y": -12.045414, "umap_3d_z": -15.59285, "tsne_1d_x": -18.807873, "tsne_2d_x": -8.2543488, "tsne_2d_y": 27.63382, "tsne_3d_x": -31.098396, "tsne_3d_y": -0.2708168, "tsne_3d_z": 23.618683, "grid_umap_1d_x": 304.0, "grid_umap_2d_x": 11.0, "grid_umap_2d_y": 2.0, "grid_umap_3d_x": 4.0, "grid_umap_3d_y": 0.0, "grid_umap_3d_z": 1.0, "grid_tsne_1d_x": 304.0, "grid_tsne_2d_x": 11.0, "grid_tsne_2d_y": 19.0, "grid_tsne_3d_x": 1.0, "grid_tsne_3d_y": 3.0, "grid_tsne_3d_z": 7.0, "tile_dir": "tiles/0304" }, "geometry": { "type": "Point", "coordinates": [ 29.744823513809195, 47.857527543802817 ] } },
{ "type": "Feature", "properties": { "index": 305, "lon": -94.112990107507983, "lat": 40.991819098931785, "classification": 116, "subregion_name": "Unknown", "umap_1d_x": 9.981904, "umap_2d_x": -23.888115, "umap_2d_y": 17.009422, "umap_3d_x": -24.482113, "umap_3d_y": 4.0180016, "umap_3d_z": -24.91877, "tsne_1d_x": -14.042545, "tsne_2d_x": -7.0069809, "tsne_2d_y": -2.1441002, "tsne_3d_x": 13.114079, "tsne_3d_y": 4.8210602, "tsne_3d_z": -1.5281067, "grid_umap_1d_x": 305.0, "grid_umap_2d_x": 0.0, "grid_umap_2d_y": 17.0, "grid_umap_3d_x": 5.0, "grid_umap_3d_y": 2.0, "grid_umap_3d_z": 2.0, "grid_tsne_1d_x": 305.0, "grid_tsne_2d_x": 6.0, "grid_tsne_2d_y": 6.0, "grid_tsne_3d_x": 7.0, "grid_tsne_3d_y": 5.0, "grid_tsne_3d_z": 1.0, "tile_dir": "tiles/0305" }, "geometry": { "type": "Point", "coordinates": [ -94.112990107507983, 40.991819098931785 ] } },
{ "type": "Feature", "properties": { "index": 306, "lon": -118.29761572900331, "lat": 64.952097243351261, "classification": 116, "subregion_name": "Northern America", "umap_1d_x": 16.895683, "umap_2d_x": -40.464752, "umap_2d_y": -6.8519592, "umap_3d_x": -48.896221, "umap_3d_y": 0.45021819999999479, "umap_3d_z": -30.94669, "tsne_1d_x": -52.669106, "tsne_2d_x": -32.385666, "tsne_2d_y": 15.317398, "tsne_3d_x": -3.2487869, "tsne_3d_y": 27.512062, "tsne_3d_z": 21.139091, "grid_umap_1d_x": 306.0, "grid_umap_2d_x": 9.0, "grid_umap_2d_y": 7.0, "grid_umap_3d_x": 1.0, "grid_umap_3d_y": 2.0, "grid_umap_3d_z": 1.0, "grid_tsne_1d_x": 306.0, "grid_tsne_2d_x": 9.0, "grid_tsne_2d_y": 14.0, "grid_tsne_3d_x": 2.0, "grid_tsne_3d_y": 7.0, "grid_tsne_3d_z": 6.0, "tile_dir": "tiles/0306" }, "geometry": { "type": "Point", "coordinates": [ -118.297615729003311, 64.952097243351261 ] } },
{ "type": "Feature", "properties": { "index": 307, "lon": 133.06595295122759, "lat": 60.636027111417462, "classification": 113, "subregion_name": "Eastern Europe", "umap_1d_x": 15.877685, "umap_2d_x": -42.356541, "umap_2d_y": 12.628418, "umap_3d_x": -48.490543, "umap_3d_y": 21.774254, "umap_3d_z": -17.347607, "tsne_1d_x": -43.85104, "tsne_2d_x": -42.327164, "tsne_2d_y": 2.6148796, "tsne_3d_x": 7.3687782, "tsne_3d_y": 42.41127, "tsne_3d_z": 13.833469, "grid_umap_1d_x": 307.0, "grid_umap_2d_x": 11.0, "grid_umap_2d_y": 15.0, "grid_umap_3d_x": 0.0, "grid_umap_3d_y": 7.0, "grid_umap_3d_z": 2.0, "grid_tsne_1d_x": 307.0, "grid_tsne_2d_x": 3.0, "grid_tsne_2d_y": 11.0, "grid_tsne_3d_x": 4.0, "grid_tsne_3d_y": 5.0, "grid_tsne_3d_z": 3.0, "tile_dir": "tiles/0307" }, "geometry": { "type": "Point", "coordinates": [ 133.065952951227587, 60.636027111417462 ] } },
{ "type": "Feature", "properties": { "index": 308, "lon": -119.78297706328466, "lat": 55.534976649791076, "classification": 115, "subregion_name": "Northern America", "umap_1d_x": 14.038183, "umap_2d_x": -34.794827, "umap_2d_y": 5.2793427, "umap_3d_x": -44.894299, "umap_3d_y": 5.82481, "umap_3d_z": -3.3020897, "tsne_1d_x": -37.107903, "tsne_2d_x": -30.978441, "tsne_2d_y": -15.578201, "tsne_3d_x": -1.5027618, "tsne_3d_y": 28.03508, "tsne_3d_z": -3.7007217, "grid_umap_1d_x": 308.0, "grid_umap_2d_x": 2.0, "grid_umap_2d_y": 11.0, "grid_umap_3d_x": 1.0, "grid_umap_3d_y": 4.0, "grid_umap_3d_z": 5.0, "grid_tsne_1d_x": 308.0, "grid_tsne_2d_x": 0.0, "grid_tsne_2d_y": 3.0, "grid_tsne_3d_x": 4.0, "grid_tsne_3d_y": 6.0, "grid_tsne_3d_z": 1.0, "tile_dir": "tiles/0308" }, "geometry": { "type": "Point", "coordinates": [ -119.782977063284662, 55.534976649791076 ] } },
{ "type": "Feature", "properties": { "index": 309, "lon": 37.83597386401496, "lat": 63.422632057861875, "classification": 115, "subregion_name": "Eastern Europe", "umap_1d_x": 15.017225, "umap_2d_x": -30.806692, "umap_2d_y": -6.6966095, "umap_3d_x": -42.982868, "umap_3d_y": -10.483841, "umap_3d_z": -5.3470078, "tsne_1d_x": -31.297131, "tsne_2d_x": -23.726288, "tsne_2d_y": -10.195469, "tsne_3d_x": -25.763975, "tsne_3d_y": 27.701683, "tsne_3d_z": 4.3468132, "grid_umap_1d_x": 309.0, "grid_umap_2d_x": 1.0, "grid_umap_2d_y": 3.0, "grid_umap_3d_x": 3.0, "grid_umap_3d_y": 1.0, "grid_umap_3d_z": 5.0, "grid_tsne_1d_x": 309.0, "grid_tsne_2d_x": 1.0, "grid_tsne_2d_y": 4.0, "grid_tsne_3d_x": 2.0, "grid_tsne_3d_y": 5.0, "grid_tsne_3d_z": 2.0, "tile_dir": "tiles/0309" }, "geometry": { "type": "Point", "coordinates": [ 37.83597386401496, 63.422632057861875 ] } },
{ "type": "Feature", "properties": { "index": 310, "lon": 17.593199639641085, "lat": -1.4478556564504499, "classification": 112, "subregion_name": "Sub-Saharan Africa", "umap_1d_x": -6.6316748, "umap_2d_x": 31.397179, "umap_2d_y": 41.695251, "umap_3d_x": 28.014709, "umap_3d_y": 35.373726, "umap_3d_z": 8.8327065, "tsne_1d_x": 37.852329, "tsne_2d_x": 39.200378, "tsne_2d_y": -34.216835, "tsne_3d_x": 47.965698, "tsne_3d_y": -36.058868, "tsne_3d_z": -21.774145, "grid_umap_1d_x": 310.0, "grid_umap_2d_x": 19.0, "grid_umap_2d_y": 21.0, "grid_umap_3d_x": 7.0, "grid_umap_3d_y": 6.0, "grid_umap_3d_z": 4.0, "grid_tsne_1d_x": 310.0, "grid_tsne_2d_x": 17.0, "grid_tsne_2d_y": 7.0, "grid_tsne_3d_x": 7.0, "grid_tsne_3d_y": 3.0, "grid_tsne_3d_z": 2.0, "tile_dir": "tiles/0310" }, "geometry": { "type": "Point", "coordinates": [ 17.593199639641085, -1.44785565645045 ] } },
{ "type": "Feature", "properties": { "index": 311, "lon": -87.536055662012558, "lat": 51.211138328860315, "classification": 111, "subregion_name": "Northern America", "umap_1d_x": 14.970665, "umap_2d_x": -35.578243, "umap_2d_y": -3.2380524, "umap_3d_x": -46.525108, "umap_3d_y": -2.9422035, "umap_3d_z": -14.494331, "tsne_1d_x": -34.198437, "tsne_2d_x": -26.891899, "tsne_2d_y": -19.715965, "tsne_3d_x": -10.793285, "tsne_3d_y": 23.589302, "tsne_3d_z": 8.9166222, "grid_umap_1d_x": 311.0, "grid_umap_2d_x": 8.0, "grid_umap_2d_y": 8.0, "grid_umap_3d_x": 0.0, "grid_umap_3d_y": 2.0, "grid_umap_3d_z": 3.0, "grid_tsne_1d_x": 311.0, "grid_tsne_2d_x": 3.0, "grid_tsne_2d_y": 2.0, "grid_tsne_3d_x": 3.0, "grid_tsne_3d_y": 5.0, "grid_tsne_3d_z": 3.0, "tile_dir": "tiles/0311" }, "geometry": { "type": "Point", "coordinates": [ -87.536055662012558, 51.211138328860315 ] } },
{ "type": "Feature", "properties": { "index": 312, "lon": 73.51806127951113, "lat": 57.655519540873769, "classification": 114, "subregion_name": "Eastern Europe", "umap_1d_x": 12.461406, "umap_2d_x": -32.6017, "umap_2d_y": 13.501381, "umap_3d_x": -38.702271, "umap_3d_y": 9.0532112, "umap_3d_z": -12.88522, "tsne_1d_x": -39.87458, "tsne_2d_x": -30.725025, "tsne_2d_y": -3.2374077, "tsne_3d_x": 9.9547577, "tsne_3d_y": 19.454414, "tsne_3d_z": 5.3232079, "grid_umap_1d_x": 312.0, "grid_umap_2d_x": 8.0, "grid_umap_2d_y": 15.0, "grid_umap_3d_x": 0.0, "grid_umap_3d_y": 4.0, "grid_umap_3d_z": 3.0, "grid_tsne_1d_x": 312.0, "grid_tsne_2d_x": 5.0, "grid_tsne_2d_y": 9.0, "grid_tsne_3d_x": 6.0, "grid_tsne_3d_y": 7.0, "grid_tsne_3d_z": 3.0, "tile_dir": "tiles/0312" }, "geometry": { "type": "Point", "coordinates": [ 73.51806127951113, 57.655519540873769 ] } },
{ "type": "Feature", "properties": { "index": 313, "lon": 36.956515041579934, "lat": 6.7537996832433436, "classification": 116, "subregion_name": "Sub-Saharan Africa", "umap_1d_x": -1.8536782, "umap_2d_x": 9.3858528, "umap_2d_y": 28.74469, "umap_3d_x": 8.543396, "umap_3d_y": 30.713074, "umap_3d_z": 28.458748, "tsne_1d_x": 20.734274, "tsne_2d_x": 11.659801, "tsne_2d_y": -17.7799, "tsne_3d_x": 9.9016838, "tsne_3d_y": -43.056152, "tsne_3d_z": 7.1291924, "grid_umap_1d_x": 313.0, "grid_umap_2d_x": 13.0, "grid_umap_2d_y": 17.0, "grid_umap_3d_x": 6.0, "grid_umap_3d_y": 7.0, "grid_umap_3d_z": 7.0, "grid_tsne_1d_x": 313.0, "grid_tsne_2d_x": 12.0, "grid_tsne_2d_y": 5.0, "grid_tsne_3d_x": 4.0, "grid_tsne_3d_y": 0.0, "grid_tsne_3d_z": 4.0, "tile_dir": "tiles/0313" }, "geometry": { "type": "Point", "coordinates": [ 36.956515041579934, 6.753799683243344 ] } },
{ "type": "Feature", "properties": { "index": 314, "lon": 30.975251981090707, "lat": 61.814704465086635, "classification": 114, "subregion_name": "Eastern Europe", "umap_1d_x": 21.177986, "umap_2d_x": -30.018347, "umap_2d_y": -11.768345, "umap_3d_x": -38.817139, "umap_3d_y": -8.4973831, "umap_3d_z": -15.815514, "tsne_1d_x": -25.7015, "tsne_2d_x": -19.070423, "tsne_2d_y": 12.091522, "tsne_3d_x": -25.392933, "tsne_3d_y": 17.393944, "tsne_3d_z": 15.413696, "grid_umap_1d_x": 314.0, "grid_umap_2d_x": 12.0, "grid_umap_2d_y": 4.0, "grid_umap_3d_x": 3.0, "grid_umap_3d_y": 1.0, "grid_umap_3d_z": 3.0, "grid_tsne_1d_x": 314.0, "grid_tsne_2d_x": 4.0, "grid_tsne_2d_y": 13.0, "grid_tsne_3d_x": 0.0, "grid_tsne_3d_y": 5.0, "grid_tsne_3d_z": 5.0, "tile_dir": "tiles/0314" }, "geometry": { "type": "Point", "coordinates": [ 30.975251981090707, 61.814704465086635 ] } },
{ "type": "Feature", "properties": { "index": 315, "lon": 15.870896031235503, "lat": -21.000447885827583, "classification": 20, "subregion_name": "Sub-Saharan Africa", "umap_1d_x": -15.210841, "umap_2d_x": 45.568398, "umap_2d_y": -33.707375, "umap_3d_x": 40.748459, "umap_3d_y": -27.887056, "umap_3d_z": 29.174744, "tsne_1d_x": 71.846855, "tsne_2d_x": 38.408035, "tsne_2d_y": 30.618164, "tsne_3d_x": -29.421667, "tsne_3d_y": -31.488478, "tsne_3d_z": -15.810692, "grid_umap_1d_x": 315.0, "grid_umap_2d_x": 18.0, "grid_umap_2d_y": 3.0, "grid_umap_3d_x": 4.0, "grid_umap_3d_y": 0.0, "grid_umap_3d_z": 7.0, "grid_tsne_1d_x": 315.0, "grid_tsne_2d_x": 21.0, "grid_tsne_2d_y": 20.0, "grid_tsne_3d_x": 0.0, "grid_tsne_3d_y": 0.0, "grid_tsne_3d_z": 3.0, "tile_dir": "tiles/0315" }, "geometry": { "type": "Point", "coordinates": [ 15.870896031235503, -21.000447885827583 ] } },
{ "type": "Feature", "properties": { "index": 316, "lon": 75.876639132553464, "lat": 11.919725806930998, "classification": 112, "subregion_name": "Southern Asia", "umap_1d_x": -1.1203375, "umap_2d_x": 6.1612434, "umap_2d_y": 33.64872, "umap_3d_x": 5.8138771, "umap_3d_y": 35.846466, "umap_3d_z": 20.050468, "tsne_1d_x": 10.300967, "tsne_2d_x": 13.287132, "tsne_2d_y": -26.0516, "tsne_3d_x": 21.85817, "tsne_3d_y": -31.871773, "tsne_3d_z": 6.7165565, "grid_umap_1d_x": 316.0, "grid_umap_2d_x": 11.0, "grid_umap_2d_y": 17.0, "grid_umap_3d_x": 4.0, "grid_umap_3d_y": 5.0, "grid_umap_3d_z": 5.0, "grid_tsne_1d_x": 316.0, "grid_tsne_2d_x": 12.0, "grid_tsne_2d_y": 9.0, "grid_tsne_3d_x": 6.0, "grid_tsne_3d_y": 0.0, "grid_tsne_3d_z": 4.0, "tile_dir": "tiles/0316" }, "geometry": { "type": "Point", "coordinates": [ 75.876639132553464, 11.919725806930998 ] } },
{ "type": "Feature", "properties": { "index": 317, "lon": -57.610985028753447, "lat": -5.4838832983870702, "classification": 112, "subregion_name": "Latin America and the Caribbean", "umap_1d_x": -8.8236456, "umap_2d_x": 37.906883, "umap_2d_y": 25.915039, "umap_3d_x": 35.748581, "umap_3d_y": 41.628571, "umap_3d_z": -0.077064514, "tsne_1d_x": 44.333729, "tsne_2d_x": 48.310982, "tsne_2d_y": -24.196507, "tsne_3d_x": 28.148895, "tsne_3d_y": -41.02029, "tsne_3d_z": -36.309319, "grid_umap_1d_x": 317.0, "grid_umap_2d_x": 21.0, "grid_umap_2d_y": 14.0, "grid_umap_3d_x": 7.0, "grid_umap_3d_y": 5.0, "grid_umap_3d_z": 0.0, "grid_tsne_1d_x": 317.0, "grid_tsne_2d_x": 18.0, "grid_tsne_2d_y": 9.0, "grid_tsne_3d_x": 6.0, "grid_tsne_3d_y": 1.0, "grid_tsne_3d_z": 0.0, "tile_dir": "tiles/0317" }, "geometry": { "type": "Point", "coordinates": [ -57.610985028753447, -5.48388329838707 ] } },
{ "type": "Feature", "properties": { "index": 318, "lon": -50.272687867134408, "lat": -9.3499559142332487, "classification": 30, "subregion_name": "Latin America and the Caribbean", "umap_1d_x": -14.332584, "umap_2d_x": 43.875145, "umap_2d_y": -15.193405, "umap_3d_x": 41.073135, "umap_3d_y": -6.4158096, "umap_3d_z": 26.460426, "tsne_1d_x": 58.337387, "tsne_2d_x": 43.22007, "tsne_2d_y": 11.885441, "tsne_3d_x": -6.9651947, "tsne_3d_y": -40.686649, "tsne_3d_z": -31.709002, "grid_umap_1d_x": 318.0, "grid_umap_2d_x": 19.0, "grid_umap_2d_y": 8.0, "grid_umap_3d_x": 7.0, "grid_umap_3d_y": 3.0, "grid_umap_3d_z": 6.0, "grid_tsne_1d_x": 318.0, "grid_tsne_2d_x": 18.0, "grid_tsne_2d_y": 13.0, "grid_tsne_3d_x": 3.0, "grid_tsne_3d_y": 1.0, "grid_tsne_3d_z": 1.0, "tile_dir": "tiles/0318" }, "geometry": { "type": "Point", "coordinates": [ -50.272687867134408, -9.349955914233249 ] } },
{ "type": "Feature", "properties": { "index": 319, "lon": 104.57454437633282, "lat": 19.610316056796051, "classification": 112, "subregion_name": "South-eastern Asia", "umap_1d_x": -0.76900971, "umap_2d_x": 1.797493, "umap_2d_y": 35.612312, "umap_3d_x": 3.5445557, "umap_3d_y": 36.007042, "umap_3d_z": 13.017178, "tsne_1d_x": 9.1848774, "tsne_2d_x": 3.2816887, "tsne_2d_y": -34.816582, "tsne_3d_x": 30.981743, "tsne_3d_y": -24.372601, "tsne_3d_z": 7.1712303, "grid_umap_1d_x": 319.0, "grid_umap_2d_x": 8.0, "grid_umap_2d_y": 18.0, "grid_umap_3d_x": 4.0, "grid_umap_3d_y": 6.0, "grid_umap_3d_z": 3.0, "grid_tsne_1d_x": 319.0, "grid_tsne_2d_x": 9.0, "grid_tsne_2d_y": 5.0, "grid_tsne_3d_x": 7.0, "grid_tsne_3d_y": 2.0, "grid_tsne_3d_z": 4.0, "tile_dir": "tiles/0319" }, "geometry": { "type": "Point", "coordinates": [ 104.574544376332824, 19.610316056796051 ] } },
{ "type": "Feature", "properties": { "index": 320, "lon": 24.252935671666705, "lat": -1.6735032104297569, "classification": 112, "subregion_name": "Sub-Saharan Africa", "umap_1d_x": -6.5855293, "umap_2d_x": 31.296684, "umap_2d_y": 41.616623, "umap_3d_x": 27.95491, "umap_3d_y": 34.621674, "umap_3d_z": 8.9930649, "tsne_1d_x": 37.776432, "tsne_2d_x": 38.950829, "tsne_2d_y": -33.51165, "tsne_3d_x": 49.086769, "tsne_3d_y": -36.043423, "tsne_3d_z": -20.243216, "grid_umap_1d_x": 320.0, "grid_umap_2d_x": 16.0, "grid_umap_2d_y": 16.0, "grid_umap_3d_x": 6.0, "grid_umap_3d_y": 4.0, "grid_umap_3d_z": 4.0, "grid_tsne_1d_x": 320.0, "grid_tsne_2d_x": 16.0, "grid_tsne_2d_y": 9.0, "grid_tsne_3d_x": 6.0, "grid_tsne_3d_y": 4.0, "grid_tsne_3d_z": 3.0, "tile_dir": "tiles/0320" }, "geometry": { "type": "Point", "coordinates": [ 24.252935671666705, -1.673503210429757 ] } },
{ "type": "Feature", "properties": { "index": 321, "lon": 142.19584768791344, "lat": -17.179775865985128, "classification": 20, "subregion_name": "Unknown", "umap_1d_x": -18.467077, "umap_2d_x": 40.326843, "umap_2d_y": -34.612358, "umap_3d_x": 48.399994, "umap_3d_y": -29.479166, "umap_3d_z": 25.667374, "tsne_1d_x": 74.090111, "tsne_2d_x": 45.914246, "tsne_2d_y": 30.568352, "tsne_3d_x": -28.933678, "tsne_3d_y": -27.654295, "tsne_3d_z": -30.234486, "grid_umap_1d_x": 321.0, "grid_umap_2d_x": 17.0, "grid_umap_2d_y": 1.0, "grid_umap_3d_x": 7.0, "grid_umap_3d_y": 0.0, "grid_umap_3d_z": 4.0, "grid_tsne_1d_x": 321.0, "grid_tsne_2d_x": 19.0, "grid_tsne_2d_y": 18.0, "grid_tsne_3d_x": 0.0, "grid_tsne_3d_y": 1.0, "grid_tsne_3d_z": 1.0, "tile_dir": "tiles/0321" }, "geometry": { "type": "Point", "coordinates": [ 142.195847687913442, -17.179775865985128 ] } },
{ "type": "Feature", "properties": { "index": 322, "lon": 99.027861435011346, "lat": 50.892094235278876, "classification": 116, "subregion_name": "Eastern Asia", "umap_1d_x": 11.18101, "umap_2d_x": -32.291275, "umap_2d_y": 21.792816, "umap_3d_x": -39.304409, "umap_3d_y": 14.899483, "umap_3d_z": -32.289619, "tsne_1d_x": -62.673027, "tsne_2d_x": -26.423389, "tsne_2d_y": 43.57309, "tsne_3d_x": 28.557045, "tsne_3d_y": 14.423599, "tsne_3d_z": 24.498108, "grid_umap_1d_x": 322.0, "grid_umap_2d_x": 5.0, "grid_umap_2d_y": 18.0, "grid_umap_3d_x": 4.0, "grid_umap_3d_y": 4.0, "grid_umap_3d_z": 2.0, "grid_tsne_1d_x": 322.0, "grid_tsne_2d_x": 11.0, "grid_tsne_2d_y": 20.0, "grid_tsne_3d_x": 7.0, "grid_tsne_3d_y": 5.0, "grid_tsne_3d_z": 6.0, "tile_dir": "tiles/0322" }, "geometry": { "type": "Point", "coordinates": [ 99.027861435011346, 50.892094235278876 ] } },
{ "type": "Feature", "properties": { "index": 323, "lon": 165.85220474485857, "lat": 60.639603682979015, "classification": 20, "subregion_name": "Eastern Europe", "umap_1d_x": 17.64295, "umap_2d_x": -41.689533, "umap_2d_y": -16.010872, "umap_3d_x": -45.916565, "umap_3d_y": 0.090904236, "umap_3d_z": -41.983227, "tsne_1d_x": -59.717812, "tsne_2d_x": -33.48877, "tsne_2d_y": 28.993523, "tsne_3d_x": -7.960186, "tsne_3d_y": 20.233246, "tsne_3d_z": 40.526978, "grid_umap_1d_x": 323.0, "grid_umap_2d_x": 6.0, "grid_umap_2d_y": 2.0, "grid_umap_3d_x": 2.0, "grid_umap_3d_y": 2.0, "grid_umap_3d_z": 0.0, "grid_tsne_1d_x": 323.0, "grid_tsne_2d_x": 1.0, "grid_tsne_2d_y": 20.0, "grid_tsne_3d_x": 3.0, "grid_tsne_3d_y": 4.0, "grid_tsne_3d_z": 7.0, "tile_dir": "tiles/0323" }, "geometry": { "type": "Point", "coordinates": [ 165.852204744858568, 60.639603682979015 ] } },
{ "type": "Feature", "properties": { "index": 324, "lon": 154.80408186759684, "lat": 63.072181724669178, "classification": 113, "subregion_name": "Eastern Europe", "umap_1d_x": 15.596565, "umap_2d_x": -41.116367, "umap_2d_y": 13.495426, "umap_3d_x": -47.508629, "umap_3d_y": 21.406059, "umap_3d_z": -15.709427, "tsne_1d_x": -43.187408, "tsne_2d_x": -42.639305, "tsne_2d_y": -1.6083679, "tsne_3d_x": 12.15139, "tsne_3d_y": 40.739441, "tsne_3d_z": 8.3537407, "grid_umap_1d_x": 324.0, "grid_umap_2d_x": 5.0, "grid_umap_2d_y": 15.0, "grid_umap_3d_x": 2.0, "grid_umap_3d_y": 6.0, "grid_umap_3d_z": 3.0, "grid_tsne_1d_x": 324.0, "grid_tsne_2d_x": 0.0, "grid_tsne_2d_y": 9.0, "grid_tsne_3d_x": 5.0, "grid_tsne_3d_y": 6.0, "grid_tsne_3d_z": 3.0, "tile_dir": "tiles/0324" }, "geometry": { "type": "Point", "coordinates": [ 154.804081867596835, 63.072181724669178 ] } },
{ "type": "Feature", "properties": { "index": 325, "lon": 124.2356675250328, "lat": 56.531105206841417, "classification": 116, "subregion_name": "Eastern Europe", "umap_1d_x": 19.523108, "umap_2d_x": -46.425018, "umap_2d_y": -0.85536957, "umap_3d_x": -47.807331, "umap_3d_y": 17.063362, "umap_3d_z": -38.688175, "tsne_1d_x": -74.407852, "tsne_2d_x": -49.585358, "tsne_2d_y": 20.735001, "tsne_3d_x": 0.07661056500000285, "tsne_3d_y": 47.290131, "tsne_3d_z": 35.549812, "grid_umap_1d_x": 325.0, "grid_umap_2d_x": 5.0, "grid_umap_2d_y": 9.0, "grid_umap_3d_x": 1.0, "grid_umap_3d_y": 5.0, "grid_umap_3d_z": 0.0, "grid_tsne_1d_x": 325.0, "grid_tsne_2d_x": 9.0, "grid_tsne_2d_y": 16.0, "grid_tsne_3d_x": 4.0, "grid_tsne_3d_y": 6.0, "grid_tsne_3d_z": 5.0, "tile_dir": "tiles/0325" }, "geometry": { "type": "Point", "coordinates": [ 124.235667525032795, 56.531105206841417 ] } },
{ "type": "Feature", "properties": { "index": 326, "lon": -108.62747507410118, "lat": 32.79717034683145, "classification": 20, "subregion_name": "Unknown", "umap_1d_x": 6.9419861, "umap_2d_x": -14.602547, "umap_2d_y": 7.2891769, "umap_3d_x": -22.210997, "umap_3d_y": 2.0395927, "umap_3d_z": 7.6776199, "tsne_1d_x": -4.4557762, "tsne_2d_x": 3.6940155, "tsne_2d_y": 20.57592, "tsne_3d_x": -11.034264, "tsne_3d_y": -17.268322, "tsne_3d_z": 10.840851, "grid_umap_1d_x": 326.0, "grid_umap_2d_x": 10.0, "grid_umap_2d_y": 11.0, "grid_umap_3d_x": 0.0, "grid_umap_3d_y": 2.0, "grid_umap_3d_z": 6.0, "grid_tsne_1d_x": 326.0, "grid_tsne_2d_x": 8.0, "grid_tsne_2d_y": 19.0, "grid_tsne_3d_x": 0.0, "grid_tsne_3d_y": 0.0, "grid_tsne_3d_z": 5.0, "tile_dir": "tiles/0326" }, "geometry": { "type": "Point", "coordinates": [ -108.627475074101184, 32.79717034683145 ] } },
{ "type": "Feature", "properties": { "index": 327, "lon": -53.720726001339457, "lat": 3.4750830148891718, "classification": 112, "subregion_name": "Unknown", "umap_1d_x": -7.6733184, "umap_2d_x": 35.959457, "umap_2d_y": 35.168427, "umap_3d_x": 31.045853, "umap_3d_y": 48.665146, "umap_3d_z": 2.9490242, "tsne_1d_x": 40.389351, "tsne_2d_x": 45.992104, "tsne_2d_y": -35.940952, "tsne_3d_x": 41.743759, "tsne_3d_y": -41.403496, "tsne_3d_z": -36.95068, "grid_umap_1d_x": 327.0, "grid_umap_2d_x": 21.0, "grid_umap_2d_y": 19.0, "grid_umap_3d_x": 5.0, "grid_umap_3d_y": 6.0, "grid_umap_3d_z": 2.0, "grid_tsne_1d_x": 327.0, "grid_tsne_2d_x": 17.0, "grid_tsne_2d_y": 8.0, "grid_tsne_3d_x": 6.0, "grid_tsne_3d_y": 4.0, "grid_tsne_3d_z": 1.0, "tile_dir": "tiles/0327" }, "geometry": { "type": "Point", "coordinates": [ -53.720726001339457, 3.475083014889172 ] } },
{ "type": "Feature", "properties": { "index": 328, "lon": -64.716078807012423, "lat": 2.6644932467872451, "classification": 112, "subregion_name": "Latin America and the Caribbean", "umap_1d_x": -7.5932817, "umap_2d_x": 35.059502, "umap_2d_y": 35.652679, "umap_3d_x": 30.546547, "umap_3d_y": 48.171272, "umap_3d_z": 3.4374008, "tsne_1d_x": 39.984417, "tsne_2d_x": 44.381424, "tsne_2d_y": -35.909901, "tsne_3d_x": 42.908836, "tsne_3d_y": -36.772629, "tsne_3d_z": -34.137943, "grid_umap_1d_x": 328.0, "grid_umap_2d_x": 19.0, "grid_umap_2d_y": 17.0, "grid_umap_3d_x": 5.0, "grid_umap_3d_y": 7.0, "grid_umap_3d_z": 2.0, "grid_tsne_1d_x": 328.0, "grid_tsne_2d_x": 20.0, "grid_tsne_2d_y": 3.0, "grid_tsne_3d_x": 7.0, "grid_tsne_3d_y": 3.0, "grid_tsne_3d_z": 0.0, "tile_dir": "tiles/0328" }, "geometry": { "type": "Point", "coordinates": [ -64.716078807012423, 2.664493246787245 ] } },
{ "type": "Feature", "properties": { "index": 329, "lon": 92.750677268625964, "lat": 49.760453560676922, "classification": 113, "subregion_name": "Eastern Asia", "umap_1d_x": 13.717564, "umap_2d_x": -34.730072, "umap_2d_y": 8.6205826, "umap_3d_x": -42.683361, "umap_3d_y": 9.6957397, "umap_3d_z": -6.783474, "tsne_1d_x": -36.353954, "tsne_2d_x": -32.313271, "tsne_2d_y": -26.078741, "tsne_3d_x": -2.2113724, "tsne_3d_y": 14.583549, "tsne_3d_z": -7.8476067, "grid_umap_1d_x": 329.0, "grid_umap_2d_x": 5.0, "grid_umap_2d_y": 13.0, "grid_umap_3d_x": 1.0, "grid_umap_3d_y": 4.0, "grid_umap_3d_z": 4.0, "grid_tsne_1d_x": 329.0, "grid_tsne_2d_x": 3.0, "grid_tsne_2d_y": 1.0, "grid_tsne_3d_x": 2.0, "grid_tsne_3d_y": 6.0, "grid_tsne_3d_z": 0.0, "tile_dir": "tiles/0329" }, "geometry": { "type": "Point", "coordinates": [ 92.750677268625964, 49.760453560676922 ] } },
{ "type": "Feature", "properties": { "index": 330, "lon": -56.962645928847394, "lat": 3.0680361989738572, "classification": 112, "subregion_name": "Latin America and the Caribbean", "umap_1d_x": -7.731751, "umap_2d_x": 35.745827, "umap_2d_y": 35.265144, "umap_3d_x": 31.143173, "umap_3d_y": 48.680023, "umap_3d_z": 3.306179, "tsne_1d_x": 40.433495, "tsne_2d_x": 46.252136, "tsne_2d_y": -34.995415, "tsne_3d_x": 40.011055, "tsne_3d_y": -38.934296, "tsne_3d_z": -36.849194, "grid_umap_1d_x": 330.0, "grid_umap_2d_x": 20.0, "grid_umap_2d_y": 18.0, "grid_umap_3d_x": 6.0, "grid_umap_3d_y": 7.0, "grid_umap_3d_z": 2.0, "grid_tsne_1d_x": 330.0, "grid_tsne_2d_x": 20.0, "grid_tsne_2d_y": 4.0, "grid_tsne_3d_x": 6.0, "grid_tsne_3d_y": 4.0, "grid_tsne_3d_z": 0.0, "tile_dir": "tiles/0330" }, "geometry": { "type": "Point", "coordinates": [ -56.962645928847394, 3.068036198973857 ] } },
{ "type": "Feature", "properties": { "index": 331, "lon": 40.327354800300668, "lat": 45.875674172373678, "classification": 40, "subregion_name": "Eastern Europe", "umap_1d_x": 23.337433, "umap_2d_x": -19.613728, "umap_2d_y": -13.575855, "umap_3d_x": -28.443756, "umap_3d_y": -13.447464, "umap_3d_z": -13.679768, "tsne_1d_x": -18.59638, "tsne_2d_x": -7.5370941, "tsne_2d_y": 24.756828, "tsne_3d_x": -34.028099, "tsne_3d_y": -5.2494812, "tsne_3d_z": 21.874939, "grid_umap_1d_x": 331.0, "grid_umap_2d_x": 12.0, "grid_umap_2d_y": 2.0, "grid_umap_3d_x": 4.0, "grid_umap_3d_y": 0.0, "grid_umap_3d_z": 2.0, "grid_tsne_1d_x": 331.0, "grid_tsne_2d_x": 6.0, "grid_tsne_2d_y": 20.0, "grid_tsne_3d_x": 0.0, "grid_tsne_3d_y": 2.0, "grid_tsne_3d_z": 6.0, "tile_dir": "tiles/0331" }, "geometry": { "type": "Point", "coordinates": [ 40.327354800300668, 45.875674172373678 ] } },
{ "type": "Feature", "properties": { "index": 332, "lon": -66.648841304751159, "lat": 1.8927806106434699, "classification": 112, "subregion_name": "Latin America and the Caribbean", "umap_1d_x": -7.8571415, "umap_2d_x": 35.140175, "umap_2d_y": 31.592438, "umap_3d_x": 30.848236, "umap_3d_y": 45.369965, "umap_3d_z": 0.59012604000001001, "tsne_1d_x": 41.340073, "tsne_2d_x": 46.166367, "tsne_2d_y": -31.15391, "tsne_3d_x": 43.304245, "tsne_3d_y": -47.780319, "tsne_3d_z": -30.809874, "grid_umap_1d_x": 332.0, "grid_umap_2d_x": 18.0, "grid_umap_2d_y": 14.0, "grid_umap_3d_x": 6.0, "grid_umap_3d_y": 7.0, "grid_umap_3d_z": 0.0, "grid_tsne_1d_x": 332.0, "grid_tsne_2d_x": 18.0, "grid_tsne_2d_y": 8.0, "grid_tsne_3d_x": 5.0, "grid_tsne_3d_y": 3.0, "grid_tsne_3d_z": 2.0, "tile_dir": "tiles/0332" }, "geometry": { "type": "Point", "coordinates": [ -66.648841304751159, 1.89278061064347 ] } },
{ "type": "Feature", "properties": { "index": 333, "lon": 98.655619718513435, "lat": 20.343101047050453, "classification": 114, "subregion_name": "South-eastern Asia", "umap_1d_x": -0.66401172, "umap_2d_x": 2.3969116, "umap_2d_y": 35.458717, "umap_3d_x": 2.9366684, "umap_3d_y": 34.88343, "umap_3d_z": 14.882156, "tsne_1d_x": 8.8166914, "tsne_2d_x": 6.8236542, "tsne_2d_y": -30.978916, "tsne_3d_x": 22.967499, "tsne_3d_y": -17.667282, "tsne_3d_z": 12.855618, "grid_umap_1d_x": 333.0, "grid_umap_2d_x": 7.0, "grid_umap_2d_y": 22.0, "grid_umap_3d_x": 3.0, "grid_umap_3d_y": 5.0, "grid_umap_3d_z": 4.0, "grid_tsne_1d_x": 333.0, "grid_tsne_2d_x": 10.0, "grid_tsne_2d_y": 4.0, "grid_tsne_3d_x": 6.0, "grid_tsne_3d_y": 3.0, "grid_tsne_3d_z": 5.0, "tile_dir": "tiles/0333" }, "geometry": { "type": "Point", "coordinates": [ 98.655619718513435, 20.343101047050453 ] } },
{ "type": "Feature", "properties": { "index": 334, "lon": 36.911589849219666, "lat": 54.874750187232934, "classification": 115, "subregion_name": "Eastern Europe", "umap_1d_x": 21.46138, "umap_2d_x": -27.434746, "umap_2d_y": -9.6567192, "umap_3d_x": -38.013298, "umap_3d_y": -11.871284, "umap_3d_z": -8.4610138, "tsne_1d_x": -26.019056, "tsne_2d_x": -21.470234, "tsne_2d_y": -6.118824, "tsne_3d_x": -31.249285, "tsne_3d_y": 17.86808, "tsne_3d_z": 5.2239838, "grid_umap_1d_x": 334.0, "grid_umap_2d_x": 1.0, "grid_umap_2d_y": 1.0, "grid_umap_3d_x": 1.0, "grid_umap_3d_y": 0.0, "grid_umap_3d_z": 4.0, "grid_tsne_1d_x": 334.0, "grid_tsne_2d_x": 3.0, "grid_tsne_2d_y": 6.0, "grid_tsne_3d_x": 1.0, "grid_tsne_3d_y": 5.0, "grid_tsne_3d_z": 3.0, "tile_dir": "tiles/0334" }, "geometry": { "type": "Point", "coordinates": [ 36.911589849219666, 54.874750187232934 ] } },
{ "type": "Feature", "properties": { "index": 335, "lon": 90.261384655605355, "lat": 64.924557742647252, "classification": 113, "subregion_name": "Eastern Europe", "umap_1d_x": 15.909574, "umap_2d_x": -41.565819, "umap_2d_y": 6.7480278, "umap_3d_x": -48.726822, "umap_3d_y": 14.043381, "umap_3d_z": -18.284216, "tsne_1d_x": -45.74004, "tsne_2d_x": -38.004704, "tsne_2d_y": 2.8128014, "tsne_3d_x": -1.9804916, "tsne_3d_y": 39.577774, "tsne_3d_z": 14.636909, "grid_umap_1d_x": 335.0, "grid_umap_2d_x": 0.0, "grid_umap_2d_y": 12.0, "grid_umap_3d_x": 3.0, "grid_umap_3d_y": 4.0, "grid_umap_3d_z": 3.0, "grid_tsne_1d_x": 335.0, "grid_tsne_2d_x": 9.0, "grid_tsne_2d_y": 12.0, "grid_tsne_3d_x": 3.0, "grid_tsne_3d_y": 6.0, "grid_tsne_3d_z": 4.0, "tile_dir": "tiles/0335" }, "geometry": { "type": "Point", "coordinates": [ 90.261384655605355, 64.924557742647252 ] } },
{ "type": "Feature", "properties": { "index": 336, "lon": -5.0578749522861131, "lat": 36.739934921200486, "classification": 126, "subregion_name": "Southern Europe", "umap_1d_x": 6.4722557, "umap_2d_x": -14.551086, "umap_2d_y": 1.5580101, "umap_3d_x": -23.271757, "umap_3d_y": -3.719593, "umap_3d_z": 9.3588219, "tsne_1d_x": -3.0678511, "tsne_2d_x": 1.6510468, "tsne_2d_y": 14.833107, "tsne_3d_x": -20.129827, "tsne_3d_y": -13.883118, "tsne_3d_z": 8.371727, "grid_umap_1d_x": 336.0, "grid_umap_2d_x": 10.0, "grid_umap_2d_y": 8.0, "grid_umap_3d_x": 2.0, "grid_umap_3d_y": 0.0, "grid_umap_3d_z": 7.0, "grid_tsne_1d_x": 336.0, "grid_tsne_2d_x": 6.0, "grid_tsne_2d_y": 15.0, "grid_tsne_3d_x": 1.0, "grid_tsne_3d_y": 2.0, "grid_tsne_3d_z": 4.0, "tile_dir": "tiles/0336" }, "geometry": { "type": "Point", "coordinates": [ -5.057874952286113, 36.739934921200486 ] } },
{ "type": "Feature", "properties": { "index": 337, "lon": -0.95774053097798595, "lat": 43.967146906324245, "classification": 40, "subregion_name": "Unknown", "umap_1d_x": 22.722569, "umap_2d_x": -22.360703, "umap_2d_y": -16.498653, "umap_3d_x": -30.316685, "umap_3d_y": -16.414471, "umap_3d_z": -8.5591354, "tsne_1d_x": -20.173206, "tsne_2d_x": -9.4030342, "tsne_2d_y": 18.742126, "tsne_3d_x": -39.573143, "tsne_3d_y": -0.37233734, "tsne_3d_z": 10.454865, "grid_umap_1d_x": 337.0, "grid_umap_2d_x": 9.0, "grid_umap_2d_y": 0.0, "grid_umap_3d_x": 3.0, "grid_umap_3d_y": 0.0, "grid_umap_3d_z": 5.0, "grid_tsne_1d_x": 337.0, "grid_tsne_2d_x": 3.0, "grid_tsne_2d_y": 17.0, "grid_tsne_3d_x": 0.0, "grid_tsne_3d_y": 4.0, "grid_tsne_3d_z": 4.0, "tile_dir": "tiles/0337" }, "geometry": { "type": "Point", "coordinates": [ -0.957740530977986, 43.967146906324245 ] } },
{ "type": "Feature", "properties": { "index": 338, "lon": 73.157203510034265, "lat": 59.652096477626273, "classification": 111, "subregion_name": "Eastern Europe", "umap_1d_x": 14.69954, "umap_2d_x": -32.074741, "umap_2d_y": -4.9435997, "umap_3d_x": -44.219959, "umap_3d_y": -7.2581596, "umap_3d_z": -4.7235985, "tsne_1d_x": -31.779711, "tsne_2d_x": -24.794531, "tsne_2d_y": -10.109364, "tsne_3d_x": -19.873682, "tsne_3d_y": 24.966805, "tsne_3d_z": 2.3655548, "grid_umap_1d_x": 338.0, "grid_umap_2d_x": 13.0, "grid_umap_2d_y": 8.0, "grid_umap_3d_x": 1.0, "grid_umap_3d_y": 1.0, "grid_umap_3d_z": 5.0, "grid_tsne_1d_x": 338.0, "grid_tsne_2d_x": 2.0, "grid_tsne_2d_y": 5.0, "grid_tsne_3d_x": 0.0, "grid_tsne_3d_y": 7.0, "grid_tsne_3d_z": 2.0, "tile_dir": "tiles/0338" }, "geometry": { "type": "Point", "coordinates": [ 73.157203510034265, 59.652096477626273 ] } },
{ "type": "Feature", "properties": { "index": 339, "lon": -118.26332936571788, "lat": 56.90885770546619, "classification": 115, "subregion_name": "Northern America", "umap_1d_x": 14.179393, "umap_2d_x": -35.46162, "umap_2d_y": 6.3664017, "umap_3d_x": -45.172295, "umap_3d_y": 6.664772, "umap_3d_z": -3.7022514, "tsne_1d_x": -37.576038, "tsne_2d_x": -31.104326, "tsne_2d_y": -14.299999, "tsne_3d_x": 0.10843277, "tsne_3d_y": 30.004852, "tsne_3d_z": -3.5371704, "grid_umap_1d_x": 339.0, "grid_umap_2d_x": 4.0, "grid_umap_2d_y": 12.0, "grid_umap_3d_x": 2.0, "grid_umap_3d_y": 4.0, "grid_umap_3d_z": 5.0, "grid_tsne_1d_x": 339.0, "grid_tsne_2d_x": 6.0, "grid_tsne_2d_y": 7.0, "grid_tsne_3d_x": 4.0, "grid_tsne_3d_y": 7.0, "grid_tsne_3d_z": 1.0, "tile_dir": "tiles/0339" }, "geometry": { "type": "Point", "coordinates": [ -118.26332936571788, 56.90885770546619 ] } },
{ "type": "Feature", "properties": { "index": 340, "lon": -89.845379039837866, "lat": 46.169767399157678, "classification": 114, "subregion_name": "Unknown", "umap_1d_x": 14.79565, "umap_2d_x": -32.875175, "umap_2d_y": -4.4263649, "umap_3d_x": -43.280064, "umap_3d_y": -4.2198296, "umap_3d_z": -14.108322, "tsne_1d_x": -29.731663, "tsne_2d_x": -19.409004, "tsne_2d_y": -1.3949852, "tsne_3d_x": -23.687263, "tsne_3d_y": 36.872742, "tsne_3d_z": 14.530617, "grid_umap_1d_x": 340.0, "grid_umap_2d_x": 5.0, "grid_umap_2d_y": 6.0, "grid_umap_3d_x": 1.0, "grid_umap_3d_y": 2.0, "grid_umap_3d_z": 3.0, "grid_tsne_1d_x": 340.0, "grid_tsne_2d_x": 10.0, "grid_tsne_2d_y": 10.0, "grid_tsne_3d_x": 1.0, "grid_tsne_3d_y": 7.0, "grid_tsne_3d_z": 4.0, "tile_dir": "tiles/0340" }, "geometry": { "type": "Point", "coordinates": [ -89.845379039837866, 46.169767399157678 ] } },
{ "type": "Feature", "properties": { "index": 341, "lon": 133.67721962286168, "lat": 50.48838371589035, "classification": 113, "subregion_name": "Eastern Europe", "umap_1d_x": 13.022221, "umap_2d_x": -36.095768, "umap_2d_y": 14.741158, "umap_3d_x": -42.408947, "umap_3d_y": 15.410606, "umap_3d_z": -9.0876427, "tsne_1d_x": -41.193764, "tsne_2d_x": -36.221432, "tsne_2d_y": -7.8317833, "tsne_3d_x": 14.307053, "tsne_3d_y": 28.413788, "tsne_3d_z": -0.76361847, "grid_umap_1d_x": 341.0, "grid_umap_2d_x": 4.0, "grid_umap_2d_y": 16.0, "grid_umap_3d_x": 0.0, "grid_umap_3d_y": 5.0, "grid_umap_3d_z": 4.0, "grid_tsne_1d_x": 341.0, "grid_tsne_2d_x": 2.0, "grid_tsne_2d_y": 7.0, "grid_tsne_3d_x": 6.0, "grid_tsne_3d_y": 7.0, "grid_tsne_3d_z": 0.0, "tile_dir": "tiles/0341" }, "geometry": { "type": "Point", "coordinates": [ 133.677219622861685, 50.48838371589035 ] } },
{ "type": "Feature", "properties": { "index": 342, "lon": -72.908763751561366, "lat": -4.9635642879613258, "classification": 112, "subregion_name": "Latin America and the Caribbean", "umap_1d_x": -8.2011604, "umap_2d_x": 35.902351, "umap_2d_y": 29.99913, "umap_3d_x": 32.323822, "umap_3d_y": 42.125984, "umap_3d_z": 0.16432571, "tsne_1d_x": 42.069302, "tsne_2d_x": 44.740089, "tsne_2d_y": -27.885078, "tsne_3d_x": 33.697189, "tsne_3d_y": -44.818333, "tsne_3d_z": -28.135038, "grid_umap_1d_x": 342.0, "grid_umap_2d_x": 20.0, "grid_umap_2d_y": 15.0, "grid_umap_3d_x": 6.0, "grid_umap_3d_y": 5.0, "grid_umap_3d_z": 1.0, "grid_tsne_1d_x": 342.0, "grid_tsne_2d_x": 21.0, "grid_tsne_2d_y": 4.0, "grid_tsne_3d_x": 5.0, "grid_tsne_3d_y": 1.0, "grid_tsne_3d_z": 2.0, "tile_dir": "tiles/0342" }, "geometry": { "type": "Point", "coordinates": [ -72.908763751561366, -4.963564287961326 ] } },
{ "type": "Feature", "properties": { "index": 343, "lon": 86.053714627906118, "lat": 42.333466603135093, "classification": 40, "subregion_name": "Unknown", "umap_1d_x": 8.5088615, "umap_2d_x": -15.396366, "umap_2d_y": 30.40567, "umap_3d_x": -15.20546, "umap_3d_y": 23.171913, "umap_3d_z": -5.8437271, "tsne_1d_x": -8.0829201, "tsne_2d_x": -7.5367165, "tsne_2d_y": -19.323885, "tsne_3d_x": 39.241325, "tsne_3d_y": 8.3957901, "tsne_3d_z": 15.835381, "grid_umap_1d_x": 343.0, "grid_umap_2d_x": 1.0, "grid_umap_2d_y": 21.0, "grid_umap_3d_x": 1.0, "grid_umap_3d_y": 7.0, "grid_umap_3d_z": 2.0, "grid_tsne_1d_x": 343.0, "grid_tsne_2d_x": 5.0, "grid_tsne_2d_y": 2.0, "grid_tsne_3d_x": 7.0, "grid_tsne_3d_y": 5.0, "grid_tsne_3d_z": 5.0, "tile_dir": "tiles/0343" }, "geometry": { "type": "Point", "coordinates": [ 86.053714627906118, 42.333466603135093 ] } },
{ "type": "Feature", "properties": { "index": 344, "lon": -93.704967525629385, "lat": 34.931521438420475, "classification": 114, "subregion_name": "Unknown", "umap_1d_x": 10.008662, "umap_2d_x": -24.139875, "umap_2d_y": 15.129265, "umap_3d_x": -23.618933, "umap_3d_y": 4.9599457, "umap_3d_z": -25.500826, "tsne_1d_x": -13.482553, "tsne_2d_x": -6.0874596, "tsne_2d_y": -3.8451042, "tsne_3d_x": 9.1928711, "tsne_3d_y": 4.282032, "tsne_3d_z": -6.1610146, "grid_umap_1d_x": 344.0, "grid_umap_2d_x": 3.0, "grid_umap_2d_y": 16.0, "grid_umap_3d_x": 5.0, "grid_umap_3d_y": 3.0, "grid_umap_3d_z": 1.0, "grid_tsne_1d_x": 344.0, "grid_tsne_2d_x": 1.0, "grid_tsne_2d_y": 1.0, "grid_tsne_3d_x": 5.0, "grid_tsne_3d_y": 6.0, "grid_tsne_3d_z": 0.0, "tile_dir": "tiles/0344" }, "geometry": { "type": "Point", "coordinates": [ -93.704967525629385, 34.931521438420475 ] } },
{ "type": "Feature", "properties": { "index": 345, "lon": 164.66937355020127, "lat": 65.127997825895022, "classification": 30, "subregion_name": "Eastern Europe", "umap_1d_x": 19.201208, "umap_2d_x": -49.038387, "umap_2d_y": -5.7107468, "umap_3d_x": -47.699661, "umap_3d_y": 17.528915, "umap_3d_z": -49.173317, "tsne_1d_x": -71.604553, "tsne_2d_x": -42.636585, "tsne_2d_y": 30.213287, "tsne_3d_x": 9.0777702, "tsne_3d_y": 33.498177, "tsne_3d_z": 45.147964, "grid_umap_1d_x": 345.0, "grid_umap_2d_x": 3.0, "grid_umap_2d_y": 7.0, "grid_umap_3d_x": 5.0, "grid_umap_3d_y": 4.0, "grid_umap_3d_z": 0.0, "grid_tsne_1d_x": 345.0, "grid_tsne_2d_x": 8.0, "grid_tsne_2d_y": 18.0, "grid_tsne_3d_x": 5.0, "grid_tsne_3d_y": 5.0, "grid_tsne_3d_z": 7.0, "tile_dir": "tiles/0345" }, "geometry": { "type": "Point", "coordinates": [ 164.669373550201271, 65.127997825895022 ] } },
{ "type": "Feature", "properties": { "index": 346, "lon": -58.01904736241471, "lat": 5.559265552415809, "classification": 30, "subregion_name": "Latin America and the Caribbean", "umap_1d_x": 0.60826105, "umap_2d_x": 10.017483, "umap_2d_y": 43.258423, "umap_3d_x": 5.9171066, "umap_3d_y": 48.992226, "umap_3d_z": 25.243462, "tsne_1d_x": 17.591085, "tsne_2d_x": 19.968803, "tsne_2d_y": -38.717682, "tsne_3d_x": 37.293091, "tsne_3d_y": -42.051483, "tsne_3d_z": 21.460739, "grid_umap_1d_x": 346.0, "grid_umap_2d_x": 16.0, "grid_umap_2d_y": 20.0, "grid_umap_3d_x": 4.0, "grid_umap_3d_y": 6.0, "grid_umap_3d_z": 5.0, "grid_tsne_1d_x": 346.0, "grid_tsne_2d_x": 14.0, "grid_tsne_2d_y": 7.0, "grid_tsne_3d_x": 7.0, "grid_tsne_3d_y": 0.0, "grid_tsne_3d_z": 6.0, "tile_dir": "tiles/0346" }, "geometry": { "type": "Point", "coordinates": [ -58.01904736241471, 5.559265552415809 ] } },
{ "type": "Feature", "properties": { "index": 347, "lon": -66.721413077374237, "lat": -36.008921020434151, "classification": 30, "subregion_name": "Latin America and the Caribbean", "umap_1d_x": -16.512415, "umap_2d_x": 36.807404, "umap_2d_y": -25.337091, "umap_3d_x": 47.37162, "umap_3d_y": -19.403511, "umap_3d_z": 12.596394, "tsne_1d_x": 65.647079, "tsne_2d_x": 33.307358, "tsne_2d_y": 34.408829, "tsne_3d_x": -22.912556, "tsne_3d_y": -12.912964, "tsne_3d_z": -34.89872, "grid_umap_1d_x": 347.0, "grid_umap_2d_x": 17.0, "grid_umap_2d_y": 3.0, "grid_umap_3d_x": 6.0, "grid_umap_3d_y": 1.0, "grid_umap_3d_z": 2.0, "grid_tsne_1d_x": 347.0, "grid_tsne_2d_x": 15.0, "grid_tsne_2d_y": 18.0, "grid_tsne_3d_x": 1.0, "grid_tsne_3d_y": 4.0, "grid_tsne_3d_z": 0.0, "tile_dir": "tiles/0347" }, "geometry": { "type": "Point", "coordinates": [ -66.721413077374237, -36.008921020434151 ] } },
{ "type": "Feature", "properties": { "index": 348, "lon": -55.17177557661941, "lat": -8.4810679033341785, "classification": 112, "subregion_name": "Latin America and the Caribbean", "umap_1d_x": -8.9758205, "umap_2d_x": 38.387398, "umap_2d_y": 26.090431, "umap_3d_x": 35.523888, "umap_3d_y": 40.334557, "umap_3d_z": -0.21633911, "tsne_1d_x": 44.194031, "tsne_2d_x": 47.153542, "tsne_2d_y": -23.555624, "tsne_3d_x": 25.498596, "tsne_3d_y": -43.739788, "tsne_3d_z": -34.342548, "grid_umap_1d_x": 348.0, "grid_umap_2d_x": 20.0, "grid_umap_2d_y": 13.0, "grid_umap_3d_x": 7.0, "grid_umap_3d_y": 4.0, "grid_umap_3d_z": 0.0, "grid_tsne_1d_x": 348.0, "grid_tsne_2d_x": 16.0, "grid_tsne_2d_y": 11.0, "grid_tsne_3d_x": 4.0, "grid_tsne_3d_y": 3.0, "grid_tsne_3d_z": 2.0, "tile_dir": "tiles/0348" }, "geometry": { "type": "Point", "coordinates": [ -55.17177557661941, -8.481067903334178 ] } },
{ "type": "Feature", "properties": { "index": 349, "lon": 33.865792466633309, "lat": -5.3665409403857112, "classification": 20, "subregion_name": "Sub-Saharan Africa", "umap_1d_x": -13.863357, "umap_2d_x": 46.59079, "umap_2d_y": -23.88863, "umap_3d_x": 38.13958, "umap_3d_y": -16.566063, "umap_3d_z": 30.279541, "tsne_1d_x": 54.01453, "tsne_2d_x": 34.652161, "tsne_2d_y": 9.4228401, "tsne_3d_x": -14.620701, "tsne_3d_y": -36.973473, "tsne_3d_z": -14.368923, "grid_umap_1d_x": 349.0, "grid_umap_2d_x": 16.0, "grid_umap_2d_y": 9.0, "grid_umap_3d_x": 4.0, "grid_umap_3d_y": 1.0, "grid_umap_3d_z": 6.0, "grid_tsne_1d_x": 349.0, "grid_tsne_2d_x": 16.0, "grid_tsne_2d_y": 13.0, "grid_tsne_3d_x": 2.0, "grid_tsne_3d_y": 2.0, "grid_tsne_3d_z": 3.0, "tile_dir": "tiles/0349" }, "geometry": { "type": "Point", "coordinates": [ 33.865792466633309, -5.366540940385711 ] } },
{ "type": "Feature", "properties": { "index": 350, "lon": -52.218999910938535, "lat": 1.590786388417939, "classification": 112, "subregion_name": "Latin America and the Caribbean", "umap_1d_x": -8.0269775, "umap_2d_x": 36.231316, "umap_2d_y": 33.31678, "umap_3d_x": 32.204941, "umap_3d_y": 48.084152, "umap_3d_z": 2.466835, "tsne_1d_x": 41.008572, "tsne_2d_x": 46.974358, "tsne_2d_y": -33.955124, "tsne_3d_x": 37.172386, "tsne_3d_y": -40.369289, "tsne_3d_z": -37.895557, "grid_umap_1d_x": 350.0, "grid_umap_2d_x": 16.0, "grid_umap_2d_y": 12.0, "grid_umap_3d_x": 5.0, "grid_umap_3d_y": 4.0, "grid_umap_3d_z": 2.0, "grid_tsne_1d_x": 350.0, "grid_tsne_2d_x": 21.0, "grid_tsne_2d_y": 3.0, "grid_tsne_3d_x": 6.0, "grid_tsne_3d_y": 2.0, "grid_tsne_3d_z": 0.0, "tile_dir": "tiles/0350" }, "geometry": { "type": "Point", "coordinates": [ -52.218999910938535, 1.590786388417939 ] } },
{ "type": "Feature", "properties": { "index": 351, "lon": 20.220703401977943, "lat": -21.497807900136017, "classification": 20, "subregion_name": "Sub-Saharan Africa", "umap_1d_x": -15.203238, "umap_2d_x": 45.377899, "umap_2d_y": -33.501472, "umap_3d_x": 40.882233, "umap_3d_y": -28.176289, "umap_3d_z": 28.927902, "tsne_1d_x": 71.99086, "tsne_2d_x": 39.148521, "tsne_2d_y": 30.088631, "tsne_3d_x": -28.470057, "tsne_3d_y": -28.912769, "tsne_3d_z": -17.087685, "grid_umap_1d_x": 351.0, "grid_umap_2d_x": 20.0, "grid_umap_2d_y": 0.0, "grid_umap_3d_x": 5.0, "grid_umap_3d_y": 0.0, "grid_umap_3d_z": 6.0, "grid_tsne_1d_x": 351.0, "grid_tsne_2d_x": 18.0, "grid_tsne_2d_y": 18.0, "grid_tsne_3d_x": 0.0, "grid_tsne_3d_y": 1.0, "grid_tsne_3d_z": 2.0, "tile_dir": "tiles/0351" }, "geometry": { "type": "Point", "coordinates": [ 20.220703401977943, -21.497807900136017 ] } },
{ "type": "Feature", "properties": { "index": 352, "lon": 122.42191402257089, "lat": 58.924730580959903, "classification": 113, "subregion_name": "Eastern Europe", "umap_1d_x": 16.029373, "umap_2d_x": -43.155128, "umap_2d_y": 11.315853, "umap_3d_x": -48.344906, "umap_3d_y": 20.814934, "umap_3d_z": -20.532803, "tsne_1d_x": -44.289356, "tsne_2d_x": -41.044762, "tsne_2d_y": 4.0318146, "tsne_3d_x": 6.6579742, "tsne_3d_y": 38.7705, "tsne_3d_z": 16.730927, "grid_umap_1d_x": 352.0, "grid_umap_2d_x": 2.0, "grid_umap_2d_y": 14.0, "grid_umap_3d_x": 0.0, "grid_umap_3d_y": 6.0, "grid_umap_3d_z": 2.0, "grid_tsne_1d_x": 352.0, "grid_tsne_2d_x": 2.0, "grid_tsne_2d_y": 11.0, "grid_tsne_3d_x": 4.0, "grid_tsne_3d_y": 7.0, "grid_tsne_3d_z": 4.0, "tile_dir": "tiles/0352" }, "geometry": { "type": "Point", "coordinates": [ 122.421914022570888, 58.924730580959903 ] } },
{ "type": "Feature", "properties": { "index": 353, "lon": 9.0296659015127716, "lat": 58.843267931886416, "classification": 111, "subregion_name": "Northern Europe", "umap_1d_x": 20.908463, "umap_2d_x": -28.752659, "umap_2d_y": -7.3408585, "umap_3d_x": -40.851173, "umap_3d_y": -13.321201, "umap_3d_z": -3.3777695, "tsne_1d_x": -27.466248, "tsne_2d_x": -21.138821, "tsne_2d_y": -13.723259, "tsne_3d_x": -31.339077, "tsne_3d_y": 27.043571, "tsne_3d_z": -2.897377, "grid_umap_1d_x": 353.0, "grid_umap_2d_x": 3.0, "grid_umap_2d_y": 3.0, "grid_umap_3d_x": 1.0, "grid_umap_3d_y": 0.0, "grid_umap_3d_z": 5.0, "grid_tsne_1d_x": 353.0, "grid_tsne_2d_x": 5.0, "grid_tsne_2d_y": 4.0, "grid_tsne_3d_x": 1.0, "grid_tsne_3d_y": 6.0, "grid_tsne_3d_z": 1.0, "tile_dir": "tiles/0353" }, "geometry": { "type": "Point", "coordinates": [ 9.029665901512772, 58.843267931886416 ] } },
{ "type": "Feature", "properties": { "index": 354, "lon": 30.140228272119231, "lat": -15.33258908414345, "classification": 124, "subregion_name": "Sub-Saharan Africa", "umap_1d_x": -14.622967, "umap_2d_x": 41.941162, "umap_2d_y": -18.961033, "umap_3d_x": 44.012222, "umap_3d_y": -9.8081589, "umap_3d_z": 27.156067, "tsne_1d_x": 59.555958, "tsne_2d_x": 44.426376, "tsne_2d_y": 18.209091, "tsne_3d_x": -10.207355, "tsne_3d_y": -27.011417, "tsne_3d_z": -28.580469, "grid_umap_1d_x": 354.0, "grid_umap_2d_x": 22.0, "grid_umap_2d_y": 2.0, "grid_umap_3d_x": 5.0, "grid_umap_3d_y": 3.0, "grid_umap_3d_z": 4.0, "grid_tsne_1d_x": 354.0, "grid_tsne_2d_x": 20.0, "grid_tsne_2d_y": 15.0, "grid_tsne_3d_x": 2.0, "grid_tsne_3d_y": 2.0, "grid_tsne_3d_z": 1.0, "tile_dir": "tiles/0354" }, "geometry": { "type": "Point", "coordinates": [ 30.140228272119231, -15.33258908414345 ] } },
{ "type": "Feature", "properties": { "index": 355, "lon": 39.024404396910654, "lat": 47.722256320518156, "classification": 40, "subregion_name": "Eastern Europe", "umap_1d_x": 22.919813, "umap_2d_x": -20.457003, "umap_2d_y": -11.123882, "umap_3d_x": -30.152758, "umap_3d_y": -11.161766, "umap_3d_z": -14.692692, "tsne_1d_x": -19.024601, "tsne_2d_x": -8.8201332, "tsne_2d_y": 29.363823, "tsne_3d_x": -28.402128, "tsne_3d_y": 3.0388947, "tsne_3d_z": 18.420006, "grid_umap_1d_x": 355.0, "grid_umap_2d_x": 8.0, "grid_umap_2d_y": 1.0, "grid_umap_3d_x": 4.0, "grid_umap_3d_y": 1.0, "grid_umap_3d_z": 3.0, "grid_tsne_1d_x": 355.0, "grid_tsne_2d_x": 6.0, "grid_tsne_2d_y": 22.0, "grid_tsne_3d_x": 0.0, "grid_tsne_3d_y": 4.0, "grid_tsne_3d_z": 6.0, "tile_dir": "tiles/0355" }, "geometry": { "type": "Point", "coordinates": [ 39.024404396910654, 47.722256320518156 ] } },
{ "type": "Feature", "properties": { "index": 356, "lon": -128.61472976672991, "lat": 54.183632879526826, "classification": 111, "subregion_name": "Northern America", "umap_1d_x": 13.490751, "umap_2d_x": -26.49202, "umap_2d_y": -1.3151703, "umap_3d_x": -37.208858, "umap_3d_y": -2.7863197, "umap_3d_z": -1.1171761, "tsne_1d_x": -24.792686, "tsne_2d_x": -13.644337, "tsne_2d_y": 5.8339462, "tsne_3d_x": -22.847706, "tsne_3d_y": 9.911953, "tsne_3d_z": -5.78265, "grid_umap_1d_x": 356.0, "grid_umap_2d_x": 9.0, "grid_umap_2d_y": 8.0, "grid_umap_3d_x": 0.0, "grid_umap_3d_y": 2.0, "grid_umap_3d_z": 5.0, "grid_tsne_1d_x": 356.0, "grid_tsne_2d_x": 3.0, "grid_tsne_2d_y": 10.0, "grid_tsne_3d_x": 0.0, "grid_tsne_3d_y": 6.0, "grid_tsne_3d_z": 0.0, "tile_dir": "tiles/0356" }, "geometry": { "type": "Point", "coordinates": [ -128.614729766729909, 54.183632879526826 ] } },
{ "type": "Feature", "properties": { "index": 357, "lon": 41.443544672039508, "lat": 65.331782222044978, "classification": 111, "subregion_name": "Eastern Europe", "umap_1d_x": 14.886567, "umap_2d_x": -31.639103, "umap_2d_y": -4.9175873, "umap_3d_x": -44.586094, "umap_3d_y": -9.352417, "umap_3d_z": -4.0954666, "tsne_1d_x": -32.112183, "tsne_2d_x": -25.18862, "tsne_2d_y": -14.139114, "tsne_3d_x": -23.08247, "tsne_3d_y": 33.388687, "tsne_3d_z": 1.3406105, "grid_umap_1d_x": 357.0, "grid_umap_2d_x": 10.0, "grid_umap_2d_y": 7.0, "grid_umap_3d_x": 2.0, "grid_umap_3d_y": 1.0, "grid_umap_3d_z": 5.0, "grid_tsne_1d_x": 357.0, "grid_tsne_2d_x": 7.0, "grid_tsne_2d_y": 6.0, "grid_tsne_3d_x": 1.0, "grid_tsne_3d_y": 7.0, "grid_tsne_3d_z": 2.0, "tile_dir": "tiles/0357" }, "geometry": { "type": "Point", "coordinates": [ 41.443544672039508, 65.331782222044978 ] } },
{ "type": "Feature", "properties": { "index": 358, "lon": -75.973701945274414, "lat": 7.6699304098336967, "classification": 112, "subregion_name": "Latin America and the Caribbean", "umap_1d_x": -5.4646778, "umap_2d_x": 26.872421, "umap_2d_y": 35.716583, "umap_3d_x": 21.789482, "umap_3d_y": 37.878387, "umap_3d_z": 8.7809677, "tsne_1d_x": 33.43079, "tsne_2d_x": 31.04155, "tsne_2d_y": -27.015236, "tsne_3d_x": 34.862328, "tsne_3d_y": -29.326929, "tsne_3d_z": -8.9439163, "grid_umap_1d_x": 358.0, "grid_umap_2d_x": 19.0, "grid_umap_2d_y": 22.0, "grid_umap_3d_x": 6.0, "grid_umap_3d_y": 7.0, "grid_umap_3d_z": 4.0, "grid_tsne_1d_x": 358.0, "grid_tsne_2d_x": 16.0, "grid_tsne_2d_y": 6.0, "grid_tsne_3d_x": 6.0, "grid_tsne_3d_y": 3.0, "grid_tsne_3d_z": 3.0, "tile_dir": "tiles/0358" }, "geometry": { "type": "Point", "coordinates": [ -75.973701945274414, 7.669930409833697 ] } },
{ "type": "Feature", "properties": { "index": 359, "lon": 23.770100584276747, "lat": 53.499006341394931, "classification": 40, "subregion_name": "Eastern Europe", "umap_1d_x": 23.201784, "umap_2d_x": -19.659386, "umap_2d_y": -12.491421, "umap_3d_x": -28.873184, "umap_3d_y": -12.588684, "umap_3d_z": -14.625443, "tsne_1d_x": -18.592297, "tsne_2d_x": -7.5874672, "tsne_2d_y": 27.154755, "tsne_3d_x": -33.687302, "tsne_3d_y": 0.077648162999999215, "tsne_3d_z": 23.151756, "grid_umap_1d_x": 359.0, "grid_umap_2d_x": 9.0, "grid_umap_2d_y": 1.0, "grid_umap_3d_x": 3.0, "grid_umap_3d_y": 0.0, "grid_umap_3d_z": 1.0, "grid_tsne_1d_x": 359.0, "grid_tsne_2d_x": 4.0, "grid_tsne_2d_y": 22.0, "grid_tsne_3d_x": 1.0, "grid_tsne_3d_y": 4.0, "grid_tsne_3d_z": 6.0, "tile_dir": "tiles/0359" }, "geometry": { "type": "Point", "coordinates": [ 23.770100584276747, 53.499006341394931 ] } },
{ "type": "Feature", "properties": { "index": 360, "lon": 49.338647417633752, "lat": 62.866199789012555, "classification": 111, "subregion_name": "Eastern Europe", "umap_1d_x": 14.982238, "umap_2d_x": -33.524429, "umap_2d_y": -6.6512032, "umap_3d_x": -45.224419, "umap_3d_y": -6.9945526, "umap_3d_z": -9.2460442, "tsne_1d_x": -32.510086, "tsne_2d_x": -26.361307, "tsne_2d_y": -9.7056465, "tsne_3d_x": -17.908554, "tsne_3d_y": 29.716484, "tsne_3d_z": 7.9186935, "grid_umap_1d_x": 360.0, "grid_umap_2d_x": 6.0, "grid_umap_2d_y": 5.0, "grid_umap_3d_x": 0.0, "grid_umap_3d_y": 1.0, "grid_umap_3d_z": 4.0, "grid_tsne_1d_x": 360.0, "grid_tsne_2d_x": 0.0, "grid_tsne_2d_y": 4.0, "grid_tsne_3d_x": 1.0, "grid_tsne_3d_y": 7.0, "grid_tsne_3d_z": 3.0, "tile_dir": "tiles/0360" }, "geometry": { "type": "Point", "coordinates": [ 49.338647417633752, 62.866199789012555 ] } },
{ "type": "Feature", "properties": { "index": 361, "lon": -121.86986521572025, "lat": 43.049786056624797, "classification": 126, "subregion_name": "Unknown", "umap_1d_x": 7.3485646, "umap_2d_x": -16.686718, "umap_2d_y": 6.9844971, "umap_3d_x": -23.917782, "umap_3d_y": 3.6609764, "umap_3d_z": 8.0515747, "tsne_1d_x": -5.7725735, "tsne_2d_x": 1.6073112, "tsne_2d_y": 25.58519, "tsne_3d_x": -9.551857, "tsne_3d_y": -9.3070335, "tsne_3d_z": 7.4148407, "grid_umap_1d_x": 361.0, "grid_umap_2d_x": 3.0, "grid_umap_2d_y": 10.0, "grid_umap_3d_x": 2.0, "grid_umap_3d_y": 3.0, "grid_umap_3d_z": 6.0, "grid_tsne_1d_x": 361.0, "grid_tsne_2d_x": 9.0, "grid_tsne_2d_y": 21.0, "grid_tsne_3d_x": 0.0, "grid_tsne_3d_y": 1.0, "grid_tsne_3d_z": 5.0, "tile_dir": "tiles/0361" }, "geometry": { "type": "Point", "coordinates": [ -121.869865215720253, 43.049786056624797 ] } },
{ "type": "Feature", "properties": { "index": 362, "lon": 24.337075791645816, "lat": -9.0993941642750826, "classification": 20, "subregion_name": "Sub-Saharan Africa", "umap_1d_x": -12.72899, "umap_2d_x": 49.335342, "umap_2d_y": -15.954205, "umap_3d_x": 34.765366, "umap_3d_y": -8.1166306, "umap_3d_z": 28.96286, "tsne_1d_x": 51.561935, "tsne_2d_x": 37.704514, "tsne_2d_y": 2.42873, "tsne_3d_x": -3.2898827, "tsne_3d_y": -42.2817, "tsne_3d_z": -18.319004, "grid_umap_1d_x": 362.0, "grid_umap_2d_x": 20.0, "grid_umap_2d_y": 10.0, "grid_umap_3d_x": 5.0, "grid_umap_3d_y": 2.0, "grid_umap_3d_z": 7.0, "grid_tsne_1d_x": 362.0, "grid_tsne_2d_x": 19.0, "grid_tsne_2d_y": 10.0, "grid_tsne_3d_x": 3.0, "grid_tsne_3d_y": 1.0, "grid_tsne_3d_z": 3.0, "tile_dir": "tiles/0362" }, "geometry": { "type": "Point", "coordinates": [ 24.337075791645816, -9.099394164275083 ] } },
{ "type": "Feature", "properties": { "index": 363, "lon": 146.0090920899716, "lat": -23.84523644708289, "classification": 124, "subregion_name": "Unknown", "umap_1d_x": -19.112387, "umap_2d_x": 38.463974, "umap_2d_y": -40.803711, "umap_3d_x": 49.179062, "umap_3d_y": -37.462669, "umap_3d_z": 17.996658, "tsne_1d_x": 75.941956, "tsne_2d_x": 37.356476, "tsne_2d_y": 41.005119, "tsne_3d_x": -32.2491, "tsne_3d_y": -15.968796, "tsne_3d_z": -32.157425, "grid_umap_1d_x": 363.0, "grid_umap_2d_x": 14.0, "grid_umap_2d_y": 5.0, "grid_umap_3d_x": 7.0, "grid_umap_3d_y": 0.0, "grid_umap_3d_z": 3.0, "grid_tsne_1d_x": 363.0, "grid_tsne_2d_x": 16.0, "grid_tsne_2d_y": 21.0, "grid_tsne_3d_x": 0.0, "grid_tsne_3d_y": 3.0, "grid_tsne_3d_z": 0.0, "tile_dir": "tiles/0363" }, "geometry": { "type": "Point", "coordinates": [ 146.009092089971602, -23.84523644708289 ] } },
{ "type": "Feature", "properties": { "index": 364, "lon": 113.23602569703633, "lat": 33.725527694846278, "classification": 126, "subregion_name": "Unknown", "umap_1d_x": 8.4492292, "umap_2d_x": -13.069939, "umap_2d_y": 33.116188, "umap_3d_x": -12.023521, "umap_3d_y": 27.918587, "umap_3d_z": -4.5749283, "tsne_1d_x": 3.6524227, "tsne_2d_x": -5.2563133, "tsne_2d_y": -25.943102, "tsne_3d_x": 39.711182, "tsne_3d_y": -0.65909958, "tsne_3d_z": 13.387497, "grid_umap_1d_x": 364.0, "grid_umap_2d_x": 4.0, "grid_umap_2d_y": 20.0, "grid_umap_3d_x": 3.0, "grid_umap_3d_y": 7.0, "grid_umap_3d_z": 2.0, "grid_tsne_1d_x": 364.0, "grid_tsne_2d_x": 7.0, "grid_tsne_2d_y": 3.0, "grid_tsne_3d_x": 7.0, "grid_tsne_3d_y": 4.0, "grid_tsne_3d_z": 6.0, "tile_dir": "tiles/0364" }, "geometry": { "type": "Point", "coordinates": [ 113.236025697036325, 33.725527694846278 ] } },
{ "type": "Feature", "properties": { "index": 365, "lon": -53.585998716410984, "lat": -22.02573268612803, "classification": 30, "subregion_name": "Latin America and the Caribbean", "umap_1d_x": -14.800426, "umap_2d_x": 42.381416, "umap_2d_y": -20.933029, "umap_3d_x": 43.252281, "umap_3d_y": -12.977619, "umap_3d_z": 25.754555, "tsne_1d_x": 61.024635, "tsne_2d_x": 42.398285, "tsne_2d_y": 23.270782, "tsne_3d_x": -18.160135, "tsne_3d_y": -39.375309, "tsne_3d_z": -34.490295, "grid_umap_1d_x": 365.0, "grid_umap_2d_x": 17.0, "grid_umap_2d_y": 7.0, "grid_umap_3d_x": 7.0, "grid_umap_3d_y": 1.0, "grid_umap_3d_z": 5.0, "grid_tsne_1d_x": 365.0, "grid_tsne_2d_x": 19.0, "grid_tsne_2d_y": 16.0, "grid_tsne_3d_x": 1.0, "grid_tsne_3d_y": 1.0, "grid_tsne_3d_z": 1.0, "tile_dir": "tiles/0365" }, "geometry": { "type": "Point", "coordinates": [ -53.585998716410984, -22.02573268612803 ] } },
{ "type": "Feature", "properties": { "index": 366, "lon": 101.25124446460455, "lat": 19.801646551614141, "classification": 112, "subregion_name": "South-eastern Asia", "umap_1d_x": -0.66535252, "umap_2d_x": 1.7706451, "umap_2d_y": 35.593506, "umap_3d_x": 2.9689903, "umap_3d_y": 35.371475, "umap_3d_z": 12.238281, "tsne_1d_x": 9.1039181, "tsne_2d_x": 5.2668343, "tsne_2d_y": -34.418602, "tsne_3d_x": 26.423798, "tsne_3d_y": -23.353609, "tsne_3d_z": 8.4840889, "grid_umap_1d_x": 366.0, "grid_umap_2d_x": 7.0, "grid_umap_2d_y": 20.0, "grid_umap_3d_x": 4.0, "grid_umap_3d_y": 7.0, "grid_umap_3d_z": 3.0, "grid_tsne_1d_x": 366.0, "grid_tsne_2d_x": 9.0, "grid_tsne_2d_y": 0.0, "grid_tsne_3d_x": 7.0, "grid_tsne_3d_y": 1.0, "grid_tsne_3d_z": 5.0, "tile_dir": "tiles/0366" }, "geometry": { "type": "Point", "coordinates": [ 101.251244464604554, 19.801646551614141 ] } },
{ "type": "Feature", "properties": { "index": 367, "lon": -66.060692824999691, "lat": 18.283767727569014, "classification": 112, "subregion_name": "Unknown", "umap_1d_x": -4.8801155, "umap_2d_x": 23.863678, "umap_2d_y": 37.127594, "umap_3d_x": 18.14193, "umap_3d_y": 39.825432, "umap_3d_z": 11.516563, "tsne_1d_x": 31.239426, "tsne_2d_x": 26.480942, "tsne_2d_y": -30.076376, "tsne_3d_x": 32.611237, "tsne_3d_y": -36.787937, "tsne_3d_z": -0.79587555, "grid_umap_1d_x": 367.0, "grid_umap_2d_x": 17.0, "grid_umap_2d_y": 22.0, "grid_umap_3d_x": 5.0, "grid_umap_3d_y": 6.0, "grid_umap_3d_z": 4.0, "grid_tsne_1d_x": 367.0, "grid_tsne_2d_x": 17.0, "grid_tsne_2d_y": 2.0, "grid_tsne_3d_x": 7.0, "grid_tsne_3d_y": 0.0, "grid_tsne_3d_z": 4.0, "tile_dir": "tiles/0367" }, "geometry": { "type": "Point", "coordinates": [ -66.060692824999691, 18.283767727569014 ] } },
{ "type": "Feature", "properties": { "index": 368, "lon": -124.71962958950868, "lat": 55.984605295688155, "classification": 111, "subregion_name": "Northern America", "umap_1d_x": 13.871081, "umap_2d_x": -33.162918, "umap_2d_y": 4.377182, "umap_3d_x": -42.257896, "umap_3d_y": 3.5098572, "umap_3d_z": -1.9696159, "tsne_1d_x": -35.842075, "tsne_2d_x": -30.33869, "tsne_2d_y": -24.854094, "tsne_3d_x": -7.5067749, "tsne_3d_y": 14.941078, "tsne_3d_z": -3.5971565, "grid_umap_1d_x": 368.0, "grid_umap_2d_x": 11.0, "grid_umap_2d_y": 11.0, "grid_umap_3d_x": 0.0, "grid_umap_3d_y": 3.0, "grid_umap_3d_z": 5.0, "grid_tsne_1d_x": 368.0, "grid_tsne_2d_x": 2.0, "grid_tsne_2d_y": 0.0, "grid_tsne_3d_x": 0.0, "grid_tsne_3d_y": 7.0, "grid_tsne_3d_z": 0.0, "tile_dir": "tiles/0368" }, "geometry": { "type": "Point", "coordinates": [ -124.719629589508685, 55.984605295688155 ] } },
{ "type": "Feature", "properties": { "index": 369, "lon": -75.797266515398547, "lat": -2.946767358551639, "classification": 112, "subregion_name": "Latin America and the Caribbean", "umap_1d_x": -8.0426083, "umap_2d_x": 35.496292, "umap_2d_y": 31.677155, "umap_3d_x": 30.847618, "umap_3d_y": 42.319305, "umap_3d_z": 2.0642471, "tsne_1d_x": 41.556522, "tsne_2d_x": 43.123978, "tsne_2d_y": -29.62841, "tsne_3d_x": 34.696602, "tsne_3d_y": -38.85857, "tsne_3d_z": -27.816095, "grid_umap_1d_x": 369.0, "grid_umap_2d_x": 19.0, "grid_umap_2d_y": 15.0, "grid_umap_3d_x": 6.0, "grid_umap_3d_y": 5.0, "grid_umap_3d_z": 2.0, "grid_tsne_1d_x": 369.0, "grid_tsne_2d_x": 16.0, "grid_tsne_2d_y": 10.0, "grid_tsne_3d_x": 7.0, "grid_tsne_3d_y": 0.0, "grid_tsne_3d_z": 0.0, "tile_dir": "tiles/0369" }, "geometry": { "type": "Point", "coordinates": [ -75.797266515398547, -2.946767358551639 ] } },
{ "type": "Feature", "properties": { "index": 370, "lon": 38.093518195062131, "lat": -7.9666856352798732, "classification": 124, "subregion_name": "Sub-Saharan Africa", "umap_1d_x": -14.692992, "umap_2d_x": 41.343658, "umap_2d_y": -17.9519, "umap_3d_x": 43.543167, "umap_3d_y": -9.1290588, "umap_3d_z": 25.512657, "tsne_1d_x": 59.526653, "tsne_2d_x": 45.345039, "tsne_2d_y": 16.059593, "tsne_3d_x": -6.7579536, "tsne_3d_y": -27.735504, "tsne_3d_z": -32.026165, "grid_umap_1d_x": 370.0, "grid_umap_2d_x": 20.0, "grid_umap_2d_y": 5.0, "grid_umap_3d_x": 7.0, "grid_umap_3d_y": 3.0, "grid_umap_3d_z": 5.0, "grid_tsne_1d_x": 370.0, "grid_tsne_2d_x": 19.0, "grid_tsne_2d_y": 14.0, "grid_tsne_3d_x": 3.0, "grid_tsne_3d_y": 2.0, "grid_tsne_3d_z": 0.0, "tile_dir": "tiles/0370" }, "geometry": { "type": "Point", "coordinates": [ 38.093518195062131, -7.966685635279873 ] } },
{ "type": "Feature", "properties": { "index": 371, "lon": -67.00736418604896, "lat": 54.903078395021339, "classification": 126, "subregion_name": "Northern America", "umap_1d_x": 17.28273, "umap_2d_x": -40.525829, "umap_2d_y": -15.020283, "umap_3d_x": -46.953129, "umap_3d_y": -3.4885445, "umap_3d_z": -38.832729, "tsne_1d_x": -55.426414, "tsne_2d_x": -28.535547, "tsne_2d_y": 21.563622, "tsne_3d_x": -11.84066, "tsne_3d_y": 23.695007, "tsne_3d_z": 33.558952, "grid_umap_1d_x": 371.0, "grid_umap_2d_x": 8.0, "grid_umap_2d_y": 3.0, "grid_umap_3d_x": 3.0, "grid_umap_3d_y": 1.0, "grid_umap_3d_z": 1.0, "grid_tsne_1d_x": 371.0, "grid_tsne_2d_x": 4.0, "grid_tsne_2d_y": 17.0, "grid_tsne_3d_x": 2.0, "grid_tsne_3d_y": 5.0, "grid_tsne_3d_z": 6.0, "tile_dir": "tiles/0371" }, "geometry": { "type": "Point", "coordinates": [ -67.00736418604896, 54.903078395021339 ] } },
{ "type": "Feature", "properties": { "index": 372, "lon": 49.558730205575102, "lat": 62.500872059882042, "classification": 114, "subregion_name": "Eastern Europe", "umap_1d_x": 15.175203, "umap_2d_x": -32.116497, "umap_2d_y": -8.1525497, "umap_3d_x": -42.65057, "umap_3d_y": -7.9073563, "umap_3d_z": -10.52618, "tsne_1d_x": -30.781578, "tsne_2d_x": -26.59742, "tsne_2d_y": -4.8190346, "tsne_3d_x": -24.331793, "tsne_3d_y": 26.230469, "tsne_3d_z": 10.518444, "grid_umap_1d_x": 372.0, "grid_umap_2d_x": 12.0, "grid_umap_2d_y": 6.0, "grid_umap_3d_x": 3.0, "grid_umap_3d_y": 1.0, "grid_umap_3d_z": 4.0, "grid_tsne_1d_x": 372.0, "grid_tsne_2d_x": 5.0, "grid_tsne_2d_y": 8.0, "grid_tsne_3d_x": 1.0, "grid_tsne_3d_y": 6.0, "grid_tsne_3d_z": 4.0, "tile_dir": "tiles/0372" }, "geometry": { "type": "Point", "coordinates": [ 49.558730205575102, 62.500872059882042 ] } },
{ "type": "Feature", "properties": { "index": 373, "lon": 27.231799135104097, "lat": 50.940178240496309, "classification": 115, "subregion_name": "Eastern Europe", "umap_1d_x": 21.81559, "umap_2d_x": -25.042248, "umap_2d_y": -9.2342682, "umap_3d_x": -35.343594, "umap_3d_y": -11.870338, "umap_3d_z": -8.1975288, "tsne_1d_x": -22.906742, "tsne_2d_x": -12.429848, "tsne_2d_y": 11.827614, "tsne_3d_x": -30.784595, "tsne_3d_y": 10.770916, "tsne_3d_z": 6.3223534, "grid_umap_1d_x": 373.0, "grid_umap_2d_x": 5.0, "grid_umap_2d_y": 2.0, "grid_umap_3d_x": 2.0, "grid_umap_3d_y": 0.0, "grid_umap_3d_z": 4.0, "grid_tsne_1d_x": 373.0, "grid_tsne_2d_x": 8.0, "grid_tsne_2d_y": 13.0, "grid_tsne_3d_x": 0.0, "grid_tsne_3d_y": 5.0, "grid_tsne_3d_z": 3.0, "tile_dir": "tiles/0373" }, "geometry": { "type": "Point", "coordinates": [ 27.231799135104097, 50.940178240496309 ] } },
{ "type": "Feature", "properties": { "index": 374, "lon": 103.14684462721061, "lat": 12.820006606921083, "classification": 40, "subregion_name": "South-eastern Asia", "umap_1d_x": 0.49587077, "umap_2d_x": 8.6765594, "umap_2d_y": 43.007423, "umap_3d_x": 4.7772102, "umap_3d_y": 46.472359, "umap_3d_z": 27.472, "tsne_1d_x": 16.686697, "tsne_2d_x": 16.99968, "tsne_2d_y": -37.628471, "tsne_3d_x": 30.333107, "tsne_3d_y": -37.096817, "tsne_3d_z": 23.463524, "grid_umap_1d_x": 374.0, "grid_umap_2d_x": 15.0, "grid_umap_2d_y": 19.0, "grid_umap_3d_x": 4.0, "grid_umap_3d_y": 7.0, "grid_umap_3d_z": 6.0, "grid_tsne_1d_x": 374.0, "grid_tsne_2d_x": 13.0, "grid_tsne_2d_y": 10.0, "grid_tsne_3d_x": 5.0, "grid_tsne_3d_y": 2.0, "grid_tsne_3d_z": 6.0, "tile_dir": "tiles/0374" }, "geometry": { "type": "Point", "coordinates": [ 103.146844627210612, 12.820006606921083 ] } },
{ "type": "Feature", "properties": { "index": 375, "lon": -82.322867419870505, "lat": 52.475983993863821, "classification": 20, "subregion_name": "Northern America", "umap_1d_x": 17.345552, "umap_2d_x": -42.254349, "umap_2d_y": -15.605919, "umap_3d_x": -45.069427, "umap_3d_y": -1.9431419, "umap_3d_z": -40.870556, "tsne_1d_x": -57.139778, "tsne_2d_x": -28.756809, "tsne_2d_y": 26.931686, "tsne_3d_x": -5.7948303, "tsne_3d_y": 16.392799, "tsne_3d_z": 32.067398, "grid_umap_1d_x": 375.0, "grid_umap_2d_x": 2.0, "grid_umap_2d_y": 1.0, "grid_umap_3d_x": 5.0, "grid_umap_3d_y": 1.0, "grid_umap_3d_z": 1.0, "grid_tsne_1d_x": 375.0, "grid_tsne_2d_x": 4.0, "grid_tsne_2d_y": 19.0, "grid_tsne_3d_x": 3.0, "grid_tsne_3d_y": 4.0, "grid_tsne_3d_z": 6.0, "tile_dir": "tiles/0375" }, "geometry": { "type": "Point", "coordinates": [ -82.322867419870505, 52.475983993863821 ] } },
{ "type": "Feature", "properties": { "index": 376, "lon": 136.64552565786101, "lat": -22.989100518039749, "classification": 30, "subregion_name": "Unknown", "umap_1d_x": -20.420979, "umap_2d_x": 41.577118, "umap_2d_y": -48.315918, "umap_3d_x": 47.975731, "umap_3d_y": -46.320885, "umap_3d_z": 24.445282, "tsne_1d_x": 79.969833, "tsne_2d_x": 43.906662, "tsne_2d_y": 45.999268, "tsne_3d_x": -40.914043, "tsne_3d_y": -18.476633, "tsne_3d_z": -18.910185, "grid_umap_1d_x": 376.0, "grid_umap_2d_x": 15.0, "grid_umap_2d_y": 1.0, "grid_umap_3d_x": 4.0, "grid_umap_3d_y": 1.0, "grid_umap_3d_z": 4.0, "grid_tsne_1d_x": 376.0, "grid_tsne_2d_x": 15.0, "grid_tsne_2d_y": 19.0, "grid_tsne_3d_x": 0.0, "grid_tsne_3d_y": 2.0, "grid_tsne_3d_z": 2.0, "tile_dir": "tiles/0376" }, "geometry": { "type": "Point", "coordinates": [ 136.645525657861015, -22.989100518039749 ] } },
{ "type": "Feature", "properties": { "index": 377, "lon": 149.6665955006078, "lat": 66.067184403177066, "classification": 126, "subregion_name": "Eastern Europe", "umap_1d_x": 18.797377, "umap_2d_x": -48.031639, "umap_2d_y": -0.70575714, "umap_3d_x": -48.066288, "umap_3d_y": 21.713295, "umap_3d_z": -42.002586, "tsne_1d_x": -69.576904, "tsne_2d_x": -41.554497, "tsne_2d_y": 19.864136, "tsne_3d_x": 18.109627, "tsne_3d_y": 41.32476, "tsne_3d_z": 34.55661, "grid_umap_1d_x": 377.0, "grid_umap_2d_x": 9.0, "grid_umap_2d_y": 10.0, "grid_umap_3d_x": 4.0, "grid_umap_3d_y": 6.0, "grid_umap_3d_z": 1.0, "grid_tsne_1d_x": 377.0, "grid_tsne_2d_x": 8.0, "grid_tsne_2d_y": 16.0, "grid_tsne_3d_x": 6.0, "grid_tsne_3d_y": 7.0, "grid_tsne_3d_z": 6.0, "tile_dir": "tiles/0377" }, "geometry": { "type": "Point", "coordinates": [ 149.666595500607798, 66.067184403177066 ] } },
{ "type": "Feature", "properties": { "index": 378, "lon": 75.515671962628318, "lat": 61.683239440700547, "classification": 90, "subregion_name": "Eastern Europe", "umap_1d_x": 17.542913, "umap_2d_x": -43.591072, "umap_2d_y": -15.380589, "umap_3d_x": -43.904072, "umap_3d_y": 0.41425322999999281, "umap_3d_z": -44.13208, "tsne_1d_x": -57.402302, "tsne_2d_x": -30.513021, "tsne_2d_y": 29.318642, "tsne_3d_x": 0.26306914999999265, "tsne_3d_y": 17.181572, "tsne_3d_z": 32.545563, "grid_umap_1d_x": 378.0, "grid_umap_2d_x": 6.0, "grid_umap_2d_y": 3.0, "grid_umap_3d_x": 5.0, "grid_umap_3d_y": 1.0, "grid_umap_3d_z": 0.0, "grid_tsne_1d_x": 378.0, "grid_tsne_2d_x": 4.0, "grid_tsne_2d_y": 20.0, "grid_tsne_3d_x": 4.0, "grid_tsne_3d_y": 4.0, "grid_tsne_3d_z": 6.0, "tile_dir": "tiles/0378" }, "geometry": { "type": "Point", "coordinates": [ 75.515671962628318, 61.683239440700547 ] } },
{ "type": "Feature", "properties": { "index": 379, "lon": 13.562971962892561, "lat": 58.309498872970536, "classification": 40, "subregion_name": "Northern Europe", "umap_1d_x": 23.184885, "umap_2d_x": -20.576778, "umap_2d_y": -15.575302, "umap_3d_x": -28.747166, "umap_3d_y": -14.912884, "umap_3d_z": -11.057789, "tsne_1d_x": -19.022371, "tsne_2d_x": -7.5876007, "tsne_2d_y": 22.479179, "tsne_3d_x": -39.255775, "tsne_3d_y": -2.2487526, "tsne_3d_z": 19.313599, "grid_umap_1d_x": 379.0, "grid_umap_2d_x": 11.0, "grid_umap_2d_y": 1.0, "grid_umap_3d_x": 3.0, "grid_umap_3d_y": 0.0, "grid_umap_3d_z": 3.0, "grid_tsne_1d_x": 379.0, "grid_tsne_2d_x": 5.0, "grid_tsne_2d_y": 19.0, "grid_tsne_3d_x": 1.0, "grid_tsne_3d_y": 3.0, "grid_tsne_3d_z": 5.0, "tile_dir": "tiles/0379" }, "geometry": { "type": "Point", "coordinates": [ 13.562971962892561, 58.309498872970536 ] } },
{ "type": "Feature", "properties": { "index": 380, "lon": 136.19560721821193, "lat": 47.22566119897634, "classification": 114, "subregion_name": "Eastern Europe", "umap_1d_x": 12.872315, "umap_2d_x": -35.295662, "umap_2d_y": 14.628387, "umap_3d_x": -40.975014, "umap_3d_y": 14.60247, "umap_3d_z": -11.077847, "tsne_1d_x": -40.589943, "tsne_2d_x": -34.786507, "tsne_2d_y": -6.2050629, "tsne_3d_x": 16.895828, "tsne_3d_y": 22.549576, "tsne_3d_z": 0.025089264000001776, "grid_umap_1d_x": 380.0, "grid_umap_2d_x": 7.0, "grid_umap_2d_y": 16.0, "grid_umap_3d_x": 2.0, "grid_umap_3d_y": 4.0, "grid_umap_3d_z": 4.0, "grid_tsne_1d_x": 380.0, "grid_tsne_2d_x": 6.0, "grid_tsne_2d_y": 9.0, "grid_tsne_3d_x": 7.0, "grid_tsne_3d_y": 7.0, "grid_tsne_3d_z": 1.0, "tile_dir": "tiles/0380" }, "geometry": { "type": "Point", "coordinates": [ 136.195607218211933, 47.22566119897634 ] } },
{ "type": "Feature", "properties": { "index": 381, "lon": -54.072850184407955, "lat": 5.0441787146538957, "classification": 112, "subregion_name": "Unknown", "umap_1d_x": -7.7570214, "umap_2d_x": 35.937347, "umap_2d_y": 34.811058, "umap_3d_x": 31.403419, "umap_3d_y": 49.019394, "umap_3d_z": 3.2963333, "tsne_1d_x": 40.413719, "tsne_2d_x": 46.350555, "tsne_2d_y": -36.133099, "tsne_3d_x": 41.238228, "tsne_3d_y": -41.594978, "tsne_3d_z": -37.770576, "grid_umap_1d_x": 381.0, "grid_umap_2d_x": 17.0, "grid_umap_2d_y": 14.0, "grid_umap_3d_x": 5.0, "grid_umap_3d_y": 5.0, "grid_umap_3d_z": 2.0, "grid_tsne_1d_x": 381.0, "grid_tsne_2d_x": 19.0, "grid_tsne_2d_y": 5.0, "grid_tsne_3d_x": 6.0, "grid_tsne_3d_y": 3.0, "grid_tsne_3d_z": 0.0, "tile_dir": "tiles/0381" }, "geometry": { "type": "Point", "coordinates": [ -54.072850184407955, 5.044178714653896 ] } },
{ "type": "Feature", "properties": { "index": 382, "lon": 122.2748410330409, "lat": 11.664510295864915, "classification": 112, "subregion_name": "South-eastern Asia", "umap_1d_x": -4.8559837, "umap_2d_x": 24.138977, "umap_2d_y": 37.011574, "umap_3d_x": 18.282219, "umap_3d_y": 40.084221, "umap_3d_z": 11.61285, "tsne_1d_x": 31.236717, "tsne_2d_x": 26.512421, "tsne_2d_y": -31.093695, "tsne_3d_x": 34.123665, "tsne_3d_y": -38.145485, "tsne_3d_z": -1.7483139, "grid_umap_1d_x": 382.0, "grid_umap_2d_x": 17.0, "grid_umap_2d_y": 21.0, "grid_umap_3d_x": 6.0, "grid_umap_3d_y": 7.0, "grid_umap_3d_z": 5.0, "grid_tsne_1d_x": 382.0, "grid_tsne_2d_x": 17.0, "grid_tsne_2d_y": 1.0, "grid_tsne_3d_x": 7.0, "grid_tsne_3d_y": 0.0, "grid_tsne_3d_z": 3.0, "tile_dir": "tiles/0382" }, "geometry": { "type": "Point", "coordinates": [ 122.2748410330409, 11.664510295864915 ] } },
{ "type": "Feature", "properties": { "index": 383, "lon": 21.933057400291915, "lat": -4.5692497975709054, "classification": 112, "subregion_name": "Sub-Saharan Africa", "umap_1d_x": -6.6095047, "umap_2d_x": 31.762634, "umap_2d_y": 42.1306, "umap_3d_x": 28.168373, "umap_3d_y": 33.915947, "umap_3d_z": 8.6741982, "tsne_1d_x": 37.729668, "tsne_2d_x": 39.77124, "tsne_2d_y": -32.983131, "tsne_3d_x": 49.629822, "tsne_3d_y": -38.064888, "tsne_3d_z": -20.594999, "grid_umap_1d_x": 383.0, "grid_umap_2d_x": 18.0, "grid_umap_2d_y": 18.0, "grid_umap_3d_x": 7.0, "grid_umap_3d_y": 4.0, "grid_umap_3d_z": 3.0, "grid_tsne_1d_x": 383.0, "grid_tsne_2d_x": 19.0, "grid_tsne_2d_y": 4.0, "grid_tsne_3d_x": 7.0, "grid_tsne_3d_y": 2.0, "grid_tsne_3d_z": 2.0, "tile_dir": "tiles/0383" }, "geometry": { "type": "Point", "coordinates": [ 21.933057400291915, -4.569249797570905 ] } },
{ "type": "Feature", "properties": { "index": 384, "lon": 13.08497168508751, "lat": 7.0824611991372706, "classification": 114, "subregion_name": "Sub-Saharan Africa", "umap_1d_x": -1.9113492, "umap_2d_x": 9.6918564, "umap_2d_y": 28.732849, "umap_3d_x": 9.2560768, "umap_3d_y": 31.582458, "umap_3d_z": 29.470375, "tsne_1d_x": 21.032631, "tsne_2d_x": 12.476265, "tsne_2d_y": -18.414381, "tsne_3d_x": 11.835777, "tsne_3d_y": -42.34473, "tsne_3d_z": 8.9135284, "grid_umap_1d_x": 384.0, "grid_umap_2d_x": 14.0, "grid_umap_2d_y": 15.0, "grid_umap_3d_x": 6.0, "grid_umap_3d_y": 5.0, "grid_umap_3d_z": 6.0, "grid_tsne_1d_x": 384.0, "grid_tsne_2d_x": 12.0, "grid_tsne_2d_y": 6.0, "grid_tsne_3d_x": 4.0, "grid_tsne_3d_y": 2.0, "grid_tsne_3d_z": 4.0, "tile_dir": "tiles/0384" }, "geometry": { "type": "Point", "coordinates": [ 13.08497168508751, 7.082461199137271 ] } },
{ "type": "Feature", "properties": { "index": 385, "lon": -79.00066253011201, "lat": -7.4184099765610512, "classification": 126, "subregion_name": "Latin America and the Caribbean", "umap_1d_x": -5.4902363, "umap_2d_x": 26.916634, "umap_2d_y": 33.81768, "umap_3d_x": 20.668144, "umap_3d_y": 35.05835, "umap_3d_z": 7.9588051, "tsne_1d_x": 32.462032, "tsne_2d_x": 31.416779, "tsne_2d_y": -21.283541, "tsne_3d_x": 29.147675, "tsne_3d_y": -22.089603, "tsne_3d_z": -6.3466644, "grid_umap_1d_x": 385.0, "grid_umap_2d_x": 20.0, "grid_umap_2d_y": 22.0, "grid_umap_3d_x": 5.0, "grid_umap_3d_y": 5.0, "grid_umap_3d_z": 3.0, "grid_tsne_1d_x": 385.0, "grid_tsne_2d_x": 20.0, "grid_tsne_2d_y": 1.0, "grid_tsne_3d_x": 7.0, "grid_tsne_3d_y": 2.0, "grid_tsne_3d_z": 3.0, "tile_dir": "tiles/0385" }, "geometry": { "type": "Point", "coordinates": [ -79.00066253011201, -7.418409976561051 ] } },
{ "type": "Feature", "properties": { "index": 386, "lon": -97.459764471510766, "lat": 34.271990440034287, "classification": 30, "subregion_name": "Unknown", "umap_1d_x": 9.7294893, "umap_2d_x": -20.724709, "umap_2d_y": 15.956734, "umap_3d_x": -23.784224, "umap_3d_y": 4.2004776, "umap_3d_z": -17.128483, "tsne_1d_x": -11.882281, "tsne_2d_x": 1.3035889, "tsne_2d_y": 2.5406075, "tsne_3d_x": 10.113018, "tsne_3d_y": -4.240097, "tsne_3d_z": 8.7041321, "grid_umap_1d_x": 386.0, "grid_umap_2d_x": 5.0, "grid_umap_2d_y": 17.0, "grid_umap_3d_x": 0.0, "grid_umap_3d_y": 3.0, "grid_umap_3d_z": 0.0, "grid_tsne_1d_x": 386.0, "grid_tsne_2d_x": 2.0, "grid_tsne_2d_y": 3.0, "grid_tsne_3d_x": 6.0, "grid_tsne_3d_y": 2.0, "grid_tsne_3d_z": 6.0, "tile_dir": "tiles/0386" }, "geometry": { "type": "Point", "coordinates": [ -97.459764471510766, 34.271990440034287 ] } },
{ "type": "Feature", "properties": { "index": 387, "lon": 130.20332560165104, "lat": 48.241797556269603, "classification": 114, "subregion_name": "Unknown", "umap_1d_x": 12.732372, "umap_2d_x": -35.009895, "umap_2d_y": 15.939095, "umap_3d_x": -40.842972, "umap_3d_y": 15.683632, "umap_3d_z": -11.922272, "tsne_1d_x": -40.898838, "tsne_2d_x": -35.565445, "tsne_2d_y": -4.5912971, "tsne_3d_x": 19.533676, "tsne_3d_y": 24.24456, "tsne_3d_z": 2.845974, "grid_umap_1d_x": 387.0, "grid_umap_2d_x": 3.0, "grid_umap_2d_y": 17.0, "grid_umap_3d_x": 0.0, "grid_umap_3d_y": 5.0, "grid_umap_3d_z": 3.0, "grid_tsne_1d_x": 387.0, "grid_tsne_2d_x": 2.0, "grid_tsne_2d_y": 8.0, "grid_tsne_3d_x": 7.0, "grid_tsne_3d_y": 7.0, "grid_tsne_3d_z": 2.0, "tile_dir": "tiles/0387" }, "geometry": { "type": "Point", "coordinates": [ 130.203325601651045, 48.241797556269603 ] } },
{ "type": "Feature", "properties": { "index": 388, "lon": 108.14134222679058, "lat": 65.410909196874229, "classification": 116, "subregion_name": "Eastern Europe", "umap_1d_x": 18.88903, "umap_2d_x": -47.538116, "umap_2d_y": 1.1259918, "umap_3d_x": -49.141071, "umap_3d_y": 19.683113, "umap_3d_z": -38.847275, "tsne_1d_x": -68.978493, "tsne_2d_x": -45.981903, "tsne_2d_y": 18.392807, "tsne_3d_x": 7.440979, "tsne_3d_y": 40.577477, "tsne_3d_z": 32.375755, "grid_umap_1d_x": 388.0, "grid_umap_2d_x": 1.0, "grid_umap_2d_y": 9.0, "grid_umap_3d_x": 4.0, "grid_umap_3d_y": 5.0, "grid_umap_3d_z": 2.0, "grid_tsne_1d_x": 388.0, "grid_tsne_2d_x": 3.0, "grid_tsne_2d_y": 16.0, "grid_tsne_3d_x": 4.0, "grid_tsne_3d_y": 4.0, "grid_tsne_3d_z": 4.0, "tile_dir": "tiles/0388" }, "geometry": { "type": "Point", "coordinates": [ 108.141342226790584, 65.410909196874229 ] } },
{ "type": "Feature", "properties": { "index": 389, "lon": 42.07459945472101, "lat": 42.197060225317557, "classification": 40, "subregion_name": "Western Asia", "umap_1d_x": 5.158679, "umap_2d_x": -11.050392, "umap_2d_y": 24.140961, "umap_3d_x": -12.119179, "umap_3d_y": 21.912033, "umap_3d_z": 4.4882431, "tsne_1d_x": 2.33462, "tsne_2d_x": 0.43304062, "tsne_2d_y": -16.003658, "tsne_3d_x": 27.715477, "tsne_3d_y": -9.3118134, "tsne_3d_z": -15.64571, "grid_umap_1d_x": 389.0, "grid_umap_2d_x": 1.0, "grid_umap_2d_y": 20.0, "grid_umap_3d_x": 0.0, "grid_umap_3d_y": 7.0, "grid_umap_3d_z": 5.0, "grid_tsne_1d_x": 389.0, "grid_tsne_2d_x": 6.0, "grid_tsne_2d_y": 0.0, "grid_tsne_3d_x": 6.0, "grid_tsne_3d_y": 5.0, "grid_tsne_3d_z": 1.0, "tile_dir": "tiles/0389" }, "geometry": { "type": "Point", "coordinates": [ 42.07459945472101, 42.197060225317557 ] } },
{ "type": "Feature", "properties": { "index": 390, "lon": 123.99347139350289, "lat": 56.847867615907717, "classification": 113, "subregion_name": "Eastern Europe", "umap_1d_x": 15.686082, "umap_2d_x": -41.14732, "umap_2d_y": 8.2807198, "umap_3d_x": -47.976959, "umap_3d_y": 15.981964, "umap_3d_z": -18.466896, "tsne_1d_x": -45.212631, "tsne_2d_x": -38.045876, "tsne_2d_y": 0.58899688999999, "tsne_3d_x": -0.82611847, "tsne_3d_y": 42.863647, "tsne_3d_z": 15.530533, "grid_umap_1d_x": 390.0, "grid_umap_2d_x": 3.0, "grid_umap_2d_y": 13.0, "grid_umap_3d_x": 1.0, "grid_umap_3d_y": 5.0, "grid_umap_3d_z": 2.0, "grid_tsne_1d_x": 390.0, "grid_tsne_2d_x": 11.0, "grid_tsne_2d_y": 12.0, "grid_tsne_3d_x": 3.0, "grid_tsne_3d_y": 7.0, "grid_tsne_3d_z": 4.0, "tile_dir": "tiles/0390" }, "geometry": { "type": "Point", "coordinates": [ 123.993471393502887, 56.847867615907717 ] } },
{ "type": "Feature", "properties": { "index": 391, "lon": 28.47882322224936, "lat": -12.338372585115906, "classification": 114, "subregion_name": "Sub-Saharan Africa", "umap_1d_x": -13.219545, "umap_2d_x": 47.349373, "umap_2d_y": -18.440449, "umap_3d_x": 36.890778, "umap_3d_y": -10.63921, "umap_3d_z": 27.212311, "tsne_1d_x": 52.615612, "tsne_2d_x": 38.427414, "tsne_2d_y": 7.0031891, "tsne_3d_x": -2.0753822, "tsne_3d_y": -34.541618, "tsne_3d_z": -18.643177, "grid_umap_1d_x": 391.0, "grid_umap_2d_x": 20.0, "grid_umap_2d_y": 7.0, "grid_umap_3d_x": 5.0, "grid_umap_3d_y": 2.0, "grid_umap_3d_z": 6.0, "grid_tsne_1d_x": 391.0, "grid_tsne_2d_x": 15.0, "grid_tsne_2d_y": 13.0, "grid_tsne_3d_x": 3.0, "grid_tsne_3d_y": 3.0, "grid_tsne_3d_z": 3.0, "tile_dir": "tiles/0391" }, "geometry": { "type": "Point", "coordinates": [ 28.47882322224936, -12.338372585115906 ] } },
{ "type": "Feature", "properties": { "index": 392, "lon": -49.794452050100716, "lat": -25.719399875922129, "classification": 40, "subregion_name": "Latin America and the Caribbean", "umap_1d_x": -15.275065, "umap_2d_x": 41.089928, "umap_2d_y": -20.649734, "umap_3d_x": 43.770912, "umap_3d_y": -13.010899, "umap_3d_z": 22.214928, "tsne_1d_x": 61.129692, "tsne_2d_x": 41.841141, "tsne_2d_y": 20.931412, "tsne_3d_x": -18.958055, "tsne_3d_y": -34.363705, "tsne_3d_z": -32.732586, "grid_umap_1d_x": 392.0, "grid_umap_2d_x": 21.0, "grid_umap_2d_y": 2.0, "grid_umap_3d_x": 7.0, "grid_umap_3d_y": 2.0, "grid_umap_3d_z": 4.0, "grid_tsne_1d_x": 392.0, "grid_tsne_2d_x": 16.0, "grid_tsne_2d_y": 15.0, "grid_tsne_3d_x": 1.0, "grid_tsne_3d_y": 1.0, "grid_tsne_3d_z": 0.0, "tile_dir": "tiles/0392" }, "geometry": { "type": "Point", "coordinates": [ -49.794452050100716, -25.719399875922129 ] } },
{ "type": "Feature", "properties": { "index": 393, "lon": -51.847902355602344, "lat": -1.377810363387461, "classification": 112, "subregion_name": "Latin America and the Caribbean", "umap_1d_x": -8.4904509, "umap_2d_x": 37.177208, "umap_2d_y": 28.198296, "umap_3d_x": 34.682426, "umap_3d_y": 44.7911, "umap_3d_z": 0.40464401, "tsne_1d_x": 42.312988, "tsne_2d_x": 49.712563, "tsne_2d_y": -26.312248, "tsne_3d_x": 31.980545, "tsne_3d_y": -43.450447, "tsne_3d_z": -40.188309, "grid_umap_1d_x": 393.0, "grid_umap_2d_x": 18.0, "grid_umap_2d_y": 13.0, "grid_umap_3d_x": 7.0, "grid_umap_3d_y": 6.0, "grid_umap_3d_z": 1.0, "grid_tsne_1d_x": 393.0, "grid_tsne_2d_x": 17.0, "grid_tsne_2d_y": 10.0, "grid_tsne_3d_x": 5.0, "grid_tsne_3d_y": 3.0, "grid_tsne_3d_z": 1.0, "tile_dir": "tiles/0393" }, "geometry": { "type": "Point", "coordinates": [ -51.847902355602344, -1.377810363387461 ] } },
{ "type": "Feature", "properties": { "index": 394, "lon": -44.542045428798332, "lat": -8.3448813855711848, "classification": 40, "subregion_name": "Latin America and the Caribbean", "umap_1d_x": -14.548833, "umap_2d_x": 43.38887, "umap_2d_y": -20.491951, "umap_3d_x": 42.100853, "umap_3d_y": -11.847885, "umap_3d_z": 28.18055, "tsne_1d_x": 58.238922, "tsne_2d_x": 40.723274, "tsne_2d_y": 19.126595, "tsne_3d_x": -16.701729, "tsne_3d_y": -41.465405, "tsne_3d_z": -28.904541, "grid_umap_1d_x": 394.0, "grid_umap_2d_x": 15.0, "grid_umap_2d_y": 10.0, "grid_umap_3d_x": 7.0, "grid_umap_3d_y": 1.0, "grid_umap_3d_z": 6.0, "grid_tsne_1d_x": 394.0, "grid_tsne_2d_x": 18.0, "grid_tsne_2d_y": 15.0, "grid_tsne_3d_x": 2.0, "grid_tsne_3d_y": 2.0, "grid_tsne_3d_z": 2.0, "tile_dir": "tiles/0394" }, "geometry": { "type": "Point", "coordinates": [ -44.542045428798332, -8.344881385571185 ] } },
{ "type": "Feature", "properties": { "index": 395, "lon": -73.323807795541597, "lat": 1.543708195400129, "classification": 112, "subregion_name": "Latin America and the Caribbean", "umap_1d_x": -7.7376952, "umap_2d_x": 35.29055, "umap_2d_y": 33.668961, "umap_3d_x": 30.832222, "umap_3d_y": 46.856674, "umap_3d_z": 1.0912895, "tsne_1d_x": 40.643585, "tsne_2d_x": 44.083199, "tsne_2d_y": -32.674294, "tsne_3d_x": 40.767616, "tsne_3d_y": -40.35054, "tsne_3d_z": -30.639994, "grid_umap_1d_x": 395.0, "grid_umap_2d_x": 19.0, "grid_umap_2d_y": 16.0, "grid_umap_3d_x": 5.0, "grid_umap_3d_y": 7.0, "grid_umap_3d_z": 0.0, "grid_tsne_1d_x": 395.0, "grid_tsne_2d_x": 21.0, "grid_tsne_2d_y": 2.0, "grid_tsne_3d_x": 6.0, "grid_tsne_3d_y": 3.0, "grid_tsne_3d_z": 1.0, "tile_dir": "tiles/0395" }, "geometry": { "type": "Point", "coordinates": [ -73.323807795541597, 1.543708195400129 ] } },
{ "type": "Feature", "properties": { "index": 396, "lon": 77.466988369450121, "lat": 11.553827866923811, "classification": 40, "subregion_name": "Southern Asia", "umap_1d_x": -0.23115699, "umap_2d_x": 5.5225372, "umap_2d_y": 37.5914, "umap_3d_x": 3.8507156, "umap_3d_y": 37.235649, "umap_3d_z": 24.827095, "tsne_1d_x": 14.517458, "tsne_2d_x": 11.732502, "tsne_2d_y": -33.148251, "tsne_3d_x": 19.946365, "tsne_3d_y": -29.135967, "tsne_3d_z": 17.165794, "grid_umap_1d_x": 396.0, "grid_umap_2d_x": 10.0, "grid_umap_2d_y": 21.0, "grid_umap_3d_x": 3.0, "grid_umap_3d_y": 6.0, "grid_umap_3d_z": 6.0, "grid_tsne_1d_x": 396.0, "grid_tsne_2d_x": 12.0, "grid_tsne_2d_y": 4.0, "grid_tsne_3d_x": 6.0, "grid_tsne_3d_y": 0.0, "grid_tsne_3d_z": 6.0, "tile_dir": "tiles/0396" }, "geometry": { "type": "Point", "coordinates": [ 77.466988369450121, 11.553827866923811 ] } },
{ "type": "Feature", "properties": { "index": 397, "lon": -96.917654995204742, "lat": 57.079187828520858, "classification": 111, "subregion_name": "Northern America", "umap_1d_x": 14.387562, "umap_2d_x": -35.218922, "umap_2d_y": 2.7092171, "umap_3d_x": -46.159306, "umap_3d_y": 2.8655167, "umap_3d_z": -5.350338, "tsne_1d_x": -34.888493, "tsne_2d_x": -29.149008, "tsne_2d_y": -15.633087, "tsne_3d_x": -9.5435295, "tsne_3d_y": 30.086914, "tsne_3d_z": 0.80090332, "grid_umap_1d_x": 397.0, "grid_umap_2d_x": 2.0, "grid_umap_2d_y": 9.0, "grid_umap_3d_x": 2.0, "grid_umap_3d_y": 3.0, "grid_umap_3d_z": 4.0, "grid_tsne_1d_x": 397.0, "grid_tsne_2d_x": 7.0, "grid_tsne_2d_y": 7.0, "grid_tsne_3d_x": 2.0, "grid_tsne_3d_y": 7.0, "grid_tsne_3d_z": 2.0, "tile_dir": "tiles/0397" }, "geometry": { "type": "Point", "coordinates": [ -96.917654995204742, 57.079187828520858 ] } },
{ "type": "Feature", "properties": { "index": 398, "lon": 86.616556529349111, "lat": 26.693238547567091, "classification": 124, "subregion_name": "Southern Asia", "umap_1d_x": -0.59629792, "umap_2d_x": 2.4905548, "umap_2d_y": 36.430267, "umap_3d_x": 2.6176529, "umap_3d_y": 35.01548, "umap_3d_z": 16.491463, "tsne_1d_x": 9.5568209, "tsne_2d_x": 7.8416595, "tsne_2d_y": -32.615543, "tsne_3d_x": 23.097702, "tsne_3d_y": -20.304737, "tsne_3d_z": 15.463371, "grid_umap_1d_x": 398.0, "grid_umap_2d_x": 8.0, "grid_umap_2d_y": 20.0, "grid_umap_3d_x": 3.0, "grid_umap_3d_y": 7.0, "grid_umap_3d_z": 5.0, "grid_tsne_1d_x": 398.0, "grid_tsne_2d_x": 10.0, "grid_tsne_2d_y": 3.0, "grid_tsne_3d_x": 6.0, "grid_tsne_3d_y": 3.0, "grid_tsne_3d_z": 6.0, "tile_dir": "tiles/0398" }, "geometry": { "type": "Point", "coordinates": [ 86.616556529349111, 26.693238547567091 ] } },
{ "type": "Feature", "properties": { "index": 399, "lon": -114.77599368861104, "lat": 59.423465217863807, "classification": 126, "subregion_name": "Northern America", "umap_1d_x": 16.868465, "umap_2d_x": -40.037819, "umap_2d_y": -5.7089729, "umap_3d_x": -48.410347, "umap_3d_y": 0.099182128999999009, "umap_3d_z": -27.910761, "tsne_1d_x": -51.926556, "tsne_2d_x": -31.795822, "tsne_2d_y": 12.048237, "tsne_3d_x": -3.9568634, "tsne_3d_y": 18.683609, "tsne_3d_z": 19.010048, "grid_umap_1d_x": 399.0, "grid_umap_2d_x": 11.0, "grid_umap_2d_y": 8.0, "grid_umap_3d_x": 4.0, "grid_umap_3d_y": 2.0, "grid_umap_3d_z": 3.0, "grid_tsne_1d_x": 399.0, "grid_tsne_2d_x": 2.0, "grid_tsne_2d_y": 13.0, "grid_tsne_3d_x": 2.0, "grid_tsne_3d_y": 6.0, "grid_tsne_3d_z": 7.0, "tile_dir": "tiles/0399" }, "geometry": { "type": "Point", "coordinates": [ -114.775993688611038, 59.423465217863807 ] } },
{ "type": "Feature", "properties": { "index": 400, "lon": -61.844491274356074, "lat": 53.034226862076849, "classification": 111, "subregion_name": "Northern America", "umap_1d_x": 14.743688, "umap_2d_x": -34.159866, "umap_2d_y": -4.1648178, "umap_3d_x": -44.752449, "umap_3d_y": -4.9528313, "umap_3d_z": -15.672035, "tsne_1d_x": -33.604313, "tsne_2d_x": -21.302176, "tsne_2d_y": 0.89569092, "tsne_3d_x": -18.194353, "tsne_3d_y": 34.669632, "tsne_3d_z": 18.072441, "grid_umap_1d_x": 400.0, "grid_umap_2d_x": 0.0, "grid_umap_2d_y": 5.0, "grid_umap_3d_x": 4.0, "grid_umap_3d_y": 2.0, "grid_umap_3d_z": 4.0, "grid_tsne_1d_x": 400.0, "grid_tsne_2d_x": 4.0, "grid_tsne_2d_y": 9.0, "grid_tsne_3d_x": 1.0, "grid_tsne_3d_y": 7.0, "grid_tsne_3d_z": 5.0, "tile_dir": "tiles/0400" }, "geometry": { "type": "Point", "coordinates": [ -61.844491274356074, 53.034226862076849 ] } },
{ "type": "Feature", "properties": { "index": 401, "lon": 113.71066331427795, "lat": 29.94015649935541, "classification": 40, "subregion_name": "Unknown", "umap_1d_x": 4.361578, "umap_2d_x": -6.7035942, "umap_2d_y": 34.766922, "umap_3d_x": -7.4163475, "umap_3d_y": 31.333954, "umap_3d_z": 2.7065086, "tsne_1d_x": 4.3459659, "tsne_2d_x": -1.715889, "tsne_2d_y": -39.18959, "tsne_3d_x": 40.988007, "tsne_3d_y": -7.8510857, "tsne_3d_z": 12.51685, "grid_umap_1d_x": 401.0, "grid_umap_2d_x": 6.0, "grid_umap_2d_y": 20.0, "grid_umap_3d_x": 1.0, "grid_umap_3d_y": 7.0, "grid_umap_3d_z": 5.0, "grid_tsne_1d_x": 401.0, "grid_tsne_2d_x": 9.0, "grid_tsne_2d_y": 6.0, "grid_tsne_3d_x": 7.0, "grid_tsne_3d_y": 3.0, "grid_tsne_3d_z": 6.0, "tile_dir": "tiles/0401" }, "geometry": { "type": "Point", "coordinates": [ 113.710663314277951, 29.94015649935541 ] } },
{ "type": "Feature", "properties": { "index": 402, "lon": -79.688163805335691, "lat": 46.471029765448208, "classification": 111, "subregion_name": "Northern America", "umap_1d_x": 14.954263, "umap_2d_x": -32.948593, "umap_2d_y": -5.9674911, "umap_3d_x": -43.801277, "umap_3d_y": -6.034584, "umap_3d_z": -11.45256, "tsne_1d_x": -30.175051, "tsne_2d_x": -20.067926, "tsne_2d_y": -2.6850319, "tsne_3d_x": -23.864994, "tsne_3d_y": 34.009033, "tsne_3d_z": 12.141575, "grid_umap_1d_x": 402.0, "grid_umap_2d_x": 5.0, "grid_umap_2d_y": 5.0, "grid_umap_3d_x": 3.0, "grid_umap_3d_y": 2.0, "grid_umap_3d_z": 4.0, "grid_tsne_1d_x": 402.0, "grid_tsne_2d_x": 8.0, "grid_tsne_2d_y": 9.0, "grid_tsne_3d_x": 0.0, "grid_tsne_3d_y": 7.0, "grid_tsne_3d_z": 4.0, "tile_dir": "tiles/0402" }, "geometry": { "type": "Point", "coordinates": [ -79.688163805335691, 46.471029765448208 ] } },
{ "type": "Feature", "properties": { "index": 403, "lon": 114.33523208599206, "lat": 61.214775507754851, "classification": 113, "subregion_name": "Eastern Europe", "umap_1d_x": 16.031538, "umap_2d_x": -42.884369, "umap_2d_y": 10.581379, "umap_3d_x": -47.407097, "umap_3d_y": 19.882729, "umap_3d_z": -20.650768, "tsne_1d_x": -44.155605, "tsne_2d_x": -41.164078, "tsne_2d_y": 6.3214645, "tsne_3d_x": 11.983513, "tsne_3d_y": 34.805183, "tsne_3d_z": 15.413422, "grid_umap_1d_x": 403.0, "grid_umap_2d_x": 7.0, "grid_umap_2d_y": 14.0, "grid_umap_3d_x": 3.0, "grid_umap_3d_y": 5.0, "grid_umap_3d_z": 3.0, "grid_tsne_1d_x": 403.0, "grid_tsne_2d_x": 6.0, "grid_tsne_2d_y": 12.0, "grid_tsne_3d_x": 6.0, "grid_tsne_3d_y": 7.0, "grid_tsne_3d_z": 4.0, "tile_dir": "tiles/0403" }, "geometry": { "type": "Point", "coordinates": [ 114.335232085992061, 61.214775507754851 ] } },
{ "type": "Feature", "properties": { "index": 404, "lon": 16.037071502921435, "lat": 13.551907012069123, "classification": 30, "subregion_name": "Sub-Saharan Africa", "umap_1d_x": 2.145478, "umap_2d_x": 9.3106155, "umap_2d_y": 13.876247, "umap_3d_x": 8.8331566, "umap_3d_y": 23.40152, "umap_3d_z": 48.036766, "tsne_1d_x": 25.884293, "tsne_2d_x": 16.896698, "tsne_2d_y": -1.3846474, "tsne_3d_x": -6.520031, "tsne_3d_y": -40.303402, "tsne_3d_z": 22.368629, "grid_umap_1d_x": 404.0, "grid_umap_2d_x": 10.0, "grid_umap_2d_y": 14.0, "grid_umap_3d_x": 4.0, "grid_umap_3d_y": 3.0, "grid_umap_3d_z": 6.0, "grid_tsne_1d_x": 404.0, "grid_tsne_2d_x": 16.0, "grid_tsne_2d_y": 4.0, "grid_tsne_3d_x": 2.0, "grid_tsne_3d_y": 0.0, "grid_tsne_3d_z": 6.0, "tile_dir": "tiles/0404" }, "geometry": { "type": "Point", "coordinates": [ 16.037071502921435, 13.551907012069123 ] } },
{ "type": "Feature", "properties": { "index": 405, "lon": -53.914580656496923, "lat": -23.734601381358829, "classification": 126, "subregion_name": "Latin America and the Caribbean", "umap_1d_x": -15.718269, "umap_2d_x": 38.552132, "umap_2d_y": -16.477882, "umap_3d_x": 44.829056, "umap_3d_y": -9.5850945, "umap_3d_z": 16.162643, "tsne_1d_x": 63.764343, "tsne_2d_x": 30.722237, "tsne_2d_y": 25.155457, "tsne_3d_x": -6.4904213, "tsne_3d_y": -22.590008, "tsne_3d_z": -37.300209, "grid_umap_1d_x": 405.0, "grid_umap_2d_x": 19.0, "grid_umap_2d_y": 5.0, "grid_umap_3d_x": 7.0, "grid_umap_3d_y": 3.0, "grid_umap_3d_z": 3.0, "grid_tsne_1d_x": 405.0, "grid_tsne_2d_x": 15.0, "grid_tsne_2d_y": 16.0, "grid_tsne_3d_x": 3.0, "grid_tsne_3d_y": 3.0, "grid_tsne_3d_z": 0.0, "tile_dir": "tiles/0405" }, "geometry": { "type": "Point", "coordinates": [ -53.914580656496923, -23.734601381358829 ] } },
{ "type": "Feature", "properties": { "index": 406, "lon": 106.31805508186795, "lat": 50.365959761928579, "classification": 113, "subregion_name": "Eastern Europe", "umap_1d_x": 14.209184, "umap_2d_x": -35.127895, "umap_2d_y": 3.8730316, "umap_3d_x": -45.896137, "umap_3d_y": 4.1198959, "umap_3d_z": -3.1128693, "tsne_1d_x": -37.13295, "tsne_2d_x": -35.682114, "tsne_2d_y": -17.790165, "tsne_3d_x": -4.9103546, "tsne_3d_y": 35.797897, "tsne_3d_z": -7.8627052, "grid_umap_1d_x": 406.0, "grid_umap_2d_x": 5.0, "grid_umap_2d_y": 10.0, "grid_umap_3d_x": 1.0, "grid_umap_3d_y": 3.0, "grid_umap_3d_z": 5.0, "grid_tsne_1d_x": 406.0, "grid_tsne_2d_x": 3.0, "grid_tsne_2d_y": 5.0, "grid_tsne_3d_x": 4.0, "grid_tsne_3d_y": 7.0, "grid_tsne_3d_z": 0.0, "tile_dir": "tiles/0406" }, "geometry": { "type": "Point", "coordinates": [ 106.318055081867954, 50.365959761928579 ] } },
{ "type": "Feature", "properties": { "index": 407, "lon": -60.038828994416036, "lat": -25.133212731576563, "classification": 114, "subregion_name": "Latin America and the Caribbean", "umap_1d_x": -16.081224, "umap_2d_x": 36.655403, "umap_2d_y": -16.707714, "umap_3d_x": 46.083847, "umap_3d_y": -10.714046, "umap_3d_z": 12.067379, "tsne_1d_x": 64.303368, "tsne_2d_x": 29.373238, "tsne_2d_y": 26.816948, "tsne_3d_x": -7.4914055, "tsne_3d_y": -19.328045, "tsne_3d_z": -41.18618, "grid_umap_1d_x": 407.0, "grid_umap_2d_x": 18.0, "grid_umap_2d_y": 5.0, "grid_umap_3d_x": 6.0, "grid_umap_3d_y": 3.0, "grid_umap_3d_z": 1.0, "grid_tsne_1d_x": 407.0, "grid_tsne_2d_x": 17.0, "grid_tsne_2d_y": 18.0, "grid_tsne_3d_x": 3.0, "grid_tsne_3d_y": 4.0, "grid_tsne_3d_z": 1.0, "tile_dir": "tiles/0407" }, "geometry": { "type": "Point", "coordinates": [ -60.038828994416036, -25.133212731576563 ] } },
{ "type": "Feature", "properties": { "index": 408, "lon": 122.83493567360188, "lat": 54.905042112299768, "classification": 113, "subregion_name": "Eastern Europe", "umap_1d_x": 16.141556, "umap_2d_x": -43.12365, "umap_2d_y": 8.2435188, "umap_3d_x": -45.535408, "umap_3d_y": 21.233215, "umap_3d_z": -26.551725, "tsne_1d_x": -45.057743, "tsne_2d_x": -38.751579, "tsne_2d_y": 9.7927933, "tsne_3d_x": 22.468864, "tsne_3d_y": 32.620651, "tsne_3d_z": 16.316681, "grid_umap_1d_x": 408.0, "grid_umap_2d_x": 2.0, "grid_umap_2d_y": 13.0, "grid_umap_3d_x": 2.0, "grid_umap_3d_y": 6.0, "grid_umap_3d_z": 2.0, "grid_tsne_1d_x": 408.0, "grid_tsne_2d_x": 0.0, "grid_tsne_2d_y": 12.0, "grid_tsne_3d_x": 7.0, "grid_tsne_3d_y": 6.0, "grid_tsne_3d_z": 4.0, "tile_dir": "tiles/0408" }, "geometry": { "type": "Point", "coordinates": [ 122.834935673601876, 54.905042112299768 ] } },
{ "type": "Feature", "properties": { "index": 409, "lon": 74.868799741169511, "lat": 13.939016419554903, "classification": 126, "subregion_name": "Southern Asia", "umap_1d_x": 0.24432708, "umap_2d_x": 6.5247612, "umap_2d_y": 41.912155, "umap_3d_x": 3.007412, "umap_3d_y": 42.507568, "umap_3d_z": 27.838722, "tsne_1d_x": 15.816894, "tsne_2d_x": 14.424248, "tsne_2d_y": -36.849258, "tsne_3d_x": 29.040924, "tsne_3d_y": -29.668499, "tsne_3d_z": 21.855148, "grid_umap_1d_x": 409.0, "grid_umap_2d_x": 15.0, "grid_umap_2d_y": 17.0, "grid_umap_3d_x": 2.0, "grid_umap_3d_y": 6.0, "grid_umap_3d_z": 6.0, "grid_tsne_1d_x": 409.0, "grid_tsne_2d_x": 13.0, "grid_tsne_2d_y": 0.0, "grid_tsne_3d_x": 6.0, "grid_tsne_3d_y": 2.0, "grid_tsne_3d_z": 7.0, "tile_dir": "tiles/0409" }, "geometry": { "type": "Point", "coordinates": [ 74.868799741169511, 13.939016419554903 ] } },
{ "type": "Feature", "properties": { "index": 410, "lon": -43.812703202508999, "lat": -10.089127849611323, "classification": 126, "subregion_name": "Latin America and the Caribbean", "umap_1d_x": -14.040908, "umap_2d_x": 43.476311, "umap_2d_y": -14.651825, "umap_3d_x": 42.254524, "umap_3d_y": -7.0915184, "umap_3d_z": 32.839287, "tsne_1d_x": 57.219601, "tsne_2d_x": 36.644241, "tsne_2d_y": 15.392899, "tsne_3d_x": -6.7489471, "tsne_3d_y": -21.008762, "tsne_3d_z": -21.724281, "grid_umap_1d_x": 410.0, "grid_umap_2d_x": 17.0, "grid_umap_2d_y": 10.0, "grid_umap_3d_x": 6.0, "grid_umap_3d_y": 4.0, "grid_umap_3d_z": 7.0, "grid_tsne_1d_x": 410.0, "grid_tsne_2d_x": 18.0, "grid_tsne_2d_y": 14.0, "grid_tsne_3d_x": 2.0, "grid_tsne_3d_y": 1.0, "grid_tsne_3d_z": 0.0, "tile_dir": "tiles/0410" }, "geometry": { "type": "Point", "coordinates": [ -43.812703202508999, -10.089127849611323 ] } },
{ "type": "Feature", "properties": { "index": 411, "lon": -11.194843034073983, "lat": 16.725711996614478, "classification": 30, "subregion_name": "Sub-Saharan Africa", "umap_1d_x": 2.1748469, "umap_2d_x": 9.2383995, "umap_2d_y": 13.490986, "umap_3d_x": 8.8004036, "umap_3d_y": 22.630608, "umap_3d_z": 48.311279, "tsne_1d_x": 25.99716, "tsne_2d_x": 16.120628, "tsne_2d_y": -1.2261734, "tsne_3d_x": -7.8062668, "tsne_3d_y": -39.249081, "tsne_3d_z": 24.720604, "grid_umap_1d_x": 411.0, "grid_umap_2d_x": 11.0, "grid_umap_2d_y": 14.0, "grid_umap_3d_x": 3.0, "grid_umap_3d_y": 3.0, "grid_umap_3d_z": 6.0, "grid_tsne_1d_x": 411.0, "grid_tsne_2d_x": 15.0, "grid_tsne_2d_y": 8.0, "grid_tsne_3d_x": 2.0, "grid_tsne_3d_y": 1.0, "grid_tsne_3d_z": 6.0, "tile_dir": "tiles/0411" }, "geometry": { "type": "Point", "coordinates": [ -11.194843034073983, 16.725711996614478 ] } },
{ "type": "Feature", "properties": { "index": 412, "lon": -109.7307777425245, "lat": 35.438487765593266, "classification": 30, "subregion_name": "Unknown", "umap_1d_x": 6.8288469, "umap_2d_x": -14.739189, "umap_2d_y": 7.6258965, "umap_3d_x": -21.601561, "umap_3d_y": 3.4220772, "umap_3d_z": 8.8143997, "tsne_1d_x": -4.6678405, "tsne_2d_x": 4.6608391, "tsne_2d_y": 22.322464, "tsne_3d_x": -9.6509323, "tsne_3d_y": -17.240898, "tsne_3d_z": 15.451881, "grid_umap_1d_x": 412.0, "grid_umap_2d_x": 15.0, "grid_umap_2d_y": 12.0, "grid_umap_3d_x": 1.0, "grid_umap_3d_y": 3.0, "grid_umap_3d_z": 7.0, "grid_tsne_1d_x": 412.0, "grid_tsne_2d_x": 9.0, "grid_tsne_2d_y": 20.0, "grid_tsne_3d_x": 1.0, "grid_tsne_3d_y": 1.0, "grid_tsne_3d_z": 6.0, "tile_dir": "tiles/0412" }, "geometry": { "type": "Point", "coordinates": [ -109.730777742524495, 35.438487765593266 ] } },
{ "type": "Feature", "properties": { "index": 413, "lon": -59.005271163523858, "lat": -12.720136317880524, "classification": 112, "subregion_name": "Latin America and the Caribbean", "umap_1d_x": -13.368087, "umap_2d_x": 43.844955, "umap_2d_y": -11.505882, "umap_3d_x": 40.456406, "umap_3d_y": -2.9070129, "umap_3d_z": 23.20639, "tsne_1d_x": 55.630554, "tsne_2d_x": 44.92878, "tsne_2d_y": 7.0238991, "tsne_3d_x": 2.693428, "tsne_3d_y": -37.044971, "tsne_3d_z": -33.58992, "grid_umap_1d_x": 413.0, "grid_umap_2d_x": 18.0, "grid_umap_2d_y": 11.0, "grid_umap_3d_x": 6.0, "grid_umap_3d_y": 4.0, "grid_umap_3d_z": 5.0, "grid_tsne_1d_x": 413.0, "grid_tsne_2d_x": 21.0, "grid_tsne_2d_y": 12.0, "grid_tsne_3d_x": 4.0, "grid_tsne_3d_y": 1.0, "grid_tsne_3d_z": 1.0, "tile_dir": "tiles/0413" }, "geometry": { "type": "Point", "coordinates": [ -59.005271163523858, -12.720136317880524 ] } },
{ "type": "Feature", "properties": { "index": 414, "lon": -113.62946631857324, "lat": 63.022319529885266, "classification": 20, "subregion_name": "Northern America", "umap_1d_x": 17.068869, "umap_2d_x": -41.15313, "umap_2d_y": -7.8030777, "umap_3d_x": -48.395805, "umap_3d_y": 1.1867981, "umap_3d_z": -32.523487, "tsne_1d_x": -52.864323, "tsne_2d_x": -32.529999, "tsne_2d_y": 16.644737, "tsne_3d_x": -0.80944061, "tsne_3d_y": 25.660439, "tsne_3d_z": 22.979301, "grid_umap_1d_x": 414.0, "grid_umap_2d_x": 0.0, "grid_umap_2d_y": 4.0, "grid_umap_3d_x": 2.0, "grid_umap_3d_y": 2.0, "grid_umap_3d_z": 1.0, "grid_tsne_1d_x": 414.0, "grid_tsne_2d_x": 9.0, "grid_tsne_2d_y": 15.0, "grid_tsne_3d_x": 3.0, "grid_tsne_3d_y": 6.0, "grid_tsne_3d_z": 6.0, "tile_dir": "tiles/0414" }, "geometry": { "type": "Point", "coordinates": [ -113.629466318573236, 63.022319529885266 ] } },
{ "type": "Feature", "properties": { "index": 415, "lon": 133.89372511367412, "lat": -22.619287821162125, "classification": 30, "subregion_name": "Unknown", "umap_1d_x": -20.707609, "umap_2d_x": 42.67775, "umap_2d_y": -49.585457, "umap_3d_x": 47.768936, "umap_3d_y": -49.027008, "umap_3d_z": 26.949493, "tsne_1d_x": 80.656967, "tsne_2d_x": 45.34346, "tsne_2d_y": 44.379349, "tsne_3d_x": -45.401314, "tsne_3d_y": -16.265282, "tsne_3d_z": -16.466846, "grid_umap_1d_x": 415.0, "grid_umap_2d_x": 16.0, "grid_umap_2d_y": 1.0, "grid_umap_3d_x": 3.0, "grid_umap_3d_y": 0.0, "grid_umap_3d_z": 6.0, "grid_tsne_1d_x": 415.0, "grid_tsne_2d_x": 19.0, "grid_tsne_2d_y": 21.0, "grid_tsne_3d_x": 1.0, "grid_tsne_3d_y": 3.0, "grid_tsne_3d_z": 3.0, "tile_dir": "tiles/0415" }, "geometry": { "type": "Point", "coordinates": [ 133.893725113674122, -22.619287821162125 ] } },
{ "type": "Feature", "properties": { "index": 416, "lon": 73.639470438610886, "lat": 16.259490107190459, "classification": 114, "subregion_name": "Southern Asia", "umap_1d_x": -1.3869667, "umap_2d_x": 7.300396, "umap_2d_y": 33.661148, "umap_3d_x": 6.5733719, "umap_3d_y": 37.038368, "umap_3d_z": 22.725143, "tsne_1d_x": 11.194806, "tsne_2d_x": 14.326599, "tsne_2d_y": -27.002436, "tsne_3d_x": 23.339287, "tsne_3d_y": -34.165138, "tsne_3d_z": 11.682747, "grid_umap_1d_x": 416.0, "grid_umap_2d_x": 11.0, "grid_umap_2d_y": 19.0, "grid_umap_3d_x": 6.0, "grid_umap_3d_y": 7.0, "grid_umap_3d_z": 6.0, "grid_tsne_1d_x": 416.0, "grid_tsne_2d_x": 13.0, "grid_tsne_2d_y": 2.0, "grid_tsne_3d_x": 6.0, "grid_tsne_3d_y": 0.0, "grid_tsne_3d_z": 5.0, "tile_dir": "tiles/0416" }, "geometry": { "type": "Point", "coordinates": [ 73.639470438610886, 16.259490107190459 ] } },
{ "type": "Feature", "properties": { "index": 417, "lon": 157.9508022813618, "lat": 65.422687936717736, "classification": 20, "subregion_name": "Eastern Europe", "umap_1d_x": 19.267746, "umap_2d_x": -49.295826, "umap_2d_y": -4.4913177, "umap_3d_x": -47.543034, "umap_3d_y": 19.439293, "umap_3d_z": -48.698975, "tsne_1d_x": -71.248848, "tsne_2d_x": -41.671661, "tsne_2d_y": 27.778961, "tsne_3d_x": 18.024513, "tsne_3d_y": 36.036507, "tsne_3d_z": 42.743568, "grid_umap_1d_x": 417.0, "grid_umap_2d_x": 9.0, "grid_umap_2d_y": 9.0, "grid_umap_3d_x": 4.0, "grid_umap_3d_y": 5.0, "grid_umap_3d_z": 0.0, "grid_tsne_1d_x": 417.0, "grid_tsne_2d_x": 4.0, "grid_tsne_2d_y": 18.0, "grid_tsne_3d_x": 6.0, "grid_tsne_3d_y": 6.0, "grid_tsne_3d_z": 7.0, "tile_dir": "tiles/0417" }, "geometry": { "type": "Point", "coordinates": [ 157.950802281361803, 65.422687936717736 ] } },
{ "type": "Feature", "properties": { "index": 418, "lon": -61.158494165922164, "lat": 46.028353602312208, "classification": 115, "subregion_name": "Northern America", "umap_1d_x": 12.737119, "umap_2d_x": -29.368954, "umap_2d_y": 7.713665, "umap_3d_x": -39.341766, "umap_3d_y": 1.8878593, "umap_3d_z": -16.484241, "tsne_1d_x": -28.435751, "tsne_2d_x": -11.039848, "tsne_2d_y": -4.6793671, "tsne_3d_x": 15.218315, "tsne_3d_y": 12.85453, "tsne_3d_z": -5.5374336, "grid_umap_1d_x": 418.0, "grid_umap_2d_x": 2.0, "grid_umap_2d_y": 12.0, "grid_umap_3d_x": 0.0, "grid_umap_3d_y": 3.0, "grid_umap_3d_z": 2.0, "grid_tsne_1d_x": 418.0, "grid_tsne_2d_x": 3.0, "grid_tsne_2d_y": 4.0, "grid_tsne_3d_x": 7.0, "grid_tsne_3d_y": 7.0, "grid_tsne_3d_z": 0.0, "tile_dir": "tiles/0418" }, "geometry": { "type": "Point", "coordinates": [ -61.158494165922164, 46.028353602312208 ] } },
{ "type": "Feature", "properties": { "index": 419, "lon": 121.10146498535289, "lat": 54.556697283324425, "classification": 113, "subregion_name": "Eastern Europe", "umap_1d_x": 17.973051, "umap_2d_x": -45.149059, "umap_2d_y": 3.4428368, "umap_3d_x": -44.727551, "umap_3d_y": 19.273148, "umap_3d_z": -35.80368, "tsne_1d_x": -64.059479, "tsne_2d_x": -39.177948, "tsne_2d_y": 16.051682, "tsne_3d_x": 22.547592, "tsne_3d_y": 29.158806, "tsne_3d_z": 24.004616, "grid_umap_1d_x": 419.0, "grid_umap_2d_x": 11.0, "grid_umap_2d_y": 12.0, "grid_umap_3d_x": 1.0, "grid_umap_3d_y": 6.0, "grid_umap_3d_z": 0.0, "grid_tsne_1d_x": 419.0, "grid_tsne_2d_x": 2.0, "grid_tsne_2d_y": 15.0, "grid_tsne_3d_x": 7.0, "grid_tsne_3d_y": 7.0, "grid_tsne_3d_z": 6.0, "tile_dir": "tiles/0419" }, "geometry": { "type": "Point", "coordinates": [ 121.101464985352891, 54.556697283324425 ] } },
{ "type": "Feature", "properties": { "index": 420, "lon": 26.525287611589732, "lat": -10.448280315098657, "classification": 116, "subregion_name": "Sub-Saharan Africa", "umap_1d_x": -13.054811, "umap_2d_x": 48.088638, "umap_2d_y": -17.999939, "umap_3d_x": 35.990051, "umap_3d_y": -11.165363, "umap_3d_z": 28.347336, "tsne_1d_x": 52.28619, "tsne_2d_x": 37.020706, "tsne_2d_y": 4.6071663, "tsne_3d_x": -4.6141281, "tsne_3d_y": -39.120373, "tsne_3d_z": -16.907528, "grid_umap_1d_x": 420.0, "grid_umap_2d_x": 21.0, "grid_umap_2d_y": 7.0, "grid_umap_3d_x": 6.0, "grid_umap_3d_y": 1.0, "grid_umap_3d_z": 7.0, "grid_tsne_1d_x": 420.0, "grid_tsne_2d_x": 18.0, "grid_tsne_2d_y": 11.0, "grid_tsne_3d_x": 2.0, "grid_tsne_3d_y": 0.0, "grid_tsne_3d_z": 2.0, "tile_dir": "tiles/0420" }, "geometry": { "type": "Point", "coordinates": [ 26.525287611589732, -10.448280315098657 ] } },
{ "type": "Feature", "properties": { "index": 421, "lon": 38.164854341713635, "lat": 8.298222535757958, "classification": 40, "subregion_name": "Sub-Saharan Africa", "umap_1d_x": -1.2406142, "umap_2d_x": 4.9989243, "umap_2d_y": 29.965248, "umap_3d_x": 5.164917, "umap_3d_y": 30.492813, "umap_3d_z": 23.470917, "tsne_1d_x": 18.877842, "tsne_2d_x": 8.928299, "tsne_2d_y": -20.357138, "tsne_3d_x": 9.15448, "tsne_3d_y": -32.167492, "tsne_3d_z": 2.4928589, "grid_umap_1d_x": 421.0, "grid_umap_2d_x": 8.0, "grid_umap_2d_y": 21.0, "grid_umap_3d_x": 4.0, "grid_umap_3d_y": 6.0, "grid_umap_3d_z": 6.0, "grid_tsne_1d_x": 421.0, "grid_tsne_2d_x": 10.0, "grid_tsne_2d_y": 1.0, "grid_tsne_3d_x": 4.0, "grid_tsne_3d_y": 0.0, "grid_tsne_3d_z": 3.0, "tile_dir": "tiles/0421" }, "geometry": { "type": "Point", "coordinates": [ 38.164854341713635, 8.298222535757958 ] } },
{ "type": "Feature", "properties": { "index": 422, "lon": 2.613072629368304, "lat": 10.013096670006675, "classification": 40, "subregion_name": "Sub-Saharan Africa", "umap_1d_x": -2.4396899, "umap_2d_x": 10.04755, "umap_2d_y": 24.847862, "umap_3d_x": 8.3735657, "umap_3d_y": 35.176147, "umap_3d_z": 35.466637, "tsne_1d_x": 22.85084, "tsne_2d_x": 17.562813, "tsne_2d_y": -15.088184, "tsne_3d_x": 10.887806, "tsne_3d_y": -38.301502, "tsne_3d_z": 19.839951, "grid_umap_1d_x": 422.0, "grid_umap_2d_x": 12.0, "grid_umap_2d_y": 16.0, "grid_umap_3d_x": 5.0, "grid_umap_3d_y": 6.0, "grid_umap_3d_z": 7.0, "grid_tsne_1d_x": 422.0, "grid_tsne_2d_x": 15.0, "grid_tsne_2d_y": 6.0, "grid_tsne_3d_x": 4.0, "grid_tsne_3d_y": 1.0, "grid_tsne_3d_z": 6.0, "tile_dir": "tiles/0422" }, "geometry": { "type": "Point", "coordinates": [ 2.613072629368304, 10.013096670006675 ] } },
{ "type": "Feature", "properties": { "index": 423, "lon": 89.348047076176954, "lat": 68.754374414899246, "classification": 30, "subregion_name": "Eastern Europe", "umap_1d_x": 18.179485, "umap_2d_x": -46.628197, "umap_2d_y": -11.142742, "umap_3d_x": -46.803802, "umap_3d_y": 7.4600945, "umap_3d_z": -46.938854, "tsne_1d_x": -64.789452, "tsne_2d_x": -39.643764, "tsne_2d_y": 31.666512, "tsne_3d_x": -0.28726578, "tsne_3d_y": 26.454941, "tsne_3d_z": 42.287979, "grid_umap_1d_x": 423.0, "grid_umap_2d_x": 0.0, "grid_umap_2d_y": 3.0, "grid_umap_3d_x": 4.0, "grid_umap_3d_y": 3.0, "grid_umap_3d_z": 1.0, "grid_tsne_1d_x": 423.0, "grid_tsne_2d_x": 11.0, "grid_tsne_2d_y": 18.0, "grid_tsne_3d_x": 4.0, "grid_tsne_3d_y": 4.0, "grid_tsne_3d_z": 5.0, "tile_dir": "tiles/0423" }, "geometry": { "type": "Point", "coordinates": [ 89.348047076176954, 68.754374414899246 ] } },
{ "type": "Feature", "properties": { "index": 424, "lon": 112.40429911970176, "lat": -1.1082895080852211, "classification": 112, "subregion_name": "South-eastern Asia", "umap_1d_x": -6.3852844, "umap_2d_x": 30.687531, "umap_2d_y": 37.57383, "umap_3d_x": 26.07225, "umap_3d_y": 40.248482, "umap_3d_z": 6.2005043, "tsne_1d_x": 35.796509, "tsne_2d_x": 35.218987, "tsne_2d_y": -31.181442, "tsne_3d_x": 35.981903, "tsne_3d_y": -34.660496, "tsne_3d_z": -19.695091, "grid_umap_1d_x": 424.0, "grid_umap_2d_x": 19.0, "grid_umap_2d_y": 18.0, "grid_umap_3d_x": 7.0, "grid_umap_3d_y": 7.0, "grid_umap_3d_z": 3.0, "grid_tsne_1d_x": 424.0, "grid_tsne_2d_x": 17.0, "grid_tsne_2d_y": 6.0, "grid_tsne_3d_x": 6.0, "grid_tsne_3d_y": 2.0, "grid_tsne_3d_z": 2.0, "tile_dir": "tiles/0424" }, "geometry": { "type": "Point", "coordinates": [ 112.404299119701761, -1.108289508085221 ] } },
{ "type": "Feature", "properties": { "index": 425, "lon": 76.958113839702719, "lat": 56.734072733503908, "classification": 124, "subregion_name": "Eastern Europe", "umap_1d_x": 11.653728, "umap_2d_x": -29.664787, "umap_2d_y": 20.171623, "umap_3d_x": -35.803688, "umap_3d_y": 7.8009377, "umap_3d_z": -29.001993, "tsne_1d_x": -60.658222, "tsne_2d_x": -23.18964, "tsne_2d_y": 33.60656, "tsne_3d_x": 11.717808, "tsne_3d_y": 12.962078, "tsne_3d_z": 22.263489, "grid_umap_1d_x": 425.0, "grid_umap_2d_x": 4.0, "grid_umap_2d_y": 18.0, "grid_umap_3d_x": 1.0, "grid_umap_3d_y": 4.0, "grid_umap_3d_z": 0.0, "grid_tsne_1d_x": 425.0, "grid_tsne_2d_x": 6.0, "grid_tsne_2d_y": 21.0, "grid_tsne_3d_x": 6.0, "grid_tsne_3d_y": 5.0, "grid_tsne_3d_z": 7.0, "tile_dir": "tiles/0425" }, "geometry": { "type": "Point", "coordinates": [ 76.958113839702719, 56.734072733503908 ] } },
{ "type": "Feature", "properties": { "index": 426, "lon": 13.978880662452582, "lat": -0.57850684448897005, "classification": 112, "subregion_name": "Sub-Saharan Africa", "umap_1d_x": -6.4977069, "umap_2d_x": 30.99884, "umap_2d_y": 41.720818, "umap_3d_x": 27.40255, "umap_3d_y": 36.43055, "umap_3d_z": 9.7681236, "tsne_1d_x": 37.90881, "tsne_2d_x": 38.232567, "tsne_2d_y": -34.578503, "tsne_3d_x": 46.202888, "tsne_3d_y": -33.415649, "tsne_3d_z": -21.023766, "grid_umap_1d_x": 426.0, "grid_umap_2d_x": 17.0, "grid_umap_2d_y": 18.0, "grid_umap_3d_x": 7.0, "grid_umap_3d_y": 6.0, "grid_umap_3d_z": 5.0, "grid_tsne_1d_x": 426.0, "grid_tsne_2d_x": 19.0, "grid_tsne_2d_y": 3.0, "grid_tsne_3d_x": 6.0, "grid_tsne_3d_y": 4.0, "grid_tsne_3d_z": 2.0, "tile_dir": "tiles/0426" }, "geometry": { "type": "Point", "coordinates": [ 13.978880662452582, -0.57850684448897 ] } },
{ "type": "Feature", "properties": { "index": 427, "lon": 102.2348611076377, "lat": 4.1668462538407027, "classification": 112, "subregion_name": "South-eastern Asia", "umap_1d_x": -6.5355945, "umap_2d_x": 31.314903, "umap_2d_y": 39.395729, "umap_3d_x": 27.128426, "umap_3d_y": 38.949669, "umap_3d_z": 8.4202995, "tsne_1d_x": 37.298019, "tsne_2d_x": 36.555328, "tsne_2d_y": -34.32653, "tsne_3d_x": 40.639198, "tsne_3d_y": -32.077065, "tsne_3d_z": -23.892923, "grid_umap_1d_x": 427.0, "grid_umap_2d_x": 20.0, "grid_umap_2d_y": 20.0, "grid_umap_3d_x": 6.0, "grid_umap_3d_y": 5.0, "grid_umap_3d_z": 4.0, "grid_tsne_1d_x": 427.0, "grid_tsne_2d_x": 16.0, "grid_tsne_2d_y": 8.0, "grid_tsne_3d_x": 5.0, "grid_tsne_3d_y": 5.0, "grid_tsne_3d_z": 2.0, "tile_dir": "tiles/0427" }, "geometry": { "type": "Point", "coordinates": [ 102.234861107637698, 4.166846253840703 ] } },
{ "type": "Feature", "properties": { "index": 428, "lon": 100.65545502846902, "lat": -1.043177332893841, "classification": 112, "subregion_name": "South-eastern Asia", "umap_1d_x": -5.6003141, "umap_2d_x": 27.532097, "umap_2d_y": 34.767838, "umap_3d_x": 22.093422, "umap_3d_y": 35.961685, "umap_3d_z": 8.7922707, "tsne_1d_x": 33.2649, "tsne_2d_x": 31.234894, "tsne_2d_y": -24.990568, "tsne_3d_x": 30.254372, "tsne_3d_y": -27.341717, "tsne_3d_z": -11.304153, "grid_umap_1d_x": 428.0, "grid_umap_2d_x": 19.0, "grid_umap_2d_y": 20.0, "grid_umap_3d_x": 7.0, "grid_umap_3d_y": 7.0, "grid_umap_3d_z": 5.0, "grid_tsne_1d_x": 428.0, "grid_tsne_2d_x": 17.0, "grid_tsne_2d_y": 5.0, "grid_tsne_3d_x": 7.0, "grid_tsne_3d_y": 1.0, "grid_tsne_3d_z": 2.0, "tile_dir": "tiles/0428" }, "geometry": { "type": "Point", "coordinates": [ 100.655455028469021, -1.043177332893841 ] } },
{ "type": "Feature", "properties": { "index": 429, "lon": 113.95719595345355, "lat": -22.24127394806667, "classification": 20, "subregion_name": "Unknown", "umap_1d_x": -20.037861, "umap_2d_x": 39.941055, "umap_2d_y": -44.312576, "umap_3d_x": 49.541176, "umap_3d_y": -43.437656, "umap_3d_z": 19.545921, "tsne_1d_x": 76.138634, "tsne_2d_x": 39.374916, "tsne_2d_y": 40.520233, "tsne_3d_x": -40.87587, "tsne_3d_y": -17.263954, "tsne_3d_z": -31.988623, "grid_umap_1d_x": 429.0, "grid_umap_2d_x": 15.0, "grid_umap_2d_y": 3.0, "grid_umap_3d_x": 6.0, "grid_umap_3d_y": 0.0, "grid_umap_3d_z": 2.0, "grid_tsne_1d_x": 429.0, "grid_tsne_2d_x": 18.0, "grid_tsne_2d_y": 21.0, "grid_tsne_3d_x": 0.0, "grid_tsne_3d_y": 4.0, "grid_tsne_3d_z": 0.0, "tile_dir": "tiles/0429" }, "geometry": { "type": "Point", "coordinates": [ 113.957195953453549, -22.24127394806667 ] } },
{ "type": "Feature", "properties": { "index": 430, "lon": 46.331391656854663, "lat": 39.237048374171835, "classification": 126, "subregion_name": "Western Asia", "umap_1d_x": 6.679533, "umap_2d_x": -14.214806, "umap_2d_y": 6.3711281, "umap_3d_x": -21.162432, "umap_3d_y": 2.9622841, "umap_3d_z": 6.5773888, "tsne_1d_x": -3.8955333, "tsne_2d_x": 4.6627274, "tsne_2d_y": 17.79126, "tsne_3d_x": -18.683512, "tsne_3d_y": -10.124722, "tsne_3d_z": 19.209427, "grid_umap_1d_x": 430.0, "grid_umap_2d_x": 7.0, "grid_umap_2d_y": 10.0, "grid_umap_3d_x": 0.0, "grid_umap_3d_y": 3.0, "grid_umap_3d_z": 6.0, "grid_tsne_1d_x": 430.0, "grid_tsne_2d_x": 13.0, "grid_tsne_2d_y": 16.0, "grid_tsne_3d_x": 1.0, "grid_tsne_3d_y": 2.0, "grid_tsne_3d_z": 6.0, "tile_dir": "tiles/0430" }, "geometry": { "type": "Point", "coordinates": [ 46.331391656854663, 39.237048374171835 ] } },
{ "type": "Feature", "properties": { "index": 431, "lon": -123.43169176571186, "lat": 44.550315398664964, "classification": 111, "subregion_name": "Unknown", "umap_1d_x": 6.795763, "umap_2d_x": -20.38489, "umap_2d_y": -2.7479935, "umap_3d_x": -29.870739, "umap_3d_y": -7.0489426, "umap_3d_z": -0.032718658, "tsne_1d_x": -16.638237, "tsne_2d_x": -4.4309158, "tsne_2d_y": 12.451721, "tsne_3d_x": -25.534693, "tsne_3d_y": -2.1632996, "tsne_3d_z": 2.5181465, "grid_umap_1d_x": 431.0, "grid_umap_2d_x": 9.0, "grid_umap_2d_y": 6.0, "grid_umap_3d_x": 1.0, "grid_umap_3d_y": 0.0, "grid_umap_3d_z": 6.0, "grid_tsne_1d_x": 431.0, "grid_tsne_2d_x": 7.0, "grid_tsne_2d_y": 13.0, "grid_tsne_3d_x": 0.0, "grid_tsne_3d_y": 4.0, "grid_tsne_3d_z": 3.0, "tile_dir": "tiles/0431" }, "geometry": { "type": "Point", "coordinates": [ -123.431691765711861, 44.550315398664964 ] } },
{ "type": "Feature", "properties": { "index": 432, "lon": -55.519913153857658, "lat": -31.338290145883871, "classification": 112, "subregion_name": "Latin America and the Caribbean", "umap_1d_x": -16.550617, "umap_2d_x": 34.777092, "umap_2d_y": -22.003853, "umap_3d_x": 44.556381, "umap_3d_y": -17.000122, "umap_3d_z": 8.5800896, "tsne_1d_x": 68.657326, "tsne_2d_x": 28.079544, "tsne_2d_y": 40.719185, "tsne_3d_x": -6.3490028, "tsne_3d_y": -8.4910088, "tsne_3d_z": -36.598396, "grid_umap_1d_x": 432.0, "grid_umap_2d_x": 18.0, "grid_umap_2d_y": 2.0, "grid_umap_3d_x": 7.0, "grid_umap_3d_y": 1.0, "grid_umap_3d_z": 1.0, "grid_tsne_1d_x": 432.0, "grid_tsne_2d_x": 14.0, "grid_tsne_2d_y": 21.0, "grid_tsne_3d_x": 3.0, "grid_tsne_3d_y": 5.0, "grid_tsne_3d_z": 0.0, "tile_dir": "tiles/0432" }, "geometry": { "type": "Point", "coordinates": [ -55.519913153857658, -31.338290145883871 ] } },
{ "type": "Feature", "properties": { "index": 433, "lon": -112.40151622781093, "lat": 54.845964946665475, "classification": 126, "subregion_name": "Northern America", "umap_1d_x": 17.893652, "umap_2d_x": -45.448669, "umap_2d_y": -17.534237, "umap_3d_x": -41.657833, "umap_3d_y": 4.3323631, "umap_3d_z": -44.059933, "tsne_1d_x": -59.035896, "tsne_2d_x": -33.757774, "tsne_2d_y": 36.718491, "tsne_3d_x": 8.3093948, "tsne_3d_y": 13.757175, "tsne_3d_z": 44.303093, "grid_umap_1d_x": 433.0, "grid_umap_2d_x": 1.0, "grid_umap_2d_y": 0.0, "grid_umap_3d_x": 6.0, "grid_umap_3d_y": 2.0, "grid_umap_3d_z": 0.0, "grid_tsne_1d_x": 433.0, "grid_tsne_2d_x": 5.0, "grid_tsne_2d_y": 21.0, "grid_tsne_3d_x": 5.0, "grid_tsne_3d_y": 4.0, "grid_tsne_3d_z": 7.0, "tile_dir": "tiles/0433" }, "geometry": { "type": "Point", "coordinates": [ -112.40151622781093, 54.845964946665475 ] } },
{ "type": "Feature", "properties": { "index": 434, "lon": -6.4183886505146006, "lat": 40.936195533060797, "classification": 40, "subregion_name": "Southern Europe", "umap_1d_x": 6.3790865, "umap_2d_x": -14.802219, "umap_2d_y": 0.17691422, "umap_3d_x": -22.802444, "umap_3d_y": -3.9712563, "umap_3d_z": 8.6953049, "tsne_1d_x": -2.5051136, "tsne_2d_x": 2.5753136, "tsne_2d_y": 12.652485, "tsne_3d_x": -27.135216, "tsne_3d_y": -12.186787, "tsne_3d_z": 12.26516, "grid_umap_1d_x": 434.0, "grid_umap_2d_x": 2.0, "grid_umap_2d_y": 5.0, "grid_umap_3d_x": 1.0, "grid_umap_3d_y": 0.0, "grid_umap_3d_z": 7.0, "grid_tsne_1d_x": 434.0, "grid_tsne_2d_x": 9.0, "grid_tsne_2d_y": 13.0, "grid_tsne_3d_x": 0.0, "grid_tsne_3d_y": 2.0, "grid_tsne_3d_z": 5.0, "tile_dir": "tiles/0434" }, "geometry": { "type": "Point", "coordinates": [ -6.418388650514601, 40.936195533060797 ] } },
{ "type": "Feature", "properties": { "index": 435, "lon": 73.310647022210134, "lat": 44.352967012794153, "classification": 30, "subregion_name": "Unknown", "umap_1d_x": 6.4332261, "umap_2d_x": -13.193932, "umap_2d_y": 7.7902603, "umap_3d_x": -19.778553, "umap_3d_y": 3.6165771, "umap_3d_z": 8.2070351, "tsne_1d_x": -1.6418033, "tsne_2d_x": 7.2291565, "tsne_2d_y": 19.422821, "tsne_3d_x": -14.627983, "tsne_3d_y": -15.934189, "tsne_3d_z": 23.139297, "grid_umap_1d_x": 435.0, "grid_umap_2d_x": 2.0, "grid_umap_2d_y": 10.0, "grid_umap_3d_x": 1.0, "grid_umap_3d_y": 4.0, "grid_umap_3d_z": 7.0, "grid_tsne_1d_x": 435.0, "grid_tsne_2d_x": 12.0, "grid_tsne_2d_y": 18.0, "grid_tsne_3d_x": 1.0, "grid_tsne_3d_y": 1.0, "grid_tsne_3d_z": 7.0, "tile_dir": "tiles/0435" }, "geometry": { "type": "Point", "coordinates": [ 73.310647022210134, 44.352967012794153 ] } },
{ "type": "Feature", "properties": { "index": 436, "lon": -60.732136817655316, "lat": -4.8402392843138813, "classification": 112, "subregion_name": "Latin America and the Caribbean", "umap_1d_x": -8.3758516, "umap_2d_x": 35.991051, "umap_2d_y": 26.788231, "umap_3d_x": 34.059792, "umap_3d_y": 44.929482, "umap_3d_z": -2.2436409, "tsne_1d_x": 42.836002, "tsne_2d_x": 47.997704, "tsne_2d_y": -27.682796, "tsne_3d_x": 32.80162, "tsne_3d_y": -49.473785, "tsne_3d_z": -34.67421, "grid_umap_1d_x": 436.0, "grid_umap_2d_x": 17.0, "grid_umap_2d_y": 12.0, "grid_umap_3d_x": 6.0, "grid_umap_3d_y": 5.0, "grid_umap_3d_z": 0.0, "grid_tsne_1d_x": 436.0, "grid_tsne_2d_x": 20.0, "grid_tsne_2d_y": 6.0, "grid_tsne_3d_x": 5.0, "grid_tsne_3d_y": 0.0, "grid_tsne_3d_z": 1.0, "tile_dir": "tiles/0436" }, "geometry": { "type": "Point", "coordinates": [ -60.732136817655316, -4.840239284313881 ] } },
{ "type": "Feature", "properties": { "index": 437, "lon": 126.50557043155152, "lat": 37.761318029388605, "classification": 40, "subregion_name": "Eastern Asia", "umap_1d_x": 8.5623264, "umap_2d_x": -13.725971, "umap_2d_y": 32.405884, "umap_3d_x": -12.994965, "umap_3d_y": 26.636024, "umap_3d_z": -6.3633766, "tsne_1d_x": -9.1918106, "tsne_2d_x": -6.0563164, "tsne_2d_y": -25.54801, "tsne_3d_x": 39.035294, "tsne_3d_y": 1.5799713, "tsne_3d_z": 12.60096, "grid_umap_1d_x": 437.0, "grid_umap_2d_x": 1.0, "grid_umap_2d_y": 22.0, "grid_umap_3d_x": 2.0, "grid_umap_3d_y": 7.0, "grid_umap_3d_z": 2.0, "grid_tsne_1d_x": 437.0, "grid_tsne_2d_x": 6.0, "grid_tsne_2d_y": 1.0, "grid_tsne_3d_x": 7.0, "grid_tsne_3d_y": 4.0, "grid_tsne_3d_z": 5.0, "tile_dir": "tiles/0437" }, "geometry": { "type": "Point", "coordinates": [ 126.505570431551519, 37.761318029388605 ] } },
{ "type": "Feature", "properties": { "index": 438, "lon": 114.65033589892528, "lat": -3.8898049356189119, "classification": 126, "subregion_name": "Unknown", "umap_1d_x": -13.548847, "umap_2d_x": 42.783356, "umap_2d_y": -11.876343, "umap_3d_x": 41.35173, "umap_3d_y": -2.2574921, "umap_3d_z": 23.843025, "tsne_1d_x": 47.070312, "tsne_2d_x": 44.390488, "tsne_2d_y": 2.9682884, "tsne_3d_x": 9.4586601, "tsne_3d_y": -29.530966, "tsne_3d_z": -29.600449, "grid_umap_1d_x": 438.0, "grid_umap_2d_x": 19.0, "grid_umap_2d_y": 9.0, "grid_umap_3d_x": 7.0, "grid_umap_3d_y": 4.0, "grid_umap_3d_z": 6.0, "grid_tsne_1d_x": 438.0, "grid_tsne_2d_x": 16.0, "grid_tsne_2d_y": 12.0, "grid_tsne_3d_x": 4.0, "grid_tsne_3d_y": 2.0, "grid_tsne_3d_z": 0.0, "tile_dir": "tiles/0438" }, "geometry": { "type": "Point", "coordinates": [ 114.650335898925277, -3.889804935618912 ] } },
{ "type": "Feature", "properties": { "index": 439, "lon": 58.20287855991478, "lat": 58.776455349178335, "classification": 114, "subregion_name": "Eastern Europe", "umap_1d_x": 15.292258, "umap_2d_x": -31.896793, "umap_2d_y": -8.6735573, "umap_3d_x": -42.335514, "umap_3d_y": -7.929039, "umap_3d_z": -12.085751, "tsne_1d_x": -30.499914, "tsne_2d_x": -26.305311, "tsne_2d_y": -3.4247894, "tsne_3d_x": -25.55229, "tsne_3d_y": 26.077499, "tsne_3d_z": 12.56839, "grid_umap_1d_x": 439.0, "grid_umap_2d_x": 4.0, "grid_umap_2d_y": 3.0, "grid_umap_3d_x": 2.0, "grid_umap_3d_y": 1.0, "grid_umap_3d_z": 3.0, "grid_tsne_1d_x": 439.0, "grid_tsne_2d_x": 7.0, "grid_tsne_2d_y": 9.0, "grid_tsne_3d_x": 2.0, "grid_tsne_3d_y": 5.0, "grid_tsne_3d_z": 4.0, "tile_dir": "tiles/0439" }, "geometry": { "type": "Point", "coordinates": [ 58.20287855991478, 58.776455349178335 ] } },
{ "type": "Feature", "properties": { "index": 440, "lon": 120.94539610752696, "lat": 61.131402989125945, "classification": 113, "subregion_name": "Eastern Europe", "umap_1d_x": 16.011049, "umap_2d_x": -43.529732, "umap_2d_y": 10.774715, "umap_3d_x": -47.956917, "umap_3d_y": 21.532181, "umap_3d_z": -22.62026, "tsne_1d_x": -44.202198, "tsne_2d_x": -42.040157, "tsne_2d_y": 6.0394287, "tsne_3d_x": 9.7166939, "tsne_3d_y": 35.784843, "tsne_3d_z": 17.343964, "grid_umap_1d_x": 440.0, "grid_umap_2d_x": 6.0, "grid_umap_2d_y": 14.0, "grid_umap_3d_x": 1.0, "grid_umap_3d_y": 6.0, "grid_umap_3d_z": 2.0, "grid_tsne_1d_x": 440.0, "grid_tsne_2d_x": 7.0, "grid_tsne_2d_y": 12.0, "grid_tsne_3d_x": 5.0, "grid_tsne_3d_y": 7.0, "grid_tsne_3d_z": 5.0, "tile_dir": "tiles/0440" }, "geometry": { "type": "Point", "coordinates": [ 120.94539610752696, 61.131402989125945 ] } },
{ "type": "Feature", "properties": { "index": 441, "lon": 9.4929349343081526, "lat": -1.3223293552080551, "classification": 112, "subregion_name": "Sub-Saharan Africa", "umap_1d_x": -6.904336, "umap_2d_x": 31.614082, "umap_2d_y": 36.777245, "umap_3d_x": 28.00602, "umap_3d_y": 38.782005, "umap_3d_z": 4.4151115, "tsne_1d_x": 36.559814, "tsne_2d_x": 38.714119, "tsne_2d_y": -27.704992, "tsne_3d_x": 41.163696, "tsne_3d_y": -42.224426, "tsne_3d_z": -16.867474, "grid_umap_1d_x": 441.0, "grid_umap_2d_x": 18.0, "grid_umap_2d_y": 16.0, "grid_umap_3d_x": 6.0, "grid_umap_3d_y": 4.0, "grid_umap_3d_z": 3.0, "grid_tsne_1d_x": 441.0, "grid_tsne_2d_x": 21.0, "grid_tsne_2d_y": 1.0, "grid_tsne_3d_x": 7.0, "grid_tsne_3d_y": 0.0, "grid_tsne_3d_z": 2.0, "tile_dir": "tiles/0441" }, "geometry": { "type": "Point", "coordinates": [ 9.492934934308153, -1.322329355208055 ] } },
{ "type": "Feature", "properties": { "index": 442, "lon": 127.07016949108367, "lat": -27.254691959031028, "classification": 30, "subregion_name": "Unknown", "umap_1d_x": -20.726152, "umap_2d_x": 42.271698, "umap_2d_y": -49.459187, "umap_3d_x": 47.844505, "umap_3d_y": -48.884987, "umap_3d_z": 26.104965, "tsne_1d_x": 80.565956, "tsne_2d_x": 44.722717, "tsne_2d_y": 43.863571, "tsne_3d_x": -45.068199, "tsne_3d_y": -14.430603, "tsne_3d_z": -17.477993, "grid_umap_1d_x": 442.0, "grid_umap_2d_x": 14.0, "grid_umap_2d_y": 3.0, "grid_umap_3d_x": 4.0, "grid_umap_3d_y": 0.0, "grid_umap_3d_z": 5.0, "grid_tsne_1d_x": 442.0, "grid_tsne_2d_x": 20.0, "grid_tsne_2d_y": 22.0, "grid_tsne_3d_x": 2.0, "grid_tsne_3d_y": 4.0, "grid_tsne_3d_z": 3.0, "tile_dir": "tiles/0442" }, "geometry": { "type": "Point", "coordinates": [ 127.070169491083675, -27.254691959031028 ] } },
{ "type": "Feature", "properties": { "index": 443, "lon": -64.27607914939594, "lat": -32.637311761419745, "classification": 20, "subregion_name": "Latin America and the Caribbean", "umap_1d_x": -16.118267, "umap_2d_x": 36.959549, "umap_2d_y": -20.379704, "umap_3d_x": 45.934692, "umap_3d_y": -13.027676, "umap_3d_z": 13.016331, "tsne_1d_x": 64.52845, "tsne_2d_x": 30.939346, "tsne_2d_y": 28.247932, "tsne_3d_x": -10.636425, "tsne_3d_y": -17.530781, "tsne_3d_z": -37.5261, "grid_umap_1d_x": 443.0, "grid_umap_2d_x": 18.0, "grid_umap_2d_y": 4.0, "grid_umap_3d_x": 6.0, "grid_umap_3d_y": 3.0, "grid_umap_3d_z": 2.0, "grid_tsne_1d_x": 443.0, "grid_tsne_2d_x": 18.0, "grid_tsne_2d_y": 19.0, "grid_tsne_3d_x": 2.0, "grid_tsne_3d_y": 3.0, "grid_tsne_3d_z": 0.0, "tile_dir": "tiles/0443" }, "geometry": { "type": "Point", "coordinates": [ -64.27607914939594, -32.637311761419745 ] } },
{ "type": "Feature", "properties": { "index": 444, "lon": 126.31270372362331, "lat": 49.965426371271562, "classification": 114, "subregion_name": "Unknown", "umap_1d_x": 12.691064, "umap_2d_x": -34.764641, "umap_2d_y": 16.008339, "umap_3d_x": -40.641693, "umap_3d_y": 15.141373, "umap_3d_z": -12.285725, "tsne_1d_x": -40.890175, "tsne_2d_x": -35.107204, "tsne_2d_y": -3.3946114, "tsne_3d_x": 21.079544, "tsne_3d_y": 22.395592, "tsne_3d_z": 4.217411, "grid_umap_1d_x": 444.0, "grid_umap_2d_x": 2.0, "grid_umap_2d_y": 17.0, "grid_umap_3d_x": 1.0, "grid_umap_3d_y": 5.0, "grid_umap_3d_z": 3.0, "grid_tsne_1d_x": 444.0, "grid_tsne_2d_x": 7.0, "grid_tsne_2d_y": 10.0, "grid_tsne_3d_x": 7.0, "grid_tsne_3d_y": 6.0, "grid_tsne_3d_z": 2.0, "tile_dir": "tiles/0444" }, "geometry": { "type": "Point", "coordinates": [ 126.312703723623315, 49.965426371271562 ] } },
{ "type": "Feature", "properties": { "index": 445, "lon": -82.481434339515062, "lat": 35.709138173408633, "classification": 30, "subregion_name": "Unknown", "umap_1d_x": 10.154842, "umap_2d_x": -23.533928, "umap_2d_y": 15.187477, "umap_3d_x": -24.404625, "umap_3d_y": 4.5366516, "umap_3d_z": -23.475965, "tsne_1d_x": -14.405636, "tsne_2d_x": -2.5550842, "tsne_2d_y": -1.2898788, "tsne_3d_x": 5.598877, "tsne_3d_y": 3.0424652, "tsne_3d_z": -2.6779976, "grid_umap_1d_x": 445.0, "grid_umap_2d_x": 2.0, "grid_umap_2d_y": 16.0, "grid_umap_3d_x": 3.0, "grid_umap_3d_y": 3.0, "grid_umap_3d_z": 1.0, "grid_tsne_1d_x": 445.0, "grid_tsne_2d_x": 4.0, "grid_tsne_2d_y": 3.0, "grid_tsne_3d_x": 5.0, "grid_tsne_3d_y": 5.0, "grid_tsne_3d_z": 1.0, "tile_dir": "tiles/0445" }, "geometry": { "type": "Point", "coordinates": [ -82.481434339515062, 35.709138173408633 ] } },
{ "type": "Feature", "properties": { "index": 446, "lon": 112.72778363012856, "lat": 22.681777175939573, "classification": 112, "subregion_name": "Unknown", "umap_1d_x": 4.5615034, "umap_2d_x": -6.5420036, "umap_2d_y": 32.632294, "umap_3d_x": -6.3293076, "umap_3d_y": 29.781647, "umap_3d_z": 0.39606094, "tsne_1d_x": 5.5520115, "tsne_2d_x": -1.9709778, "tsne_2d_y": -34.912437, "tsne_3d_x": 44.19796, "tsne_3d_y": -11.997864, "tsne_3d_z": 5.4864006, "grid_umap_1d_x": 446.0, "grid_umap_2d_x": 3.0, "grid_umap_2d_y": 22.0, "grid_umap_3d_x": 4.0, "grid_umap_3d_y": 7.0, "grid_umap_3d_z": 2.0, "grid_tsne_1d_x": 446.0, "grid_tsne_2d_x": 7.0, "grid_tsne_2d_y": 0.0, "grid_tsne_3d_x": 7.0, "grid_tsne_3d_y": 3.0, "grid_tsne_3d_z": 4.0, "tile_dir": "tiles/0446" }, "geometry": { "type": "Point", "coordinates": [ 112.727783630128556, 22.681777175939573 ] } },
{ "type": "Feature", "properties": { "index": 447, "lon": 16.170060842190111, "lat": -11.026110136178907, "classification": 30, "subregion_name": "Sub-Saharan Africa", "umap_1d_x": -12.78039, "umap_2d_x": 49.341904, "umap_2d_y": -16.660851, "umap_3d_x": 34.730492, "umap_3d_y": -9.8485985, "umap_3d_z": 29.9813, "tsne_1d_x": 51.761841, "tsne_2d_x": 36.793991, "tsne_2d_y": 2.2754555, "tsne_3d_x": -5.6170273, "tsne_3d_y": -42.601635, "tsne_3d_z": -16.611591, "grid_umap_1d_x": 447.0, "grid_umap_2d_x": 20.0, "grid_umap_2d_y": 9.0, "grid_umap_3d_x": 4.0, "grid_umap_3d_y": 2.0, "grid_umap_3d_z": 6.0, "grid_tsne_1d_x": 447.0, "grid_tsne_2d_x": 18.0, "grid_tsne_2d_y": 10.0, "grid_tsne_3d_x": 3.0, "grid_tsne_3d_y": 0.0, "grid_tsne_3d_z": 3.0, "tile_dir": "tiles/0447" }, "geometry": { "type": "Point", "coordinates": [ 16.170060842190111, -11.026110136178907 ] } },
{ "type": "Feature", "properties": { "index": 448, "lon": 95.176647622467726, "lat": 24.241697607185216, "classification": 112, "subregion_name": "South-eastern Asia", "umap_1d_x": -0.6895594, "umap_2d_x": 1.9902344, "umap_2d_y": 36.31588, "umap_3d_x": 3.1756744, "umap_3d_y": 35.794998, "umap_3d_z": 13.563751, "tsne_1d_x": 8.9369955, "tsne_2d_x": 6.4867554, "tsne_2d_y": -31.544662, "tsne_3d_x": 24.184769, "tsne_3d_y": -18.455673, "tsne_3d_z": 11.611736, "grid_umap_1d_x": 448.0, "grid_umap_2d_x": 8.0, "grid_umap_2d_y": 19.0, "grid_umap_3d_x": 4.0, "grid_umap_3d_y": 7.0, "grid_umap_3d_z": 4.0, "grid_tsne_1d_x": 448.0, "grid_tsne_2d_x": 10.0, "grid_tsne_2d_y": 8.0, "grid_tsne_3d_x": 7.0, "grid_tsne_3d_y": 2.0, "grid_tsne_3d_z": 5.0, "tile_dir": "tiles/0448" }, "geometry": { "type": "Point", "coordinates": [ 95.176647622467726, 24.241697607185216 ] } },
{ "type": "Feature", "properties": { "index": 449, "lon": -76.897467082127633, "lat": 5.5368267075111248, "classification": 112, "subregion_name": "Latin America and the Caribbean", "umap_1d_x": -5.5770345, "umap_2d_x": 27.233612, "umap_2d_y": 36.485977, "umap_3d_x": 22.042847, "umap_3d_y": 39.040779, "umap_3d_z": 8.4263191, "tsne_1d_x": 34.017704, "tsne_2d_x": 30.625221, "tsne_2d_y": -30.233578, "tsne_3d_x": 32.511864, "tsne_3d_y": -35.279163, "tsne_3d_z": -10.818085, "grid_umap_1d_x": 449.0, "grid_umap_2d_x": 16.0, "grid_umap_2d_y": 17.0, "grid_umap_3d_x": 5.0, "grid_umap_3d_y": 6.0, "grid_umap_3d_z": 3.0, "grid_tsne_1d_x": 449.0, "grid_tsne_2d_x": 17.0, "grid_tsne_2d_y": 3.0, "grid_tsne_3d_x": 6.0, "grid_tsne_3d_y": 1.0, "grid_tsne_3d_z": 3.0, "tile_dir": "tiles/0449" }, "geometry": { "type": "Point", "coordinates": [ -76.897467082127633, 5.536826707511125 ] } },
{ "type": "Feature", "properties": { "index": 450, "lon": 158.67761614366299, "lat": -7.7892533963903148, "classification": 112, "subregion_name": "Melanesia", "umap_1d_x": 5.1526761, "umap_2d_x": -10.999542, "umap_2d_y": 23.957657, "umap_3d_x": -12.127922, "umap_3d_y": 21.225746, "umap_3d_z": 5.1689796, "tsne_1d_x": 2.2877007, "tsne_2d_x": 0.55443573, "tsne_2d_y": -15.882835, "tsne_3d_x": 27.734879, "tsne_3d_y": -9.4186249, "tsne_3d_z": -15.898415, "grid_umap_1d_x": 450.0, "grid_umap_2d_x": 0.0, "grid_umap_2d_y": 20.0, "grid_umap_3d_x": 0.0, "grid_umap_3d_y": 7.0, "grid_umap_3d_z": 6.0, "grid_tsne_1d_x": 450.0, "grid_tsne_2d_x": 8.0, "grid_tsne_2d_y": 5.0, "grid_tsne_3d_x": 7.0, "grid_tsne_3d_y": 5.0, "grid_tsne_3d_z": 0.0, "tile_dir": "tiles/0450" }, "geometry": { "type": "Point", "coordinates": [ 158.677616143662988, -7.789253396390315 ] } },
{ "type": "Feature", "properties": { "index": 451, "lon": 0.041785526117137997, "lat": 51.953279026885696, "classification": 126, "subregion_name": "Unknown", "umap_1d_x": 22.94878, "umap_2d_x": -21.307272, "umap_2d_y": -16.057365, "umap_3d_x": -29.367046, "umap_3d_y": -15.672707, "umap_3d_z": -9.4289513, "tsne_1d_x": -19.489822, "tsne_2d_x": -8.5252647, "tsne_2d_y": 20.908081, "tsne_3d_x": -37.100281, "tsne_3d_y": -2.8755722, "tsne_3d_z": 14.960442, "grid_umap_1d_x": 451.0, "grid_umap_2d_x": 10.0, "grid_umap_2d_y": 0.0, "grid_umap_3d_x": 3.0, "grid_umap_3d_y": 0.0, "grid_umap_3d_z": 4.0, "grid_tsne_1d_x": 451.0, "grid_tsne_2d_x": 5.0, "grid_tsne_2d_y": 18.0, "grid_tsne_3d_x": 1.0, "grid_tsne_3d_y": 3.0, "grid_tsne_3d_z": 4.0, "tile_dir": "tiles/0451" }, "geometry": { "type": "Point", "coordinates": [ 0.041785526117138, 51.953279026885696 ] } },
{ "type": "Feature", "properties": { "index": 452, "lon": 115.62495288103338, "lat": 26.355758510854102, "classification": 126, "subregion_name": "Unknown", "umap_1d_x": 4.4598417, "umap_2d_x": -6.5080147, "umap_2d_y": 33.856819, "umap_3d_x": -7.0295792, "umap_3d_y": 30.974503, "umap_3d_z": 1.9760361, "tsne_1d_x": 4.9873061, "tsne_2d_x": -0.94065475, "tsne_2d_y": -37.307777, "tsne_3d_x": 42.840385, "tsne_3d_y": -11.143501, "tsne_3d_z": 10.805595, "grid_umap_1d_x": 452.0, "grid_umap_2d_x": 4.0, "grid_umap_2d_y": 22.0, "grid_umap_3d_x": 2.0, "grid_umap_3d_y": 7.0, "grid_umap_3d_z": 4.0, "grid_tsne_1d_x": 452.0, "grid_tsne_2d_x": 8.0, "grid_tsne_2d_y": 1.0, "grid_tsne_3d_x": 7.0, "grid_tsne_3d_y": 3.0, "grid_tsne_3d_z": 5.0, "tile_dir": "tiles/0452" }, "geometry": { "type": "Point", "coordinates": [ 115.62495288103338, 26.355758510854102 ] } },
{ "type": "Feature", "properties": { "index": 453, "lon": 34.87956439592412, "lat": 38.443200626423817, "classification": 30, "subregion_name": "Western Asia", "umap_1d_x": 6.8915548, "umap_2d_x": -14.669594, "umap_2d_y": 7.7026558, "umap_3d_x": -21.52319, "umap_3d_y": 4.680233, "umap_3d_z": 7.2932243, "tsne_1d_x": -4.5606756, "tsne_2d_x": 6.1066933, "tsne_2d_y": 21.724022, "tsne_3d_x": -10.807964, "tsne_3d_y": -13.991383, "tsne_3d_z": 19.477936, "grid_umap_1d_x": 453.0, "grid_umap_2d_x": 7.0, "grid_umap_2d_y": 11.0, "grid_umap_3d_x": 2.0, "grid_umap_3d_y": 4.0, "grid_umap_3d_z": 6.0, "grid_tsne_1d_x": 453.0, "grid_tsne_2d_x": 12.0, "grid_tsne_2d_y": 19.0, "grid_tsne_3d_x": 0.0, "grid_tsne_3d_y": 0.0, "grid_tsne_3d_z": 7.0, "tile_dir": "tiles/0453" }, "geometry": { "type": "Point", "coordinates": [ 34.87956439592412, 38.443200626423817 ] } },
{ "type": "Feature", "properties": { "index": 454, "lon": -124.07839311013444, "lat": 64.315637734159452, "classification": 126, "subregion_name": "Northern America", "umap_1d_x": 15.761879, "umap_2d_x": -40.338287, "umap_2d_y": 4.5891228, "umap_3d_x": -45.930973, "umap_3d_y": 14.144928, "umap_3d_z": -19.673698, "tsne_1d_x": -46.599998, "tsne_2d_x": -42.71394, "tsne_2d_y": -8.9269295, "tsne_3d_x": 18.367958, "tsne_3d_y": 41.766777, "tsne_3d_z": 0.85529708999999343, "grid_umap_1d_x": 454.0, "grid_umap_2d_x": 7.0, "grid_umap_2d_y": 12.0, "grid_umap_3d_x": 1.0, "grid_umap_3d_y": 4.0, "grid_umap_3d_z": 2.0, "grid_tsne_1d_x": 454.0, "grid_tsne_2d_x": 11.0, "grid_tsne_2d_y": 11.0, "grid_tsne_3d_x": 6.0, "grid_tsne_3d_y": 7.0, "grid_tsne_3d_z": 2.0, "tile_dir": "tiles/0454" }, "geometry": { "type": "Point", "coordinates": [ -124.078393110134442, 64.315637734159452 ] } },
{ "type": "Feature", "properties": { "index": 455, "lon": 28.501770829350306, "lat": -17.874720343846057, "classification": 40, "subregion_name": "Sub-Saharan Africa", "umap_1d_x": -14.378858, "umap_2d_x": 45.728943, "umap_2d_y": -25.761902, "umap_3d_x": 39.646774, "umap_3d_y": -20.285189, "umap_3d_z": 29.55558, "tsne_1d_x": 54.679825, "tsne_2d_x": 39.255051, "tsne_2d_y": 24.551788, "tsne_3d_x": -19.238949, "tsne_3d_y": -36.268764, "tsne_3d_z": -16.880779, "grid_umap_1d_x": 455.0, "grid_umap_2d_x": 22.0, "grid_umap_2d_y": 1.0, "grid_umap_3d_x": 5.0, "grid_umap_3d_y": 0.0, "grid_umap_3d_z": 7.0, "grid_tsne_1d_x": 455.0, "grid_tsne_2d_x": 17.0, "grid_tsne_2d_y": 16.0, "grid_tsne_3d_x": 1.0, "grid_tsne_3d_y": 1.0, "grid_tsne_3d_z": 3.0, "tile_dir": "tiles/0455" }, "geometry": { "type": "Point", "coordinates": [ 28.501770829350306, -17.874720343846057 ] } },
{ "type": "Feature", "properties": { "index": 456, "lon": -61.130185986418297, "lat": 51.163182750221253, "classification": 111, "subregion_name": "Northern America", "umap_1d_x": 14.999352, "umap_2d_x": -35.390503, "umap_2d_y": -5.971405, "umap_3d_x": -45.687168, "umap_3d_y": -5.5593948, "umap_3d_z": -17.145317, "tsne_1d_x": -33.783638, "tsne_2d_x": -21.97785, "tsne_2d_y": 2.2208939, "tsne_3d_x": -18.461466, "tsne_3d_y": 33.353058, "tsne_3d_z": 20.325378, "grid_umap_1d_x": 456.0, "grid_umap_2d_x": 3.0, "grid_umap_2d_y": 5.0, "grid_umap_3d_x": 0.0, "grid_umap_3d_y": 1.0, "grid_umap_3d_z": 2.0, "grid_tsne_1d_x": 456.0, "grid_tsne_2d_x": 2.0, "grid_tsne_2d_y": 9.0, "grid_tsne_3d_x": 3.0, "grid_tsne_3d_y": 4.0, "grid_tsne_3d_z": 4.0, "tile_dir": "tiles/0456" }, "geometry": { "type": "Point", "coordinates": [ -61.130185986418297, 51.163182750221253 ] } },
{ "type": "Feature", "properties": { "index": 457, "lon": -70.999020601070711, "lat": 0.28626078814689698, "classification": 112, "subregion_name": "Latin America and the Caribbean", "umap_1d_x": -7.8545475, "umap_2d_x": 35.001373, "umap_2d_y": 33.457848, "umap_3d_x": 30.959267, "umap_3d_y": 45.842087, "umap_3d_z": 0.80402373999999099, "tsne_1d_x": 40.772514, "tsne_2d_x": 44.178024, "tsne_2d_y": -32.09412, "tsne_3d_x": 39.988174, "tsne_3d_y": -40.794937, "tsne_3d_z": -30.248405, "grid_umap_1d_x": 457.0, "grid_umap_2d_x": 18.0, "grid_umap_2d_y": 15.0, "grid_umap_3d_x": 6.0, "grid_umap_3d_y": 7.0, "grid_umap_3d_z": 1.0, "grid_tsne_1d_x": 457.0, "grid_tsne_2d_x": 22.0, "grid_tsne_2d_y": 1.0, "grid_tsne_3d_x": 7.0, "grid_tsne_3d_y": 1.0, "grid_tsne_3d_z": 0.0, "tile_dir": "tiles/0457" }, "geometry": { "type": "Point", "coordinates": [ -70.999020601070711, 0.286260788146897 ] } },
{ "type": "Feature", "properties": { "index": 458, "lon": -76.55247543977282, "lat": 1.8575945052646221, "classification": 112, "subregion_name": "Latin America and the Caribbean", "umap_1d_x": -5.5074582, "umap_2d_x": 26.854515, "umap_2d_y": 32.69693, "umap_3d_x": 20.979347, "umap_3d_y": 33.469223, "umap_3d_z": 9.0704079, "tsne_1d_x": 32.468662, "tsne_2d_x": 30.13781, "tsne_2d_y": -22.313118, "tsne_3d_x": 26.247108, "tsne_3d_y": -24.088701, "tsne_3d_z": -9.7452507, "grid_umap_1d_x": 458.0, "grid_umap_2d_x": 16.0, "grid_umap_2d_y": 14.0, "grid_umap_3d_x": 6.0, "grid_umap_3d_y": 5.0, "grid_umap_3d_z": 5.0, "grid_tsne_1d_x": 458.0, "grid_tsne_2d_x": 18.0, "grid_tsne_2d_y": 3.0, "grid_tsne_3d_x": 5.0, "grid_tsne_3d_y": 2.0, "grid_tsne_3d_z": 3.0, "tile_dir": "tiles/0458" }, "geometry": { "type": "Point", "coordinates": [ -76.55247543977282, 1.857594505264622 ] } },
{ "type": "Feature", "properties": { "index": 459, "lon": -78.742177289776095, "lat": 54.458918836147291, "classification": 111, "subregion_name": "Northern America", "umap_1d_x": 16.410755, "umap_2d_x": -37.675365, "umap_2d_y": -9.2238922, "umap_3d_x": -46.10928, "umap_3d_y": -5.4517059, "umap_3d_z": -23.763052, "tsne_1d_x": -50.656437, "tsne_2d_x": -25.465593, "tsne_2d_y": 8.017498, "tsne_3d_x": -14.261566, "tsne_3d_y": 27.398788, "tsne_3d_z": 20.696938, "grid_umap_1d_x": 459.0, "grid_umap_2d_x": 8.0, "grid_umap_2d_y": 5.0, "grid_umap_3d_x": 0.0, "grid_umap_3d_y": 1.0, "grid_umap_3d_z": 1.0, "grid_tsne_1d_x": 459.0, "grid_tsne_2d_x": 8.0, "grid_tsne_2d_y": 12.0, "grid_tsne_3d_x": 0.0, "grid_tsne_3d_y": 7.0, "grid_tsne_3d_z": 7.0, "tile_dir": "tiles/0459" }, "geometry": { "type": "Point", "coordinates": [ -78.742177289776095, 54.458918836147291 ] } },
{ "type": "Feature", "properties": { "index": 460, "lon": 145.94734072092666, "lat": -20.668136433466643, "classification": 124, "subregion_name": "Unknown", "umap_1d_x": -18.905699, "umap_2d_x": 38.483162, "umap_2d_y": -38.557865, "umap_3d_x": 48.785782, "umap_3d_y": -34.605045, "umap_3d_z": 18.739677, "tsne_1d_x": 75.530281, "tsne_2d_x": 36.764839, "tsne_2d_y": 40.125427, "tsne_3d_x": -30.111473, "tsne_3d_y": -17.564037, "tsne_3d_z": -32.584023, "grid_umap_1d_x": 460.0, "grid_umap_2d_x": 16.0, "grid_umap_2d_y": 2.0, "grid_umap_3d_x": 6.0, "grid_umap_3d_y": 1.0, "grid_umap_3d_z": 3.0, "grid_tsne_1d_x": 460.0, "grid_tsne_2d_x": 18.0, "grid_tsne_2d_y": 22.0, "grid_tsne_3d_x": 1.0, "grid_tsne_3d_y": 3.0, "grid_tsne_3d_z": 1.0, "tile_dir": "tiles/0460" }, "geometry": { "type": "Point", "coordinates": [ 145.947340720926661, -20.668136433466643 ] } },
{ "type": "Feature", "properties": { "index": 461, "lon": 27.862058155984215, "lat": 52.441628246229499, "classification": 90, "subregion_name": "Eastern Europe", "umap_1d_x": 22.004894, "umap_2d_x": -24.704128, "umap_2d_y": -10.85368, "umap_3d_x": -34.707005, "umap_3d_y": -11.879761, "umap_3d_z": -12.85442, "tsne_1d_x": -22.222176, "tsne_2d_x": -13.37294, "tsne_2d_y": 15.227303, "tsne_3d_x": -29.773352, "tsne_3d_y": 9.1559296, "tsne_3d_z": 13.417564, "grid_umap_1d_x": 461.0, "grid_umap_2d_x": 11.0, "grid_umap_2d_y": 3.0, "grid_umap_3d_x": 0.0, "grid_umap_3d_y": 0.0, "grid_umap_3d_z": 2.0, "grid_tsne_1d_x": 461.0, "grid_tsne_2d_x": 0.0, "grid_tsne_2d_y": 15.0, "grid_tsne_3d_x": 2.0, "grid_tsne_3d_y": 4.0, "grid_tsne_3d_z": 4.0, "tile_dir": "tiles/0461" }, "geometry": { "type": "Point", "coordinates": [ 27.862058155984215, 52.441628246229499 ] } },
{ "type": "Feature", "properties": { "index": 462, "lon": -75.327829903735974, "lat": -7.1390884560245809, "classification": 112, "subregion_name": "Latin America and the Caribbean", "umap_1d_x": -8.8460035, "umap_2d_x": 38.446487, "umap_2d_y": 27.702538, "umap_3d_x": 34.323273, "umap_3d_y": 39.26638, "umap_3d_z": 0.11145401, "tsne_1d_x": 43.749489, "tsne_2d_x": 44.708191, "tsne_2d_y": -22.736677, "tsne_3d_x": 27.133858, "tsne_3d_y": -39.97266, "tsne_3d_z": -29.952829, "grid_umap_1d_x": 462.0, "grid_umap_2d_x": 20.0, "grid_umap_2d_y": 14.0, "grid_umap_3d_x": 7.0, "grid_umap_3d_y": 5.0, "grid_umap_3d_z": 1.0, "grid_tsne_1d_x": 462.0, "grid_tsne_2d_x": 22.0, "grid_tsne_2d_y": 4.0, "grid_tsne_3d_x": 5.0, "grid_tsne_3d_y": 2.0, "grid_tsne_3d_z": 1.0, "tile_dir": "tiles/0462" }, "geometry": { "type": "Point", "coordinates": [ -75.327829903735974, -7.139088456024581 ] } },
{ "type": "Feature", "properties": { "index": 463, "lon": 151.10364656412003, "lat": 62.680745410629129, "classification": 113, "subregion_name": "Eastern Europe", "umap_1d_x": 18.632933, "umap_2d_x": -47.462776, "umap_2d_y": 3.4352951, "umap_3d_x": -49.174641, "umap_3d_y": 20.290222, "umap_3d_z": -36.596283, "tsne_1d_x": -68.539139, "tsne_2d_x": -45.142475, "tsne_2d_y": 17.016464, "tsne_3d_x": 8.1604538, "tsne_3d_y": 38.111168, "tsne_3d_z": 28.720802, "grid_umap_1d_x": 463.0, "grid_umap_2d_x": 14.0, "grid_umap_2d_y": 13.0, "grid_umap_3d_x": 0.0, "grid_umap_3d_y": 6.0, "grid_umap_3d_z": 0.0, "grid_tsne_1d_x": 463.0, "grid_tsne_2d_x": 8.0, "grid_tsne_2d_y": 15.0, "grid_tsne_3d_x": 5.0, "grid_tsne_3d_y": 7.0, "grid_tsne_3d_z": 6.0, "tile_dir": "tiles/0463" }, "geometry": { "type": "Point", "coordinates": [ 151.103646564120027, 62.680745410629129 ] } },
{ "type": "Feature", "properties": { "index": 464, "lon": 27.336853724639894, "lat": -6.6528229655936713, "classification": 124, "subregion_name": "Sub-Saharan Africa", "umap_1d_x": -12.616636, "umap_2d_x": 49.727318, "umap_2d_y": -14.920963, "umap_3d_x": 34.42141, "umap_3d_y": -6.5364075, "umap_3d_z": 28.9916, "tsne_1d_x": 51.238029, "tsne_2d_x": 38.465981, "tsne_2d_y": 2.003849, "tsne_3d_x": -1.3344383, "tsne_3d_y": -42.855804, "tsne_3d_z": -20.837481, "grid_umap_1d_x": 464.0, "grid_umap_2d_x": 21.0, "grid_umap_2d_y": 10.0, "grid_umap_3d_x": 6.0, "grid_umap_3d_y": 3.0, "grid_umap_3d_z": 7.0, "grid_tsne_1d_x": 464.0, "grid_tsne_2d_x": 21.0, "grid_tsne_2d_y": 9.0, "grid_tsne_3d_x": 3.0, "grid_tsne_3d_y": 0.0, "grid_tsne_3d_z": 2.0, "tile_dir": "tiles/0464" }, "geometry": { "type": "Point", "coordinates": [ 27.336853724639894, -6.652822965593671 ] } },
{ "type": "Feature", "properties": { "index": 465, "lon": 41.527414658223876, "lat": 1.3835236172896761, "classification": 20, "subregion_name": "Sub-Saharan Africa", "umap_1d_x": 3.1483054, "umap_2d_x": 6.9136124, "umap_2d_y": 3.3369293, "umap_3d_x": 12.983215, "umap_3d_y": 4.809433, "umap_3d_z": 49.075157, "tsne_1d_x": 28.829182, "tsne_2d_x": 13.670116, "tsne_2d_y": 37.712135, "tsne_3d_x": -18.627871, "tsne_3d_y": -40.267723, "tsne_3d_z": 7.7870789, "grid_umap_1d_x": 465.0, "grid_umap_2d_x": 9.0, "grid_umap_2d_y": 4.0, "grid_umap_3d_x": 3.0, "grid_umap_3d_y": 1.0, "grid_umap_3d_z": 7.0, "grid_tsne_1d_x": 465.0, "grid_tsne_2d_x": 11.0, "grid_tsne_2d_y": 22.0, "grid_tsne_3d_x": 0.0, "grid_tsne_3d_y": 0.0, "grid_tsne_3d_z": 4.0, "tile_dir": "tiles/0465" }, "geometry": { "type": "Point", "coordinates": [ 41.527414658223876, 1.383523617289676 ] } },
{ "type": "Feature", "properties": { "index": 466, "lon": 68.164850633056915, "lat": 42.978770305504895, "classification": 30, "subregion_name": "Unknown", "umap_1d_x": 6.3046036, "umap_2d_x": -12.762302, "umap_2d_y": 8.0895348, "umap_3d_x": -19.638357, "umap_3d_y": 3.6065445, "umap_3d_z": 7.9659653, "tsne_1d_x": -1.5435753, "tsne_2d_x": 7.4430237, "tsne_2d_y": 18.799461, "tsne_3d_x": -16.002872, "tsne_3d_y": -16.057526, "tsne_3d_z": 23.693504, "grid_umap_1d_x": 466.0, "grid_umap_2d_x": 13.0, "grid_umap_2d_y": 12.0, "grid_umap_3d_x": 0.0, "grid_umap_3d_y": 4.0, "grid_umap_3d_z": 7.0, "grid_tsne_1d_x": 466.0, "grid_tsne_2d_x": 10.0, "grid_tsne_2d_y": 18.0, "grid_tsne_3d_x": 1.0, "grid_tsne_3d_y": 2.0, "grid_tsne_3d_z": 7.0, "tile_dir": "tiles/0466" }, "geometry": { "type": "Point", "coordinates": [ 68.164850633056915, 42.978770305504895 ] } },
{ "type": "Feature", "properties": { "index": 467, "lon": 34.047508266184281, "lat": 5.9131149417279687, "classification": 30, "subregion_name": "Unknown", "umap_1d_x": -2.6523211, "umap_2d_x": 11.365189, "umap_2d_y": 24.516479, "umap_3d_x": 7.7759666, "umap_3d_y": 31.4049, "umap_3d_z": 35.834595, "tsne_1d_x": 22.614964, "tsne_2d_x": 12.560463, "tsne_2d_y": -12.256771, "tsne_3d_x": 14.647011, "tsne_3d_y": -49.06406, "tsne_3d_z": 25.052788, "grid_umap_1d_x": 467.0, "grid_umap_2d_x": 14.0, "grid_umap_2d_y": 17.0, "grid_umap_3d_x": 4.0, "grid_umap_3d_y": 5.0, "grid_umap_3d_z": 7.0, "grid_tsne_1d_x": 467.0, "grid_tsne_2d_x": 12.0, "grid_tsne_2d_y": 7.0, "grid_tsne_3d_x": 4.0, "grid_tsne_3d_y": 2.0, "grid_tsne_3d_z": 6.0, "tile_dir": "tiles/0467" }, "geometry": { "type": "Point", "coordinates": [ 34.047508266184281, 5.913114941727969 ] } },
{ "type": "Feature", "properties": { "index": 468, "lon": 145.77983320252258, "lat": 66.116885660642168, "classification": 113, "subregion_name": "Eastern Europe", "umap_1d_x": 19.181993, "umap_2d_x": -47.967415, "umap_2d_y": -1.3746414, "umap_3d_x": -47.355679, "umap_3d_y": 20.606812, "umap_3d_z": -42.2603, "tsne_1d_x": -72.400208, "tsne_2d_x": -46.119976, "tsne_2d_y": 25.71006, "tsne_3d_x": 9.1027794, "tsne_3d_y": 43.314156, "tsne_3d_z": 38.547325, "grid_umap_1d_x": 468.0, "grid_umap_2d_x": 11.0, "grid_umap_2d_y": 10.0, "grid_umap_3d_x": 3.0, "grid_umap_3d_y": 6.0, "grid_umap_3d_z": 0.0, "grid_tsne_1d_x": 468.0, "grid_tsne_2d_x": 0.0, "grid_tsne_2d_y": 18.0, "grid_tsne_3d_x": 4.0, "grid_tsne_3d_y": 5.0, "grid_tsne_3d_z": 5.0, "tile_dir": "tiles/0468" }, "geometry": { "type": "Point", "coordinates": [ 145.779833202522582, 66.116885660642168 ] } },
{ "type": "Feature", "properties": { "index": 469, "lon": -73.442777104746071, "lat": 3.1666704255340292, "classification": 30, "subregion_name": "Latin America and the Caribbean", "umap_1d_x": 0.66698933, "umap_2d_x": 10.401581, "umap_2d_y": 43.152138, "umap_3d_x": 6.4490814, "umap_3d_y": 49.180191, "umap_3d_z": 24.545341, "tsne_1d_x": 17.922531, "tsne_2d_x": 21.383354, "tsne_2d_y": -36.940781, "tsne_3d_x": 37.686539, "tsne_3d_y": -43.811718, "tsne_3d_z": 17.273506, "grid_umap_1d_x": 469.0, "grid_umap_2d_x": 16.0, "grid_umap_2d_y": 22.0, "grid_umap_3d_x": 5.0, "grid_umap_3d_y": 6.0, "grid_umap_3d_z": 5.0, "grid_tsne_1d_x": 469.0, "grid_tsne_2d_x": 16.0, "grid_tsne_2d_y": 2.0, "grid_tsne_3d_x": 6.0, "grid_tsne_3d_y": 1.0, "grid_tsne_3d_z": 5.0, "tile_dir": "tiles/0469" }, "geometry": { "type": "Point", "coordinates": [ -73.442777104746071, 3.166670425534029 ] } },
{ "type": "Feature", "properties": { "index": 470, "lon": -86.31921845377677, "lat": 46.405025828296118, "classification": 111, "subregion_name": "Unknown", "umap_1d_x": 14.991801, "umap_2d_x": -32.016777, "umap_2d_y": -5.6117706, "umap_3d_x": -43.528706, "umap_3d_y": -6.9864006, "umap_3d_z": -9.3827362, "tsne_1d_x": -30.677803, "tsne_2d_x": -24.922159, "tsne_2d_y": -7.403923, "tsne_3d_x": -18.667763, "tsne_3d_y": 23.576553, "tsne_3d_z": 7.8111229, "grid_umap_1d_x": 470.0, "grid_umap_2d_x": 1.0, "grid_umap_2d_y": 4.0, "grid_umap_3d_x": 1.0, "grid_umap_3d_y": 1.0, "grid_umap_3d_z": 4.0, "grid_tsne_1d_x": 470.0, "grid_tsne_2d_x": 0.0, "grid_tsne_2d_y": 5.0, "grid_tsne_3d_x": 0.0, "grid_tsne_3d_y": 7.0, "grid_tsne_3d_z": 3.0, "tile_dir": "tiles/0470" }, "geometry": { "type": "Point", "coordinates": [ -86.31921845377677, 46.405025828296118 ] } },
{ "type": "Feature", "properties": { "index": 471, "lon": 173.83879356785792, "lat": 62.696842830231446, "classification": 30, "subregion_name": "Eastern Europe", "umap_1d_x": 19.078989, "umap_2d_x": -44.708065, "umap_2d_y": -1.7343178, "umap_3d_x": -47.563484, "umap_3d_y": 12.692589, "umap_3d_z": -35.061123, "tsne_1d_x": -65.682388, "tsne_2d_x": -36.693817, "tsne_2d_y": 17.084503, "tsne_3d_x": -3.0239754, "tsne_3d_y": 40.373375, "tsne_3d_z": 34.524345, "grid_umap_1d_x": 471.0, "grid_umap_2d_x": 2.0, "grid_umap_2d_y": 8.0, "grid_umap_3d_x": 0.0, "grid_umap_3d_y": 4.0, "grid_umap_3d_z": 0.0, "grid_tsne_1d_x": 471.0, "grid_tsne_2d_x": 11.0, "grid_tsne_2d_y": 15.0, "grid_tsne_3d_x": 3.0, "grid_tsne_3d_y": 7.0, "grid_tsne_3d_z": 7.0, "tile_dir": "tiles/0471" }, "geometry": { "type": "Point", "coordinates": [ 173.83879356785792, 62.696842830231446 ] } },
{ "type": "Feature", "properties": { "index": 472, "lon": -89.344158024903379, "lat": 56.307866708503454, "classification": 126, "subregion_name": "Northern America", "umap_1d_x": 17.370708, "umap_2d_x": -42.668297, "umap_2d_y": -15.028149, "umap_3d_x": -44.813133, "umap_3d_y": -1.091713, "umap_3d_z": -41.544167, "tsne_1d_x": -57.088455, "tsne_2d_x": -29.42975, "tsne_2d_y": 26.441689, "tsne_3d_x": -5.7623482, "tsne_3d_y": 17.710098, "tsne_3d_z": 32.409904, "grid_umap_1d_x": 472.0, "grid_umap_2d_x": 3.0, "grid_umap_2d_y": 2.0, "grid_umap_3d_x": 4.0, "grid_umap_3d_y": 1.0, "grid_umap_3d_z": 0.0, "grid_tsne_1d_x": 472.0, "grid_tsne_2d_x": 11.0, "grid_tsne_2d_y": 17.0, "grid_tsne_3d_x": 3.0, "grid_tsne_3d_y": 4.0, "grid_tsne_3d_z": 5.0, "tile_dir": "tiles/0472" }, "geometry": { "type": "Point", "coordinates": [ -89.344158024903379, 56.307866708503454 ] } },
{ "type": "Feature", "properties": { "index": 473, "lon": 96.704564904229926, "lat": 21.109033457738377, "classification": 40, "subregion_name": "South-eastern Asia", "umap_1d_x": 0.090665482, "umap_2d_x": 6.2234879, "umap_2d_y": 41.197929, "umap_3d_x": 3.0824432, "umap_3d_y": 41.555817, "umap_3d_z": 26.996254, "tsne_1d_x": 15.823668, "tsne_2d_x": 14.458931, "tsne_2d_y": -36.21151, "tsne_3d_x": 29.371681, "tsne_3d_y": -29.120523, "tsne_3d_z": 21.165306, "grid_umap_1d_x": 473.0, "grid_umap_2d_x": 13.0, "grid_umap_2d_y": 21.0, "grid_umap_3d_x": 2.0, "grid_umap_3d_y": 5.0, "grid_umap_3d_z": 5.0, "grid_tsne_1d_x": 473.0, "grid_tsne_2d_x": 13.0, "grid_tsne_2d_y": 1.0, "grid_tsne_3d_x": 7.0, "grid_tsne_3d_y": 2.0, "grid_tsne_3d_z": 7.0, "tile_dir": "tiles/0473" }, "geometry": { "type": "Point", "coordinates": [ 96.704564904229926, 21.109033457738377 ] } },
{ "type": "Feature", "properties": { "index": 474, "lon": 138.19178337261087, "lat": 52.407212199494069, "classification": 111, "subregion_name": "Eastern Europe", "umap_1d_x": 14.120148, "umap_2d_x": -34.688477, "umap_2d_y": 5.1835365, "umap_3d_x": -45.06535, "umap_3d_y": 4.2354164, "umap_3d_z": -3.0300751, "tsne_1d_x": -36.582031, "tsne_2d_x": -33.486, "tsne_2d_y": -21.22769, "tsne_3d_x": -4.2407951, "tsne_3d_y": 24.664375, "tsne_3d_z": -10.033504, "grid_umap_1d_x": 474.0, "grid_umap_2d_x": 3.0, "grid_umap_2d_y": 11.0, "grid_umap_3d_x": 2.0, "grid_umap_3d_y": 3.0, "grid_umap_3d_z": 5.0, "grid_tsne_1d_x": 474.0, "grid_tsne_2d_x": 8.0, "grid_tsne_2d_y": 6.0, "grid_tsne_3d_x": 2.0, "grid_tsne_3d_y": 7.0, "grid_tsne_3d_z": 0.0, "tile_dir": "tiles/0474" }, "geometry": { "type": "Point", "coordinates": [ 138.191783372610871, 52.407212199494069 ] } },
{ "type": "Feature", "properties": { "index": 475, "lon": 18.741816932784701, "lat": 50.870049615528529, "classification": 40, "subregion_name": "Eastern Europe", "umap_1d_x": 23.203638, "umap_2d_x": -19.830772, "umap_2d_y": -12.793076, "umap_3d_x": -29.030228, "umap_3d_y": -12.353024, "umap_3d_z": -14.90377, "tsne_1d_x": -18.88829, "tsne_2d_x": -8.6906891, "tsne_2d_y": 25.206223, "tsne_3d_x": -31.320633, "tsne_3d_y": -3.8915176, "tsne_3d_z": 20.65963, "grid_umap_1d_x": 475.0, "grid_umap_2d_x": 7.0, "grid_umap_2d_y": 0.0, "grid_umap_3d_x": 2.0, "grid_umap_3d_y": 0.0, "grid_umap_3d_z": 1.0, "grid_tsne_1d_x": 475.0, "grid_tsne_2d_x": 1.0, "grid_tsne_2d_y": 22.0, "grid_tsne_3d_x": 2.0, "grid_tsne_3d_y": 3.0, "grid_tsne_3d_z": 5.0, "tile_dir": "tiles/0475" }, "geometry": { "type": "Point", "coordinates": [ 18.741816932784701, 50.870049615528529 ] } },
{ "type": "Feature", "properties": { "index": 476, "lon": 39.123765999128324, "lat": 11.611490187604062, "classification": 40, "subregion_name": "Sub-Saharan Africa", "umap_1d_x": -1.2054901, "umap_2d_x": 5.2529106, "umap_2d_y": 30.883446, "umap_3d_x": 4.8385162, "umap_3d_y": 30.887596, "umap_3d_z": 24.911087, "tsne_1d_x": 18.838596, "tsne_2d_x": 7.8816299, "tsne_2d_y": -18.672613, "tsne_3d_x": 8.2193031, "tsne_3d_y": -32.016388, "tsne_3d_z": 7.1202393, "grid_umap_1d_x": 476.0, "grid_umap_2d_x": 9.0, "grid_umap_2d_y": 18.0, "grid_umap_3d_x": 3.0, "grid_umap_3d_y": 4.0, "grid_umap_3d_z": 5.0, "grid_tsne_1d_x": 476.0, "grid_tsne_2d_x": 10.0, "grid_tsne_2d_y": 5.0, "grid_tsne_3d_x": 4.0, "grid_tsne_3d_y": 1.0, "grid_tsne_3d_z": 4.0, "tile_dir": "tiles/0476" }, "geometry": { "type": "Point", "coordinates": [ 39.123765999128324, 11.611490187604062 ] } },
{ "type": "Feature", "properties": { "index": 477, "lon": 125.30709210430359, "lat": 50.737679081566156, "classification": 30, "subregion_name": "Unknown", "umap_1d_x": 11.184959, "umap_2d_x": -31.26589, "umap_2d_y": 23.624489, "umap_3d_x": -38.267586, "umap_3d_y": 12.287052, "umap_3d_z": -35.226135, "tsne_1d_x": -62.240822, "tsne_2d_x": -26.487259, "tsne_2d_y": 38.915909, "tsne_3d_x": 20.531281, "tsne_3d_y": 19.09082, "tsne_3d_z": 27.260422, "grid_umap_1d_x": 477.0, "grid_umap_2d_x": 2.0, "grid_umap_2d_y": 19.0, "grid_umap_3d_x": 3.0, "grid_umap_3d_y": 4.0, "grid_umap_3d_z": 0.0, "grid_tsne_1d_x": 477.0, "grid_tsne_2d_x": 7.0, "grid_tsne_2d_y": 22.0, "grid_tsne_3d_x": 7.0, "grid_tsne_3d_y": 5.0, "grid_tsne_3d_z": 7.0, "tile_dir": "tiles/0477" }, "geometry": { "type": "Point", "coordinates": [ 125.307092104303592, 50.737679081566156 ] } },
{ "type": "Feature", "properties": { "index": 478, "lon": -66.962055128592638, "lat": -36.247401474279386, "classification": 20, "subregion_name": "Latin America and the Caribbean", "umap_1d_x": -16.389181, "umap_2d_x": 36.88768, "umap_2d_y": -24.327803, "umap_3d_x": 47.124107, "umap_3d_y": -17.947704, "umap_3d_z": 12.78788, "tsne_1d_x": 65.327591, "tsne_2d_x": 32.552162, "tsne_2d_y": 33.197548, "tsne_3d_x": -19.302719, "tsne_3d_y": -13.788074, "tsne_3d_z": -36.27087, "grid_umap_1d_x": 478.0, "grid_umap_2d_x": 16.0, "grid_umap_2d_y": 5.0, "grid_umap_3d_x": 7.0, "grid_umap_3d_y": 1.0, "grid_umap_3d_z": 2.0, "grid_tsne_1d_x": 478.0, "grid_tsne_2d_x": 14.0, "grid_tsne_2d_y": 17.0, "grid_tsne_3d_x": 2.0, "grid_tsne_3d_y": 5.0, "grid_tsne_3d_z": 1.0, "tile_dir": "tiles/0478" }, "geometry": { "type": "Point", "coordinates": [ -66.962055128592638, -36.247401474279386 ] } },
{ "type": "Feature", "properties": { "index": 479, "lon": 26.272551095084822, "lat": 3.4532871962369072, "classification": 112, "subregion_name": "Sub-Saharan Africa", "umap_1d_x": -6.4976506, "umap_2d_x": 30.389198, "umap_2d_y": 42.939774, "umap_3d_x": 27.606621, "umap_3d_y": 36.719772, "umap_3d_z": 12.280529, "tsne_1d_x": 38.433743, "tsne_2d_x": 38.908798, "tsne_2d_y": -37.67572, "tsne_3d_x": 48.709236, "tsne_3d_y": -30.581392, "tsne_3d_z": -25.485893, "grid_umap_1d_x": 479.0, "grid_umap_2d_x": 18.0, "grid_umap_2d_y": 21.0, "grid_umap_3d_x": 7.0, "grid_umap_3d_y": 6.0, "grid_umap_3d_z": 6.0, "grid_tsne_1d_x": 479.0, "grid_tsne_2d_x": 20.0, "grid_tsne_2d_y": 0.0, "grid_tsne_3d_x": 6.0, "grid_tsne_3d_y": 5.0, "grid_tsne_3d_z": 2.0, "tile_dir": "tiles/0479" }, "geometry": { "type": "Point", "coordinates": [ 26.272551095084822, 3.453287196236907 ] } },
{ "type": "Feature", "properties": { "index": 480, "lon": 19.600986717859485, "lat": 46.512826926301116, "classification": 40, "subregion_name": "Eastern Europe", "umap_1d_x": 23.065388, "umap_2d_x": -19.794258, "umap_2d_y": -10.377991, "umap_3d_x": -29.442734, "umap_3d_y": -11.317245, "umap_3d_z": -12.698338, "tsne_1d_x": -18.186628, "tsne_2d_x": -7.8650093, "tsne_2d_y": 29.044975, "tsne_3d_x": -30.720455, "tsne_3d_y": 1.5758209, "tsne_3d_z": 16.841003, "grid_umap_1d_x": 480.0, "grid_umap_2d_x": 5.0, "grid_umap_2d_y": 0.0, "grid_umap_3d_x": 1.0, "grid_umap_3d_y": 0.0, "grid_umap_3d_z": 2.0, "grid_tsne_1d_x": 480.0, "grid_tsne_2d_x": 10.0, "grid_tsne_2d_y": 20.0, "grid_tsne_3d_x": 0.0, "grid_tsne_3d_y": 4.0, "grid_tsne_3d_z": 5.0, "tile_dir": "tiles/0480" }, "geometry": { "type": "Point", "coordinates": [ 19.600986717859485, 46.512826926301116 ] } },
{ "type": "Feature", "properties": { "index": 481, "lon": -48.86919250382681, "lat": -5.7073654790675761, "classification": 126, "subregion_name": "Latin America and the Caribbean", "umap_1d_x": -13.540627, "umap_2d_x": 42.319992, "umap_2d_y": -10.477093, "umap_3d_x": 41.310921, "umap_3d_y": -1.6052704, "umap_3d_z": 21.286896, "tsne_1d_x": 46.622555, "tsne_2d_x": 45.36869, "tsne_2d_y": 2.7115707, "tsne_3d_x": 9.2689857, "tsne_3d_y": -32.53997, "tsne_3d_z": -30.650917, "grid_umap_1d_x": 481.0, "grid_umap_2d_x": 19.0, "grid_umap_2d_y": 10.0, "grid_umap_3d_x": 7.0, "grid_umap_3d_y": 4.0, "grid_umap_3d_z": 4.0, "grid_tsne_1d_x": 481.0, "grid_tsne_2d_x": 20.0, "grid_tsne_2d_y": 11.0, "grid_tsne_3d_x": 4.0, "grid_tsne_3d_y": 2.0, "grid_tsne_3d_z": 1.0, "tile_dir": "tiles/0481" }, "geometry": { "type": "Point", "coordinates": [ -48.86919250382681, -5.707365479067576 ] } },
{ "type": "Feature", "properties": { "index": 482, "lon": 79.539839793891304, "lat": 51.025377532629989, "classification": 116, "subregion_name": "Unknown", "umap_1d_x": 14.643854, "umap_2d_x": -34.089607, "umap_2d_y": -0.85294724, "umap_3d_x": -45.684319, "umap_3d_y": -1.4143219, "umap_3d_z": -6.7645988, "tsne_1d_x": -33.874981, "tsne_2d_x": -24.576818, "tsne_2d_y": -19.22699, "tsne_3d_x": -14.530441, "tsne_3d_y": 35.093636, "tsne_3d_z": -4.161026, "grid_umap_1d_x": 482.0, "grid_umap_2d_x": 0.0, "grid_umap_2d_y": 7.0, "grid_umap_3d_x": 0.0, "grid_umap_3d_y": 2.0, "grid_umap_3d_z": 4.0, "grid_tsne_1d_x": 482.0, "grid_tsne_2d_x": 1.0, "grid_tsne_2d_y": 0.0, "grid_tsne_3d_x": 2.0, "grid_tsne_3d_y": 6.0, "grid_tsne_3d_z": 1.0, "tile_dir": "tiles/0482" }, "geometry": { "type": "Point", "coordinates": [ 79.539839793891304, 51.025377532629989 ] } },
{ "type": "Feature", "properties": { "index": 483, "lon": 90.85887678719638, "lat": 61.216054493426881, "classification": 111, "subregion_name": "Eastern Europe", "umap_1d_x": 14.515264, "umap_2d_x": -36.485241, "umap_2d_y": 5.5095863, "umap_3d_x": -46.900978, "umap_3d_y": 5.0549698, "umap_3d_z": -5.097332, "tsne_1d_x": -37.922661, "tsne_2d_x": -32.703926, "tsne_2d_y": -12.453331, "tsne_3d_x": -3.3148956, "tsne_3d_y": 33.374275, "tsne_3d_z": 2.4895439, "grid_umap_1d_x": 483.0, "grid_umap_2d_x": 6.0, "grid_umap_2d_y": 12.0, "grid_umap_3d_x": 3.0, "grid_umap_3d_y": 3.0, "grid_umap_3d_z": 5.0, "grid_tsne_1d_x": 483.0, "grid_tsne_2d_x": 7.0, "grid_tsne_2d_y": 8.0, "grid_tsne_3d_x": 3.0, "grid_tsne_3d_y": 7.0, "grid_tsne_3d_z": 2.0, "tile_dir": "tiles/0483" }, "geometry": { "type": "Point", "coordinates": [ 90.85887678719638, 61.216054493426881 ] } },
{ "type": "Feature", "properties": { "index": 484, "lon": 27.092613271382902, "lat": 7.7820943105037506, "classification": 20, "subregion_name": "Unknown", "umap_1d_x": -2.1848559, "umap_2d_x": 10.30616, "umap_2d_y": 27.148705, "umap_3d_x": 9.5592079, "umap_3d_y": 32.060936, "umap_3d_z": 32.528412, "tsne_1d_x": 21.82663, "tsne_2d_x": 14.671211, "tsne_2d_y": -16.286007, "tsne_3d_x": 10.957863, "tsne_3d_y": -44.928864, "tsne_3d_z": 14.958725, "grid_umap_1d_x": 484.0, "grid_umap_2d_x": 13.0, "grid_umap_2d_y": 19.0, "grid_umap_3d_x": 7.0, "grid_umap_3d_y": 6.0, "grid_umap_3d_z": 7.0, "grid_tsne_1d_x": 484.0, "grid_tsne_2d_x": 13.0, "grid_tsne_2d_y": 5.0, "grid_tsne_3d_x": 3.0, "grid_tsne_3d_y": 1.0, "grid_tsne_3d_z": 5.0, "tile_dir": "tiles/0484" }, "geometry": { "type": "Point", "coordinates": [ 27.092613271382902, 7.782094310503751 ] } },
{ "type": "Feature", "properties": { "index": 485, "lon": 78.605243576715111, "lat": 29.676257423565616, "classification": 114, "subregion_name": "Southern Asia", "umap_1d_x": -0.67990941, "umap_2d_x": 1.1214371, "umap_2d_y": 35.953606, "umap_3d_x": 2.8452797, "umap_3d_y": 34.486511, "umap_3d_z": 13.015236, "tsne_1d_x": 8.4723778, "tsne_2d_x": 5.090786, "tsne_2d_y": -30.122805, "tsne_3d_x": 22.253784, "tsne_3d_y": -17.485481, "tsne_3d_z": 7.2075424, "grid_umap_1d_x": 485.0, "grid_umap_2d_x": 7.0, "grid_umap_2d_y": 19.0, "grid_umap_3d_x": 4.0, "grid_umap_3d_y": 5.0, "grid_umap_3d_z": 3.0, "grid_tsne_1d_x": 485.0, "grid_tsne_2d_x": 9.0, "grid_tsne_2d_y": 2.0, "grid_tsne_3d_x": 6.0, "grid_tsne_3d_y": 2.0, "grid_tsne_3d_z": 4.0, "tile_dir": "tiles/0485" }, "geometry": { "type": "Point", "coordinates": [ 78.605243576715111, 29.676257423565616 ] } },
{ "type": "Feature", "properties": { "index": 486, "lon": 147.50471878501907, "lat": 68.793977772142, "classification": 116, "subregion_name": "Eastern Europe", "umap_1d_x": 18.710522, "umap_2d_x": -48.757313, "umap_2d_y": 4.4579926, "umap_3d_x": -49.027302, "umap_3d_y": 23.829041, "umap_3d_z": -38.922829, "tsne_1d_x": -68.283195, "tsne_2d_x": -42.806343, "tsne_2d_y": 14.659958, "tsne_3d_x": 18.760132, "tsne_3d_y": 40.146873, "tsne_3d_z": 28.658142, "grid_umap_1d_x": 486.0, "grid_umap_2d_x": 11.0, "grid_umap_2d_y": 13.0, "grid_umap_3d_x": 1.0, "grid_umap_3d_y": 7.0, "grid_umap_3d_z": 0.0, "grid_tsne_1d_x": 486.0, "grid_tsne_2d_x": 2.0, "grid_tsne_2d_y": 14.0, "grid_tsne_3d_x": 6.0, "grid_tsne_3d_y": 6.0, "grid_tsne_3d_z": 5.0, "tile_dir": "tiles/0486" }, "geometry": { "type": "Point", "coordinates": [ 147.504718785019065, 68.793977772142 ] } },
{ "type": "Feature", "properties": { "index": 487, "lon": 38.455895983989649, "lat": 5.3536072288514589, "classification": 126, "subregion_name": "Sub-Saharan Africa", "umap_1d_x": -1.5885248, "umap_2d_x": 6.8532867, "umap_2d_y": 27.544746, "umap_3d_x": 6.3730354, "umap_3d_y": 28.865036, "umap_3d_z": 28.592529, "tsne_1d_x": 19.350826, "tsne_2d_x": 9.4733734, "tsne_2d_y": -15.101032, "tsne_3d_x": 1.9380264, "tsne_3d_y": -38.392635, "tsne_3d_z": 5.2492676, "grid_umap_1d_x": 487.0, "grid_umap_2d_x": 10.0, "grid_umap_2d_y": 17.0, "grid_umap_3d_x": 2.0, "grid_umap_3d_y": 5.0, "grid_umap_3d_z": 7.0, "grid_tsne_1d_x": 487.0, "grid_tsne_2d_x": 10.0, "grid_tsne_2d_y": 0.0, "grid_tsne_3d_x": 2.0, "grid_tsne_3d_y": 0.0, "grid_tsne_3d_z": 4.0, "tile_dir": "tiles/0487" }, "geometry": { "type": "Point", "coordinates": [ 38.455895983989649, 5.353607228851459 ] } },
{ "type": "Feature", "properties": { "index": 488, "lon": 127.53750125923261, "lat": 70.661140364045337, "classification": 116, "subregion_name": "Eastern Europe", "umap_1d_x": 18.410109, "umap_2d_x": -47.569462, "umap_2d_y": 8.0416756, "umap_3d_x": -50.0, "umap_3d_y": 25.069679, "umap_3d_z": -31.212543, "tsne_1d_x": -67.175308, "tsne_2d_x": -44.926682, "tsne_2d_y": 9.6865425, "tsne_3d_x": 13.579742, "tsne_3d_y": 45.632446, "tsne_3d_z": 20.631065, "grid_umap_1d_x": 488.0, "grid_umap_2d_x": 9.0, "grid_umap_2d_y": 14.0, "grid_umap_3d_x": 0.0, "grid_umap_3d_y": 7.0, "grid_umap_3d_z": 1.0, "grid_tsne_1d_x": 488.0, "grid_tsne_2d_x": 12.0, "grid_tsne_2d_y": 13.0, "grid_tsne_3d_x": 5.0, "grid_tsne_3d_y": 7.0, "grid_tsne_3d_z": 4.0, "tile_dir": "tiles/0488" }, "geometry": { "type": "Point", "coordinates": [ 127.537501259232613, 70.661140364045337 ] } },
{ "type": "Feature", "properties": { "index": 489, "lon": 132.21143751241686, "lat": -15.789737539815327, "classification": 124, "subregion_name": "Unknown", "umap_1d_x": -18.476995, "umap_2d_x": 40.29512, "umap_2d_y": -34.425346, "umap_3d_x": 48.352943, "umap_3d_y": -29.243357, "umap_3d_z": 25.779572, "tsne_1d_x": 74.088982, "tsne_2d_x": 45.330605, "tsne_2d_y": 30.252762, "tsne_3d_x": -28.072037, "tsne_3d_y": -26.294794, "tsne_3d_z": -31.004917, "grid_umap_1d_x": 489.0, "grid_umap_2d_x": 14.0, "grid_umap_2d_y": 6.0, "grid_umap_3d_x": 5.0, "grid_umap_3d_y": 1.0, "grid_umap_3d_z": 4.0, "grid_tsne_1d_x": 489.0, "grid_tsne_2d_x": 20.0, "grid_tsne_2d_y": 18.0, "grid_tsne_3d_x": 0.0, "grid_tsne_3d_y": 1.0, "grid_tsne_3d_z": 0.0, "tile_dir": "tiles/0489" }, "geometry": { "type": "Point", "coordinates": [ 132.211437512416865, -15.789737539815327 ] } },
{ "type": "Feature", "properties": { "index": 490, "lon": 120.25348271177052, "lat": 52.167795126559568, "classification": 113, "subregion_name": "Eastern Europe", "umap_1d_x": 13.014632, "umap_2d_x": -35.829742, "umap_2d_y": 15.124359, "umap_3d_x": -42.074802, "umap_3d_y": 15.988625, "umap_3d_z": -9.8771439, "tsne_1d_x": -41.09988, "tsne_2d_x": -36.452492, "tsne_2d_y": -7.1296768, "tsne_3d_x": 14.826103, "tsne_3d_y": 27.410271, "tsne_3d_z": 0.20142365, "grid_umap_1d_x": 490.0, "grid_umap_2d_x": 7.0, "grid_umap_2d_y": 17.0, "grid_umap_3d_x": 1.0, "grid_umap_3d_y": 6.0, "grid_umap_3d_z": 5.0, "grid_tsne_1d_x": 490.0, "grid_tsne_2d_x": 1.0, "grid_tsne_2d_y": 7.0, "grid_tsne_3d_x": 5.0, "grid_tsne_3d_y": 6.0, "grid_tsne_3d_z": 1.0, "tile_dir": "tiles/0490" }, "geometry": { "type": "Point", "coordinates": [ 120.253482711770516, 52.167795126559568 ] } },
{ "type": "Feature", "properties": { "index": 491, "lon": 52.013068355872235, "lat": 59.601209517309044, "classification": 114, "subregion_name": "Eastern Europe", "umap_1d_x": 14.910158, "umap_2d_x": -31.809, "umap_2d_y": -6.841053, "umap_3d_x": -42.388279, "umap_3d_y": -6.7353058, "umap_3d_z": -9.4711227, "tsne_1d_x": -30.960033, "tsne_2d_x": -25.976177, "tsne_2d_y": -6.0181885, "tsne_3d_x": -24.14893, "tsne_3d_y": 26.491508, "tsne_3d_z": 8.434021, "grid_umap_1d_x": 491.0, "grid_umap_2d_x": 7.0, "grid_umap_2d_y": 5.0, "grid_umap_3d_x": 2.0, "grid_umap_3d_y": 2.0, "grid_umap_3d_z": 4.0, "grid_tsne_1d_x": 491.0, "grid_tsne_2d_x": 6.0, "grid_tsne_2d_y": 8.0, "grid_tsne_3d_x": 1.0, "grid_tsne_3d_y": 6.0, "grid_tsne_3d_z": 3.0, "tile_dir": "tiles/0491" }, "geometry": { "type": "Point", "coordinates": [ 52.013068355872235, 59.601209517309044 ] } },
{ "type": "Feature", "properties": { "index": 492, "lon": 16.469455297008238, "lat": 61.633609703660625, "classification": 111, "subregion_name": "Northern Europe", "umap_1d_x": 20.415743, "umap_2d_x": -33.387791, "umap_2d_y": -14.330338, "umap_3d_x": -41.214512, "umap_3d_y": -9.8374214, "umap_3d_z": -23.150846, "tsne_1d_x": -48.113289, "tsne_2d_x": -22.274605, "tsne_2d_y": 12.957336, "tsne_3d_x": -30.960495, "tsne_3d_y": 24.895241, "tsne_3d_z": 22.967537, "grid_umap_1d_x": 492.0, "grid_umap_2d_x": 9.0, "grid_umap_2d_y": 2.0, "grid_umap_3d_x": 0.0, "grid_umap_3d_y": 0.0, "grid_umap_3d_z": 0.0, "grid_tsne_1d_x": 492.0, "grid_tsne_2d_x": 11.0, "grid_tsne_2d_y": 14.0, "grid_tsne_3d_x": 1.0, "grid_tsne_3d_y": 5.0, "grid_tsne_3d_z": 5.0, "tile_dir": "tiles/0492" }, "geometry": { "type": "Point", "coordinates": [ 16.469455297008238, 61.633609703660625 ] } },
{ "type": "Feature", "properties": { "index": 493, "lon": -94.964695290346128, "lat": 50.574379069244472, "classification": 111, "subregion_name": "Northern America", "umap_1d_x": 16.367117, "umap_2d_x": -37.864216, "umap_2d_y": -7.189167, "umap_3d_x": -47.213741, "umap_3d_y": -3.7843704, "umap_3d_z": -23.315487, "tsne_1d_x": -51.302006, "tsne_2d_x": -27.984549, "tsne_2d_y": 8.3351746, "tsne_3d_x": -11.166237, "tsne_3d_y": 20.764359, "tsne_3d_z": 15.198433, "grid_umap_1d_x": 493.0, "grid_umap_2d_x": 4.0, "grid_umap_2d_y": 5.0, "grid_umap_3d_x": 3.0, "grid_umap_3d_y": 2.0, "grid_umap_3d_z": 3.0, "grid_tsne_1d_x": 493.0, "grid_tsne_2d_x": 4.0, "grid_tsne_2d_y": 12.0, "grid_tsne_3d_x": 0.0, "grid_tsne_3d_y": 7.0, "grid_tsne_3d_z": 6.0, "tile_dir": "tiles/0493" }, "geometry": { "type": "Point", "coordinates": [ -94.964695290346128, 50.574379069244472 ] } },
{ "type": "Feature", "properties": { "index": 494, "lon": 118.93536484107074, "lat": 51.542900072228946, "classification": 113, "subregion_name": "Eastern Europe", "umap_1d_x": 12.972417, "umap_2d_x": -35.846352, "umap_2d_y": 15.073746, "umap_3d_x": -42.106388, "umap_3d_y": 16.101646, "umap_3d_z": -10.0439, "tsne_1d_x": -41.108963, "tsne_2d_x": -36.546753, "tsne_2d_y": -7.1838722, "tsne_3d_x": 14.915771, "tsne_3d_y": 27.584625, "tsne_3d_z": 0.12317276, "grid_umap_1d_x": 494.0, "grid_umap_2d_x": 8.0, "grid_umap_2d_y": 17.0, "grid_umap_3d_x": 0.0, "grid_umap_3d_y": 6.0, "grid_umap_3d_z": 4.0, "grid_tsne_1d_x": 494.0, "grid_tsne_2d_x": 9.0, "grid_tsne_2d_y": 10.0, "grid_tsne_3d_x": 6.0, "grid_tsne_3d_y": 7.0, "grid_tsne_3d_z": 1.0, "tile_dir": "tiles/0494" }, "geometry": { "type": "Point", "coordinates": [ 118.935364841070736, 51.542900072228946 ] } },
{ "type": "Feature", "properties": { "index": 495, "lon": 125.89510581238466, "lat": 51.071733635541904, "classification": 126, "subregion_name": "Unknown", "umap_1d_x": 11.259521, "umap_2d_x": -32.323143, "umap_2d_y": 23.255135, "umap_3d_x": -39.668808, "umap_3d_y": 14.16848, "umap_3d_z": -34.419849, "tsne_1d_x": -63.114208, "tsne_2d_x": -27.468691, "tsne_2d_y": 38.130974, "tsne_3d_x": 21.139061, "tsne_3d_y": 22.620743, "tsne_3d_z": 23.946342, "grid_umap_1d_x": 495.0, "grid_umap_2d_x": 0.0, "grid_umap_2d_y": 19.0, "grid_umap_3d_x": 3.0, "grid_umap_3d_y": 4.0, "grid_umap_3d_z": 1.0, "grid_tsne_1d_x": 495.0, "grid_tsne_2d_x": 5.0, "grid_tsne_2d_y": 22.0, "grid_tsne_3d_x": 7.0, "grid_tsne_3d_y": 6.0, "grid_tsne_3d_z": 7.0, "tile_dir": "tiles/0495" }, "geometry": { "type": "Point", "coordinates": [ 125.895105812384656, 51.071733635541904 ] } },
{ "type": "Feature", "properties": { "index": 496, "lon": 142.0596870305601, "lat": 68.076100453144818, "classification": 116, "subregion_name": "Eastern Europe", "umap_1d_x": 19.090744, "umap_2d_x": -50.0, "umap_2d_y": -1.9609375, "umap_3d_x": -48.447899, "umap_3d_y": 20.716179, "umap_3d_z": -46.816555, "tsne_1d_x": -70.399307, "tsne_2d_x": -42.85688, "tsne_2d_y": 23.821503, "tsne_3d_x": 16.10627, "tsne_3d_y": 37.916916, "tsne_3d_z": 37.422218, "grid_umap_1d_x": 496.0, "grid_umap_2d_x": 7.0, "grid_umap_2d_y": 9.0, "grid_umap_3d_x": 4.0, "grid_umap_3d_y": 6.0, "grid_umap_3d_z": 0.0, "grid_tsne_1d_x": 496.0, "grid_tsne_2d_x": 5.0, "grid_tsne_2d_y": 17.0, "grid_tsne_3d_x": 6.0, "grid_tsne_3d_y": 7.0, "grid_tsne_3d_z": 7.0, "tile_dir": "tiles/0496" }, "geometry": { "type": "Point", "coordinates": [ 142.059687030560099, 68.076100453144818 ] } },
{ "type": "Feature", "properties": { "index": 497, "lon": 101.2307142312049, "lat": -1.149419104552166, "classification": 112, "subregion_name": "South-eastern Asia", "umap_1d_x": -6.3709393, "umap_2d_x": 30.219566, "umap_2d_y": 38.444786, "umap_3d_x": 26.143074, "umap_3d_y": 39.26516, "umap_3d_z": 7.4934311, "tsne_1d_x": 35.563503, "tsne_2d_x": 35.11338, "tsne_2d_y": -33.466805, "tsne_3d_x": 36.43013, "tsne_3d_y": -30.99506, "tsne_3d_z": -22.327433, "grid_umap_1d_x": 497.0, "grid_umap_2d_x": 18.0, "grid_umap_2d_y": 17.0, "grid_umap_3d_x": 6.0, "grid_umap_3d_y": 5.0, "grid_umap_3d_z": 3.0, "grid_tsne_1d_x": 497.0, "grid_tsne_2d_x": 19.0, "grid_tsne_2d_y": 0.0, "grid_tsne_3d_x": 7.0, "grid_tsne_3d_y": 2.0, "grid_tsne_3d_z": 1.0, "tile_dir": "tiles/0497" }, "geometry": { "type": "Point", "coordinates": [ 101.2307142312049, -1.149419104552166 ] } },
{ "type": "Feature", "properties": { "index": 498, "lon": 141.06501315791905, "lat": -5.9194149539817724, "classification": 112, "subregion_name": "Melanesia", "umap_1d_x": -6.9333014, "umap_2d_x": 31.581909, "umap_2d_y": 35.590263, "umap_3d_x": 28.204674, "umap_3d_y": 39.93959, "umap_3d_z": 3.2052574, "tsne_1d_x": 36.313747, "tsne_2d_x": 40.100113, "tsne_2d_y": -28.135012, "tsne_3d_x": 36.974136, "tsne_3d_y": -40.862736, "tsne_3d_z": -19.721804, "grid_umap_1d_x": 498.0, "grid_umap_2d_x": 21.0, "grid_umap_2d_y": 20.0, "grid_umap_3d_x": 7.0, "grid_umap_3d_y": 7.0, "grid_umap_3d_z": 2.0, "grid_tsne_1d_x": 498.0, "grid_tsne_2d_x": 22.0, "grid_tsne_2d_y": 0.0, "grid_tsne_3d_x": 4.0, "grid_tsne_3d_y": 3.0, "grid_tsne_3d_z": 3.0, "tile_dir": "tiles/0498" }, "geometry": { "type": "Point", "coordinates": [ 141.065013157919054, -5.919414953981772 ] } },
{ "type": "Feature", "properties": { "index": 499, "lon": 34.517393922902926, "lat": 49.004271161799068, "classification": 30, "subregion_name": "Eastern Europe", "umap_1d_x": 23.072227, "umap_2d_x": -20.166878, "umap_2d_y": -11.470078, "umap_3d_x": -29.750486, "umap_3d_y": -10.940693, "umap_3d_z": -15.745224, "tsne_1d_x": -19.049175, "tsne_2d_x": -9.3445053, "tsne_2d_y": 27.193184, "tsne_3d_x": -28.915592, "tsne_3d_y": -0.46354294, "tsne_3d_z": 20.870804, "grid_umap_1d_x": 499.0, "grid_umap_2d_x": 6.0, "grid_umap_2d_y": 0.0, "grid_umap_3d_x": 1.0, "grid_umap_3d_y": 0.0, "grid_umap_3d_z": 1.0, "grid_tsne_1d_x": 499.0, "grid_tsne_2d_x": 8.0, "grid_tsne_2d_y": 20.0, "grid_tsne_3d_x": 0.0, "grid_tsne_3d_y": 3.0, "grid_tsne_3d_z": 7.0, "tile_dir": "tiles/0499" }, "geometry": { "type": "Point", "coordinates": [ 34.517393922902926, 49.004271161799068 ] } },
{ "type": "Feature", "properties": { "index": 500, "lon": -105.10812483033504, "lat": 23.587227420131953, "classification": 111, "subregion_name": "Latin America and the Caribbean", "umap_1d_x": -0.64292818, "umap_2d_x": 1.0515518, "umap_2d_y": 34.122856, "umap_3d_x": 2.3696136, "umap_3d_y": 33.127258, "umap_3d_z": 13.068401, "tsne_1d_x": 8.0307751, "tsne_2d_x": 4.6265678, "tsne_2d_y": -28.827211, "tsne_3d_x": 22.085655, "tsne_3d_y": -17.373055, "tsne_3d_z": 4.8970718, "grid_umap_1d_x": 500.0, "grid_umap_2d_x": 5.0, "grid_umap_2d_y": 22.0, "grid_umap_3d_x": 3.0, "grid_umap_3d_y": 7.0, "grid_umap_3d_z": 4.0, "grid_tsne_1d_x": 500.0, "grid_tsne_2d_x": 9.0, "grid_tsne_2d_y": 4.0, "grid_tsne_3d_x": 7.0, "grid_tsne_3d_y": 1.0, "grid_tsne_3d_z": 4.0, "tile_dir": "tiles/0500" }, "geometry": { "type": "Point", "coordinates": [ -105.108124830335043, 23.587227420131953 ] } },
{ "type": "Feature", "properties": { "index": 501, "lon": -14.030877026529538, "lat": 12.13079197313624, "classification": 124, "subregion_name": "Sub-Saharan Africa", "umap_1d_x": -1.9720429, "umap_2d_x": 9.0679588, "umap_2d_y": 30.69416, "umap_3d_x": 7.436718, "umap_3d_y": 36.91674, "umap_3d_z": 30.26741, "tsne_1d_x": 20.304861, "tsne_2d_x": 17.35743, "tsne_2d_y": -19.935146, "tsne_3d_x": 18.779961, "tsne_3d_y": -38.522129, "tsne_3d_z": 17.571938, "grid_umap_1d_x": 501.0, "grid_umap_2d_x": 12.0, "grid_umap_2d_y": 22.0, "grid_umap_3d_x": 5.0, "grid_umap_3d_y": 7.0, "grid_umap_3d_z": 7.0, "grid_tsne_1d_x": 501.0, "grid_tsne_2d_x": 14.0, "grid_tsne_2d_y": 5.0, "grid_tsne_3d_x": 5.0, "grid_tsne_3d_y": 0.0, "grid_tsne_3d_z": 5.0, "tile_dir": "tiles/0501" }, "geometry": { "type": "Point", "coordinates": [ -14.030877026529538, 12.13079197313624 ] } },
{ "type": "Feature", "properties": { "index": 502, "lon": -74.428038130905733, "lat": 9.193682527220048, "classification": 30, "subregion_name": "Latin America and the Caribbean", "umap_1d_x": 0.59273756, "umap_2d_x": 10.072506, "umap_2d_y": 43.031693, "umap_3d_x": 6.3486748, "umap_3d_y": 48.10788, "umap_3d_z": 24.031746, "tsne_1d_x": 17.641069, "tsne_2d_x": 20.085098, "tsne_2d_y": -36.120407, "tsne_3d_x": 35.888382, "tsne_3d_y": -40.101944, "tsne_3d_z": 17.405281, "grid_umap_1d_x": 502.0, "grid_umap_2d_x": 16.0, "grid_umap_2d_y": 19.0, "grid_umap_3d_x": 4.0, "grid_umap_3d_y": 5.0, "grid_umap_3d_z": 4.0, "grid_tsne_1d_x": 502.0, "grid_tsne_2d_x": 15.0, "grid_tsne_2d_y": 4.0, "grid_tsne_3d_x": 6.0, "grid_tsne_3d_y": 2.0, "grid_tsne_3d_z": 5.0, "tile_dir": "tiles/0502" }, "geometry": { "type": "Point", "coordinates": [ -74.428038130905733, 9.193682527220048 ] } },
{ "type": "Feature", "properties": { "index": 503, "lon": 153.98575435338915, "lat": 64.167495670851281, "classification": 113, "subregion_name": "Eastern Europe", "umap_1d_x": 16.209763, "umap_2d_x": -45.15432, "umap_2d_y": 6.7255211, "umap_3d_x": -49.596329, "umap_3d_y": 20.320778, "umap_3d_z": -25.926451, "tsne_1d_x": -66.531906, "tsne_2d_x": -45.013504, "tsne_2d_y": 5.5556297, "tsne_3d_x": 3.4211159, "tsne_3d_y": 44.687828, "tsne_3d_z": 19.733276, "grid_umap_1d_x": 503.0, "grid_umap_2d_x": 7.0, "grid_umap_2d_y": 13.0, "grid_umap_3d_x": 0.0, "grid_umap_3d_y": 6.0, "grid_umap_3d_z": 1.0, "grid_tsne_1d_x": 503.0, "grid_tsne_2d_x": 0.0, "grid_tsne_2d_y": 11.0, "grid_tsne_3d_x": 4.0, "grid_tsne_3d_y": 6.0, "grid_tsne_3d_z": 4.0, "tile_dir": "tiles/0503" }, "geometry": { "type": "Point", "coordinates": [ 153.985754353389154, 64.167495670851281 ] } },
{ "type": "Feature", "properties": { "index": 504, "lon": -44.052527205379249, "lat": -17.567541069797585, "classification": 126, "subregion_name": "Latin America and the Caribbean", "umap_1d_x": -13.978306, "umap_2d_x": 44.405495, "umap_2d_y": -18.434626, "umap_3d_x": 41.063919, "umap_3d_y": -9.9193954, "umap_3d_z": 29.17057, "tsne_1d_x": 56.604542, "tsne_2d_x": 39.410851, "tsne_2d_y": 12.261166, "tsne_3d_x": -2.1070137, "tsne_3d_y": -27.778343, "tsne_3d_z": -21.723721, "grid_umap_1d_x": 504.0, "grid_umap_2d_x": 22.0, "grid_umap_2d_y": 4.0, "grid_umap_3d_x": 6.0, "grid_umap_3d_y": 2.0, "grid_umap_3d_z": 6.0, "grid_tsne_1d_x": 504.0, "grid_tsne_2d_x": 19.0, "grid_tsne_2d_y": 13.0, "grid_tsne_3d_x": 3.0, "grid_tsne_3d_y": 1.0, "grid_tsne_3d_z": 0.0, "tile_dir": "tiles/0504" }, "geometry": { "type": "Point", "coordinates": [ -44.052527205379249, -17.567541069797585 ] } },
{ "type": "Feature", "properties": { "index": 505, "lon": 102.11748228351036, "lat": 52.568310229424938, "classification": 111, "subregion_name": "Eastern Europe", "umap_1d_x": 14.265231, "umap_2d_x": -35.776562, "umap_2d_y": 4.7851562, "umap_3d_x": -46.263622, "umap_3d_y": 6.2591019, "umap_3d_z": -2.9976425, "tsne_1d_x": -37.452644, "tsne_2d_x": -35.238113, "tsne_2d_y": -16.595303, "tsne_3d_x": -4.9488983, "tsne_3d_y": 35.415176, "tsne_3d_z": -5.7080231, "grid_umap_1d_x": 505.0, "grid_umap_2d_x": 5.0, "grid_umap_2d_y": 11.0, "grid_umap_3d_x": 0.0, "grid_umap_3d_y": 4.0, "grid_umap_3d_z": 5.0, "grid_tsne_1d_x": 505.0, "grid_tsne_2d_x": 4.0, "grid_tsne_2d_y": 6.0, "grid_tsne_3d_x": 3.0, "grid_tsne_3d_y": 7.0, "grid_tsne_3d_z": 1.0, "tile_dir": "tiles/0505" }, "geometry": { "type": "Point", "coordinates": [ 102.117482283510356, 52.568310229424938 ] } },
{ "type": "Feature", "properties": { "index": 506, "lon": 1.4665055398691891, "lat": 11.252590344412909, "classification": 20, "subregion_name": "Sub-Saharan Africa", "umap_1d_x": -2.5661173, "umap_2d_x": 10.602348, "umap_2d_y": 23.211411, "umap_3d_x": 8.6220665, "umap_3d_y": 32.648743, "umap_3d_z": 37.688606, "tsne_1d_x": 23.095865, "tsne_2d_x": 16.613243, "tsne_2d_y": -12.640793, "tsne_3d_x": 10.33461, "tsne_3d_y": -44.31208, "tsne_3d_z": 22.57373, "grid_umap_1d_x": 506.0, "grid_umap_2d_x": 12.0, "grid_umap_2d_y": 18.0, "grid_umap_3d_x": 5.0, "grid_umap_3d_y": 5.0, "grid_umap_3d_z": 7.0, "grid_tsne_1d_x": 506.0, "grid_tsne_2d_x": 15.0, "grid_tsne_2d_y": 0.0, "grid_tsne_3d_x": 3.0, "grid_tsne_3d_y": 3.0, "grid_tsne_3d_z": 5.0, "tile_dir": "tiles/0506" }, "geometry": { "type": "Point", "coordinates": [ 1.466505539869189, 11.252590344412909 ] } },
{ "type": "Feature", "properties": { "index": 507, "lon": 143.31135887599919, "lat": -28.026887383317632, "classification": 20, "subregion_name": "Unknown", "umap_1d_x": -20.367388, "umap_2d_x": 40.932869, "umap_2d_y": -47.731335, "umap_3d_x": 49.258331, "umap_3d_y": -47.000305, "umap_3d_z": 21.631287, "tsne_1d_x": 79.30397, "tsne_2d_x": 40.921822, "tsne_2d_y": 42.65947, "tsne_3d_x": -42.409019, "tsne_3d_y": -17.004463, "tsne_3d_z": -27.883617, "grid_umap_1d_x": 507.0, "grid_umap_2d_x": 14.0, "grid_umap_2d_y": 2.0, "grid_umap_3d_x": 5.0, "grid_umap_3d_y": 0.0, "grid_umap_3d_z": 1.0, "grid_tsne_1d_x": 507.0, "grid_tsne_2d_x": 19.0, "grid_tsne_2d_y": 22.0, "grid_tsne_3d_x": 1.0, "grid_tsne_3d_y": 4.0, "grid_tsne_3d_z": 1.0, "tile_dir": "tiles/0507" }, "geometry": { "type": "Point", "coordinates": [ 143.31135887599919, -28.026887383317632 ] } },
{ "type": "Feature", "properties": { "index": 508, "lon": 63.877718663943881, "lat": 64.259437587201134, "classification": 126, "subregion_name": "Eastern Europe", "umap_1d_x": 17.88394, "umap_2d_x": -43.544331, "umap_2d_y": -9.8027687, "umap_3d_x": -45.974277, "umap_3d_y": 4.6827011, "umap_3d_z": -39.898582, "tsne_1d_x": -57.272961, "tsne_2d_x": -32.805183, "tsne_2d_y": 24.875427, "tsne_3d_x": 2.3379936, "tsne_3d_y": 24.33931, "tsne_3d_z": 32.162064, "grid_umap_1d_x": 508.0, "grid_umap_2d_x": 3.0, "grid_umap_2d_y": 4.0, "grid_umap_3d_x": 1.0, "grid_umap_3d_y": 3.0, "grid_umap_3d_z": 0.0, "grid_tsne_1d_x": 508.0, "grid_tsne_2d_x": 2.0, "grid_tsne_2d_y": 18.0, "grid_tsne_3d_x": 3.0, "grid_tsne_3d_y": 6.0, "grid_tsne_3d_z": 7.0, "tile_dir": "tiles/0508" }, "geometry": { "type": "Point", "coordinates": [ 63.877718663943881, 64.259437587201134 ] } },
{ "type": "Feature", "properties": { "index": 509, "lon": 36.006991962362207, "lat": 0.096762668823466, "classification": 126, "subregion_name": "Sub-Saharan Africa", "umap_1d_x": -1.4781086, "umap_2d_x": 6.6983833, "umap_2d_y": 28.422791, "umap_3d_x": 6.2861862, "umap_3d_y": 28.900604, "umap_3d_z": 27.527908, "tsne_1d_x": 19.30958, "tsne_2d_x": 9.473999, "tsne_2d_y": -15.803478, "tsne_3d_x": 3.0699921, "tsne_3d_y": -38.002251, "tsne_3d_z": 4.947937, "grid_umap_1d_x": 509.0, "grid_umap_2d_x": 10.0, "grid_umap_2d_y": 18.0, "grid_umap_3d_x": 4.0, "grid_umap_3d_y": 5.0, "grid_umap_3d_z": 6.0, "grid_tsne_1d_x": 509.0, "grid_tsne_2d_x": 11.0, "grid_tsne_2d_y": 9.0, "grid_tsne_3d_x": 3.0, "grid_tsne_3d_y": 0.0, "grid_tsne_3d_z": 4.0, "tile_dir": "tiles/0509" }, "geometry": { "type": "Point", "coordinates": [ 36.006991962362207, 0.096762668823466 ] } },
{ "type": "Feature", "properties": { "index": 510, "lon": 15.691624461714923, "lat": 10.068714592562685, "classification": 20, "subregion_name": "Sub-Saharan Africa", "umap_1d_x": -2.4689023, "umap_2d_x": 10.397331, "umap_2d_y": 23.821243, "umap_3d_x": 9.0396118, "umap_3d_y": 31.79467, "umap_3d_z": 37.279503, "tsne_1d_x": 22.839394, "tsne_2d_x": 15.843895, "tsne_2d_y": -13.423767, "tsne_3d_x": 9.1869354, "tsne_3d_y": -43.61438, "tsne_3d_z": 19.892815, "grid_umap_1d_x": 510.0, "grid_umap_2d_x": 12.0, "grid_umap_2d_y": 17.0, "grid_umap_3d_x": 5.0, "grid_umap_3d_y": 4.0, "grid_umap_3d_z": 6.0, "grid_tsne_1d_x": 510.0, "grid_tsne_2d_x": 14.0, "grid_tsne_2d_y": 1.0, "grid_tsne_3d_x": 3.0, "grid_tsne_3d_y": 0.0, "grid_tsne_3d_z": 6.0, "tile_dir": "tiles/0510" }, "geometry": { "type": "Point", "coordinates": [ 15.691624461714923, 10.068714592562685 ] } },
{ "type": "Feature", "properties": { "index": 511, "lon": 98.906256049632987, "lat": 68.128326506600075, "classification": 116, "subregion_name": "Eastern Europe", "umap_1d_x": 18.715883, "umap_2d_x": -48.291191, "umap_2d_y": 3.9113922, "umap_3d_x": -48.312149, "umap_3d_y": 23.887352, "umap_3d_z": -38.263695, "tsne_1d_x": -68.677582, "tsne_2d_x": -42.492085, "tsne_2d_y": 16.827415, "tsne_3d_x": 14.690712, "tsne_3d_y": 43.496437, "tsne_3d_z": 30.954689, "grid_umap_1d_x": 511.0, "grid_umap_2d_x": 12.0, "grid_umap_2d_y": 13.0, "grid_umap_3d_x": 2.0, "grid_umap_3d_y": 7.0, "grid_umap_3d_z": 0.0, "grid_tsne_1d_x": 511.0, "grid_tsne_2d_x": 7.0, "grid_tsne_2d_y": 15.0, "grid_tsne_3d_x": 5.0, "grid_tsne_3d_y": 6.0, "grid_tsne_3d_z": 5.0, "tile_dir": "tiles/0511" }, "geometry": { "type": "Point", "coordinates": [ 98.906256049632987, 68.128326506600075 ] } }
]
}
